caminho,classe,split,origem_dataset,resolucao,phash_orbit
dataset\_work\final\lettuce_downy_v1\test\anomala\27_jpg.rf.00966c8d59d746ec27a88b3e13ef15c6__ann0.jpg,anomala,test,lettuce_downy_v1,573x333,8747229533800019596|7050835641391682254|8414071850957093723|15122081343307522341|14885189166984452449|10139560488546493561|2675534607837617361|6574105155351463028
dataset\_work\final\lettuce_downy_v1\train\anomala\27_jpg.rf.00966c8d59d746ec27a88b3e13ef15c6__ann1.jpg,anomala,train,lettuce_downy_v1,580x327,11273786221839038929|14326489814003180148|3654051921650803648|3698243114634590700|8386522405034185158|15112224867053237404|17021870207130161715|13863158123038815538
dataset\_work\final\lettuce_downy_v1\val\anomala\images-10-_jpg.rf.15c48cd249e9634b9bbc0cd934767b71__ann2.jpg,anomala,val,lettuce_downy_v1,357x298,16845087330983491204|7519986951954535386|5329510006740210583|7894919306112807958|15750163538361736296|9527000719786624489|1599968240575156333|10940267389806835273
dataset\_work\final\lettuce_downy_v1\train\anomala\images-7-_jpg.rf.005988a6563e3880c42c6dad1e14038c__ann3.jpg,anomala,train,lettuce_downy_v1,280x243,1497679056575638894|15558868724422429321|14382023757143676977|2023967712176039795|9892757613525134551|7975236923399850004|8351675000319841820|3537796771423360967
dataset\_work\final\lettuce_downy_v1\train\anomala\23_jpg.rf.407eb09075b20e76ccd3697d758be6e7__ann7.jpg,anomala,train,lettuce_downy_v1,345x447,14817286509428288298|5510776700459953067|4792846921202475473|13636554942140873588|12334068772669651532|3038708403985949133|8393416020345634493|15069353976864211778
dataset\_work\final\lettuce_downy_v1\train\anomala\images-11-_jpg.rf.35e80e61e1d88eb87d0a8d285d76ab0d__ann8.jpg,anomala,train,lettuce_downy_v1,507x592,13093835907647451667|5949988179717567031|1430628105581186381|4009547866860440909|4013506190852657746|1419359862598842037|5570148560299009079|5570349823067740691
dataset\_work\final\lettuce_downy_v1\test\anomala\images-37-_jpg.rf.54d9c6be26cf15982978e4c318c3f206__ann9.jpg,anomala,test,lettuce_downy_v1,594x640,11553336316220042466|17462059580470643128|12752938723150353254|17447136491459458457|13315359198506276338|16315673772796564896|11039785282830213362|7373434253583514544
dataset\_work\final\lettuce_downy_v1\val\anomala\23_jpg.rf.56c4c5bc33b3d681cc4e9a301132667b__ann10.jpg,anomala,val,lettuce_downy_v1,308x424,6011013823666533542|3830708832886510490|4042814612493007154|16404239466330939795|11156302716964776245|11976368365710699347|10619797545021384675|3637051863892105784
dataset\_work\final\lettuce_downy_v1\train\anomala\images-2-_jpg.rf.3370d8680fef7c752e65331bc85ef081__ann11.jpg,anomala,train,lettuce_downy_v1,419x531,16354651299371291846|13263340402278782876|3058916925206378214|12335871489091146648|11301758924549066936|14273148313093339106|10994172719663231403|16588546971840836394
dataset\_work\final\lettuce_downy_v1\train\anomala\-6-_jpg.rf.026087c080498c5e152f2722537a15a1__ann12.jpg,anomala,train,lettuce_downy_v1,554x485,10962859047671716557|16580873816962213196|10208718857842665916|5641350698914180034|5522991105065884646|14797181698917671832|14009341980859583054|13558521593946680461
dataset\_work\final\lettuce_downy_v1\train\anomala\27_jpg.rf.b9c8b7f1998abb13aabf0060181067ff__ann18.jpg,anomala,train,lettuce_downy_v1,347x590,7261150380676362836|15119829475856528213|7319142883995013720|6463919770921383077|6175535480355738833|6067167614328226916|11940279334175290457|6400417356103914085
dataset\_work\final\lettuce_downy_v1\train\anomala\27_jpg.rf.b9c8b7f1998abb13aabf0060181067ff__ann19.jpg,anomala,train,lettuce_downy_v1,343x598,1418709537871127320|4031528213118007719|8278436015050904005|12806100382835569756|12049906114253156919|1757323994748727315|6662205747937982641|14254430295819936370
dataset\_work\final\lettuce_downy_v1\train\anomala\07_jpg.rf.1368b3824b9f1d002d63e09a80c5afc1__ann26.jpg,anomala,train,lettuce_downy_v1,254x313,8528351414436641072|10494983938264753139|9621138566940248092|6800043248362319047|17538058716009244049|3474863706650335862|14406150318827724382|2073987040422561157
dataset\_work\final\lettuce_downy_v1\test\anomala\images-23-_jpg.rf.ca54d1f865c4bebb74b13fd8102d0667__ann29.jpg,anomala,test,lettuce_downy_v1,419x240,12236177837088477732|7641687626980505307|12437307619588412139|14602486081161311784|15832030425896324202|2635215654107664297|2933589629807601354|16974862369315461804
dataset\_work\final\lettuce_downy_v1\train\anomala\images-23-_jpg.rf.ca54d1f865c4bebb74b13fd8102d0667__ann30.jpg,anomala,train,lettuce_downy_v1,150x227,3249939981366603888|5442362052573295601|6686971079291159716|14250753563554864346|17398446264968251211|8084157809527822893|15770569888220366021|11872743696395193436
dataset\_work\final\lettuce_downy_v1\val\anomala\-2-_jpg.rf.d45ec306b4600851089219dc6c4c198b__ann31.jpg,anomala,val,lettuce_downy_v1,542x569,12876962636032779884|12885479877394996169|16477760265861052582|15621365236604527258|14527366258995483314|7793117253874594994|11160609042416323288|12013547361134685412
dataset\_work\final\lettuce_downy_v1\train\anomala\17_jpg.rf.3d7513828b7d12cc94a0c9a0574ee3c4__ann0.jpg,anomala,train,lettuce_downy_v1,395x604,15185252676011053714|13025154099391477174|16469827493472645756|15633919434619990977|13165696982739894964|10543543119282617554|13957668771148003032|8949327752336806116
dataset\_work\final\lettuce_downy_v1\train\anomala\-8-_jpg.rf.3ed3c4beada57f832d1e84ef950efb41__ann8.jpg,anomala,train,lettuce_downy_v1,396x443,15697666256648954416|7234177027420699123|11307559892195395558|14323802023248272528|17562265694537868388|3486404476453050841|10384382253577717958|16629474394129165468
dataset\_work\final\lettuce_downy_v1\train\anomala\images-21-_jpg.rf.3dda66a7d4289c905c2a975d863fe13e__ann9.jpg,anomala,train,lettuce_downy_v1,631x640,813385486158869897|3417495599494222702|11736604816768066838|13454552646667360663|7949785853333761327|9887078245654415627|10905861000493054138|1613865146789912738
dataset\_work\final\lettuce_downy_v1\test\anomala\06_jpg.rf.3e94e84d4d320033ccc30c6f49e6d5af__ann10.jpg,anomala,test,lettuce_downy_v1,429x366,3593493897324308465|8323807057476983408|14887406352486208664|10134913577922123494|8077996306235819123|17413040504624897585|16633575428148340364|10994647208069012174
dataset\_work\final\lettuce_downy_v1\train\anomala\06_jpg.rf.3ee494bd2e553143f702626306444fdb__ann12.jpg,anomala,train,lettuce_downy_v1,380x317,3647672054692941745|12900204793478712946|10679214713181754970|15479843008051254437|8218532027758741171|12794470721969626930|11931360570092278742|6545509694443697300
dataset\_work\final\lettuce_downy_v1\val\anomala\images-27-_jpg.rf.3e03e49cb41b4783aa4fb9e64e08d36b__ann13.jpg,anomala,val,lettuce_downy_v1,556x454,6652894006901009620|14210317407119526100|16316038233489713561|13297321234068171366|15332760483617846725|15342823615440835420|7379962505123301816|11072619513768210146
dataset\_work\final\lettuce_downy_v1\train\anomala\images-18-_jpg.rf.3fba83817f263c0db5244f1c783c9473__ann14.jpg,anomala,train,lettuce_downy_v1,363x424,12243415374971260694|7667490144757353623|5391321064990187243|11922246957104662304|10884094867808807018|1643733902073391529|2344040946990347429|16942210522807390538
dataset\_work\final\lettuce_downy_v1\test\anomala\images-34-_jpg.rf.3e02cd5ad2e6b688413bc85c755d417f__ann15.jpg,anomala,test,lettuce_downy_v1,383x326,3627178138329465682|12940308262778256565|14328723218404481177|11269242549503059814|13059581192078464435|5963663762242360882|7415133125512291484|11031818722579438022
dataset\_work\final\lettuce_downy_v1\train\anomala\images-20-_jpg.rf.3df47cf443558365e686cf3a56d2b0e4__ann16.jpg,anomala,train,lettuce_downy_v1,404x340,5973644899143308538|13085378837569393824|6614616267774285929|2678678819167265897|11589094675769366709|18074285417693636178|7630456332177648677|7626903308708793179
dataset\_work\final\lettuce_downy_v1\train\anomala\22_jpg.rf.3fe8ba1fc05649b6de2f08aea2447c7b__ann20.jpg,anomala,train,lettuce_downy_v1,560x640,9271565943018203623|18314701142989433368|10063801146781672178|3344569995397413808|1759310360644627198|16692931978835045248|12734798513448970798|17447533868705753483
dataset\_work\final\lettuce_downy_v1\train\anomala\images-29-_jpg.rf.3e3e3f94727cd77bcd2e6b62f7c1dd72__ann22.jpg,anomala,train,lettuce_downy_v1,458x591,15186476128257985001|3781954096737316200|14148239263491713218|15917368814814816700|7524913115888319540|16810183441289298386|13612669105174406620|14008631675217795268
dataset\_work\final\lettuce_downy_v1\train\anomala\images-4-_jpg.rf.3df175f1f5e1a31ec768a404d0e19d1e__ann23.jpg,anomala,train,lettuce_downy_v1,408x444,11835162846234335331|15745551973882192953|11931254000041487401|6545654186108373355|4171655705850315738|7194696379383496356|7766889982456092250|2984882068750898341
dataset\_work\final\lettuce_downy_v1\train\anomala\26_jpg.rf.3fd146d1a6550124408b018dc46e6ada__ann25.jpg,anomala,train,lettuce_downy_v1,342x255,3865394929129479108|6042381900979709148|2054914922840434224|14402123219724049139|15862844698476075603|14185031864273904693|17553358147477757639|3505644542433330204
dataset\_work\final\lettuce_downy_v1\train\anomala\images-23-_jpg.rf.3f5660384cc617c137e8287d40721ac2__ann26.jpg,anomala,train,lettuce_downy_v1,331x382,14717402614739497973|14736642412486078544|14739040974321382032|14712722092737278262|5778171314062918604|17722776911772860108|3941113396368649932|10408481627001293772
dataset\_work\final\lettuce_downy_v1\train\anomala\images-23-_jpg.rf.3f5660384cc617c137e8287d40721ac2__ann27.jpg,anomala,train,lettuce_downy_v1,239x225,4463613434279556818|4643476046872088756|12967816935151231958|3643676171052267668|13011137680685166656|15201589297803227453|10680321890413744178|15484496796548396723
dataset\_work\final\lettuce_downy_v1\train\anomala\images-37-_jpg.rf.406ae5082ff900befcc24c0e65bdf6b5__ann28.jpg,anomala,train,lettuce_downy_v1,564x623,7757637800627643440|3020414111345203955|7697370515344840867|12228484856793982010|17571443369428314665|3505081829745666155|4243642222874899625|11806381619542872682
dataset\_work\final\lettuce_downy_v1\val\anomala\images-33-_jpg.rf.4019dbcdb97414a8653253af656f4fbf__ann30.jpg,anomala,val,lettuce_downy_v1,347x617,6118644020094494896|15377730549419141298|10419245840989989296|17755096525560244978|12891779064623032533|12747663579592452436|17467996404579722998|12729895538558277776
dataset\_work\final\lettuce_downy_v1\train\anomala\16_jpg.rf.40b961a570a35eef6690c94ebee803bf__ann39.jpg,anomala,train,lettuce_downy_v1,420x569,16672688213666403212|1763561566441649870|6658964783499081434|14224999797278740900|14859144988849961240|10129560085316854247|11858485548196391365|15741853781230709084
dataset\_work\final\lettuce_downy_v1\train\anomala\images-15-_jpg.rf.41ab219c4204710657d0242dd6543fae__ann41.jpg,anomala,train,lettuce_downy_v1,364x640,5127722880705510344|1813778210411193316|10585934974448546702|13161818685112394382|16439237243896671001|14428153094763456839|10241811296562227382|10282672083885090962
dataset\_work\final\lettuce_downy_v1\train\anomala\22_jpg.rf.4015bdf6a7eab32d139f1cef39a1b3f4__ann42.jpg,anomala,train,lettuce_downy_v1,563x640,3761160608609064714|15254595024459206831|15476098178461513105|10708534953561117302|12614676261079725011|781186946835886644|8526120946318941332|10499373028971235030
dataset\_work\final\lettuce_downy_v1\train\anomala\images-33-_jpg.rf.41e9b045f7fd5fd2d44a3692809676c9__ann43.jpg,anomala,train,lettuce_downy_v1,385x640,3257673366405163507|5427918004007758384|2509213943837544578|13525680136990028990|3488834587748356939|17557798503291565357|13759860421070599355|9426285377838436898
dataset\_work\final\lettuce_downy_v1\train\anomala\images-33-_jpg.rf.41e9b045f7fd5fd2d44a3692809676c9__ann44.jpg,anomala,train,lettuce_downy_v1,347x640,10572284152687191524|13178321724613679576|17791424808503485138|10383212109038664628|15589607496787813046|16457676039926888594|13023223244223944848|15141925131822491638
dataset\_work\final\lettuce_downy_v1\train\anomala\images-17-_jpg.rf.405705b5ffe85f5139008dd6cda71bc9__ann49.jpg,anomala,train,lettuce_downy_v1,550x489,4095131850485319913|16344918620590500968|15845040837501802604|2655110517057971649|7560689345956467938|16845873391789724728|13971754464522590244|7807230655571748059
dataset\_work\final\lettuce_downy_v1\train\anomala\images-1-_jpg.rf.401fc36ddec96d49eb2e802ae1b05af6__ann51.jpg,anomala,train,lettuce_downy_v1,529x498,16475764575551533808|15589995809793553136|10278843494559884028|10257626215610825408|17344086694156720856|17344126121954551268|13887473031701879438|18204134478103291278
dataset\_work\final\lettuce_downy_v1\val\anomala\01_jpg.rf.41e2312ede1e8df4999c500c15047517__ann52.jpg,anomala,val,lettuce_downy_v1,326x640,3201575936808346905|14666514957514332519|11930254197813727890|6518569175220008118|7447151373364070859|1830121790094470700|13165372753443583578|10579743689775943845
dataset\_work\final\lettuce_downy_v1\train\anomala\images-24-_jpg.rf.40148d4fab9f2f6ac6cc9b13f0164611__ann53.jpg,anomala,train,lettuce_downy_v1,633x640,14552488038592505432|7840965811128343013|10516650124572369326|8399312770429057674|16544335712908267628|6369899440615126217|9978520567576957044|12547367858124223121
dataset\_work\final\lettuce_downy_v1\train\anomala\images_jpg.rf.4099b5058dc7f019c1dac6433dc9e064__ann54.jpg,anomala,train,lettuce_downy_v1,640x620,5236741423971858032|17134748340004164081|2077913200186704172|14381158195481771467|17406880787807783661|8103781559722880072|14662984968849036487|3188893624104113692
dataset\_work\final\lettuce_downy_v1\train\anomala\images-17-_jpg.rf.42ec3afc19772f37ac9f89b3643e3507__ann60.jpg,anomala,train,lettuce_downy_v1,484x544,8203467982927880434|8206885266176276656|7196948579982168176|4177285084238771441|12752174250227852401|17501186788471003249|17434725961956522041|8129162497261494371
dataset\_work\final\lettuce_downy_v1\train\anomala\images-17-_jpg.rf.431e124037df77b24bd0433395e1653f__ann63.jpg,anomala,train,lettuce_downy_v1,601x589,12745698083626309785|17471984104580375910|10878700961315219569|10871945381484750960|7414553341779540210|11049841861464220080|8135991255250821270|8208062044132931734
dataset\_work\final\lettuce_downy_v1\train\anomala\11_jpg.rf.43fb3d6111dfc679256f8d9bec787dc8__ann65.jpg,anomala,train,lettuce_downy_v1,640x640,18357352881891686112|9276334460190233336|16443313382637550816|15615028402127291128|17911477748793719936|16192311226824114942|17925011008451621848|16193969742252487396
dataset\_work\final\lettuce_downy_v1\train\anomala\-3-_jpg.rf.439de5c55dd77bf48fc6802c17ec0550__ann67.jpg,anomala,train,lettuce_downy_v1,414x221,14539557984233245932|7826332770516962504|14613963572331026796|12397464131482773449|14451111569284177004|17063130641251616457|14512758990466911404|7789339362624982986
dataset\_work\final\lettuce_downy_v1\train\anomala\01_jpg.rf.44b66117acda8a3f228369b74147b62f__ann68.jpg,anomala,train,lettuce_downy_v1,630x399,16891355902333473286|12153415159954388127|16422333945537357261|4042091246277511244|11508083844328368552|491535495070116586|5496668172572694584|14836431495888496611
dataset\_work\final\lettuce_downy_v1\train\anomala\30_jpg.rf.45c3af317ca464bb2e2ef45315f49173__ann76.jpg,anomala,train,lettuce_downy_v1,346x506,10615558182568076966|3942179957267078042|5374037113747564396|12526386251432073673|11140658467787748662|11972386835239883411|14490879993202726573|7811405825887081546
dataset\_work\final\lettuce_downy_v1\train\anomala\26_jpg.rf.4529174c4cce497c1da1c5541a1305b4__ann77.jpg,anomala,train,lettuce_downy_v1,298x295,5640220637629529144|10204478824708752355|11855223210288391394|6529818904910617240|16412175770578296205|4052320922962904654|11014348465702674010|16331236108030871204
dataset\_work\final\lettuce_downy_v1\train\anomala\17_jpg.rf.45a535e960b7c17ddb24a875782c6cbb__ann79.jpg,anomala,train,lettuce_downy_v1,516x306,11716560626932664886|13431514147864620435|11077087829576566099|7377708119571455029|10641190408070260410|3912121942027901346|3845108897176248934|6036431174341540249
dataset\_work\final\lettuce_downy_v1\test\anomala\13_jpg.rf.4759aac1e8751bb4304080dabb189b7f__ann82.jpg,anomala,test,lettuce_downy_v1,446x397,7848737960846607878|14540000135082515611|16324856827405326029|12127822902639105100|11213040775547177161|488185686417075308|5518218557968502440|14832212498304372194
dataset\_work\final\lettuce_downy_v1\train\anomala\-8-_jpg.rf.4653964e445aa7fa85a45965e74ffb1d__ann85.jpg,anomala,train,lettuce_downy_v1,431x409,14890561569355689268|10113563743592794579|3761124124656687577|15254733800550524004|15224733063542495884|3777824714356336078|7234176885552559059|15661638026834096692
dataset\_work\final\lettuce_downy_v1\train\anomala\images-23-_jpg.rf.474e66b222a3e68beadf574eb8060b81__ann87.jpg,anomala,train,lettuce_downy_v1,440x247,14728629972614964953|14742998234888181860|6504943309054151441|11933751082907544951|7248746369025219020|15701486370320705228|8587700205614505381|1228139732751566426
dataset\_work\final\lettuce_downy_v1\test\anomala\images-23-_jpg.rf.474e66b222a3e68beadf574eb8060b81__ann88.jpg,anomala,test,lettuce_downy_v1,163x243,7525711457931500588|16857451361336805323|13899336389290248778|6690313079169592749|14683960002192011753|3178442601387946088|12514673749867681884|5353177838803281088
dataset\_work\final\lettuce_downy_v1\val\anomala\-2-_jpg.rf.47141886a508df86f1f3e80855a3f4a3__ann89.jpg,anomala,val,lettuce_downy_v1,465x510,3653435091039433844|12912425018434114513|13838909152924263430|18180902282528348191|15119605584970003123|8373417438797869874|2294637500952104956|496789635325627840
dataset\_work\final\lettuce_downy_v1\train\anomala\22_jpg.rf.477e1b3895437f18f6ddb1e08d1bac05__ann91.jpg,anomala,train,lettuce_downy_v1,529x640,12057359110022666651|1933704106048972326|6006629802199195060|3829541964242831058|2767114137252517146|11212054707492639911|15151839155547546933|13014658596608498515
dataset\_work\final\lettuce_downy_v1\train\anomala\images-24-_jpg.rf.47abe3a16c8ea16bcfe163a7ce5146e2__ann94.jpg,anomala,train,lettuce_downy_v1,640x593,3667244097208103089|12815039157890118226|16255980815875691108|8711761345094399193|5977053597310572721|12803941093375468594|15687256133761033848|7265103986655008993
dataset\_work\final\lettuce_downy_v1\val\anomala\26_jpg.rf.48a8cdb3e284fcf67ee2081e16a0d316__ann95.jpg,anomala,val,lettuce_downy_v1,267x357,9878713470016260601|7991429794187931232|7265948668886521500|15660234388029020102|6948504134450669422|17980955431207245961|14310138703896663257|11247234662601708900
dataset\_work\final\lettuce_downy_v1\test\anomala\01_jpg.rf.49a9e05b2246d6ee7797e7704c80842d__ann98.jpg,anomala,test,lettuce_downy_v1,397x640,17467887194912222117|12729874752543730010|17639669709531296140|15044471209130750542|6496888059510499760|11919716349618055922|5652813638288984272|10138117672570899700
dataset\_work\final\lettuce_downy_v1\val\anomala\06_jpg.rf.4aa71280d50f264de80aa237fd0e03d1__ann106.jpg,anomala,val,lettuce_downy_v1,311x375,9553420350028731346|16057116575289914772|8545336649458353552|10454750195816554230|10679496463305070302|15155583826154067076|17752652438902085265|10413755368950896502
dataset\_work\final\lettuce_downy_v1\test\anomala\04_jpg.rf.485a6e0ee9f0eb23637ab4474c6dfa52__ann107.jpg,anomala,test,lettuce_downy_v1,440x479,14822586271454866034|5535514975501200305|7649685796729856458|12208092223854173100|12802496461637538380|8226570405950239949|12419530585919941545|14565045599157365098
dataset\_work\final\lettuce_downy_v1\val\anomala\17_jpg.rf.48265bfc57c94815ea37faff594e3d9e__ann109.jpg,anomala,val,lettuce_downy_v1,371x492,7268935391370966124|15706498740901171657|17027448159687323811|14433292128399323706|14542554636506757337|7815133870133796964|4247649043097472456|11795080040958741996
dataset\_work\final\lettuce_downy_v1\train\anomala\images-21-_jpg.rf.4781a17540d36a58f97ecd74c731b23d__ann111.jpg,anomala,train,lettuce_downy_v1,640x640,10563670553425390792|13143388934032313068|12512368426602544360|5393276799357666024|17062673672398071478|14459981214526904722|16771987314007398474|16734379399752492205
dataset\_work\final\lettuce_downy_v1\train\anomala\04_jpg.rf.484e8f4518a953c42fcbf10fb2a9dbc7__ann112.jpg,anomala,train,lettuce_downy_v1,536x390,12963512796670763170|2456883830203415226|1169024078197837363|17537953542680382771|13473270977552586786|11718588839456335795|3714841557159076851|3697134864616995088
dataset\_work\final\lettuce_downy_v1\test\anomala\-2-_jpg.rf.4a4e4c7132ddd4a2cd68326a31a53f58__ann113.jpg,anomala,test,lettuce_downy_v1,530x483,15919252639954524575|14179634591026078982|12840367426816268753|12876807127745193332|461042381910624452|11482262218482642140|8387242659350819762|15085336625030771378
dataset\_work\final\lettuce_downy_v1\train\anomala\images-23-_jpg.rf.4b3bcbaf10d47397ffda46d01a70a0eb__ann114.jpg,anomala,train,lettuce_downy_v1,354x302,8404180298552252326|15022419361500370842|16030197508067152372|9552471475805648080|11103394180626021072|11968187690956202356|15020756217103552900|17641076600759088862
dataset\_work\final\lettuce_downy_v1\train\anomala\images-23-_jpg.rf.4b3bcbaf10d47397ffda46d01a70a0eb__ann115.jpg,anomala,train,lettuce_downy_v1,207x206,3199917676007837849|14693514728864527462|9075001381437732595|4679372825115267376|7400804914485127627|11083622721113057324|3499750754468032576|17543427980844462205
dataset\_work\final\lettuce_downy_v1\train\anomala\images-1-_jpg.rf.4addde55621ca9ef43a4dc33eeb85914__ann117.jpg,anomala,train,lettuce_downy_v1,556x483,17337395912632429467|17340631401279268902|14689002098269133498|3198809551475156642|2749514120382162672|11235288781895342832|11720281353490818092|13446143391843867083
dataset\_work\final\lettuce_downy_v1\val\anomala\11_jpg.rf.4b7881fcc196362506b383b5c9fd66f2__ann123.jpg,anomala,val,lettuce_downy_v1,631x598,15868762054105503897|13862971631047796582|14225281528353731506|5524128434788316082|7415154586839376832|11031611319301913052|12840660948350249292|12840733849559919301
dataset\_work\final\lettuce_downy_v1\test\anomala\images-11-_jpg.rf.4e0d87f14f80ddc30998abf13ac9ca9b__ann134.jpg,anomala,test,lettuce_downy_v1,640x580,17481519016296634855|12729090957558309912|16891287566591242480|12135486643962049264|1757783496028366512|16706552092463241970|17362179609904834984|17343542783627520490
dataset\_work\final\lettuce_downy_v1\train\anomala\images-15-_jpg.rf.4c4b870a869050d76184e4d962b973c8__ann136.jpg,anomala,train,lettuce_downy_v1,596x640,8739472752553603808|7056547615515259608|3816442296500194708|15100748563822563030|15614659731285929313|16191048880024471673|15442318405287448785|10704400301168457268
dataset\_work\final\lettuce_downy_v1\val\anomala\04_jpg.rf.4d9826dd3a5fe18a328ff9ce0de437e9__ann139.jpg,anomala,val,lettuce_downy_v1,544x370,12965479821866879136|3641224980190260474|1196889007838875187|17854190402002521395|18080972649302493234|11585754357213425331|3714779437981746935|3697118926026873872
dataset\_work\final\lettuce_downy_v1\train\anomala\images-24-_jpg.rf.4dfbf9c63bd427b5d27ab871d2d282c7__ann142.jpg,anomala,train,lettuce_downy_v1,566x637,14723088271943152170|14750881543712453547|13161129817453732522|10545849868566117034|12372470407694431692|3040744408324133580|12302281424939145874|12295426890175980982
dataset\_work\final\lettuce_downy_v1\train\anomala\11_jpg.rf.4e619850da1a0824fc7a63175a6fcde1__ann143.jpg,anomala,train,lettuce_downy_v1,640x627,14467367587214635494|17049688293836878360|17551004535127387618|3492104704434784952|1761550175415409900|16623328619592861384|13279512259240031792|16333862810984485363
dataset\_work\final\lettuce_downy_v1\train\anomala\images-34-_jpg.rf.4dac75e64ff237b1d644ae5934604a55__ann144.jpg,anomala,train,lettuce_downy_v1,281x365,9981684911844827955|12582626000748755763|7436098623803335023|1852058950983645705|3691607664665009838|3684898624490276490|682988743700099865|8043870776229900903
dataset\_work\final\lettuce_downy_v1\train\anomala\images-24-_jpg.rf.4b9806d66aefdf9f0bfce5b3ab29fc4e__ann145.jpg,anomala,train,lettuce_downy_v1,640x640,16481708879447913688|15610229030087348452|12728907109562335860|17481402786786164177|16487916454430941912|15633371904055360228|15113493009295710962|8377372969318065840
dataset\_work\final\lettuce_downy_v1\val\anomala\-8-_jpg.rf.4bf0dd08869050f10d798840127b1677__ann146.jpg,anomala,val,lettuce_downy_v1,432x424,1042174898426138044|10345277205786807490|18070953581632842836|11595863517035284949|14000810093769036175|13604675625335682574|15405068732124949664|6083462431364663546
dataset\_work\final\lettuce_downy_v1\train\anomala\01_jpg.rf.4e9de86ad5e10bd97a8a7c3dd25c0326__ann149.jpg,anomala,train,lettuce_downy_v1,621x423,925017949992306922|14957780136535780520|10956190108025751628|16631744652991983565|12172275222488388815|16917814541538219532|14839244931093221350|5478777212628110488
dataset\_work\final\lettuce_downy_v1\train\anomala\-8-_jpg.rf.4fd6bdcd1ea915c798ef6c943ac663a4__ann152.jpg,anomala,train,lettuce_downy_v1,384x409,6515807716954135002|11946234407839098020|14901518872695600702|10145717781116260483|11845817679397833125|15769860598999575642|9480301853441051788|4537038578283498702
dataset\_work\final\lettuce_downy_v1\test\anomala\images-19-_jpg.rf.4fd72feef54c1662febf08bccb63c1a3__ann153.jpg,anomala,test,lettuce_downy_v1,496x456,11010571136380809930|16594895495304557228|17398391804672292452|8084382082384434137|12444109370921929958|14605777971247107480|15677890987135218032|7221116747267535857
dataset\_work\final\lettuce_downy_v1\train\anomala\images-28-_jpg.rf.4fbb9b88cbf793560b5d787953df0759__ann154.jpg,anomala,train,lettuce_downy_v1,572x525,14496162074837850953|7839520819527231341|18069166750673561294|11582192580295891340|7865311734365604716|5267860700620270793|10131326082200550560|14872630728848556794
dataset\_work\final\lettuce_downy_v1\val\anomala\27_jpg.rf.4ff038022c96384cd9ce54c21d72c0f7__ann156.jpg,anomala,val,lettuce_downy_v1,408x579,7359000978518324339|11095683768635478833|8136954324285963452|17350361539304669890|3590377849246841753|8301355096855027814|14034019988157614320|13599926071381519472
dataset\_work\final\lettuce_downy_v1\train\anomala\27_jpg.rf.4ff038022c96384cd9ce54c21d72c0f7__ann157.jpg,anomala,train,lettuce_downy_v1,389x627,15683191801383540987|7231154155638547488|16823680626152223194|7521542278427996836|2370279245595826788|18147475330320016857|11849754523518263656|15758496213444884969
dataset\_work\final\lettuce_downy_v1\train\anomala\images-23-_jpg.rf.506b9b7f3f87712dfebd58d81529d578__ann161.jpg,anomala,train,lettuce_downy_v1,165x237,944095868346200160|5739740915228144120|5823405988181288356|17723028859077090010|17938385641199347535|6949248504390359565|15733969345087862005|11864009176561012816
dataset\_work\final\lettuce_downy_v1\train\anomala\images-15-_jpg.rf.509b58d4a73b446ac9fbf67908c07cdc__ann162.jpg,anomala,train,lettuce_downy_v1,335x617,14661704749139242444|3234029201365879500|2506960786738606734|13487223489169043854|14720762553572843820|14712445033141139659|10282062192228314299|10264376003296217634
dataset\_work\final\lettuce_downy_v1\train\anomala\images-20-_jpg.rf.501d7d4230ed46af7bb2ba029c2c52f5__ann164.jpg,anomala,train,lettuce_downy_v1,335x407,16817781981974889509|7555127189630803803|14331762930738164954|11301952800746688932|6620245763013532008|2667420369853572329|11876480555989784732|15741420845360669894
dataset\_work\final\lettuce_downy_v1\test\anomala\images-19-_jpg.rf.4f0951986c737075dd15db2f6a905c2c__ann166.jpg,anomala,test,lettuce_downy_v1,465x465,12823952972979094168|8219162699924420838|15625913379412437700|16475391509254416600|16625076202089222258|11007567019805898673|15611895836573279460|14189407350257212120
dataset\_work\final\lettuce_downy_v1\test\anomala\11_jpg.rf.50a6e4cde2bcb6f84c8d66910c85462a__ann173.jpg,anomala,test,lettuce_downy_v1,603x640,15031240555873659477|17592874728163748180|12518507292027173628|5378083621530346176|6100448601022015220|6154814899612654032|13880843066199941706|18210985016906529453
dataset\_work\final\lettuce_downy_v1\train\anomala\01_jpg.rf.531462b9e8fdf3f039f2cf641390b307__ann176.jpg,anomala,train,lettuce_downy_v1,404x640,3474567076554528342|17574131950288737429|16030198601560200585|9552647950020137582|10778465916319163379|6257273232943233072|7949505136661008772|9914099864490505950
dataset\_work\final\lettuce_downy_v1\train\anomala\images-27-_jpg.rf.52219f21df43af9d186edd6499338239__ann178.jpg,anomala,train,lettuce_downy_v1,440x539,8654691103702147111|16224000859692398875|5277429478974080210|7873334053113027764|2015810317987751905|2837520982365903736|13032512739685385069|15187383059448216905
dataset\_work\final\lettuce_downy_v1\train\anomala\images-11-_jpg.rf.527af1368537aaa0baad72c322f5db9f__ann180.jpg,anomala,train,lettuce_downy_v1,640x532,10859464703699117814|10867879446576666768|12332813793543072896|3070135859518622718|10419351184639185558|17791154435709318294|18359991808694459178|9235805992106862251
dataset\_work\final\lettuce_downy_v1\train\anomala\images-23-_jpg.rf.52803e114f0f9bc835cb3c79eede44cf__ann181.jpg,anomala,train,lettuce_downy_v1,240x427,14674543125175121452|3213935587158627019|7245370859771827930|15694660875940697764|14668949025734105644|3221822134115608267|11859854328357637849|15750964533092060260
dataset\_work\final\lettuce_downy_v1\test\anomala\images-23-_jpg.rf.52803e114f0f9bc835cb3c79eede44cf__ann182.jpg,anomala,test,lettuce_downy_v1,227x141,16487912198800923610|15633353768914199716|10056370649719550961|3318617689562493552|11827619737713833176|15770299408040906980|8084721863338036782|17416319377848373131
dataset\_work\final\lettuce_downy_v1\train\anomala\images-18-_jpg.rf.538f5695cd5d16e5c5e8ac30ed68dfeb__ann183.jpg,anomala,train,lettuce_downy_v1,364x389,6499159534645554340|11921901687236446938|94193721604731442|4579557132591280563|15765654695673754533|11829870630162346330|12948330329878990143|3635058922691513857
dataset\_work\final\lettuce_downy_v1\val\anomala\images-36-_jpg.rf.51751469a1f2eaf6d4626eff66a254bd__ann185.jpg,anomala,val,lettuce_downy_v1,413x320,16581650772899777691|10972779281576217638|5558738029707310769|5610260746927313522|2795642237648914328|11226424166110141926|8255920300087499597|12805466969459008589
dataset\_work\final\lettuce_downy_v1\test\anomala\images-30-_jpg.rf.536790e1e02a78cf39ae2a3cce18e0d1__ann186.jpg,anomala,test,lettuce_downy_v1,244x150,16440734798797356050|15594667484129706935|14847466682956909764|10146553807147356124|13241676804510673880|1314127880207804900|15911050125498961804|14126692984511270094
dataset\_work\final\lettuce_downy_v1\train\anomala\images-30-_jpg.rf.536790e1e02a78cf39ae2a3cce18e0d1__ann187.jpg,anomala,train,lettuce_downy_v1,186x153,4049358441036943046|16407620378597494428|16781657725454509800|16778381878202243304|11281169156186289123|14307439269033423416|16760172592342096104|16782355923886466280
dataset\_work\final\lettuce_downy_v1\train\anomala\images-37-_jpg.rf.53db89d72019b82a613ff988754cd900__ann192.jpg,anomala,train,lettuce_downy_v1,582x637,8882411993763335080|2440293880160595178|7122921389019812768|13358857633110308026|16874012340896062753|12163077678285079675|13417505536269771961|11588763166740568418
dataset\_work\final\lettuce_downy_v1\val\anomala\28_jpg.rf.5486fa2ba5f642744cafcb79f656de36__ann194.jpg,anomala,val,lettuce_downy_v1,616x640,15774390910304156058|11846957211300684198|14297218959832834534|11270760307967162520|11989097710718838948|11131162033849166298|10986800640327969180|16636808162815273414
dataset\_work\final\lettuce_downy_v1\val\anomala\images-29-_jpg.rf.5514100d5086a1fd7fac18d6707f9403__ann195.jpg,anomala,val,lettuce_downy_v1,437x586,7748288757346479218|2890802671100152753|4673239865919058146|18276885300633268920|12811523328287252008|8227173367350003563|13326940232827446525|16334640437412158016
dataset\_work\final\lettuce_downy_v1\train\anomala\17_jpg.rf.531d5e087f7ce8efa0c782e1a06edf0e__ann200.jpg,anomala,train,lettuce_downy_v1,536x258,11359991022619436725|5082923897488448082|17127808794271703907|5238305826291661113|5952110205959178822|13089390927331174045|4123600920086032968|7161674430739100397
dataset\_work\final\lettuce_downy_v1\train\anomala\images-36-_jpg.rf.5402cd38909b93c2bd5d311c2e35b6ec__ann203.jpg,anomala,train,lettuce_downy_v1,373x486,16732264885908811191|16776946816340282130|8487062379981818836|5831220186951789780|1318312016081900520|13199300831011288296|15288693150536166480|15333461133979469941
dataset\_work\final\lettuce_downy_v1\train\anomala\images-18-_jpg.rf.5610749da2798631b46931a10c7982a9__ann204.jpg,anomala,train,lettuce_downy_v1,359x417,6499740695261357655|11903878453978700565|9443539004679156274|4508089426541392307|1557070550051992485|6279764633984643930|12948325929686634302|3635094107055984259
dataset\_work\final\lettuce_downy_v1\train\anomala\images-15-_jpg.rf.52515985f4bdd58601f1fa8649114f39__ann205.jpg,anomala,train,lettuce_downy_v1,627x388,11847504479234715294|15756314222721141126|15047835380224389526|17641895303534899604|9694484277863688666|11416240877233400484|10696564559643858164|10840679065877664976
dataset\_work\final\lettuce_downy_v1\train\anomala\04_jpg.rf.57e5ef67eee467130a0bf20e57b21bc5__ann212.jpg,anomala,train,lettuce_downy_v1,539x385,15179529687267826276|13036335649643800025|12869543002067359477|12855046621986329680|15683160291533580980|7231119037445810386|5806428765467469490|17714582249347586482
dataset\_work\final\lettuce_downy_v1\train\anomala\-2-_jpg.rf.56168787a2d79cca7793f1e4317ea038__ann213.jpg,anomala,train,lettuce_downy_v1,524x549,2320078229125764794|18137040392936986274|16198951754596935312|17909904414826666230|11715810592348877819|13444978176976630304|17769218060167908600|10441156527522631392
dataset\_work\final\lettuce_downy_v1\train\anomala\images-37-_jpg.rf.571b2746d9d25b7967cd1b48997a0c21__ann214.jpg,anomala,train,lettuce_downy_v1,640x586,11089466028534412536|7374840541840593888|12741978758878670058|17461764361594784680|16200448635999246438|17885076372468196761|12162936870030169330|16874013473977849008
dataset\_work\final\lettuce_downy_v1\test\anomala\images-15-_jpg.rf.572e469c540639176eb38f7b9e14ea94__ann215.jpg,anomala,test,lettuce_downy_v1,640x453,14744331380457103513|10125843611299674470|15172647259191687539|3816439106700403249|7420151587445245580|11052056197965520588|3558628401075451444|8338815251396071634
dataset\_work\final\lettuce_downy_v1\train\anomala\-8-_jpg.rf.564120c0c9b39c73ca8f419fce42f598__ann216.jpg,anomala,train,lettuce_downy_v1,392x413,15883297142033664218|14180019824592743588|14179748793964852740|14180874914026656222|11884111874096941508|15765102200437501148|16037827134778428612|321598958048037060
dataset\_work\final\lettuce_downy_v1\train\anomala\06_jpg.rf.589660ce6c2cbb71208366a23807f9b9__ann218.jpg,anomala,train,lettuce_downy_v1,380x308,8547730305582565264|10450104621733453814|10679214713181756380|15443814211032261828|17734919510529017489|10378290067421765494|14133620787876418518|15914404294257882260
dataset\_work\final\lettuce_downy_v1\val\anomala\27_jpg.rf.592f663bbabebd583776e7df3c8dda93__ann225.jpg,anomala,val,lettuce_downy_v1,350x582,18345964782534580433|9252171394006705268|11258133574289242578|14321948829906723508|8423082452050798208|15121060894386526718|12998208148581433798|15184282456802737308
dataset\_work\final\lettuce_downy_v1\train\anomala\01_jpg.rf.5865dbe0896ea73ae73e9709501a300d__ann227.jpg,anomala,train,lettuce_downy_v1,640x467,9000604529033587941|13900560888677845592|17715677167320030160|5810947877154989300|6398019526561556672|16549833370986801276|17592223953116636240|15049793697824299765
dataset\_work\final\lettuce_downy_v1\train\anomala\27_jpg.rf.58896237dcd7a77dd7f8579f5bef6e35__ann230.jpg,anomala,train,lettuce_downy_v1,385x640,3661686403344641060|12967209926614305755|8933396228050502250|2405146976723975337|15837967588182783155|2606524419906785330|12230717399322353697|7692926388164950395
dataset\_work\final\lettuce_downy_v1\test\anomala\27_jpg.rf.58896237dcd7a77dd7f8579f5bef6e35__ann231.jpg,anomala,test,lettuce_downy_v1,423x593,14620568522969968077|12436815880337770572|15169067358845231280|12988000728628918578|5496775751102535852|14838764603272455882|3673090583907614388|12709423995713913810
dataset\_work\final\lettuce_downy_v1\train\anomala\images-23-_jpg.rf.58335f44364137924ca209fc49c9b787__ann233.jpg,anomala,train,lettuce_downy_v1,368x349,12589407909204844860|9985059459528554688|14290223099427452116|11274119224635806164|13868934982083187338|4386969725126555310|15335268775917745564|15308988792276406726
dataset\_work\final\lettuce_downy_v1\train\anomala\images-23-_jpg.rf.58335f44364137924ca209fc49c9b787__ann234.jpg,anomala,train,lettuce_downy_v1,236x205,11081239598510387256|7416550981985629155|6985330286885875772|8786796345727316931|16425705172679912550|4048793465976834201|14119847873675325561|4337138879311179872
dataset\_work\final\lettuce_downy_v1\train\anomala\03_jpg.rf.57c54c9a35a86b0f7b24487173e633f6__ann235.jpg,anomala,train,lettuce_downy_v1,328x457,11689546444960945059|13430794629191898170|9184178319614173749|131022609867454803|4185028556663055290|11804871190594206114|6033048435227939073|3846763022542533759
dataset\_work\final\lettuce_downy_v1\train\anomala\22_jpg.rf.5916dec91120c34efb8e6ff4472faeb2__ann236.jpg,anomala,train,lettuce_downy_v1,640x496,7652518522401352226|12192180218660956347|9606855554965189747|2203924481740886833|13522291915278726057|2480027796126380906|3590481220689564958|8301313177235772037
dataset\_work\final\lettuce_downy_v1\train\anomala\images-21-_jpg.rf.57b9ba4106eccf545b5a5fb0594036e2__ann241.jpg,anomala,train,lettuce_downy_v1,640x637,1613339564830254676|10896778620880853461|11108398710767839497|12027795586634893677|15391522375164115351|6081770790846161686|7874933366100913062|678277499451680922
dataset\_work\final\lettuce_downy_v1\train\anomala\images-1-_jpg.rf.59b4bfec3c57d799bc591276b3a55513__ann243.jpg,anomala,train,lettuce_downy_v1,532x577,17697414506551561188|5793569357080833240|10715707129650141328|15443569642608059638|15576935671869498960|16486510080848075253|17790529368315155158|10437349644900414868
dataset\_work\final\lettuce_downy_v1\train\anomala\images-23-_jpg.rf.5a664f125833a25ecf7466f386870679__ann247.jpg,anomala,train,lettuce_downy_v1,415x250,16831502812728433318|7517843112642389658|12509787702034549453|5343083602336132172|11143641394285794408|12005095277691311593|5524919735825868362|14828754486321847213
dataset\_work\final\lettuce_downy_v1\val\anomala\23_jpg.rf.5a607b83516e03f48fdc07060e848144__ann249.jpg,anomala,val,lettuce_downy_v1,338x436,9535100606899395546|16011740476447401124|14564215658807900720|12143887813624570867|11827688636309124574|15752423383473279876|17555956155430307752|3475210080943349450
dataset\_work\final\lettuce_downy_v1\val\anomala\01_jpg.rf.5c65c39ba1603580be9e340aa44069c3__ann250.jpg,anomala,val,lettuce_downy_v1,635x349,5967355215871222564|13111188187258436563|3618902009552981100|12890367370579004873|15220995435021530293|2604088643296284754|14541461101059040178|7803711434598922290
dataset\_work\final\lettuce_downy_v1\train\anomala\26_jpg.rf.5c19bc2c423806ca24f68347939c0ebc__ann252.jpg,anomala,train,lettuce_downy_v1,239x348,3505917281479874078|17517399958649476231|15121780603946839349|8368854781092579923|9769642963457940211|2222106669784344368|6001849503796503668|3867928203986983889
dataset\_work\final\lettuce_downy_v1\train\anomala\-3-_jpg.rf.5bf8d2a2709afb2c477e2eebb184a005__ann255.jpg,anomala,train,lettuce_downy_v1,413x257,5029045176721909351|5596985258761820697|15752590332864351248|11873302475475438839|1844954472908631117|7468910426282117701|17855781491862259364|1210519878414474458
dataset\_work\final\lettuce_downy_v1\train\anomala\27_jpg.rf.5aa0633ed4e22e85706cb0a95e710de9__ann257.jpg,anomala,train,lettuce_downy_v1,412x621,12847472156835636467|12838980941211293744|12226205046552277168|7695195539642840050|3519818634182077874|17574427393414876082|17506499495114033770|12695883120549080233
dataset\_work\final\lettuce_downy_v1\train\anomala\27_jpg.rf.5aa0633ed4e22e85706cb0a95e710de9__ann258.jpg,anomala,train,lettuce_downy_v1,416x609,14729141793341345046|14747540047530118807|12822016891763834548|8282348728377574354|10902899771698686412|1625087215693228236|15169208094183977074|12987999629142716593
dataset\_work\final\lettuce_downy_v1\test\anomala\images-2-_jpg.rf.5c0b8c9aa97525735403513ab45b93db__ann264.jpg,anomala,test,lettuce_downy_v1,537x486,16407292512213933004|4085444114390263756|338308479568426726|16101046329119838872|14710992530978746936|14707472413733008099|10993932444455432927|16624524611663016196
dataset\_work\final\lettuce_downy_v1\train\anomala\11_jpg.rf.60087d79083f1676424ed19d89a673d7__ann266.jpg,anomala,train,lettuce_downy_v1,640x626,15715920637622328806|11576409719384983192|7667992486202192552|12225456246801674978|10972547883796768672|16617637948479380186|16335314407050160553|12119874996930505322
dataset\_work\final\lettuce_downy_v1\test\anomala\images-24-_jpg.rf.5e681b12274c5194e5d310c77de870c1__ann267.jpg,anomala,test,lettuce_downy_v1,598x640,14461245992228985316|17055873714008450776|17195703064510179056|9816415434925382256|15593262814551257836|16472295417924202696|8113906628373854856|17340610739503145966
dataset\_work\final\lettuce_downy_v1\val\anomala\images-15-_jpg.rf.5de6a6fa700f4d678d4f10ba7c8ebf99__ann268.jpg,anomala,val,lettuce_downy_v1,640x511,10639163194531262164|3916610563193539540|2370202018419127193|18147424347255223142|15315529977480895030|15289283702923109779|7364349036651534587|11039388702628832288
dataset\_work\final\lettuce_downy_v1\train\anomala\-8-_jpg.rf.5f80b0a4a2580e9df0adc1d44b33d135__ann269.jpg,anomala,train,lettuce_downy_v1,428x379,10937025016173845086|1651842007391708549|8387097428202461529|15121346793740592741|9630286771384609814|6798916102549063831|7306640586886404561|6456360421828093044
dataset\_work\final\lettuce_downy_v1\train\anomala\22_jpg.rf.5e6455cd3ad2e836c7fd9daa6c97e1a6__ann270.jpg,anomala,train,lettuce_downy_v1,558x640,15686940545611282831|7219925466295329548|11074850319663219910|7382064799671901340|892650008163332708|10320514428872012761|11303010104348799590|14322613726258508185
dataset\_work\final\lettuce_downy_v1\train\anomala\-3-_jpg.rf.5ebab54ee6e5ade764fb7239d54d05e9__ann271.jpg,anomala,train,lettuce_downy_v1,429x301,14526528381932967225|7847212730317690467|16491331574452897001|15619785823202958440|7158052570947577452|4149431781996140745|7556109933979157720|16844714059742502116
dataset\_work\final\lettuce_downy_v1\test\anomala\28_jpg.rf.60c70db86be22a9311603719d23cd163__ann273.jpg,anomala,test,lettuce_downy_v1,640x640,11736913810277558964|13436727845269317842|11844697886569846824|15778771278933320872|15179629731379706042|13000477005188489634|12170121408457013722|2943331952432865444
dataset\_work\final\lettuce_downy_v1\train\anomala\images-18-_jpg.rf.60e4c4c2c49f5f4920e2b27cd5473ca6__ann275.jpg,anomala,train,lettuce_downy_v1,341x411,813282203170883078|3417429081037937823|6184517412991406605|6139660237079492431|11465139445345643823|488119214332922123|5744260856157582421|941976852263719765
dataset\_work\final\lettuce_downy_v1\train\anomala\images-24-_jpg.rf.60d1a0c6fbc013e0fb41ce43be52f757__ann276.jpg,anomala,train,lettuce_downy_v1,624x640,14605903996465502898|12444262492059509938|17452278505133345232|12732714447251599092|12872674025073455788|12887833891659363018|17613272711762588592|15026726984601449202
dataset\_work\final\lettuce_downy_v1\train\anomala\images-11-_jpg.rf.5fdb87d6d8b3447cb46bfaa5c0cf9736__ann278.jpg,anomala,train,lettuce_downy_v1,609x516,7551949035093678746|16810926659468698790|12392460212087747169|3071670556355637369|12007940805611769065|11158403300635299176|8768678598560489514|7057886784647920299
dataset\_work\final\lettuce_downy_v1\train\anomala\01_jpg.rf.60f230b2d7b53600e06f60de342c508d__ann279.jpg,anomala,train,lettuce_downy_v1,339x629,6650772227840150700|14253239326970335178|16871771667507630662|12167519961399276701|14614094645159644613|12397409880435739740|11363898288550370216|5103223713568007402
dataset\_work\final\lettuce_downy_v1\train\anomala\images-27-_jpg.rf.6182f47fe0f71b822aa3272e4cfbc437__ann282.jpg,anomala,train,lettuce_downy_v1,428x547,2766307811111541624|11185139142154659553|3189669805202992316|14643771313419241666|16223780961594653083|8654705947109122854|14035583053579958731|13613512826520552236
dataset\_work\final\lettuce_downy_v1\train\anomala\images-23-_jpg.rf.6137cc92a47cc350c4a227fd850795e9__ann283.jpg,anomala,train,lettuce_downy_v1,370x254,13189543491636810970|1346341856018355364|4987580952511408856|6706899097077459428|11877178499291328274|15768390549065370295|16476894986801058653|15594543233100822341
dataset\_work\final\lettuce_downy_v1\test\anomala\images-28-_jpg.rf.62083cbc00ab2d1818b5fc999cf5a18b__ann285.jpg,anomala,test,lettuce_downy_v1,543x545,5190429234953366748|14839122419865864900|16192299708615996296|17911561379422286574|14180325898714607565|15901140038039832648|17163801819468960504|9850418453529933536
dataset\_work\final\lettuce_downy_v1\val\anomala\11_jpg.rf.5e3bbb4e09d36e91ce5d0db5f5272513__ann288.jpg,anomala,val,lettuce_downy_v1,640x626,16186967946465084321|17886725787857067642|11149700633544252118|11971256217908651412|8799481770034215672|11638339133799769056|10711144924766675622|15445756891010022298
dataset\_work\final\lettuce_downy_v1\train\anomala\17_jpg.rf.61ebd31ddd914d32a8ed636c911f97e5__ann289.jpg,anomala,train,lettuce_downy_v1,221x529,7598526784046396017|7579902750322438513|15171541594180168346|13028592333452192678|8192603183398859113|8174702874071364457|12009917023017225908|11108740465198140626
dataset\_work\final\lettuce_downy_v1\train\anomala\images-23-_jpg.rf.5e806a2242d9961866edffa6089df29e__ann292.jpg,anomala,train,lettuce_downy_v1,278x401,3221262007981712970|14687051622728833965|15840996492841760334|2635905927914427021|12509754785397985995|5343018149178029100|10201409407286154276|5671732378767644379
dataset\_work\final\lettuce_downy_v1\test\anomala\images-23-_jpg.rf.5e806a2242d9961866edffa6089df29e__ann293.jpg,anomala,test,lettuce_downy_v1,238x179,10723582851528319362|15453104232495085758|4916862274564797040|15979848947159053297|13724989134910813398|9431048449330106772|17416493827078996957|8084792717348191300
dataset\_work\final\lettuce_downy_v1\train\anomala\26_jpg.rf.0030cbe0e82f48be6d4786b0ca6d613f__ann294.jpg,anomala,train,lettuce_downy_v1,347x224,6006353091647317028|3865677227699198939|1770907178077768222|16660678358966643847|15842347467986478389|2604265133661903443|9776257093896910567|2218729938595779352
dataset\_work\final\lettuce_downy_v1\train\anomala\11_jpg.rf.00040ef8124515eb7a577ab365d39ebe__ann295.jpg,anomala,train,lettuce_downy_v1,640x640,13985975426463669758|13612037300712261248|17918607450558313104|16152875462974223346|9243165629033998268|18347020205372872898|17488519585522658016|10390422371284462584
dataset\_work\final\lettuce_downy_v1\train\anomala\images-24-_jpg.rf.00ad3607addc102b97171cbedb55b8c7__ann296.jpg,anomala,train,lettuce_downy_v1,612x640,15611134779651961512|16454702251753648842|17790532542566797745|10437138968031162994|14605904116188732132|12156032234220201432|8246903270365911184|12795211237389231350
dataset\_work\final\lettuce_downy_v1\train\anomala\images-1-_jpg.rf.013269a9ec4a1bbcbc5d16172c761635__ann297.jpg,anomala,train,lettuce_downy_v1,472x452,5289809412343821618|7883915888907080115|14756829861038552694|14748352642473759121|12921212081516800365|3635888452432390473|10489402040305626316|8536033055545674444
dataset\_work\final\lettuce_downy_v1\train\anomala\11_jpg.rf.0146287dba11c564b6297964192961b3__ann298.jpg,anomala,train,lettuce_downy_v1,640x622,17920432467891468844|16191192423820403659|15405331662320015832|6065260861141444324|14673800227105518304|3186872942234088184|16457958688265743444|15607692503434382037
dataset\_work\final\lettuce_downy_v1\train\anomala\11_jpg.rf.014e40a486b41475dfa947040992ba1a__ann299.jpg,anomala,train,lettuce_downy_v1,612x640,11723770766650125033|13416842699821919080|17130189459072596476|5233897785281700544|7542172141906768570|16801323438381970338|13862760432450314824|18210632385042103021
dataset\_work\final\lettuce_downy_v1\train\anomala\images-4-_jpg.rf.021d3195f382f3d3ffd4f7886725a19a__ann301.jpg,anomala,train,lettuce_downy_v1,396x334,1609710094093373016|10922799526690196709|7252681643434976275|15679900159052929847|16540644241933899159|6399275655566349846|4025075077794142937|1379491550122452580
dataset\_work\final\lettuce_downy_v1\train\anomala\-3-_jpg.rf.01f590c7eae57d2bc6003e69409cbb64__ann302.jpg,anomala,train,lettuce_downy_v1,395x197,10992451510133636302|16595459967413371532|15701637823820007084|7212736809832980426|10142919938942848742|14896843722867641752|14600523692091447396|12395773078300059609
dataset\_work\final\lettuce_downy_v1\train\anomala\images-24-_jpg.rf.00c5487884a919cac6638744359c694e__ann303.jpg,anomala,train,lettuce_downy_v1,603x640,15687258848792851116|7265033578647958218|3814033585425462197|15242480861114937874|14605903978879636068|12444262629421528281|1311236638749984979|13093003826714897972
dataset\_work\final\lettuce_downy_v1\test\anomala\images-3-_jpg.rf.02137cb9ee1770e62cba701d8dd3d5e4__ann304.jpg,anomala,test,lettuce_downy_v1,425x503,17641851406429892182|15047847666612538005|8487694082631391957|5813203516118377556|10775602984867976400|6246064098618037492|6099080445400820816|15409749358989068917
dataset\_work\final\lettuce_downy_v1\train\anomala\11_jpg.rf.01390e35f8e7ea75b870f3d9f17ca1db__ann305.jpg,anomala,train,lettuce_downy_v1,640x640,13955436469393414616|8947009919041823972|16547297672083219008|6357402673266539517|16457386940072340092|15625724494145629121|18283254812349315672|4621304243617244133
dataset\_work\final\lettuce_downy_v1\val\anomala\images-19-_jpg.rf.0140fd06f7f77b919afdccdac91dc4ae__ann306.jpg,anomala,val,lettuce_downy_v1,482x514,17326336683933312748|17307683742519303112|16750112195604072900|16776371702243806684|14455335366699135472|17016475470067364848|15874388912796717544|14144095341634024680
dataset\_work\final\lettuce_downy_v1\train\anomala\13_jpg.rf.02591981eab563d40425ab81c4ee6272__ann307.jpg,anomala,train,lettuce_downy_v1,486x386,5754995768951196378|956069803726187940|11591938677261455096|18051715989041941728|11866303077904827405|15729444143134072143|16180331514479019258|17928345699277528736
dataset\_work\final\lettuce_downy_v1\train\anomala\images-21-_jpg.rf.01c6187219668418c9a26d5bdc3c5c51__ann308.jpg,anomala,train,lettuce_downy_v1,640x630,1614465529128077894|10887771938095934613|9884650515409169737|7947539826098850157|10785184658185394583|5101111963647960854|7875076302629587822|5291123504783371657
dataset\_work\final\lettuce_downy_v1\test\anomala\01_jpg.rf.02153f3b8c1bc078519927bbe05a48e7__ann309.jpg,anomala,test,lettuce_downy_v1,614x366,5103153068965775594|11363899386483174824|2886073517031709276|16956001704482284997|12172556420439258269|16881785769227375174|14241953939893342187|6654726621274311976
dataset\_work\final\lettuce_downy_v1\train\anomala\01_jpg.rf.02544f04f7503e575dcdc9d2c43783f9__ann310.jpg,anomala,train,lettuce_downy_v1,640x360,5934844027669127428|13025901831882439647|11831739297093528742|15759199914559392666|16103595393887815092|297679519803595858|11154199752540468186|11974026968506577572
dataset\_work\final\lettuce_downy_v1\test\anomala\27_jpg.rf.02bd49cb8cf70213e6738cd0b3fb2c6e__ann312.jpg,anomala,test,lettuce_downy_v1,362x620,3699946571764413069|3667447750962754382|7008412274900165171|8772300504612518195|5670999966230046002|10174460357227665459|3727125412752964985|3702779081404793441
dataset\_work\final\lettuce_downy_v1\train\anomala\images-28-_jpg.rf.02cbd7ee76dd4a64ba20eb77d3fa49c7__ann314.jpg,anomala,train,lettuce_downy_v1,484x506,14282667904627620233|11282541179321934446|14738772665363015660|14748790266629659592|7953976883633427356|9924019693133903558|14419175693184839372|17016626172888582860
dataset\_work\final\lettuce_downy_v1\test\anomala\images-21-_jpg.rf.02d81a66cb40c2fc8fd181ad71e184e1__ann315.jpg,anomala,test,lettuce_downy_v1,640x640,16635974650943099880|10990089638831731944|6833849441462838432|9625409307912231162|16732073747521242264|16776996895697067750|18075435250796893317|11593642127601817182
dataset\_work\final\lettuce_downy_v1\train\anomala\22_jpg.rf.03cd4df92311248260434ed478fdbf88__ann316.jpg,anomala,train,lettuce_downy_v1,559x640,15038562696383991940|17596217848930359006|11211083119500575474|2762638080049650864|16057269615512924916|9552249408384775120|12726138304645060134|17492603025884485019
dataset\_work\final\lettuce_downy_v1\train\anomala\16_jpg.rf.03c9bc31244fc88ba2b161e525b9dbc3__ann318.jpg,anomala,train,lettuce_downy_v1,637x582,16723171965224015040|16778119514665571580|4105224816141097905|16420391299998491954|18218380897963137000|13894997486279595240|3613386007475577059|12779866956193921080
dataset\_work\final\lettuce_downy_v1\val\anomala\22_jpg.rf.02ff266b5a6bef403cefac3a4c5558c2__ann319.jpg,anomala,val,lettuce_downy_v1,483x640,2293926105508434739|528163854089467187|13345099515537218387|7076057770089522485|3689912756953830407|3698532418780255519|3829559571965621090|6006629631540671417
dataset\_work\final\lettuce_downy_v1\val\anomala\images-33-_jpg.rf.01a8bb998871374f2bb20e773db7257e__ann321.jpg,anomala,val,lettuce_downy_v1,639x271,6240077387190086089|10765383999324514924|14871674218117042834|10140361335644599990|7812172771434391189|14531261681133525334|13165767365512444300|10561560610402493134
dataset\_work\final\lettuce_downy_v1\val\anomala\images-23-_jpg.rf.03b97d05e09e9e2f57e5131174b72237__ann322.jpg,anomala,val,lettuce_downy_v1,400x244,14545926002911841174|7801569889135242902|12599833379285355460|9954193443383749852|10821669196710954092|10847955221846613449|15865171560871896202|14180543994929994670
dataset\_work\final\lettuce_downy_v1\train\anomala\images-23-_jpg.rf.03b97d05e09e9e2f57e5131174b72237__ann323.jpg,anomala,train,lettuce_downy_v1,157x216,5708365511259238448|1000911770223833843|2042616551499503318|14404152667176802196|17578308781542204173|3508500038348191823|10707186933866751431|15426647783839651868
dataset\_work\final\lettuce_downy_v1\train\anomala\22_jpg.rf.04e32c19c11a1b55faea0acc84a72fbc__ann324.jpg,anomala,train,lettuce_downy_v1,640x551,7373198341328051132|11075974570738788034|12840734460602504010|12840661183066609069|13989910413308114329|13590557016763159142|12472109150847972274|5355717238889591730
dataset\_work\final\lettuce_downy_v1\train\anomala\images-19-_jpg.rf.03f4718b41f082fb0390c2e0d062b27c__ann325.jpg,anomala,train,lettuce_downy_v1,421x399,3793945601089135078|15211555120483891352|14211502980253505689|6657333631950382434|10986733248004758227|16636598609345619508|7126288402711405404|11049698434413377989
dataset\_work\final\lettuce_downy_v1\train\anomala\-8-_jpg.rf.0420f9c626205cb7c40f5097bbd07701__ann326.jpg,anomala,train,lettuce_downy_v1,379x411,11881846888671268036|15769579136908315868|13300482969074855108|16345406571818567900|15910325335792343258|14180943397212972196|15909129402144577250|14189952477663499448
dataset\_work\final\lettuce_downy_v1\train\anomala\30_jpg.rf.0493e70eb81a64624aef769bf2d617da__ann328.jpg,anomala,train,lettuce_downy_v1,303x489,7577777953521952295|7596387953787640091|10697820532241352684|15461189466235542984|1988780936779164521|2839086782252591465|14419957644811669974|17025612337300338324
dataset\_work\final\lettuce_downy_v1\train\anomala\22_jpg.rf.04ecf722e0100140722218ca98fd0feb__ann329.jpg,anomala,train,lettuce_downy_v1,553x640,2029242528122877302|14369703492136227729|12263889631940454946|12300341973374053307|10471845706949815239|8517962705432291612|13523124213557736362|2461895271367717546
dataset\_work\final\lettuce_downy_v1\train\anomala\images-33-_jpg.rf.0456e4b74a78e13510e754672abedd98__ann330.jpg,anomala,train,lettuce_downy_v1,640x372,11732102647594652902|13471476719819806360|15036336865760941748|16438926519888025298|11013216046047622330|16614989425315532962|15174505774359257828|13012810990713875408
dataset\_work\final\lettuce_downy_v1\test\anomala\images-33-_jpg.rf.0456e4b74a78e13510e754672abedd98__ann331.jpg,anomala,test,lettuce_downy_v1,604x335,15162154082592809580|13018125917930305737|6117556705091677338|15373116947122997670|14535520232382704052|7846025068433533650|12018363319783545045|11127352601684600148
dataset\_work\final\lettuce_downy_v1\train\anomala\-2-_jpg.rf.053b23e1722993a167314739a61c55bd__ann332.jpg,anomala,train,lettuce_downy_v1,523x453,14140509586441037060|15871683231460120799|15012928218064107106|17646716095351722937|16093811896931271644|352919707037089220|13372203086894523892|7076885803416312016
dataset\_work\final\lettuce_downy_v1\train\anomala\-6-_jpg.rf.054d262ba885858102a3647704a2ecae__ann333.jpg,anomala,train,lettuce_downy_v1,602x627,11574866066976692460|18066765799485662664|14453361506742277356|17065857053245494984|14476122635216075514|17030606719684682400|14471836050841589484|17047441339440403656
dataset\_work\final\lettuce_downy_v1\train\anomala\28_jpg.rf.04169ec2662fc152f2244e6cbd7338ec__ann334.jpg,anomala,train,lettuce_downy_v1,464x586,7057306335938008281|8786688774209983588|7631545936775403640|7631546273462936801|7265628786389348473|15696367039014170721|16277336081822836841|8707870994895923305
dataset\_work\final\lettuce_downy_v1\test\anomala\images-23-_jpg.rf.054424217819ac5ab7c3a61546e561ea__ann335.jpg,anomala,test,lettuce_downy_v1,411x239,11143642493763621992|12004954541278811881|5522667933881542219|14833257808915438381|16849834145456233126|7535853104515491482|3286274376861866701|5415142849919689804
dataset\_work\final\lettuce_downy_v1\train\anomala\images-23-_jpg.rf.054424217819ac5ab7c3a61546e561ea__ann336.jpg,anomala,train,lettuce_downy_v1,152x221,17434483885738275589|8084140423484936795|15625328830301922545|16493437395114711088|6562362792574333040|410869781659055089|3519832235407959268|17430286104502851800
dataset\_work\final\lettuce_downy_v1\train\anomala\images-19-_jpg.rf.054c2dfbe02e18e4642e7938eb7f59a5__ann337.jpg,anomala,train,lettuce_downy_v1,438x441,14180792440923460518|15910141159031977626|8553371219381531505|10462506850185982833|11112188625535487196|12003159028953500868|8156983375312859793|8156944077475918710
dataset\_work\final\lettuce_downy_v1\train\anomala\01_jpg.rf.031912bc11c510635170b1f31233ef02__ann339.jpg,anomala,train,lettuce_downy_v1,360x640,16305161120865045387|13266890483686845486|10355090888645331885|1068139042158554186|3327081068224716216|10073333723791706082|5344812552466125326|12523268881368528015
dataset\_work\final\lettuce_downy_v1\test\anomala\images-4-_jpg.rf.053eef196eebe5926e8c76d8ffdb0ea8__ann341.jpg,anomala,test,lettuce_downy_v1,398x438,10787445528262193054|6256294066471832198|12585777317850912306|9973901340290226099|9658655918380995158|11434623758165652629|12941035033613462154|3609262146940676526
dataset\_work\final\lettuce_downy_v1\val\anomala\-2-_jpg.rf.0430b7b0f26d7d946f5c0beb13c5d177__ann342.jpg,anomala,val,lettuce_downy_v1,480x521,5217686439707567846|17143287108687600024|15806983947827200988|2613761908652522692|10996061702255077869|16601996814139418696|14140368848971515172|15907710918229777883
dataset\_work\final\lettuce_downy_v1\train\anomala\images-15-_jpg.rf.03e6cbc1db0418a1f0856f3a26fc05d6__ann343.jpg,anomala,train,lettuce_downy_v1,640x588,17049022044265301716|14458294109984758996|16193441871501646576|17915999186989130992|15320335278505043656|15332008210769615596|17340174029409657592|17355407218612746976
dataset\_work\final\lettuce_downy_v1\test\anomala\images-29-_jpg.rf.049bceb52fb0e71054667894931ea054__ann344.jpg,anomala,test,lettuce_downy_v1,509x604,11284499730607493874|14314381433150678192|11642487750355897048|8842476780742552804|12728409042580842182|17497286743636351644|16477769826929587834|15621523270496195233
dataset\_work\final\lettuce_downy_v1\val\anomala\images-40-_jpg.rf.0593ab8ec09c2ae1a1bc44315d55eba7__ann345.jpg,anomala,val,lettuce_downy_v1,388x425,8406437810320886089|15090061082336062573|15774590356730334267|11864916449054411811|7884842608318114513|5316945996556183924|2579599120723781796|4308878464663612122
dataset\_work\final\lettuce_downy_v1\test\anomala\images-31-_jpg.rf.06f63ea8b463ade185e1b0c28d1dd1a2__ann347.jpg,anomala,test,lettuce_downy_v1,426x330,14733747869134386384|14763199827811029492|8156329895099195894|8175061593968441744|17641101444237812172|15020891025080678604|10410472776122463089|17753551834738995569
dataset\_work\final\lettuce_downy_v1\train\anomala\images-31-_jpg.rf.06f63ea8b463ade185e1b0c28d1dd1a2__ann348.jpg,anomala,train,lettuce_downy_v1,454x306,14499563659658284902|7846339506346593689|15769874824510511800|11845703309714630626|11028725694833943404|7372138140368910537|16332080995545408676|13266007717578398170
dataset\_work\final\lettuce_downy_v1\train\anomala\16_jpg.rf.0750f12437ec48c346dc057d374a9d3d__ann349.jpg,anomala,train,lettuce_downy_v1,385x571,14787229223222016409|5517943611008311654|15481665537588155307|10692891438680978730|7377399321339925324|11058990097797625549|3041448380674368660|12345309907118774742
dataset\_work\final\lettuce_downy_v1\val\anomala\images-19-_jpg.rf.06e51fc94dcaa26280f5eb334ea433cb__ann351.jpg,anomala,val,lettuce_downy_v1,423x358,16600570406576466726|10987014616200260507|14872884509313428942|10095209347407563148|11181211835891677592|2750532553526108646|10108731979947252108|14874555364838827982
dataset\_work\final\lettuce_downy_v1\train\anomala\images-18-_jpg.rf.0746117ef7013614d35b9f4a4d5064ee__ann353.jpg,anomala,train,lettuce_downy_v1,321x367,5461137824624780999|3273031336055773724|15109741474210876205|8426893461826120779|2061051780495862829|14386245205321566539|5416763520309457524|3281808987096723665
dataset\_work\final\lettuce_downy_v1\val\anomala\27_jpg.rf.073b55ccf3e24c1e36c6a3d9205b7f16__ann355.jpg,anomala,val,lettuce_downy_v1,425x640,11829047625228537904|14586002351560652019|12696197990843194537|3635478626813855338|17578896083556461514|3517571223824902564|7694052154978366258|12221709643335086512
dataset\_work\final\lettuce_downy_v1\train\anomala\27_jpg.rf.073b55ccf3e24c1e36c6a3d9205b7f16__ann356.jpg,anomala,train,lettuce_downy_v1,400x588,14842114540193433239|5503658702746979350|12987999768115737328|15169208077591883888|1624735372014280780|10936678967927175629|8120229187653632978|17362050332106178228
dataset\_work\final\lettuce_downy_v1\test\anomala\images-40-_jpg.rf.0779026b77f22494d98b78fa7afe5168__ann357.jpg,anomala,test,lettuce_downy_v1,475x441,15345037872274269283|15334931391187310649|15105234342777220171|8429250471136184621|4168279585640599764|7198109764856247508|3299411978542840436|5434794246778560721
dataset\_work\final\lettuce_downy_v1\train\anomala\images-17-_jpg.rf.07deb4bb7411cdfb7d47a758e02d33e6__ann358.jpg,anomala,train,lettuce_downy_v1,395x499,15038141950235759324|17632317434900952260|16776668086057211088|16768223862737852148|14174009428043608820|15911977939356791504|17642490783417414888|15029658578530259688
dataset\_work\final\lettuce_downy_v1\train\anomala\11_jpg.rf.078bc9845b2b0f4aefc10f94326dde86__ann359.jpg,anomala,train,lettuce_downy_v1,596x636,10711149461325899492|15445756873796590040|16187814175411184586|17913677072713726124|15607701306030578390|16457967622091548052|12409713906399484664|14601631855123605216
dataset\_work\final\lettuce_downy_v1\train\anomala\images-31-_jpg.rf.05a84329eb194c290230aa2204ba90a7__ann360.jpg,anomala,train,lettuce_downy_v1,335x426,15186931062244215820|13023412407449013967|16733102742093530803|16722648740554776114|14974021696073546932|904213457624220370|3647465845137347304|12936196048001185768
dataset\_work\final\lettuce_downy_v1\train\anomala\images-31-_jpg.rf.05a84329eb194c290230aa2204ba90a7__ann361.jpg,anomala,train,lettuce_downy_v1,309x453,14692121715828635316|3226996416666440402|2795285610282887538|11217450935985531825|15173432820960380972|13021811688010605771|12784534705053936795|8226296231435553318
dataset\_work\final\lettuce_downy_v1\test\anomala\images-15-_jpg.rf.05a1fd64850f21fabc98280109444c9e__ann362.jpg,anomala,test,lettuce_downy_v1,631x379,9692655781437811162|11402590646532467236|14587533900203597024|12425947234223703800|2624123647083888286|15756331814865306502|17926198492067623340|16184980824072155594
dataset\_work\final\lettuce_downy_v1\train\anomala\images-20-_jpg.rf.07c2a75549c06f3025a5dd07f82b0215__ann363.jpg,anomala,train,lettuce_downy_v1,257x346,8878344960119953644|2419298531821348296|9560064649533578702|15765635939400107148|14476211160616244001|17030455061554607739|10107224776893975258|14906131609998371972
dataset\_work\final\lettuce_downy_v1\val\anomala\-3-_jpg.rf.07f901a700fd48dd25974d41bc93d46d__ann364.jpg,anomala,val,lettuce_downy_v1,246x429,7613211655159287017|7573381539337785192|14538853747044052076|7839844673205618889|7552460091967806057|16792976269373319017|14540056562429971564|7848906538984064201
dataset\_work\final\lettuce_downy_v1\test\anomala\-6-_jpg.rf.07a0969a911782e4387e78c059f17548__ann365.jpg,anomala,test,lettuce_downy_v1,551x523,14761153143356942904|14737074540409039331|6685622884220284522|14261957836225088425|16404793549819446476|4065323780927838924|12217082461521702085|7651101593132779612
dataset\_work\final\lettuce_downy_v1\train\anomala\11_jpg.rf.08143ac4b9c90f02a2f828749d38f9d7__ann366.jpg,anomala,train,lettuce_downy_v1,607x567,3258962962323024345|5450318508320189284|6099463348459483986|15373699673280820149|7235922760712299339|15648156206464842285|13056904287561079509|5923202581746001236
dataset\_work\final\lettuce_downy_v1\train\anomala\images-23-_jpg.rf.0818a403e861209ee4fed8b9ca551ac9__ann367.jpg,anomala,train,lettuce_downy_v1,423x229,15966007018930216004|4951314907298711261|2617218915221312075|11220054101460236077|15980639327723632196|4944031879681970909|3294158031451043227|5409442854986207780
dataset\_work\final\lettuce_downy_v1\test\anomala\images-23-_jpg.rf.0818a403e861209ee4fed8b9ca551ac9__ann368.jpg,anomala,test,lettuce_downy_v1,139x229,17361783601110667147|8084156705771425070|15769997592082829540|11863727688831526104|3318336214552096880|10038356251214279152|15628833126811018404|16487920988450314970
dataset\_work\final\lettuce_downy_v1\train\anomala\images-31-_jpg.rf.083af2fc42560cf636320ae5f4906284__ann369.jpg,anomala,train,lettuce_downy_v1,400x468,12876471264846533593|12876540485768983652|13301508554979686496|16349809986554684281|7220451449034617522|15696086580532523698|8783067973627799266|6933399844722809016
dataset\_work\final\lettuce_downy_v1\train\anomala\images-31-_jpg.rf.083af2fc42560cf636320ae5f4906284__ann370.jpg,anomala,train,lettuce_downy_v1,367x492,10729442050437436129|15463314596836783416|17509001903144395372|12736427762916440521|4086332330518157526|16236170064957728404|14535665647177810096|7809962863677209842
dataset\_work\final\lettuce_downy_v1\train\anomala\01_jpg.rf.07b82ff7f762f1307fa7faf7c7f82b3a__ann371.jpg,anomala,train,lettuce_downy_v1,635x315,5966157847708606821|13100073224213264985|12914579041332386892|3630829921296041421|6447701885935668405|7323298102822882386|14827456989328335666|5502363787296848307
dataset\_work\final\lettuce_downy_v1\train\anomala\01_jpg.rf.076b130ea292daebede9d34b5cf87a58__ann372.jpg,anomala,train,lettuce_downy_v1,640x385,15193441566738149966|12998708103059320973|12741696705994761513|17448183396451113835|10209897081610462388|5688631602883779026|7735872207744017650|2964940086121714608
dataset\_work\final\lettuce_downy_v1\train\anomala\images-27-_jpg.rf.088ac8f9f89baac3f8390a5ecf3a7b7a__ann373.jpg,anomala,train,lettuce_downy_v1,364x483,3849913087358735345|1387454545446778736|5112352535239805020|11362689793548807621|8086032654509162771|17371269026640260405|14262176838295138461|6649715884681720390
dataset\_work\final\lettuce_downy_v1\train\anomala\30_jpg.rf.0856c3326cec6e2ba8c4d071f06a4697__ann374.jpg,anomala,train,lettuce_downy_v1,497x334,14635005076774441670|3199561476977964188|8893392810689083063|2389523379501896210|11291732733084067628|14326563837262371275|1338329375217166625|13237805957472152443
dataset\_work\final\lettuce_downy_v1\val\anomala\images-15-_jpg.rf.080169a49b17dd5e2bffcbaf42932b75__ann375.jpg,anomala,val,lettuce_downy_v1,632x357,9705601740579842194|10264376200869374646|5438611996776868296|3270128090641556460|13180569969704006286|10567885978179580294|17033659616003907885|14423077749114829131
dataset\_work\final\lettuce_downy_v1\train\anomala\images-27-_jpg.rf.094467d1009af9428a9938707f9fa2ca__ann376.jpg,anomala,train,lettuce_downy_v1,419x528,8086067766929946898|17371265211606131127|14007717029849774555|13572136003899580964|13214091600614986737|1331263174497482608|2621861943122155964|15832793916524488130
dataset\_work\final\lettuce_downy_v1\val\anomala\28_jpg.rf.0964e6471eb8f26fd6932c96599d2aa2__ann377.jpg,anomala,val,lettuce_downy_v1,640x640,11022798445134112982|16636548729606826388|12175711187932344518|16924796732038049944|10730302084460372198|15449865534591006872|11020539000748564714|14335086071305533608
dataset\_work\final\lettuce_downy_v1\val\anomala\11_jpg.rf.098d59b62430c24e6432f2dfa908524d__ann378.jpg,anomala,val,lettuce_downy_v1,640x640,18044426767320726232|11576936798239236836|18178307287589435008|13879167900065633022|16474785666032118176|15616992129898670842|18343841388937190592|9274786635798693628
dataset\_work\final\lettuce_downy_v1\train\anomala\23_jpg.rf.090be16f3f2e002ba3d77895eea11536__ann379.jpg,anomala,train,lettuce_downy_v1,342x444,15323047100689945802|15319725425640593324|16403034783975970740|4051670813915289298|12454655785854147284|14561320880914736852|15138354792242166328|13012944008057037795
dataset\_work\final\lettuce_downy_v1\train\anomala\16_jpg.rf.08b9fa05adbc64545421394d4d19a895__ann380.jpg,anomala,train,lettuce_downy_v1,601x509,8409465532400841860|15119368748908860122|1201520167014994835|17855341385269982262|15767905431856992977|9562448990414091380|3905845064544996087|10633955128801537040
dataset\_work\final\lettuce_downy_v1\val\anomala\27_jpg.rf.0a84a86268ba4fa61bbcc716e9daa900__ann381.jpg,anomala,val,lettuce_downy_v1,362x619,17813674745616004276|1194501515791618258|2143208518258536481|5152913662253069179|15190761135624721168|13039268771311793911|8931721821662970439|2391522224272358941
dataset\_work\final\lettuce_downy_v1\train\anomala\27_jpg.rf.0a84a86268ba4fa61bbcc716e9daa900__ann382.jpg,anomala,train,lettuce_downy_v1,359x619,10403988918367574617|17778480476526847333|17417927156064335000|8134319589755769830|7324429186114370038|6438571243341111952|16632889381722055280|10967629433953368305
dataset\_work\final\lettuce_downy_v1\test\anomala\28_jpg.rf.0a73273ea6e86716a2a01a4afb34cab1__ann383.jpg,anomala,test,lettuce_downy_v1,593x620,10840429100310622384|10876739372304364018|15598457882777510298|16492644509254187430|17505972138663801238|12713893645513683094|11995870478937154020|11124410988833175768
dataset\_work\final\lettuce_downy_v1\val\anomala\-10-_jpg.rf.0a8f807af5190f10914ff1b7043d5451__ann384.jpg,anomala,val,lettuce_downy_v1,607x540,11435639829400271558|9669877750291407772|2029516592614960075|14387784298452494628|11287026339565941382|14283929360184226718|2605672093105105863|14657971661413427740
dataset\_work\final\lettuce_downy_v1\train\anomala\images-2-_jpg.rf.09046f4ae3a397caca4daa3e02294c6b__ann387.jpg,anomala,train,lettuce_downy_v1,357x516,8517887557625279438|10453706473419583884|14155473837180612930|14749822943693468093|10101961845473940369|14876508445139088758|13650904988025991628|4787745027719197380
dataset\_work\final\lettuce_downy_v1\train\anomala\images-15-_jpg.rf.09fda9d2c1ed2d280926d3a7b0ae9aa5__ann388.jpg,anomala,train,lettuce_downy_v1,640x470,15175556622563447402|13017348946004194985|12011181180445121747|11165106661355275316|12229211169174955700|7679402883940915922|3802284301843559066|15266157417533649062
dataset\_work\final\lettuce_downy_v1\test\anomala\-6-_jpg.rf.0a567d8f4ff5f9578e6c2c50c67b5607__ann390.jpg,anomala,test,lettuce_downy_v1,626x611,17046314271201801416|14480983953761800940|17031147681560892048|14458151942278002418|17046716892142302920|14462368679958712556|17489195634583709128|10417573453892311788
dataset\_work\final\lettuce_downy_v1\train\anomala\images-17-_jpg.rf.09af367affc3d9e8a6d4c2779f807815__ann391.jpg,anomala,train,lettuce_downy_v1,525x454,7847195687888409826|14526523979590980792|16259162510950848620|8708426673906181321|13318470352235698377|16344848256139191916|14547953575885789816|7843180044941173985
dataset\_work\final\lettuce_downy_v1\val\anomala\-2-_jpg.rf.096f2925fcb6e6cf51eb9078b1752515__ann392.jpg,anomala,val,lettuce_downy_v1,535x549,12135181990377120933|16927118271207692634|16833805204033295257|7513960049863963750|6546363908393069034|11917691942006384808|7364685893341431400|11084351321383411177
dataset\_work\final\lettuce_downy_v1\train\anomala\04_jpg.rf.0b5a2195f664e48bccb79c6876ad5c8f__ann393.jpg,anomala,train,lettuce_downy_v1,400x472,7375644728803174837|11035312552248371794|13052951903182082386|5934505598216926645|5938607945239373209|13090217619008346982|13075437578253589330|5931642252608021941
dataset\_work\final\lettuce_downy_v1\train\anomala\images-24-_jpg.rf.08d9e96110e5afcbe7adf26ab5c0dea8__ann394.jpg,anomala,train,lettuce_downy_v1,626x543,10541347367644394040|13163240879682597347|14750059658770690977|14749925156048872058|16407002217954520502|4067438305017547410|8800848331736789708|11651894465169044172
dataset\_work\final\lettuce_downy_v1\train\anomala\06_jpg.rf.0a0c4c27b94dc0e6f7310ed3ba925abb__ann395.jpg,anomala,train,lettuce_downy_v1,512x483,7631857414543665352|7595405127529130472|10418117532327514706|8563197435199534261|16783101237863934057|14440878082544757097|13093259971525006966|5950001361320318096
dataset\_work\final\lettuce_downy_v1\test\anomala\images-20-_jpg.rf.08aca0cca53d2dcac4a28e8c22c2cc0a__ann396.jpg,anomala,test,lettuce_downy_v1,386x326,11625370246578625693|8815169937133978694|15703163030073677458|7262076623218185910|5099361624922674554|11375167117538907553|13156868778687252580|10562795665477856473
dataset\_work\final\lettuce_downy_v1\val\anomala\27_jpg.rf.0a96232b580d383928f376aa04d7949d__ann397.jpg,anomala,val,lettuce_downy_v1,585x416,14324220637740648480|11271564960685419576|7792472330985682033|14545441306539316081|4101764173411937436|2362377615527561670|8202059470500125641|8157275092715054188
dataset\_work\final\lettuce_downy_v1\train\anomala\27_jpg.rf.0a96232b580d383928f376aa04d7949d__ann398.jpg,anomala,train,lettuce_downy_v1,627x369,17468303883722966121|12693809878472908137|15647162730024590067|7231426843145184304|7628456121396111792|7585437028886604786|3505177564223134564|17571595256521237977
dataset\_work\final\lettuce_downy_v1\train\anomala\images-37-_jpg.rf.0b728a6b67c71fa22959dd8ea2dc0e55__ann399.jpg,anomala,train,lettuce_downy_v1,602x487,8347014478117050853|3572566652158699096|6024635581184322152|3829903406880434921|6369870113177244721|16544313561964205683|16837316730891806261|7542028702004976467
dataset\_work\final\lettuce_downy_v1\train\anomala\-8-_jpg.rf.0b834659b20689bd497727ed6f71f9d1__ann401.jpg,anomala,train,lettuce_downy_v1,437x399,1446953609762621651|15409003293124717620|18178861579288077877|13901958581585025363|3813570103661221845|15260551020617143316|6024006065797852608|3847893113339791612
dataset\_work\final\lettuce_downy_v1\train\anomala\images-24-_jpg.rf.0b54a7108f53d7577fb764bd4f855b35__ann402.jpg,anomala,train,lettuce_downy_v1,640x640,12801105442162352366|8258029650501040520|16490433254870798444|15592707428003935433|9870133184139270770|17158829567623407281|14552472645429650648|7841009791601859044
dataset\_work\final\lettuce_downy_v1\val\anomala\images-17-_jpg.rf.0a2d1ad5dfb1af636a85dfc036d0886b__ann403.jpg,anomala,val,lettuce_downy_v1,455x552,17354817601694785723|17358195584880801826|16206399635075682544|13324060743093646576|2519925288653219056|13538021358326438128|17362734347204094136|17352567656904059104
dataset\_work\final\lettuce_downy_v1\train\anomala\images-15-_jpg.rf.0b23f8ca24add708900303442d1133d0__ann404.jpg,anomala,train,lettuce_downy_v1,639x389,10852472358087461338|10819514132631285412|10696459006488773732|15452361786844372697|11848634743633618582|15747271907914455958|15699176447791952342|7242995794409976212
dataset\_work\final\lettuce_downy_v1\val\anomala\images-17-_jpg.rf.0bce1fe1a9394e22fed338de1d8a40ba__ann405.jpg,anomala,val,lettuce_downy_v1,517x424,16845910913150390481|7560614562019669620|7121513665021588216|13390524063901987552|8428156732679842920|15100627655989577961|16191059314745726137|17920583139180336226
dataset\_work\final\lettuce_downy_v1\val\anomala\04_jpg.rf.0c6b54beece94e049d93d2cbd82604f4__ann406.jpg,anomala,val,lettuce_downy_v1,415x491,11326665394413119786|5112598958020127659|6514778690613619914|11919298900031032236|12352197453621621574|3038157589845520541|12451060765473597861|14568106635234142554
dataset\_work\final\lettuce_downy_v1\train\anomala\11_jpg.rf.0e8c1ede978716d5e68f1ca8f2808ea5__ann407.jpg,anomala,train,lettuce_downy_v1,640x640,16189752020971926514|17873183877010436784|16479767727111389950|15578610857430072448|12696335893117405944|17488517094592851424|9276334597293486808|18357352865420653540
dataset\_work\final\lettuce_downy_v1\test\anomala\04_jpg.rf.0c4489fb9fc75a38602c253d01a93664__ann408.jpg,anomala,test,lettuce_downy_v1,383x568,9265193286930025650|4528042680160406962|15698075857167501478|7252163691561807002|12884170398494021182|12847868765300626560|11163445119021786212|12018025977625238233
dataset\_work\final\lettuce_downy_v1\test\anomala\-2-_jpg.rf.0cb36416221f90897a879ab3ba3a16eb__ann409.jpg,anomala,test,lettuce_downy_v1,526x556,17551572991192716210|3474125628812899506|10873503190154529512|10851548296078666984|12841021799941682736|12885750357257786355|16765990375754143894|16774286323525740182
dataset\_work\final\lettuce_downy_v1\train\anomala\04_jpg.rf.0d66e79623827aaefae65b1bc6b4417b__ann410.jpg,anomala,train,lettuce_downy_v1,471x355,13092611004165965165|5959050748444171337|2695801923814460537|6586911887003012673|5286252152078840402|7909919864667288245|4741899357130418523|8758593171264989477
dataset\_work\final\lettuce_downy_v1\val\anomala\images-17-_jpg.rf.0d7906a0daa49526e0e9681c9f1e384c__ann411.jpg,anomala,val,lettuce_downy_v1,473x365,14471880041074693268|17047446081856984790|15190697804195017456|13039103082219545328|15480760763809895660|10706273302779975368|17339532897441543348|17344023302929371346
dataset\_work\final\lettuce_downy_v1\train\anomala\17_jpg.rf.0c3cd2fcf3997a6e585876b37d5e1486__ann413.jpg,anomala,train,lettuce_downy_v1,578x328,17469617670435276531|12750199150391041584|17777099374696520404|10417512524376614100|3503391382562599344|17547764231528280306|15322554705258779280|15337741586128811254
dataset\_work\final\lettuce_downy_v1\train\anomala\28_jpg.rf.0c097a334ac7b182de0f4caa89e90091__ann414.jpg,anomala,train,lettuce_downy_v1,633x602,14769804415851099350|14763002734446170260|16853864960665106608|7555017867446739698|10723291632007438540|15489230181505366220|17465773975900575848|12734166372422313193
dataset\_work\final\lettuce_downy_v1\train\anomala\06_jpg.rf.0ecddf714b208cf80a8b8552b24a6554__ann415.jpg,anomala,train,lettuce_downy_v1,298x367,11859829607730762646|15751008140070565014|3933722099286706069|10594218710322847318|10823330176412325594|10868156980897552036|6205563731267094163|10774605189586589494
dataset\_work\final\lettuce_downy_v1\val\anomala\22_jpg.rf.0f0aef2d4900749584aeb9011036ce73__ann416.jpg,anomala,val,lettuce_downy_v1,640x542,13989347351744263569|13608008688640807542|1092638792389833171|1111074590090818356|8526120942023989692|10499373097690670274|3779456825960983311|15218003234411325711
dataset\_work\final\lettuce_downy_v1\val\anomala\27_jpg.rf.0daf74640f8a36688d5904556c26b0ed__ann417.jpg,anomala,val,lettuce_downy_v1,456x591,17051943360733550776|14473103397200783074|17936804722818981558|16197431099017365138|16349938719912549064|13301551073952834796|10558349932766808288|13159004320820423928
dataset\_work\final\lettuce_downy_v1\val\anomala\27_jpg.rf.0daf74640f8a36688d5904556c26b0ed__ann418.jpg,anomala,val,lettuce_downy_v1,435x624,17440874357513116106|12731264603588945060|13271295272737880216|16306346515650372326|11845711867744464560|14616935667975719666|16637076447374560226|11004788100589956536
dataset\_work\final\lettuce_downy_v1\test\anomala\22_jpg.rf.0eac8fd0e8c7b9e0bdec21ce1a242eab__ann419.jpg,anomala,test,lettuce_downy_v1,640x594,13523124213524177650|2461899670488005296|2029560424220994278|14387788258991451032|12734516067878840866|17483703660910848955|11001088928835021767|16585318061447457308
dataset\_work\final\lettuce_downy_v1\train\anomala\images-1-_jpg.rf.0f80fa54cf6e7a2b9469769f6eec196b__ann420.jpg,anomala,train,lettuce_downy_v1,495x545,10697798260884008004|15461301262773701085|12837069191595698278|12870031722150620057|15981565047391621590|4930536431206954644|11091182492718832562|7361182529580050098
dataset\_work\final\lettuce_downy_v1\train\anomala\images-34-_jpg.rf.0f34b246bdada6d64f9848fec79e1a79__ann422.jpg,anomala,train,lettuce_downy_v1,357x263,683406558101781019|7431415313923875623|10341558370445781803|1071546711785679147|2856360564990419303|1962114563079043849|3110080360103730702|3128704070535644303
dataset\_work\final\lettuce_downy_v1\train\anomala\22_jpg.rf.0e8e9eb807f9d33f51dca90eae5e3239__ann425.jpg,anomala,train,lettuce_downy_v1,640x520,6005783965637687848|3883744114742043627|3635763516224427295|12957194889639515143|16979615155708290357|2898790241296210003|528179109813342643|2293987695406576690
dataset\_work\final\lettuce_downy_v1\train\anomala\-6-_jpg.rf.0f4cd5f4871c37dc5570f4b4e80021bc__ann427.jpg,anomala,train,lettuce_downy_v1,570x597,15295962028180172446|15320625572433791110|11217029307935119810|2786277237358749112|9694189743957056980|11452242993351509716|13287174238908230182|14004398955205798555
dataset\_work\final\lettuce_downy_v1\train\anomala\11_jpg.rf.0e2ee60a2b04f6521330462946ce3307__ann429.jpg,anomala,train,lettuce_downy_v1,640x620,14716083658979687128|14745892971155661792|4335394750396523190|14099549471329335698|16186968100014367692|15580882830484847308|10572659324007066563|13142201054536542780
dataset\_work\final\lettuce_downy_v1\train\anomala\images-19-_jpg.rf.0ca53e6e6652e281cbc33429588453a9__ann430.jpg,anomala,train,lettuce_downy_v1,441x396,14754432657333659446|14752840020283628179|11259906903373620323|14284682625872222777|10599833763734994124|3938339987980206796|4168730356681489862|7180019611825947548
dataset\_work\final\lettuce_downy_v1\train\anomala\01_jpg.rf.0ed8ccc709da329d11e92b8aab581ee5__ann431.jpg,anomala,train,lettuce_downy_v1,640x345,15742003331832010676|11858493466663458002|10852209073794640307|10855553179807672370|15137940421706289572|13031126105284966106|3632377477603305110|12964118091528837782
dataset\_work\final\lettuce_downy_v1\train\anomala\11_jpg.rf.0bf7f9c1683ae77bee382a9fae010516__ann432.jpg,anomala,train,lettuce_downy_v1,627x640,12840452180771736248|12876690338142334946|4627565174249231064|18294652751929915364|16334465205925950386|13261493477716472498|16480896069046756349|15569533327402219584
dataset\_work\final\lettuce_downy_v1\train\anomala\images-23-_jpg.rf.1003f4d2bd0a7c5f046d3130ba8e6f61__ann434.jpg,anomala,train,lettuce_downy_v1,161x205,11703019218560152307|13432374430263423008|6230423100955834424|10777651349714953187|2319604932155632058|17578350176529639842|16421185084572864917|4051230671348725334
dataset\_work\final\lettuce_downy_v1\train\anomala\03_jpg.rf.10d0f1a656253979a771cbb681f54464__ann435.jpg,anomala,train,lettuce_downy_v1,467x358,15247422068928844067|3775813736226387515|11977847179098638003|11124951897026698290|4284841367661864500|2563098350043371987|3646954509433070490|12954065896214378918
dataset\_work\final\lettuce_downy_v1\train\anomala\images-1-_jpg.rf.1035eb1bfef2564492255c42925d20ab__ann436.jpg,anomala,train,lettuce_downy_v1,515x623,6933685956716702920|7594082559124032236|15629934490828584340|16494585534758343382|17062611989166646121|14459992094714247520|15443566446932322532|10715601475195562200
dataset\_work\final\lettuce_downy_v1\train\anomala\17_jpg.rf.10a340ecc88546c5f3d8096beb46dc5c__ann437.jpg,anomala,train,lettuce_downy_v1,283x525,8474281894268264806|5883585820974741913|2493222417953770086|13503712353137175705|11059074526115702353|7377286458206493301|11073449771809269435|7406781296127809826
dataset\_work\final\lettuce_downy_v1\train\anomala\images-2-_jpg.rf.12607f0451ecf89709cb80c5a673d5b2__ann438.jpg,anomala,train,lettuce_downy_v1,559x475,7839342379801338436|14532254829862105565|15614861599456872809|16443341360821333097|15974657963418758345|4927704473766251116|7596515789712863972|7622768725965517784
dataset\_work\final\lettuce_downy_v1\train\anomala\images-34-_jpg.rf.10f2988ec0210cfff19624cf51064630__ann439.jpg,anomala,train,lettuce_downy_v1,294x369,9996629550256610478|11971249260035556490|3259324738741472137|5414366713146060654|9999138576604537510|12600006943120669578|7939782151643407179|9875079845580520237
dataset\_work\final\lettuce_downy_v1\train\anomala\images-11-_jpg.rf.11d92e7364bc66a2b6064bf72f352d56__ann440.jpg,anomala,train,lettuce_downy_v1,611x499,10750546059377304740|5941029157598845146|8242902992070138285|12815496757918393674|15769612182150869586|11881807133577851285|5360943696299350449|12491112041608406130
dataset\_work\final\lettuce_downy_v1\val\anomala\03_jpg.rf.0fa45c8246ce0371942ae360cbb16dda__ann441.jpg,anomala,val,lettuce_downy_v1,337x455,4185028557602709914|11805996815589603750|6028547034623283490|3848944453613090491|11995791209958463395|11124391109566207034|13508214504025123381|2490900018516699475
dataset\_work\final\lettuce_downy_v1\train\anomala\16_jpg.rf.0fd46c26ef9cefa26330f456ad45533a__ann442.jpg,anomala,train,lettuce_downy_v1,570x640,9819167255670658022|17212180424518350488|17207102930832451282|9812473532027017396|10968052820824219118|16614734812773631112|13013261403835346056|15197073471175183342
dataset\_work\final\lettuce_downy_v1\train\anomala\images-11-_jpg.rf.1040403b296bcb78cba9c26027f5669e__ann445.jpg,anomala,train,lettuce_downy_v1,467x580,7627649058913808993|7612389698259431801|12962633626598037593|3663852735400830053|8768957281823138921|7021928702117861993|7342249077798524978|6474180352499180723
dataset\_work\final\lettuce_downy_v1\train\anomala\01_jpg.rf.1117721506c4ad364713b7e55a6785eb__ann446.jpg,anomala,train,lettuce_downy_v1,637x394,14960030852003830176|920654950239201018|877263813235344524|14973249044748689102|18043309780328695308|11572441636184300751|14906549375150509007|10125273159044836364
dataset\_work\final\lettuce_downy_v1\train\anomala\images-23-_jpg.rf.10350ef2e58b0f4ef824bf13be65fb32__ann448.jpg,anomala,train,lettuce_downy_v1,158x212,8084214658643538971|17434446369301582631|16412758410611774356|4060229212679976022|2869868188799661041|1960319729564790896|6211718398659024952|10724145901205767651
dataset\_work\final\lettuce_downy_v1\train\anomala\images-23-_jpg.rf.1091b70ceaa909b45f097d40ee7c52d2__ann449.jpg,anomala,train,lettuce_downy_v1,429x262,16450726264733864652|15622392244388673228|18056500882596666037|11553482060017608274|14751147697216081368|14741027918473350372|5955503059902027424|13085969175150827002
dataset\_work\final\lettuce_downy_v1\train\anomala\images-23-_jpg.rf.1091b70ceaa909b45f097d40ee7c52d2__ann450.jpg,anomala,train,lettuce_downy_v1,143x240,15244517351739290601|3750963253789995104|11854755667506429144|15766623878108725476|6931236309266140724|16858013761274351571|16483417395802459866|15635587976481572004
dataset\_work\final\lettuce_downy_v1\train\anomala\images-15-_jpg.rf.0f8f48055402705eb3b27e7e9df7b39f__ann451.jpg,anomala,train,lettuce_downy_v1,640x385,12818030464914928590|8266546422597890700|17785087854805860922|10409003788151340451|10102199990784669810|14894357818945233585|11798715013122061456|4198148340070994422
dataset\_work\final\lettuce_downy_v1\train\anomala\01_jpg.rf.1213128066b97b947559af3ae51c5eaa__ann453.jpg,anomala,train,lettuce_downy_v1,345x634,4123156174866110556|7197835991613564357|12248544923336948893|7647312908482822726|14259986140975719267|6654167494378666041|5098744056808611946|11366216101035965353
dataset\_work\final\lettuce_downy_v1\train\anomala\28_jpg.rf.1155de27eef7147185cca2c5e46f5e30__ann454.jpg,anomala,train,lettuce_downy_v1,560x622,13470531436978139574|11597033888915157394|13175761114395636150|10548787987281375378|10552484597049913504|13146518400399372474|10552163556429816978|13182586848351148470
dataset\_work\final\lettuce_downy_v1\train\anomala\images-18-_jpg.rf.1286b99e78d02f94cc9f40027891fcec__ann456.jpg,anomala,train,lettuce_downy_v1,357x308,5453337098387124852|3281536104103456977|9982749106045907559|12569093738033491993|15109774982757714477|8427029494076124747|1850999427731582638|7490250115074591114
dataset\_work\final\lettuce_downy_v1\train\anomala\images-30-_jpg.rf.10dd8992b5a0614e168dcd6cbab1c3fb__ann457.jpg,anomala,train,lettuce_downy_v1,125x221,8681031543466564814|13934668808954169228|13236907107807752549|1347403638206787929|10144197513639584193|14851826864048601464|6445040673869574674|7309828067188322999
dataset\_work\final\lettuce_downy_v1\test\anomala\images-30-_jpg.rf.10dd8992b5a0614e168dcd6cbab1c3fb__ann458.jpg,anomala,test,lettuce_downy_v1,118x164,11872835080765027318|15770739919656071824|10845725508604908432|10826227134464013558|10390416100032306394|17776776289609893028|17740923644747202198|10435905831630373782
dataset\_work\final\lettuce_downy_v1\train\anomala\-8-_jpg.rf.1127b014fc0a39c37e3ecfe83c4ff2bf__ann459.jpg,anomala,train,lettuce_downy_v1,288x382,17135314335293671109|5245642597196928604|13159169344976692902|10558333963564128922|6671682935596567624|14233299953968336109|11140267922188699282|12008438884687060662
dataset\_work\final\lettuce_downy_v1\test\anomala\images-4-_jpg.rf.128a24bdd0c4104b4fd36337f9e343a9__ann460.jpg,anomala,test,lettuce_downy_v1,367x311,14468883961890658902|17018060988954748053|11005234114586531891|16618900032215639091|10782907013022887148|6258550805151730632|3739377823575548646|3736000276716501656
dataset\_work\final\lettuce_downy_v1\train\anomala\23_jpg.rf.0fcf37472b1cddb2136c1e24dadb7f43__ann461.jpg,anomala,train,lettuce_downy_v1,280x404,15513609035371330230|1453933030856369042|4188055709013080570|11783545972164747680|10566401744976751892|13130975997168536535|11556620620914526115|18048533275231002170
dataset\_work\final\lettuce_downy_v1\train\anomala\27_jpg.rf.110b9aee4843c6134f8aecdf690fa352__ann462.jpg,anomala,train,lettuce_downy_v1,391x615,4240394841927276904|11809820149519836585|15191715407516058986|12984146875987025065|12206269953366090915|7519174526042167354|12203827478211604660|7693787027184079826
dataset\_work\final\lettuce_downy_v1\train\anomala\27_jpg.rf.110b9aee4843c6134f8aecdf690fa352__ann463.jpg,anomala,train,lettuce_downy_v1,392x592,10623904160422668685|3893909634039966284|10631831471757815858|3904239111991488945|5506332706313734454|10207911897881145235|12786124429623307830|3634670746570754963
dataset\_work\final\lettuce_downy_v1\train\anomala\11_jpg.rf.12b8c358bd6d8cd864f4fd1b566731f9__ann464.jpg,anomala,train,lettuce_downy_v1,640x640,12876551813079935648|12876409923938724600|14578832094003829188|11580348719809913544|17918325977762673330|11577218274835018418|14439221191198225824|14166399369886716618
dataset\_work\final\lettuce_downy_v1\train\anomala\images-36-_jpg.rf.12e133d1eb114fd1e094ecc2c9b49bc3__ann465.jpg,anomala,train,lettuce_downy_v1,392x472,12156607660213823654|16920781079195216282|8488188279351724498|5822212987772562612|11162616754196239082|11991069493464052904|13001005294500170832|15188781758999612533
dataset\_work\final\lettuce_downy_v1\train\anomala\01_jpg.rf.12eb288bcbe8a9aaf21944e779a0e893__ann467.jpg,anomala,train,lettuce_downy_v1,325x639,6573535931883286062|2694235216673343883|3022643983773644215|7759868124585611794|10054613443133596453|3345658964303165787|1320343169280684139|13237570550514512425
dataset\_work\final\lettuce_downy_v1\test\anomala\images-36-_jpg.rf.14fcd879bdc8fecb23dce1ba7db78832__ann469.jpg,anomala,test,lettuce_downy_v1,307x404,1340643072000438937|13089193709412266598|7373762075841578120|11084841575680629870|7400200636348278453|11074963214921603602|7988520275904091545|9855222081306580070
dataset\_work\final\lettuce_downy_v1\train\anomala\30_jpg.rf.13085d700cfdf85a6687604019db8d68__ann470.jpg,anomala,train,lettuce_downy_v1,385x576,7667987805649783872|12225491699847974269|8091953340149419170|17423822169570987450|9065161616209455529|4633298368086043242|13460655271854067185|11694903316665617520
dataset\_work\final\lettuce_downy_v1\train\anomala\-10-_jpg.rf.14137653bf36a687f0ea9e7772e97b8b__ann471.jpg,anomala,train,lettuce_downy_v1,384x604,6099041788164747826|15409799994626323123|14181281505557130323|15892340903001377333|12948557372600343253|3653213373650609236|3876137602372308188|6029348784851963588
dataset\_work\final\lettuce_downy_v1\train\anomala\-6-_jpg.rf.14d420c11cf3dc43ad1168b57b597503__ann472.jpg,anomala,train,lettuce_downy_v1,591x578,15182700267029810874|12984559633752296866|10707813158026660022|15449084316709678226|11713209616202216116|13424819905145451474|10586987810750490326|13170898835352557972
dataset\_work\final\lettuce_downy_v1\train\anomala\04_jpg.rf.1314c2277101600285cf07cd653cb2dd__ann473.jpg,anomala,train,lettuce_downy_v1,538x386,3911965832901930226|10641416251409615536|6423908005650783376|7321600846362756598|12739089280327462291|17486516187483884086|17781801919221439333|10402359364237010521
dataset\_work\final\lettuce_downy_v1\train\anomala\images-27-_jpg.rf.12d9de73e31d8a75b751c380bfb7f7ba__ann474.jpg,anomala,train,lettuce_downy_v1,418x532,10642536187482674160|3923401213505910768|4963768933993241016|15976629828512671202|17309404687328899638|17299211981154333075|16313560004703860957|13283870512097387076
dataset\_work\final\lettuce_downy_v1\train\anomala\images-33-_jpg.rf.14be8e94ada6e648299ce093d796280b__ann475.jpg,anomala,train,lettuce_downy_v1,334x640,11207750520939504306|2769230063878289842|1320905011270824356|13246718332374381274|12842520327850847782|12854061358725826971|15740877431873787319|11867500663771255826
dataset\_work\final\lettuce_downy_v1\train\anomala\images-33-_jpg.rf.14be8e94ada6e648299ce093d796280b__ann476.jpg,anomala,train,lettuce_downy_v1,304x640,14463816995911619162|17033401901715469477|10657436013236743278|3934022463889459593|11940228318559494892|6544453573689522632|9928617944398731318|7956856316315690643
dataset\_work\final\lettuce_downy_v1\train\anomala\images-27-_jpg.rf.12f6344f009cd48ebd28f722f939287b__ann477.jpg,anomala,train,lettuce_downy_v1,529x425,14823637959590831426|5540231335297767852|3781810503991137080|15069592213642229473|12419214497147511372|4784344993007712461|16228197564467519953|4076667863475190580
dataset\_work\final\lettuce_downy_v1\train\anomala\images-31-_jpg.rf.14f20051641265fd70deec871019abc9__ann479.jpg,anomala,train,lettuce_downy_v1,431x345,14140679998690645205|15871648734913353044|1808574969879815077|7451035869284481370|6112873211600061404|15372032153374768580|6501338955607533415|11917467262075345177
dataset\_work\final\lettuce_downy_v1\train\anomala\images-31-_jpg.rf.14f20051641265fd70deec871019abc9__ann480.jpg,anomala,train,lettuce_downy_v1,460x321,7185893778083303014|4135088915833261465|5425088888254665257|3273391690090919531|11064752568781070905|7371927034096564579|7761554982799437101|2995552065893779787
dataset\_work\final\lettuce_downy_v1\val\anomala\images-15-_jpg.rf.13910f0a7b02f54b3beb87ad8677592d__ann481.jpg,anomala,val,lettuce_downy_v1,626x337,11874457082338161566|15180559074614391686|16583194108736332601|10969385007555426659|9670135900988681426|11399564508135148196|7149982053127502744|4135311800333181926
dataset\_work\final\lettuce_downy_v1\train\anomala\images-27-_jpg.rf.13336e43637b7a328ea3477c6882d75e__ann483.jpg,anomala,train,lettuce_downy_v1,436x519,6030731456293836514|3851300669523466168|7846071037644593449|14526541396416750955|13301148173420556853|16291256721110118739|7738711812843280585|2979493825004233324
dataset\_work\final\lettuce_downy_v1\test\anomala\03_jpg.rf.1473d33298cbe0a2744a0ebd93e50191__ann484.jpg,anomala,test,lettuce_downy_v1,448x321,15828379274026209666|2623965359262233790|2556246399579837345|4278919435478447226|13723806744016218660|9426452238612802011|8805721782935249211|11660755727640459555
dataset\_work\final\lettuce_downy_v1\train\anomala\images-23-_jpg.rf.1485fca478c70f668f3cdade8f09f19a__ann485.jpg,anomala,train,lettuce_downy_v1,407x258,2658412935122954902|15841577311478327958|16637890979044121517|10977640994054743114|10856645899192817883|10856576474687005732|5342507699163256984|12527775776930129382
dataset\_work\final\lettuce_downy_v1\train\anomala\22_jpg.rf.1573ad1e52d57936cd5e7ed5dffe4efd__ann488.jpg,anomala,train,lettuce_downy_v1,536x640,34465788188682519|18420181184261154839|13085651292007967239|5937634226300824351|1686660020481139199|1723158632191916544|2282160288402138706|516441653172672949
dataset\_work\final\lettuce_downy_v1\train\anomala\images-23-_jpg.rf.1610f226f371b70c73b93f3e41574961__ann493.jpg,anomala,train,lettuce_downy_v1,343x403,2013890170245246160|2423091500046338548|11085723422491398521|7414219189418996833|17638778497672192033|15018412488859775515|7004280564104160358|8778030054990338201
dataset\_work\final\lettuce_downy_v1\train\anomala\images-23-_jpg.rf.1610f226f371b70c73b93f3e41574961__ann494.jpg,anomala,train,lettuce_downy_v1,264x208,6944599229678512587|8789280259031787820|2301832853090399201|31803291635298424|3200355052641057145|14657370226906914912|8660594556116168704|16281575626358452511
dataset\_work\final\lettuce_downy_v1\train\anomala\06_jpg.rf.159e24129f71b7a0e6349addca7d4753__ann495.jpg,anomala,train,lettuce_downy_v1,379x428,8532670042992714393|10496126787052092006|14504008991957743588|7848954283856892376|7402426521932769681|11070466025200970358|15569386926239051116|16462827247227062473
dataset\_work\final\lettuce_downy_v1\train\anomala\images-30-_jpg.rf.166976458468bc61d105274910cff479__ann496.jpg,anomala,train,lettuce_downy_v1,235x155,10927629292921254180|1628828003559698907|11011139892124201235|16576704428270383923|15812528036101921302|2626084437808162455|3707504494692011238|1382942027472031640
dataset\_work\final\lettuce_downy_v1\train\anomala\images-30-_jpg.rf.166976458468bc61d105274910cff479__ann497.jpg,anomala,train,lettuce_downy_v1,177x139,18201161433508069577|13841318915217357924|14992549285477018344|17642785413092976872|7276809897662879424|14537841491864426492|16764888841957136372|16783337076329025744
dataset\_work\final\lettuce_downy_v1\test\anomala\27_jpg.rf.164d2b371bb195fae1f15d3e84bbd03d__ann498.jpg,anomala,test,lettuce_downy_v1,364x601,7363922289285542964|11039422806213383122|18186778760772369564|13896324804988945094|15191681172400255897|3761757406857015654|14322239308590340544|11294030457746384124
dataset\_work\final\lettuce_downy_v1\test\anomala\27_jpg.rf.164d2b371bb195fae1f15d3e84bbd03d__ann499.jpg,anomala,test,lettuce_downy_v1,379x617,17019931790695594203|14462026439126212644|12231065018433057170|7080469868938097334|2657242924360709064|15850640739864228588|13146827500000723554|10570345046542433705
dataset\_work\final\lettuce_downy_v1\train\anomala\-10-_jpg.rf.1633412087713b9e9fcabf5507980e31__ann502.jpg,anomala,train,lettuce_downy_v1,374x574,7679677713951581293|12193129250080348489|11909265251274509428|6529466683328285905|5321414672949327529|7882584888278422378|15117607137596120410|8416135779611657893
dataset\_work\final\lettuce_downy_v1\train\anomala\images-40-_jpg.rf.182d0b89817e7c99ab90dbef41733007__ann504.jpg,anomala,train,lettuce_downy_v1,503x465,4779662699732821350|13678862087160093081|15105586186565831135|8393219483137567748|11050070094806046141|7378517779882005570|318714983073741428|16125505250014699985
dataset\_work\final\lettuce_downy_v1\train\anomala\26_jpg.rf.17eb8478d43f566259f1c8ce45688424__ann505.jpg,anomala,train,lettuce_downy_v1,234x321,6939775615990138526|17946122255146589318|14239215798340461732|6640034514172369626|9699837434047434233|11422820237125963616|15770079571940222556|11863667191651736517
dataset\_work\final\lettuce_downy_v1\test\anomala\images-33-_jpg.rf.177dcd6c67d0448b6a6722f2920ffcfa__ann507.jpg,anomala,test,lettuce_downy_v1,326x640,3192591243784015155|14667596940780784691|12867301919366636698|12859628687146801190|3696567523068972491|3732855405896551980|2799214080803763890|11161200781562384818
dataset\_work\final\lettuce_downy_v1\val\anomala\images-33-_jpg.rf.177dcd6c67d0448b6a6722f2920ffcfa__ann508.jpg,anomala,val,lettuce_downy_v1,286x640,17177517227196462775|9852130959769702930|12497046659874776754|5226789528172599730|1338329650338511240|13237823555096044270|12869446149186619720|12855051898468527789
dataset\_work\final\lettuce_downy_v1\train\anomala\images-11-_jpg.rf.16ba732db9f02c03d2efdd06b956398b__ann509.jpg,anomala,train,lettuce_downy_v1,640x586,17337392584706993118|17340737229641755268|18359995651087588276|9235911815717463250|9523477811330590448|16045186132166220528|15142417825820060800|13032233064989641726
dataset\_work\final\lettuce_downy_v1\val\anomala\11_jpg.rf.1685f720cabd2396a11eb54a05dddef0__ann510.jpg,anomala,val,lettuce_downy_v1,640x640,16335318508865705168|13308790809031398644|15579736800253287552|16470760288410125950|17641809558514086584|15047878434954261218|9135071818039006180|9267331787663095512
dataset\_work\final\lettuce_downy_v1\train\anomala\images-29-_jpg.rf.18544f18f3f05428ed78dac00e4a8f7e__ann511.jpg,anomala,train,lettuce_downy_v1,545x381,7073409994714434960|13360997468059878630|8533409260016719265|10505135130957665658|16592556631645776825|10434179418087500130|8815010354892163473|11625289901850913910
dataset\_work\final\lettuce_downy_v1\test\anomala\-8-_jpg.rf.166b1d1a9270b0f0d529353b41429acd__ann514.jpg,anomala,test,lettuce_downy_v1,387x405,6804038093105912496|9640461767361209586|11263173323779798590|14163210122633842819|17484183675381533061|12743724223894940766|9480303777586384324|4536968222424190620
dataset\_work\final\lettuce_downy_v1\train\anomala\images-18-_jpg.rf.178b8ef25e558a10bbbd24248e92f673__ann515.jpg,anomala,train,lettuce_downy_v1,374x428,1557069519268787077|6279905337112146526|11718843231415013136|4211554859375136503|6787670904612857431|9634213775633718037|17802202325187719738|1193448896889725346
dataset\_work\final\lettuce_downy_v1\train\anomala\images-15-_jpg.rf.182b754ce7e2948750210eee3b6cbbce__ann517.jpg,anomala,train,lettuce_downy_v1,281x618,14891615519417622636|10117999197049747657|11761496894612090025|4207245816874912362|14517589285568932492|7845433752835959246|7695125150456570682|12226206797513046435
dataset\_work\final\lettuce_downy_v1\test\anomala\28_jpg.rf.19026c15249b3639d16e7c52cb1a68b6__ann519.jpg,anomala,test,lettuce_downy_v1,638x640,16350869185807545044|12135178825653858692|9577723661703506150|16044329621838293144|9561688280845543592|15308562880550726114|11018323501259466974|16638743320594016900
dataset\_work\final\lettuce_downy_v1\test\anomala\images-2-_jpg.rf.18ebd413c8689467d4c75c7d38a06b8a__ann520.jpg,anomala,test,lettuce_downy_v1,548x455,15976909763498843340|4927704473619711692|8101469768960258788|8181127185405424600|14755538764989817412|14743889996207536605|15614931418708412785|16443330369865084528
dataset\_work\final\lettuce_downy_v1\train\anomala\images-23-_jpg.rf.190424dfa8a3cb5333ad2e05e2764257__ann522.jpg,anomala,train,lettuce_downy_v1,370x299,11968187279577821494|11103534896521835152|9625092569552672976|6788811068412126708|10408477115072518042|3941095718844503974|17646776469020685918|15012872720879883141
dataset\_work\final\lettuce_downy_v1\train\anomala\images-23-_jpg.rf.190424dfa8a3cb5333ad2e05e2764257__ann523.jpg,anomala,train,lettuce_downy_v1,208x207,1862502552925384752|7486373273181746163|8138544159047586100|17397590820722603731|17578668458746373223|3472381090045417497|15237582789783613681|3788051705529823600
dataset\_work\final\lettuce_downy_v1\train\anomala\images-40-_jpg.rf.181ac88aa717e615ea27cbd5bd08a3ef__ann524.jpg,anomala,train,lettuce_downy_v1,411x439,7740795589963178665|3011171157063416170|2505289683905718676|13536754103293209302|7690365469573040425|12205505521009323115|15450331733315476667|10712276414961533986
dataset\_work\final\lettuce_downy_v1\test\anomala\01_jpg.rf.196f8f5e9bfd0695e9302f4a13647223__ann525.jpg,anomala,test,lettuce_downy_v1,372x640,17467860496545142354|12729857239378728117|13174379806874776761|10580306527248503394|13084252875415726512|5969141607655434994|7120864787001300114|13381559178557707446
dataset\_work\final\lettuce_downy_v1\train\anomala\images-3-_jpg.rf.19866cc3eb949d89f91abc1c1a6de959__ann530.jpg,anomala,train,lettuce_downy_v1,391x475,4190934399737682508|11775773357290923461|3626674571404948397|12958382859641303626|14242023921086065571|5501803136935799098|5346457669906257331|12516498183285199922
dataset\_work\final\lettuce_downy_v1\test\anomala\01_jpg.rf.1a077b3e34ca9afb991464757fdff450__ann531.jpg,anomala,test,lettuce_downy_v1,370x640,5465072560400381275|3248384434169795365|10868860026690523754|10832476684424688809|2689662333979202605|6572272320018569035|12228633961016874134|7697307950896043414
dataset\_work\final\lettuce_downy_v1\test\anomala\images-33-_jpg.rf.19d957219807b6b5c10dbbbf22453b16__ann533.jpg,anomala,test,lettuce_downy_v1,630x364,5104277023252300010|11354964342683205032|3465630923441461852|17575255286398428613|12177130391499412637|16879531771380160070|14241954007975847923|6654726588592298032
dataset\_work\final\lettuce_downy_v1\train\anomala\images-33-_jpg.rf.19d957219807b6b5c10dbbbf22453b16__ann534.jpg,anomala,train,lettuce_downy_v1,640x312,2342878222001728526|18103967842837318031|15192390612073169851|13012187798166715426|10360928458451074811|1039321536602014496|2466959279275611316|13529826866129983186
dataset\_work\final\lettuce_downy_v1\train\anomala\27_jpg.rf.1c8c26ac2985716ab31f662072f2b758__ann535.jpg,anomala,train,lettuce_downy_v1,474x640,9235115526288861384|18332960953254799852|11592517015008225688|4249384347649665766|17071417565479332862|14440832013683927424|16603298255263561786|11000389727976480928
dataset\_work\final\lettuce_downy_v1\train\anomala\27_jpg.rf.1c8c26ac2985716ab31f662072f2b758__ann536.jpg,anomala,train,lettuce_downy_v1,435x640,15039370263464920828|17623208447545286080|7828483936827502840|14542903209628922336|13879417949451096820|18178329747112834768|16208967312857223881|17901936992700900460
dataset\_work\final\lettuce_downy_v1\val\anomala\11_jpg.rf.1adaa91d57579e547bc6d827810a4332__ann537.jpg,anomala,val,lettuce_downy_v1,640x640,18196312890008053440|13879159103976938236|16335316331061165536|13308754938672595704|18202050568441928896|13882005338481919740|17888947093640491704|16194251183965319906
dataset\_work\final\lettuce_downy_v1\train\anomala\images-2-_jpg.rf.197c586835768d0b7c547b38c870d3d1__ann538.jpg,anomala,train,lettuce_downy_v1,348x513,6212044514453475982|10760021685746316430|11921970859054232387|6499087706042216761|10282959103404168085|10291545060258166102|4121288176568709466|4860365571173741477
dataset\_work\final\lettuce_downy_v1\train\anomala\images-19-_jpg.rf.1c679b42ffbbc9484344c7631af66f76__ann539.jpg,anomala,train,lettuce_downy_v1,452x453,16495245411669086874|15611931025239291558|10980402487710033585|16625358775487601266|12012869636316506328|11138085144683014884|8258014763630705126|12801136466016690840
dataset\_work\final\lettuce_downy_v1\train\anomala\images-23-_jpg.rf.1a9796f475ab7414cbe89c2e4c9bd83b__ann540.jpg,anomala,train,lettuce_downy_v1,305x377,15012872721014102996|17646776468752246484|4220321094764828582|11562454150833640090|15287103496540775924|15319894332722403536|11101986784145733280|12004217176108536122
dataset\_work\final\lettuce_downy_v1\train\anomala\images-23-_jpg.rf.1a9796f475ab7414cbe89c2e4c9bd83b__ann541.jpg,anomala,train,lettuce_downy_v1,195x209,3787770239675658352|15273611311853531377|4048793463837218833|16425705172697670775|17433551429767067347|8138191353287577652|8639294777786102755|1286041800619077688
dataset\_work\final\lettuce_downy_v1\train\anomala\images_jpg.rf.1b75c23f8a2b2242deecbb8410b347f8__ann543.jpg,anomala,train,lettuce_downy_v1,640x632,3472885973646618328|17560427586660240100|9562456542242290124|11444255846386721740|16468215603735016435|15613597915382755888|14727775572158239390|14715923706566915204
dataset\_work\final\lettuce_downy_v1\train\anomala\04_jpg.rf.1cf2c2b89bec444d7a60543b19fa47ff__ann546.jpg,anomala,train,lettuce_downy_v1,471x418,10823782753747357091|10832085603643247930|11788678700118813105|4208275701321460338|4201233059855225750|11767092544495498646|8244450680254522938|12801987251517823395
dataset\_work\final\lettuce_downy_v1\train\anomala\17_jpg.rf.1b62014717e118d44649f6804fb3360c__ann547.jpg,anomala,train,lettuce_downy_v1,490x421,734922017466756712|12660481165680085961|16191066943492863026|17920495158484390835|14522950761439081391|7507140337085133322|12957860361736008440|3617647129175634656
dataset\_work\final\lettuce_downy_v1\val\anomala\27_jpg.rf.1a3baac7d7fb2c729052ae9486d423bb__ann549.jpg,anomala,val,lettuce_downy_v1,383x605,7231155058717914800|15683050762724348402|15615379408097683940|16488488115267594840|17478921548770551257|12715533865091422820|6371123157597737700|16476872771708171480
dataset\_work\final\lettuce_downy_v1\val\anomala\images-31-_jpg.rf.1ce0719fe552b7106bbbefd9c63d7678__ann553.jpg,anomala,val,lettuce_downy_v1,257x369,16710012847355491372|1754390217551565259|10656870761228949522|3951922424576861623|14686683217232680984|3203421312792192487|13251223739649808438|1321890794378880147
dataset\_work\final\lettuce_downy_v1\train\anomala\images-31-_jpg.rf.1ce0719fe552b7106bbbefd9c63d7678__ann554.jpg,anomala,train,lettuce_downy_v1,223x406,10118619535672521648|14900597128368173810|8127191615020229772|17396374648726542798|17452177777696360910|12732545181057707148|14905213498145795313|10116440266405955952
dataset\_work\final\lettuce_downy_v1\train\anomala\images-24-_jpg.rf.1b411b8dc622550e9433d4735addd81c__ann556.jpg,anomala,train,lettuce_downy_v1,640x640,14768014316982810328|14749463174249485028|3649652472691581566|12941704406036494721|16470464731063169228|15615850081918841548|9347759605140921011|9106956109002548786
dataset\_work\final\lettuce_downy_v1\test\anomala\27_jpg.rf.1b47371192ce888673b021bb05762c2d__ann557.jpg,anomala,test,lettuce_downy_v1,611x400,14034575241123584480|13590795726625596664|2644664553091249233|11039099599489323889|17898548246506413244|16202167831617586370|8202100675543446169|5851321767707849508
dataset\_work\final\lettuce_downy_v1\train\anomala\27_jpg.rf.1b47371192ce888673b021bb05762c2d__ann558.jpg,anomala,train,lettuce_downy_v1,616x414,11849749024869597816|15758443439067807201|16840634429084326131|7517123970243290160|16266360730607727066|8665737779583611556|3523200750336365160|17571014577749210601
dataset\_work\final\lettuce_downy_v1\train\anomala\images-28-_jpg.rf.802f39b3656b1fab8af7c65d531e1d94__ann561.jpg,anomala,train,lettuce_downy_v1,534x613,17121669910879189128|5243977115517444846|7550450407706964916|16856013369683358418|17213515461314594376|9851750384188824813|15146228204808105193|13020912909341345896
dataset\_work\final\lettuce_downy_v1\train\anomala\-8-_jpg.rf.8104172d04b1e37e6e6eed604f897476__ann563.jpg,anomala,train,lettuce_downy_v1,399x442,10216913723582100048|5651134180684772085|2081956665129225368|14400513308659338470|17704433715886451790|5814970012771076493|16630927668244043975|11010395531818624028
dataset\_work\final\lettuce_downy_v1\train\anomala\images-20-_jpg.rf.824cb36e1cf551138f51f7e851e21c03__ann570.jpg,anomala,train,lettuce_downy_v1,331x405,15266875572588173420|3748284280423572681|11660308323766016157|8823891813122631238|14547985361966203956|7843076090805804755|5108953766510621818|11355996032782356897
dataset\_work\final\lettuce_downy_v1\train\anomala\27_jpg.rf.80feb84148a9994043f2acf565eb0670__ann571.jpg,anomala,train,lettuce_downy_v1,588x337,14106067659913812329|4376501359741789289|1346854254209718481|13200825168137151604|7594314215044987964|7627349196526437059|8423096521028809399|15120946708554231826
dataset\_work\final\lettuce_downy_v1\train\anomala\27_jpg.rf.80feb84148a9994043f2acf565eb0670__ann572.jpg,anomala,train,lettuce_downy_v1,598x353,3774836387680276675|15256340055096587324|14816258678979121846|5495175346261374226|4356274777794066899|14110031433744081460|1348094563227025996|13137802502133816781
dataset\_work\final\lettuce_downy_v1\train\anomala\images-15-_jpg.rf.8356ecb04b3c7aa728a80e2811592d1d__ann575.jpg,anomala,train,lettuce_downy_v1,624x394,12818522764938130318|8275556378972074894|8129931253761532794|16226598760799812001|10246631775965993074|10246644686031348913|11617392350727581921|8819118635656270704
dataset\_work\final\lettuce_downy_v1\train\anomala\images-24-_jpg.rf.817b94da0ab7e2ca4ef818415be7e5cb__ann580.jpg,anomala,train,lettuce_downy_v1,623x640,15183170150848705468|12993678275360993986|13163365399480284036|10541284709146702558|13993416628584403636|13597395240262874578|16011126551419177618|9562180618279431606
dataset\_work\final\lettuce_downy_v1\train\anomala\22_jpg.rf.83dcadae10f0e79254137e389de5dfb7__ann582.jpg,anomala,train,lettuce_downy_v1,640x600,16191343518162889234|17884448724051659703|10508156945308922855|8562575957204087576|13225886627426153208|1308978437539869664|1743864420483847286|16659713533389952145
dataset\_work\final\lettuce_downy_v1\train\anomala\17_jpg.rf.83f8e4aefdfab44d535b57a179c69254__ann583.jpg,anomala,train,lettuce_downy_v1,394x571,12498037238503097050|5364262809244187812|4842421333379180672|3833058264326924414|11870598677350347082|15763325089236545965|9144722699594117429|9288910508536902467
dataset\_work\final\lettuce_downy_v1\train\anomala\images-23-_jpg.rf.83be12509418aa4d2d7f954dea61e74d__ann586.jpg,anomala,train,lettuce_downy_v1,388x282,2658344769787172762|6618203622671521446|16566968364473489194|6370467225315710635|11967905119369287771|11139564400885031972|12328100894040287320|3069084063583300069
dataset\_work\final\lettuce_downy_v1\val\anomala\images-23-_jpg.rf.83be12509418aa4d2d7f954dea61e74d__ann587.jpg,anomala,val,lettuce_downy_v1,191x231,14980084868191941363|880507003618504752|5915043721658251480|13085157902776656864|3508564025911818252|17578333133436347343|16205048569094313909|15580300719850526290
dataset\_work\final\lettuce_downy_v1\train\anomala\images-17-_jpg.rf.841643586799e9799b32910d75265914__ann588.jpg,anomala,train,lettuce_downy_v1,571x582,11059104491150271712|7377411795774921208|2983875309368142101|7775927568451004758|17931628274615869798|16169313445430458777|6226702319646730603|1543031377427589161
dataset\_work\final\lettuce_downy_v1\train\anomala\28_jpg.rf.845b234165f84917df559a93fc2d671f__ann589.jpg,anomala,train,lettuce_downy_v1,635x640,8136004381407476174|17431420921039577484|9680743503181701412|11449813576990357656|10115613460543367409|14878152525439363184|10986800502891144606|2657634936771074182
dataset\_work\final\lettuce_downy_v1\train\anomala\11_jpg.rf.843ed0e45c73f3e0e4c7b1a97c8cabda__ann590.jpg,anomala,train,lettuce_downy_v1,622x608,9889107138119936508|7945383070929611712|10711149375476806322|15445756992440873906|13865221489515250542|18170171963432648073|12876760301392517846|12840450134443926932
dataset\_work\final\lettuce_downy_v1\train\anomala\images-23-_jpg.rf.84d9204ed56d80d80eb1fbbb7b0fd8d5__ann592.jpg,anomala,train,lettuce_downy_v1,380x299,18197519585190431482|13884094464764521888|13050650075147764180|5928816730219970260|11577982545802211008|18035366113102236412|15311719108175939410|15312550002647702965
dataset\_work\final\lettuce_downy_v1\train\anomala\images-23-_jpg.rf.84d9204ed56d80d80eb1fbbb7b0fd8d5__ann593.jpg,anomala,train,lettuce_downy_v1,233x239,12967816935149136883|3643676171052523568|11014055283020292100|14295776280521537871|3467811485226405938|17576383639089903283|5762902097969046726|315516719672646040
dataset\_work\final\lettuce_downy_v1\train\anomala\17_jpg.rf.84cfd84df50175f2d01223045713f87a__ann595.jpg,anomala,train,lettuce_downy_v1,328x509,12924365741660455532|3658530571087822281|11590740762568772278|17484195267037007250|14536943058931860786|7801050882574015667|10560183339155105010|13135466484649548448
dataset\_work\final\lettuce_downy_v1\train\anomala\28_jpg.rf.84a60cbc0488008b1e22660aaf3d366f__ann602.jpg,anomala,train,lettuce_downy_v1,576x621,2373628883891417476|18154208872587358620|7413396595215290406|11058811848711763091|11273020954604007675|9543678280584065056|10625215040259258521|2796988174342873446
dataset\_work\final\lettuce_downy_v1\train\anomala\images-37-_jpg.rf.856d5cff405ba07354c35bdb9d305ce5__ann606.jpg,anomala,train,lettuce_downy_v1,512x620,5307960878615602741|7884301208524855891|12957574871515257059|3653631441158530104|6024213368853391981|3865933303150979401|4099528135384413234|16417926900448350899
dataset\_work\final\lettuce_downy_v1\test\anomala\images-15-_jpg.rf.85b9ba63c1ad018a45e4a78e93e3bccb__ann607.jpg,anomala,test,lettuce_downy_v1,624x369,13108441993097720478|5956202570855330694|17629148765640549242|14995427212685883809|9706129447642376274|11399287464440556213|11617420942324865744|8819038921063245812
dataset\_work\final\lettuce_downy_v1\train\anomala\images-17-_jpg.rf.855b436c53af1ac3a6f5ae6906247409__ann608.jpg,anomala,train,lettuce_downy_v1,551x510,17433670418982688819|8138168322093147187|7192407521665282233|4171728453375291490|3739309960699637872|3735932595588231409|7129430150926885945|13398407561725661283
dataset\_work\final\lettuce_downy_v1\train\anomala\28_jpg.rf.85bcaa308038ef912c24d7c6f61329b6__ann609.jpg,anomala,train,lettuce_downy_v1,625x638,10115913609500485864|14896061302181257448|14464703133284623764|5531177652199119046|16780681475236346318|16782893641100255884|14292429521070113356|10729237636678073544
dataset\_work\final\lettuce_downy_v1\train\anomala\images_jpg.rf.8583f07cf5ca92c2e2a66ce4a819daa0__ann610.jpg,anomala,train,lettuce_downy_v1,640x640,15579752506921237728|16470677334076080888|17353696036099037656|17353656214380898020|17925080901190521828|16193970261776021208|16457960791800468720|15607727928643081456
dataset\_work\final\lettuce_downy_v1\train\anomala\images-23-_jpg.rf.853c53c516e61d41e63c2f2ac1da11e1__ann612.jpg,anomala,train,lettuce_downy_v1,162x220,2721286758726169593|6574182574856613984|9679498305727158320|10868806348397929715|6931290954203675739|18010977490250744613|17574388081283421590|3519805844981830790
dataset\_work\final\lettuce_downy_v1\train\anomala\images-23-_jpg.rf.85b1e19134bf74ad8a32f84d7e7c4bc9__ann613.jpg,anomala,train,lettuce_downy_v1,414x231,11148146077553298500|12002703978600255197|7977693711510484555|9913145620190827309|15982891264968987302|4939528262866679450|3284022852064481929|5419646440688760430
dataset\_work\final\lettuce_downy_v1\train\anomala\images-23-_jpg.rf.85b1e19134bf74ad8a32f84d7e7c4bc9__ann614.jpg,anomala,train,lettuce_downy_v1,141x223,17434333776357590859|8084157813875088941|15770712961901974756|11872637026721649880|3251098879523958896|5442428433431983089|15624364574094181540|16489033714090892506
dataset\_work\final\lettuce_downy_v1\train\anomala\images-19-_jpg.rf.85fb587fe656d943f0b858d166fb4fbd__ann616.jpg,anomala,train,lettuce_downy_v1,480x487,17435621407558178488|8075056030850127586|11011980908640389860|16624098688328314072|16327292700906492016|13301016269559298033|15613092347425436902|16486241020735574680
dataset\_work\final\lettuce_downy_v1\train\anomala\17_jpg.rf.86660b7bb2b2763e08d364bb3b2b2c6b__ann618.jpg,anomala,train,lettuce_downy_v1,524x295,11208838162368571068|2759207013018016706|3844547313014039142|6027283469526743449|14023000670876748326|13557755677615230363|11077088929985766739|7377567383123352117
dataset\_work\final\lettuce_downy_v1\train\anomala\images-15-_jpg.rf.86c82b95ea7f2c19a72a7898e40b91be__ann619.jpg,anomala,train,lettuce_downy_v1,467x637,8715471501983958645|16226528948319460689|14818553123151073382|5519785103771366553|5880905402391343329|8450665557922149240|11093712278463683148|7408611252715628237
dataset\_work\final\lettuce_downy_v1\train\anomala\images-2-_jpg.rf.86f1236d0d856689f0ef7f4a73df1c8d__ann621.jpg,anomala,train,lettuce_downy_v1,523x424,16587401555635630870|11003259074090967447|6787321373774878626|9616286729797179064|10890206937705460632|1617756258017293030|13265033688706020229|11715907880600744286
dataset\_work\final\lettuce_downy_v1\test\anomala\images-29-_jpg.rf.87611912b83385856b790f1176a8389b__ann624.jpg,anomala,test,lettuce_downy_v1,606x525,14179768747750090980|15919356938733021656|16746746017482006850|16783184751035054269|15630257738765495516|16458638375137102020|13652717407500364264|4819330283015006440
dataset\_work\final\lettuce_downy_v1\train\anomala\images-33-_jpg.rf.87c3c4b27d9b1add714f97de6d08c96f__ann628.jpg,anomala,train,lettuce_downy_v1,640x370,10580612058347524654|13138328489732060299|13211795106305414189|1325574082281264971|10066917134995838134|3373764347689096594|5465072834204296466|3248384425615514039
dataset\_work\final\lettuce_downy_v1\train\anomala\images-33-_jpg.rf.87c3c4b27d9b1add714f97de6d08c96f__ann629.jpg,anomala,train,lettuce_downy_v1,640x363,15145162094641931954|13009713546388609202|14765834610389317722|14747297451501805989|12869058760995867572|12891228188774772434|11953056755001108684|6519079673220623052
dataset\_work\final\lettuce_downy_v1\train\anomala\27_jpg.rf.893bf9397780adaefdf778d70253a667__ann631.jpg,anomala,train,lettuce_downy_v1,422x589,15833188225617357753|2639932144536004706|13599873191477800123|14034008941635684642|7072960845947118116|13397032043775834843|2506774278579471042|13505280195358407868
dataset\_work\final\lettuce_downy_v1\train\anomala\27_jpg.rf.893bf9397780adaefdf778d70253a667__ann632.jpg,anomala,train,lettuce_downy_v1,380x634,7231426569367351448|15647162737552912806|12765585997467068900|8280960644415644248|12029556104190174681|10984409981493730148|6368761579493780338|16476904571604052145
dataset\_work\final\lettuce_downy_v1\train\anomala\30_jpg.rf.88def0c95e90977b76eb92552440d15f__ann635.jpg,anomala,train,lettuce_downy_v1,428x569,4641462363857752214|18260245228337756054|13896897813281086110|18168843096763049606|10878330320007752189|10813167635148663104|9702546533747139836|11428593965011753920
dataset\_work\final\lettuce_downy_v1\val\anomala\01_jpg.rf.884fc9b9f743f4ebad207d11eb8d44ff__ann638.jpg,anomala,val,lettuce_downy_v1,410x640,11244422682056611928|14325831275877098981|11585680408984196300|4245951826446440140|16565881922213105606|6365931071581064348|14760198875707272250|14741606264037099680
dataset\_work\final\lettuce_downy_v1\train\anomala\16_jpg.rf.866db3a25f09e26d7b050605d689207c__ann640.jpg,anomala,train,lettuce_downy_v1,613x537,13372986973425538756|7104104936292521692|2078473454753125094|14115657710900524696|15895121624548611682|14165778615041824441|11004046983225926851|16614521511804983324
dataset\_work\final\lettuce_downy_v1\train\anomala\images-24-_jpg.rf.8686e13a020616ecb8fea6df8f119bf9__ann642.jpg,anomala,train,lettuce_downy_v1,640x610,3053476369929971376|12248097558527908594|15579892761747968716|16470605193674404044|17481392753827641769|12729065457485635626|14749476367306888164|14759046700184450776
dataset\_work\final\lettuce_downy_v1\train\anomala\30_jpg.rf.8c4c7906e40c917e188b80bcb93306a3__ann656.jpg,anomala,train,lettuce_downy_v1,430x507,5353593893916250262|12478749910022682518|9525804694552006426|16047400350790847911|10878399321408810413|10813305631827118922|12037381444357698526|1895880593606193796
dataset\_work\final\lettuce_downy_v1\train\anomala\22_jpg.rf.8a0a23a99007890a7b82911885b1de09__ann658.jpg,anomala,train,lettuce_downy_v1,557x640,16657532377311505280|1741012280618985974|2750095137153913780|11217285593766966994|17737959190553504024|9253551536996428775|15147460254667484059|13011909658498837030
dataset\_work\final\lettuce_downy_v1\test\anomala\25611229128_c816ece963_b_jpg.rf.8bdb85b28b566f7ad6fcf003e68c116b__ann659.jpg,anomala,test,lettuce_downy_v1,407x423,13292052530720485003|16325870416680291118|15322393975393973176|15337808130011574754|3353854971109216738|10029073496125699768|16298931835945605844|13291232573911246036
dataset\_work\final\lettuce_downy_v1\train\anomala\-2-_jpg.rf.8b56043c5e947c21096532d7a6dbf6c8__ann661.jpg,anomala,train,lettuce_downy_v1,538x519,16603820252940354668|11009478986201882057|5857462556362564774|8461481308384385434|14545976601952569752|7801627200110619878|11158190668755004789|11989747884361992529
dataset\_work\final\lettuce_downy_v1\train\anomala\27_jpg.rf.8c421c0550a23dfe4669d293a54a61da__ann663.jpg,anomala,train,lettuce_downy_v1,640x448,16200531861242601954|17885030900886694328|17412574066582473054|6942923503187553413|13288218613717939448|16312534597207970784|9614116574230764128|6830222959066719729
dataset\_work\final\lettuce_downy_v1\train\anomala\27_jpg.rf.8c421c0550a23dfe4669d293a54a61da__ann664.jpg,anomala,train,lettuce_downy_v1,626x426,14545326522620293617|7792487024839389792|10615607428961183974|3942219306550684304|6949727850546668652|17415940285059423177|10442338531636655414|16620598706348380819
dataset\_work\final\lettuce_downy_v1\train\anomala\images-15-_jpg.rf.8c3cdea22c87e0786552df8af99ae769__ann665.jpg,anomala,train,lettuce_downy_v1,640x511,17914675844702545440|16160765100819258363|12701890571656556766|17482282483463614596|18130327013621384928|2316755411999825400|9579403974894394866|16064472272545400496
dataset\_work\final\lettuce_downy_v1\train\anomala\-10-_jpg.rf.8ab0d34b7f5a266eb6e4214c8c6a0e0e__ann666.jpg,anomala,train,lettuce_downy_v1,439x616,16269729358878614987|8677577326127635236|15846342841565682170|2623520663708001920|2619918723035851896|14638304847526414817|9252142704830081060|18057626207947909595
dataset\_work\final\lettuce_downy_v1\val\anomala\01_jpg.rf.8c04176f7a10d0d635bdf2ba74f0f0f1__ann667.jpg,anomala,val,lettuce_downy_v1,636x348,5794402874872933556|13072160343349643986|14259968532162306865|6654163231666092403|15189038114030250421|13018866327666452816|8302927096994748508|3558908942666294725
dataset\_work\final\lettuce_downy_v1\train\anomala\images-4-_jpg.rf.8c5f4457a16852f8cb385b4fda70319d__ann669.jpg,anomala,train,lettuce_downy_v1,394x341,1466707058262625256|15539016087009832392|17479518570138567986|12697444082315714483|14424270160916162007|16738557571887684116|12925278639836247728|3604555845225518066
dataset\_work\final\lettuce_downy_v1\train\anomala\images-15-_jpg.rf.8cfcfbaebf08c9d4c01fd18fdd3e5b35__ann671.jpg,anomala,train,lettuce_downy_v1,640x473,15247614233504142952|3793976771843692009|11867233118138897627|15776804774406112804|16831592054519342644|7518253993075186387|2649850980400165594|15822389354919211172
dataset\_work\final\lettuce_downy_v1\train\anomala\images-23-_jpg.rf.8c08779c987a14ea59bcfd0ede128b0d__ann673.jpg,anomala,train,lettuce_downy_v1,314x419,2893626644350357956|7776489120970798300|15624607686733506276|16452903881401604824|15885365111790234475|14182146496194553896|15607953136574289124|16476021810136208856
dataset\_work\final\lettuce_downy_v1\train\anomala\images-23-_jpg.rf.8c08779c987a14ea59bcfd0ede128b0d__ann674.jpg,anomala,train,lettuce_downy_v1,237x199,11302004579801823352|14331699682999853281|1808222267124521011|7486996571216209459|16276229887338800326|8716977543993481372|3739932407720568679|3717976933730359321
dataset\_work\final\lettuce_downy_v1\train\anomala\27_jpg.rf.8cfd84ddd5654657e67dc5cc5ababf1b__ann676.jpg,anomala,train,lettuce_downy_v1,351x599,16484522417531138771|15626484433935708980|5175428499222680169|2140604883850900585|3797634877104119000|15218482057145074916|7580797231418356765|7625326069361463879
dataset\_work\final\lettuce_downy_v1\train\anomala\27_jpg.rf.8cfd84ddd5654657e67dc5cc5ababf1b__ann677.jpg,anomala,train,lettuce_downy_v1,343x597,10570058615038960040|3959466225461967338|3594270189852087238|8320516253620384924|16877751755031048758|12133107291950198930|11255877402215676019|14327050771083419953
dataset\_work\final\lettuce_downy_v1\train\anomala\images-27-_jpg.rf.8e9058f4aec12cbbc058c606694e2015__ann680.jpg,anomala,train,lettuce_downy_v1,519x411,5603238299438786716|5601407210973883078|7041232657658179858|8724071904470004151|14333383440461904973|11288529535025529421|13218600145897198201|1329011370405640033
dataset\_work\final\lettuce_downy_v1\test\anomala\images-19-_jpg.rf.8f02419958a39a0bdfbc29e6bdb6ce65__ann681.jpg,anomala,test,lettuce_downy_v1,430x402,16672907850041272246|1781586680536243090|17200260638797614534|9814018860761370012|10528270846042552600|13125609509094515431|11262845358346482312|14289264710646346734
dataset\_work\final\lettuce_downy_v1\val\anomala\06_jpg.rf.8f1969df2095bc8f04e997dca2629f59__ann682.jpg,anomala,val,lettuce_downy_v1,441x495,16171342926024184269|17927030845570446412|12887480915610516688|12854433076101956596|5509224591070579192|14812816597452221664|17636965763315033266|15005034808928098738
dataset\_work\final\lettuce_downy_v1\train\anomala\01_jpg.rf.8e945ff5fa47cfde669680560b24feb9__ann684.jpg,anomala,train,lettuce_downy_v1,640x449,7695056121246181568|12226311312561858812|17612586771158840656|15044733762760495861|18223981275718724777|13900521507736832618|17677379047088310736|5815741781680745716
dataset\_work\final\lettuce_downy_v1\val\anomala\images-27-_jpg.rf.90e10dceae23802c9c089237542f1711__ann685.jpg,anomala,val,lettuce_downy_v1,443x536,8758256165372457143|7000342967262703890|5275177988381000402|7801276383915261108|1365040240619038305|13218318088557267833|13023541274256556908|15186815708361274697
dataset\_work\final\lettuce_downy_v1\train\anomala\26_jpg.rf.911f93e0310cd7160f8a08a51bf79844__ann691.jpg,anomala,train,lettuce_downy_v1,268x257,5959022714650068634|13092582687404957350|14602383347943224380|12437419819316532163|12006089953272574645|11134643425384837714|14110837477700246188|4338159171981977290
dataset\_work\final\lettuce_downy_v1\val\anomala\-6-_jpg.rf.8e992174390a60a9bfdad04a4096f8d4__ann693.jpg,anomala,val,lettuce_downy_v1,610x616,11570390887125773032|18065747159412550120|14475947515717654756|17066488053206279896|16765157820586637050|16747352728212705952|15629406427583928556|16472070211133367496
dataset\_work\final\lettuce_downy_v1\val\anomala\images-27-_jpg.rf.910f7836f23a7f20d2055aee400f9c0a__ann695.jpg,anomala,val,lettuce_downy_v1,453x538,1957333341820038883|2840615008085445432|13086594417823007524|5962986278829963739|4074512690480180007|16370081972415375643|15796710384465395794|2613199979781332149
dataset\_work\final\lettuce_downy_v1\train\anomala\11_jpg.rf.90a2766f24686a86949de9f7f3561d30__ann696.jpg,anomala,train,lettuce_downy_v1,640x640,15463775657399982288|10711395133999474420|14161092451609850528|15897299377386599034|17647041204040607380|15030949165915871958|8841175634153414364|11579505993050916548
dataset\_work\final\lettuce_downy_v1\train\anomala\images-21-_jpg.rf.8f73a08b23373a4655f1b78fa203e9b1__ann697.jpg,anomala,train,lettuce_downy_v1,640x640,6577992738566026381|2696919694546686542|4922093876326545300|15964605702512972502|5679660754360495397|10210877813317781851|15425521851164298717|10716193651094605380
dataset\_work\final\lettuce_downy_v1\val\anomala\-10-_jpg.rf.9029a2284ba6f4f803eba3531de14e45__ann700.jpg,anomala,val,lettuce_downy_v1,494x608,1597179825069706067|10929028577436510517|1037577117393367570|10347464176251548599|3830648150913559447|6002088512303802902|13237079138207242639|1311196297448285710
dataset\_work\final\lettuce_downy_v1\train\anomala\06_jpg.rf.8fc84af08ff6f7afbd4c1326ce3adf5d__ann703.jpg,anomala,train,lettuce_downy_v1,407x362,12870905002236815281|12864034157344791154|11426812251317130972|9716079912092472516|8221892693613774514|12801234640486768306|14165110251140142726|15913142050614252702
dataset\_work\final\lettuce_downy_v1\train\anomala\28_jpg.rf.8d889db30f451df66dc98492d5a68e38__ann704.jpg,anomala,train,lettuce_downy_v1,628x640,13468266357117266816|11594755666454326014|11984862203285203876|9995155303977724106|18314580391687153824|9271594232687421626|14567021469196137866|11883822821828743846
dataset\_work\final\lettuce_downy_v1\train\anomala\images-2-_jpg.rf.91f7ec0d8ed713a5569c21c78e2b27a8__ann710.jpg,anomala,train,lettuce_downy_v1,536x422,9741780511199973784|1041313087834584294|4185779051962202078|11787895517946646916|16605995018783322894|11011835184256463239|9516565353011124131|16030416487699125818
dataset\_work\final\lettuce_downy_v1\val\anomala\13_jpg.rf.92d5ec09f6eab0ea2b0e2be800afe0a5__ann714.jpg,anomala,val,lettuce_downy_v1,373x388,5514287957907761844|14816291415919536594|14153822244847761724|15909424272541180867|15179820074686652109|13000289623311615564|14079320649724185052|4339548568373849284
dataset\_work\final\lettuce_downy_v1\train\anomala\images-23-_jpg.rf.933a2083fcf754c57fd8f99bf613163d__ann719.jpg,anomala,train,lettuce_downy_v1,316x361,15336359422706803860|15299979430506256854|12553378560015114549|9985340938959092304|15481435646361490644|10692715063488402900|5799179379855496074|3864568040403187374
dataset\_work\final\lettuce_downy_v1\train\anomala\images-23-_jpg.rf.933a2083fcf754c57fd8f99bf613163d__ann720.jpg,anomala,train,lettuce_downy_v1,179x215,11792266747020764651|4222915147522660392|11230273434677437536|2766530632389614073|2907272454903601722|16998224194280662691|18003651693646996518|6945804292820490651
dataset\_work\final\lettuce_downy_v1\train\anomala\images-4-_jpg.rf.91c88cf5aa0cec92f1cc1a2771e654de__ann721.jpg,anomala,train,lettuce_downy_v1,360x398,2764067457016781384|11179605887263352045|10688401794424335465|15480512718264191337|17123867239962912155|5249705260136553254|7622638452774065622|7596534004490458260
dataset\_work\final\lettuce_downy_v1\train\anomala\-6-_jpg.rf.93e9cd4a34171764b41c218b97d6b21e__ann723.jpg,anomala,train,lettuce_downy_v1,602x614,16909202642063603440|12135668908733338544|15773521601698221300|11860383780420963792|12723738980769491624|17309106687882209770|15045905763233732772|17603493655330350810
dataset\_work\final\lettuce_downy_v1\train\anomala\images-31-_jpg.rf.914b22c7f9b9a9661936f164b62006e6__ann727.jpg,anomala,train,lettuce_downy_v1,291x440,2625260706703292021|15819400301440701265|11071207370457178386|7411469995989563831|5878064374531000795|8446174656587394596|13220717575607212646|1324560863676638361
dataset\_work\final\lettuce_downy_v1\train\anomala\images-2-_jpg.rf.94494b8e1b5703142dedbe427da4f99d__ann728.jpg,anomala,train,lettuce_downy_v1,543x376,11327047580370901900|5076538353286915790|8226835817455768270|12766322405541459340|14854648745797907270|10131960985632715165|10139125338225388465|14867202178654088050
dataset\_work\final\lettuce_downy_v1\train\anomala\images-4-_jpg.rf.93a3c278e4f456d245829d989476e388__ann731.jpg,anomala,train,lettuce_downy_v1,434x387,6545865288650189089|11895225752172259451|14664125053230572857|3206265719672166499|8892443543110685861|2443639775548528474|7158632397052935724|4171941578638655947
dataset\_work\final\lettuce_downy_v1\train\anomala\images-28-_jpg.rf.93e1a748a896203354388c9dafe15fdc__ann732.jpg,anomala,train,lettuce_downy_v1,546x601,10957864195849630928|16480671364627747572|15608399601073883524|16485086972883594970|17641328357068748772|15038810851855766168|15739559075002435300|9550265119073410264
dataset\_work\final\lettuce_downy_v1\test\anomala\images-23-_jpg.rf.92e16a2ef78c36a41ae6461af793e00a__ann733.jpg,anomala,test,lettuce_downy_v1,399x235,14543965569384385174|7823930107351445398|6742787094055864806|4987300336670436504|10857944286472606828|10811642750811494089|10983273967295608389|16629903505715467101
dataset\_work\final\lettuce_downy_v1\train\anomala\images-23-_jpg.rf.92e16a2ef78c36a41ae6461af793e00a__ann734.jpg,anomala,train,lettuce_downy_v1,157x216,11039501604522954800|7409533971252443123|4096539346430334678|16385455286398850452|17579713957134062438|3463534410952881305|10706703265721246947|15426628387331168568
dataset\_work\final\lettuce_downy_v1\train\anomala\-10-_jpg.rf.92573c95124e78114839170fad5c2799__ann735.jpg,anomala,train,lettuce_downy_v1,371x573,5382841903992890980|12480233726323104217|11981322844775565396|11141152701822790869|15679658631529378477|7234633889937011530|15414844730182442394|6109166733052167846
dataset\_work\final\lettuce_downy_v1\test\anomala\images-28-_jpg.rf.945023ce6937fc36f9dd961426c666ea__ann737.jpg,anomala,test,lettuce_downy_v1,503x529,15891957505217606566|14136296323005494170|17088681577516092100|5195873748550855900|11111338799768415940|11975944267438984156|15901126409074187080|14180317777502480365
dataset\_work\final\lettuce_downy_v1\val\anomala\images-21-_jpg.rf.94be8477f29213d441c7b69690187205__ann739.jpg,anomala,val,lettuce_downy_v1,640x640,9850447474643954422|17163909140493150352|9626007450618976858|6815830370297685412|10423630594053518062|17792257358300296072|11864145145424352862|6510631160856614533
dataset\_work\final\lettuce_downy_v1\train\anomala\28_jpg.rf.94abc6c831f4f994e4cd9aa8a0ee7a87__ann744.jpg,anomala,train,lettuce_downy_v1,544x612,6985314928122196115|18010093545998839862|11736649935803963699|13472747571450635315|3958893409362833657|10660289521885835360|3703316621055555770|3736216261235105954
dataset\_work\final\lettuce_downy_v1\test\anomala\11_jpg.rf.977a8f9f976a0147ce77bfedf4b964de__ann745.jpg,anomala,test,lettuce_downy_v1,614x640,6064984951906002548|15360401236410079697|13881125092004176879|18174956215550491144|15103298158498360277|8387516814940646228|592832533631744764|17267834304930096064
dataset\_work\final\lettuce_downy_v1\train\anomala\images-15-_jpg.rf.987025bd91addd22d64e053bc3bd914d__ann754.jpg,anomala,train,lettuce_downy_v1,476x640,18148777836394690982|2325099225767764634|2491537588193106643|13490219063756760628|11124573100772508704|12013854677329894907|3793839195318007483|15247719769717642018
dataset\_work\final\lettuce_downy_v1\train\anomala\images-37-_jpg.rf.953dfc1273437c8128ecc6dfd7568eeb__ann755.jpg,anomala,train,lettuce_downy_v1,640x557,11732878355957143906|13417505527163937977|12203469268857799801|7648671112807242081|13358927868676945082|7122919482054333346|7050853930095945066|8738296839770364841
dataset\_work\final\lettuce_downy_v1\train\anomala\images-27-_jpg.rf.958de3265158d0dc5f663b798071ebe5__ann756.jpg,anomala,train,lettuce_downy_v1,544x592,5414016774266591664|989439203268454130|6393135561654806168|16564978474904034278|17466834630915242765|12725248739064881739|16617057134070260453|10963550166174054488
dataset\_work\final\lettuce_downy_v1\train\anomala\images-29-_jpg.rf.976b2f3813a9d1605499c31e8d836acd__ann757.jpg,anomala,train,lettuce_downy_v1,559x475,16519366882162926026|6408013253196806572|7522661556593326268|16814687101045170626|12428187057742343512|14583127205121114341|14042544230954719721|13580669783021217128
dataset\_work\final\lettuce_downy_v1\test\anomala\04_jpg.rf.983374877c8d9bd68a099da8844473ab__ann758.jpg,anomala,test,lettuce_downy_v1,546x387,11145748479372864228|11982419393067133656|10400100385662191282|17786358368274521522|15612437095494863526|16477226777302248858|12870667768102835702|12846180228939404432
dataset\_work\final\lettuce_downy_v1\val\anomala\04_jpg.rf.987e3a1f207fabf128fa8d943320e24c__ann759.jpg,anomala,val,lettuce_downy_v1,383x520,12846180224638162068|12870667768102639318|12883195670190073241|12874821373517519462|15480793535502654898|10706239607190341298|7375240685153004722|11071403921540827826
dataset\_work\final\lettuce_downy_v1\train\anomala\images-17-_jpg.rf.983b838a2aec65833f22cc938934555e__ann760.jpg,anomala,train,lettuce_downy_v1,465x537,17416728352675369305|8129730614467384933|8273311220406343912|12823105911005832424|7302290696098730608|6454134020231312625|16781739214253520049|16778321596400324722
dataset\_work\final\lettuce_downy_v1\train\anomala\04_jpg.rf.97340b687beae72d74966fc758526168__ann764.jpg,anomala,train,lettuce_downy_v1,367x492,2965960320386614833|7740372415813553523|12879324691826362723|12880944153829272889|8326536349667781483|3550679778324719913|4138143078341853874|7154314163409239218
dataset\_work\final\lettuce_downy_v1\train\anomala\images-27-_jpg.rf.99aa895bd019dc7012bfce4e6a5c24b4__ann770.jpg,anomala,train,lettuce_downy_v1,575x470,16960747151664994763|2952473264499418156|6589178179471439536|2698098018512245234|3198773495199365416|14688830125637460203|17478922374598455589|12715393125157597531
dataset\_work\final\lettuce_downy_v1\train\anomala\images-24-_jpg.rf.9a11846753f9653896531fda532b2fdf__ann772.jpg,anomala,train,lettuce_downy_v1,640x640,15042775751997647072|17635193322723797240|17638466986781610200|15054628782507226852|17935667201529527540|16206394221268878032|16498574834621082832|15605133895831177460
dataset\_work\final\lettuce_downy_v1\train\anomala\30_jpg.rf.9a505308f833f00443e2f9bfdd91ea6d__ann774.jpg,anomala,train,lettuce_downy_v1,429x496,3343314469729515222|10041219764264276628|12559994473680196256|9983907845717275898|10705789448745146763|15471737105840235822|18065124368001240458|11588487074051804846
dataset\_work\final\lettuce_downy_v1\test\anomala\06_jpg.rf.9a9ea0ce37e64c0322fd8879d82d6833__ann775.jpg,anomala,test,lettuce_downy_v1,443x416,15042338220062794849|17617104725596428409|7813224349102682329|14522309565933072996|8779775807549046004|7053797924263608784|7256058296687888841|15686233447769468524
dataset\_work\final\lettuce_downy_v1\val\anomala\images-40-_jpg.rf.99664d0e835d8214e96e60c93257d7ee__ann776.jpg,anomala,val,lettuce_downy_v1,419x459,6469947061349733561|2696676194951480674|12224640369782870323|7677047583101711411|7117188462427794469|13354393024811944281|3707742471331678826|3733992871400154793
dataset\_work\final\lettuce_downy_v1\test\anomala\-10-_jpg.rf.99aa7bf98b5b10b623690188bfdd874b__ann778.jpg,anomala,test,lettuce_downy_v1,349x561,11065720778926559924|7383252643272373970|17711918174256045464|5786005952657704934|15183382778505164390|13011624397358141849|16593360152804281424|10961007072289738229
dataset\_work\final\lettuce_downy_v1\train\anomala\images-33-_jpg.rf.9a8f6a038838f88495075a3fc033ed97__ann780.jpg,anomala,train,lettuce_downy_v1,640x327,9910532995678220484|7957418390080185244|14733751498023539734|14763306216666355351|11305129722434645614|14136852377319868809|10941133429890933196|1627086688332052684
dataset\_work\final\lettuce_downy_v1\test\anomala\06_jpg.rf.9a8b7b3976cd44da71d71be0fdf8dcab__ann781.jpg,anomala,test,lettuce_downy_v1,431x495,17551291576434713636|3510154255781779803|7631356956586256875|7631516565952686632|6618517607967536688|2622417363608703731|2912173214163003497|16981252474638100585
dataset\_work\final\lettuce_downy_v1\train\anomala\images-19-_jpg.rf.9a15c1c9437e1c23bd6a7a3a9eae5464__ann784.jpg,anomala,train,lettuce_downy_v1,468x472,15911984681877612209|14174061939987880562|17777411894267129052|10417476059068287684|8258014765849425092|12801135915749200604|14180399351516336784|15901252437500868342
dataset\_work\final\lettuce_downy_v1\val\anomala\16_jpg.rf.98fb79a9ae4d3a279fe020219dda41d0__ann785.jpg,anomala,val,lettuce_downy_v1,470x597,10115731106666662182|14895987703651986843|10172893170082673116|5641877775026237892|11199823244778387918|2758802873902654092|14137253083569802062|15884695735914999181
dataset\_work\final\lettuce_downy_v1\train\anomala\26_jpg.rf.9aadd2d4d9cfcf9e456297de26377a73__ann786.jpg,anomala,train,lettuce_downy_v1,268x299,3935625061346767444|10414182555718955221|9880220008089635553|7946344268723432568|15398003474094065296|6121150789154414134|8695387412225214318|16270067209795476873
dataset\_work\final\lettuce_downy_v1\train\anomala\images-1-_jpg.rf.99f3049863d15fac367abb42b9194e9a__ann789.jpg,anomala,train,lettuce_downy_v1,543x467,2011959613109156307|2821690049359012404|11994904777001362532|11137842873587522009|3774663422128957479|15256451409762773787|15697661728400707994|7234133174693295782
dataset\_work\final\lettuce_downy_v1\train\anomala\images-29-_jpg.rf.9afea6c70596e35891524c35b339e715__ann796.jpg,anomala,train,lettuce_downy_v1,549x428,18213852496978956985|13897166054476264546|8896361570827553241|112910578095647844|7112499299529186496|13389987058493867260|7236377034096873729|15693246685104404091
dataset\_work\final\lettuce_downy_v1\test\anomala\images-31-_jpg.rf.9bea1f6a7c269666e1b1ee076537c6ee__ann798.jpg,anomala,test,lettuce_downy_v1,452x376,17651183416242397390|15010610586798635148|15067746128813863859|8368595605623288370|10140093772657479888|14907024781321303540|3616973612872442740|12948895205362441169
dataset\_work\final\lettuce_downy_v1\train\anomala\images-31-_jpg.rf.9bea1f6a7c269666e1b1ee076537c6ee__ann799.jpg,anomala,train,lettuce_downy_v1,478x344,10563630285030220344|13143278995907590371|16300380495775315158|13300069450194211476|16409125099058128566|4099059156467423634|10723873058601735096|15471101269868099298
dataset\_work\final\lettuce_downy_v1\val\anomala\images-37-_jpg.rf.9b9886144bfc25f3a0a16454a7b8eaab__ann800.jpg,anomala,val,lettuce_downy_v1,620x556,13394957144601630392|7122637761165301474|3878913517055452514|6040499925484985273|16327248985141139554|13300976542230439097|13356355589084206163|7072214758550393909
dataset\_work\final\lettuce_downy_v1\train\anomala\11_jpg.rf.9b981dc1e253d906fbaf34e0068bc703__ann803.jpg,anomala,train,lettuce_downy_v1,640x635,12840382230792873356|12876692000272440006|18175168013272751234|13844957232534112190|14292835933986468786|10134688568374932146|13747145294178100160|9375414755359669244
dataset\_work\final\lettuce_downy_v1\train\anomala\images-23-_jpg.rf.9af798d89c9e61d82a467e1578c98212__ann810.jpg,anomala,train,lettuce_downy_v1,195x244,11810246600539236335|4222344907623766024|11302003480422314224|14331840420220039408|583243168477648954|17287040466598815395|17361601726870512838|17361601878718732444
dataset\_work\final\lettuce_downy_v1\val\anomala\images-19-_jpg.rf.9d8016014d44d0cc9db4a06289647c34__ann812.jpg,anomala,val,lettuce_downy_v1,446x430,9838316442536720038|17215821334851720090|16259865795624510428|8690358126423194564|11138366615297649390|11976841389590218888|14140003381889636984|15862726734897325793
dataset\_work\final\lettuce_downy_v1\train\anomala\-10-_jpg.rf.9dcc4db09bd5a1b8b395c793b12da667__ann814.jpg,anomala,train,lettuce_downy_v1,472x605,4344375580030101865|9488439786285197673|748783796111699986|12671321036299235767|7595662404914359683|7595764504266426940|13254530017680153007|1328788616653464586
dataset\_work\final\lettuce_downy_v1\train\anomala\11_jpg.rf.9dc5d4b22de5f44af43ee3032d00d4b7__ann817.jpg,anomala,train,lettuce_downy_v1,620x640,6677612958143591082|14207267094914052778|14150920442007512840|15904789375803332843|12300019173623999173|12300088273025739612|16940336782009547228|641670373882684100
dataset\_work\final\lettuce_downy_v1\val\anomala\images-19-_jpg.rf.9fd7781f95b67b7bdae51e58c09805d4__ann824.jpg,anomala,val,lettuce_downy_v1,405x430,14716468532282542488|14709770044844830182|10968578077714299794|16637162726926132150|16604112715796521932|10973560000787921868|13124559449720349670|10537100199287273624
dataset\_work\final\lettuce_downy_v1\test\anomala\images-18-_jpg.rf.9e4236a4b417293f913af44e9f1bf54d__ann825.jpg,anomala,test,lettuce_downy_v1,347x416,3860590894437984107|5924123091932746025|13182513114336905519|10552059635146189835|2959242725753763410|7739178497663472437|823209549748138130|3443558692500402614
dataset\_work\final\lettuce_downy_v1\train\anomala\images-30-_jpg.rf.9f2717d0e2feeb318e68ad9f888bc381__ann826.jpg,anomala,train,lettuce_downy_v1,251x158,16476763597961698354|15594386009136351155|14851987874720028868|10144293209630041820|12954574522994092760|3610929055550515684|15917523637645920140|14166099468366912718
dataset\_work\final\lettuce_downy_v1\train\anomala\images-30-_jpg.rf.9f2717d0e2feeb318e68ad9f888bc381__ann827.jpg,anomala,train,lettuce_downy_v1,193x153,4040351482306676450|16408746072077671608|16781653396395846720|16778417028088776941|13302725667932321763|16340920054846984760|17134112064410343656|4678367944850859240
dataset\_work\final\lettuce_downy_v1\test\anomala\28_jpg.rf.9fd27cbf03b0313b1830cb691f222dc7__ann829.jpg,anomala,test,lettuce_downy_v1,559x611,7273549702318291411|15704215352413282612|11736843441260517691|13436730044425856035|3774531697661767897|15238444833712828516|2550395117523073210|4312677013499732386
dataset\_work\final\lettuce_downy_v1\train\anomala\images-17-_jpg.rf.a03ce9fc1da3aca9dcf16e7a5e2eb423__ann833.jpg,anomala,train,lettuce_downy_v1,552x499,17134114969216252089|5254758401041555810|16778321948318163394|16781738948100257980|7125139650391764040|13364667983349860589|13580845377723491560|14042686158514870504
dataset\_work\final\lettuce_downy_v1\train\anomala\28_jpg.rf.9e8cf2e34bc6787c080e1ae434e4e2c1__ann834.jpg,anomala,train,lettuce_downy_v1,561x640,5360889559772180747|12491246560571913007|12387685880304822670|3055860344161462414|3419276363592522157|806516804250002762|10261718763889518634|10297956519159196075
dataset\_work\final\lettuce_downy_v1\train\anomala\images-28-_jpg.rf.a0b7df7e7a0763944d910cc784ffbb57__ann835.jpg,anomala,train,lettuce_downy_v1,543x584,16480671502200902460|15569550197231335107|9550298451693853922|16027854866257527992|14066596316589789912|4364998165453846500|13313990587458875102|16346989782409775492
dataset\_work\final\lettuce_downy_v1\val\anomala\-6-_jpg.rf.9e6c06bdb6a5caa937da13f2f4cace11__ann836.jpg,anomala,val,lettuce_downy_v1,561x577,13172618596736314070|10560007317645667220|15216406895524562216|3759217273125361891|10712880171451321490|15432195987758304950|16381885796198394676|2937907805933874131
dataset\_work\final\lettuce_downy_v1\train\anomala\images-33-_jpg.rf.9f69379338de0997298d4bd0dd9ec90e__ann839.jpg,anomala,train,lettuce_downy_v1,346x628,16564747137380037794|6374929352178717370|14010221979471570610|13585545239818180786|13462053479221327960|11724194697563726309|12869137723428800956|12891207821954019010
dataset\_work\final\lettuce_downy_v1\train\anomala\images-31-_jpg.rf.a09f2c36067b116ee708684220155619__ann840.jpg,anomala,train,lettuce_downy_v1,381x278,15138934451153659291|13035613916079085606|3203419105137059811|14686753861928556600|2762967724938094516|11233648172881156306|4042220203723248075|16422204675045225516
dataset\_work\final\lettuce_downy_v1\test\anomala\images-31-_jpg.rf.a09f2c36067b116ee708684220155619__ann841.jpg,anomala,test,lettuce_downy_v1,416x244,10098284612869287282|14905777483201923249|12732578174864239821|17452243748666395212|12774535743971646414|8281518515317384332|5533457417835328242|14820410497671934896
dataset\_work\final\lettuce_downy_v1\train\anomala\images-15-_jpg.rf.a039dc1338cdcc1c788c2b25e23c6e16__ann844.jpg,anomala,train,lettuce_downy_v1,422x633,17650261306593600314|15037578373898779043|14893994812115834982|10138279534421271705|11761526231604244688|4207300674726392564|11089210878785467020|7410863051741180622
dataset\_work\final\lettuce_downy_v1\val\anomala\images-2-_jpg.rf.a0389576d0991f2bfba88f23e25ed778__ann845.jpg,anomala,val,lettuce_downy_v1,491x553,18064824194826488171|11543389780796402729|10030473794632592585|3329173172069124204|2984829496405471904|7766883922631570426|7838779568358503214|14532254812648911755
dataset\_work\final\lettuce_downy_v1\train\anomala\images-33-_jpg.rf.a1bdc31cf9969dbb195881d4247a4ab1__ann849.jpg,anomala,train,lettuce_downy_v1,359x640,12874046215199624090|12856312472856440486|13039552762400240274|15154837716401959350|11974517332976102066|11136258072103397810|13164537358601441490|10552730661193315764
dataset\_work\final\lettuce_downy_v1\train\anomala\images-33-_jpg.rf.a1bdc31cf9969dbb195881d4247a4ab1__ann850.jpg,anomala,train,lettuce_downy_v1,310x640,9929268798608399820|7938830494316709324|10528385146984958868|13170660282460942038|14719392892139613294|14726045534898473865|15433394923249190838|10703800021332401298
dataset\_work\final\lettuce_downy_v1\train\anomala\-6-_jpg.rf.a200336aa02ea993906b292773b63772__ann853.jpg,anomala,train,lettuce_downy_v1,616x640,16188361642072368368|17936226373256206832|14476518480090286308|17048596448820260056|17355163450321857272|17322050138463381728|15631126320099399916|16485471064389641928
dataset\_work\final\lettuce_downy_v1\train\anomala\-6-_jpg.rf.a26dd8c95c1e0e6a1a12987c3515ac8e__ann858.jpg,anomala,train,lettuce_downy_v1,615x598,16918227982700295856|12136223059405738610|11161831181030018772|12000031103802641876|8255881461333650600|12733625244453882346|15316121949183969446|15298213621822842522
dataset\_work\final\lettuce_downy_v1\train\anomala\-6-_jpg.rf.a3219a782303446848d21f921f320ebd__ann862.jpg,anomala,train,lettuce_downy_v1,602x544,16625769071737758860|10998606920417728714|13342982368355871937|7073796347188201596|14616615744023470744|10152409020520512230|8991607730165525346|13973585623073369017
dataset\_work\final\lettuce_downy_v1\val\anomala\26_jpg.rf.a2f1dca19bd06976bed9532cb36f2ed5__ann864.jpg,anomala,val,lettuce_downy_v1,338x253,14254899231664264916|6643994955122841044|9574264412214103545|16034088441118084704|15318314450523927644|15300511704217277381|6939495236238738654|17982221970663464580
dataset\_work\final\lettuce_downy_v1\train\anomala\27_jpg.rf.a311a5cf64e67f2e9c77ed8bb05befd2__ann867.jpg,anomala,train,lettuce_downy_v1,436x640,11503147633972144315|304618753376446498|12207354737518752218|7667875142533411492|2515520332504840708|13540292911410946975|11849745658552740202|15758654577739327913
dataset\_work\final\lettuce_downy_v1\val\anomala\images-40-_jpg.rf.a337bd815f38dc47d1dbe9412d9e4e0b__ann869.jpg,anomala,val,lettuce_downy_v1,459x452,10687212179842063417|15489469719711499363|16403469468914854321|4096820691993258096|7189032201154393558|4169408234326216852|8099929155020577336|12801942200549418211
dataset\_work\final\lettuce_downy_v1\train\anomala\images-28-_jpg.rf.a4072627fa1ce80e7f5d0032639d1faf__ann874.jpg,anomala,train,lettuce_downy_v1,618x589,13874721372771245282|18216612125018604728|16191248073096639728|17920531643435308016|13313993182190030588|16347095493306322112|17353243654604763896|17308502609864078048
dataset\_work\final\lettuce_downy_v1\val\anomala\13_jpg.rf.a555ed67b101a3ad5d1bb2d074c7a01f__ann879.jpg,anomala,val,lettuce_downy_v1,379x453,9880076345212064492|7946416375930008776|11005277603834047596|16618958593107413961|14462368525669844846|17064731410496298377|14540741212843188966|7794630445518928536
dataset\_work\final\lettuce_downy_v1\train\anomala\images-18-_jpg.rf.a5cb39907e2b38f6a506902111f2e5c0__ann886.jpg,anomala,train,lettuce_downy_v1,396x336,17559734873329142063|3526972531635678731|6607263535077828276|2698239241872382674|823794453424828976|3425500931984568563|15175673248346173989|13017290411670483291
dataset\_work\final\lettuce_downy_v1\train\anomala\images-34-_jpg.rf.a67f4db845798c3d43d7eea8070b5aa9__ann889.jpg,anomala,train,lettuce_downy_v1,309x381,2104231733060922967|5130482628066248981|10032461707543185804|3360690124460683214|1551828226284860231|6300029891223696157|14875289294008853294|10090828217011550859
dataset\_work\final\lettuce_downy_v1\train\anomala\images-24-_jpg.rf.a6d53c910abcd3a8bd8921d105d69ebf__ann891.jpg,anomala,train,lettuce_downy_v1,636x640,16596007259372435146|11021932038909498028|11538891419017702132|18067307863098894800|12435198255502259608|14607058466630291686|15035726796261211130|17611988406074614432
dataset\_work\final\lettuce_downy_v1\val\anomala\-8-_jpg.rf.a68ce1bbe515cf88ba54c50a00dcc24d__ann892.jpg,anomala,val,lettuce_downy_v1,392x409,14477293421101631676|17034947411380063426|15441962485540631691|10722231748563735086|14036810082755963116|13603365227007437256|3355901270996340116|10066828061302541526
dataset\_work\final\lettuce_downy_v1\train\anomala\27_jpg.rf.a7f9dddd0538945de895db7218c0a2e0__ann898.jpg,anomala,train,lettuce_downy_v1,640x413,15191645040013362026|12985274973944036777|10442131866522479077|16602546579502819416|12195101504825603252|7657195598035080146|6370381694059964646|16567014157051226512
dataset\_work\final\lettuce_downy_v1\train\anomala\27_jpg.rf.a7f9dddd0538945de895db7218c0a2e0__ann899.jpg,anomala,train,lettuce_downy_v1,640x418,15186782724534853874|13023475305223879088|623366108236359862|17265352689368296338|12752488719662824628|17465224098543747794|10586733005216848623|13125866690974098952
dataset\_work\final\lettuce_downy_v1\train\anomala\04_jpg.rf.a6e8724e02c1713b3df8b42814ca3db4__ann900.jpg,anomala,train,lettuce_downy_v1,372x487,4254993526722996657|2580453148408179570|7947637507771650448|9884709398437000438|8244798400854019875|12765991428036103227|17759045256831708553|10435205882167839598
dataset\_work\final\lettuce_downy_v1\train\anomala\01_jpg.rf.a7796641a41a3815d214a0a3a86334df__ann901.jpg,anomala,train,lettuce_downy_v1,640x350,14398725941386978545|2068505524348312176|656530050934004824|8054566603237213669|8132012887575016476|17412203390985622215|16556830463353800559|6367045709014113289
dataset\_work\final\lettuce_downy_v1\test\anomala\17_jpg.rf.a80a082873cbf5f08d5741c94ecb1843__ann905.jpg,anomala,test,lettuce_downy_v1,413x504,7629529484715227373|7600086992104480840|4211690683574896832|11795359281472988220|5215296130265282665|17147686150702948713|4387717298459816355|13891438513442681402
dataset\_work\final\lettuce_downy_v1\val\anomala\27_jpg.rf.a938ad6e79e0cae5f6c8e48d13f83df8__ann914.jpg,anomala,val,lettuce_downy_v1,604x355,3545571827847052349|8346183501897384515|7261148989124391671|15698682874979988240|4882695623022334835|4448558954853053489|1203499369776340185|17812566440780809316
dataset\_work\final\lettuce_downy_v1\train\anomala\28_jpg.rf.a8617504fffe2739cd05ab6ce57dc52a__ann916.jpg,anomala,train,lettuce_downy_v1,625x640,16893253822168230048|12173749744558205170|14443277895118415248|16785431356215417062|17503491417360101800|11594755640758923498|16598276653958099432|10440972084138242248
dataset\_work\final\lettuce_downy_v1\test\anomala\images-23-_jpg.rf.a9f9ae30443a1d011f7607fd71893140__ann918.jpg,anomala,test,lettuce_downy_v1,389x272,13157983114235204826|10558172868535309476|11894906271720691856|6500861553018004982|11877178359704880786|15768390566259956406|17790803685177243482|10401197970450158501
dataset\_work\final\lettuce_downy_v1\test\anomala\images-23-_jpg.rf.a9f9ae30443a1d011f7607fd71893140__ann919.jpg,anomala,test,lettuce_downy_v1,185x220,1790444967440692314|16709745034621342629|17501925781651689780|12698134293602784979|11949162188950791399|6499873154430720024|15228472202884364464|3787978003780527090
dataset\_work\final\lettuce_downy_v1\train\anomala\27_jpg.rf.a9f59339210a3abdc56c3f2200b11309__ann920.jpg,anomala,train,lettuce_downy_v1,595x377,2068969493687972128|14092556723493106555|17354705606563377936|17358225143287132791|8895693007464010435|2319746242654287388|8589176808586208496|1203499919085459696
dataset\_work\final\lettuce_downy_v1\train\anomala\-10-_jpg.rf.a98627d85990bd604b4993c05d2f2787__ann924.jpg,anomala,train,lettuce_downy_v1,443x579,4349160655305271369|14061844108032797005|9251579755139917844|18363870982467021271|5614078482971895235|5289640191874718524|15557980489658915326|1470512366402036864
dataset\_work\final\lettuce_downy_v1\train\anomala\-2-_jpg.rf.ab3127e381ad9e6c6ca79d0de1884ec9__ann926.jpg,anomala,train,lettuce_downy_v1,540x463,14140368848952673324|15583451755796815051|15584884855343965858|16496046429217462714|14689814713098453976|3225934794331143364|13446019899687890404|11702080419689285848
dataset\_work\final\lettuce_downy_v1\test\anomala\30_jpg.rf.aa69e508040015102ba91756fce64b9c__ann927.jpg,anomala,test,lettuce_downy_v1,514x339,5517341822651833803|14805141888150160940|7596001200032045449|7613803443482092654|3190362954162665165|14672043497130398028|7954594334440532329|9933068970438060649
dataset\_work\final\lettuce_downy_v1\train\anomala\images-23-_jpg.rf.aae4325ac52af491a16a510c6afa8505__ann928.jpg,anomala,train,lettuce_downy_v1,387x259,11877741440763794074|15750376423818966694|17098797395022649195|5200948635653773097|12012906209487328474|11138151534564923044|2960890750503169352|7716833507999304685
dataset\_work\final\lettuce_downy_v1\train\anomala\images-18-_jpg.rf.abfd003a14434ae94b449268f6788de3__ann933.jpg,anomala,train,lettuce_downy_v1,430x388,3051699822690458611|12350546335686337840|11986348561615824938|11161599579997858731|3469344910018373035|17535775552333437226|12388254043447223706|3037713861065070758
dataset\_work\final\lettuce_downy_v1\train\anomala\images-23-_jpg.rf.ab8190a298edc4895db12ef8350416f2__ann935.jpg,anomala,train,lettuce_downy_v1,231x424,3284869353184634230|5446597276899957649|14743561188666808388|14710615023879907037|10474031004224034379|8513250056624903725|15989716624065832652|4942903239569218508
dataset\_work\final\lettuce_downy_v1\train\anomala\27_jpg.rf.ab8f81d189c7c080ca6bdc8afb610f48__ann938.jpg,anomala,train,lettuce_downy_v1,394x594,872203465625722956|10351506743187601869|12853539254667231619|12896462586385562686|14842107135502886799|5503535412363139596|4502650578722159026|9494145350289678514
dataset\_work\final\lettuce_downy_v1\train\anomala\images-1-_jpg.rf.ac74d9a152b9e50673510407b431fbf6__ann942.jpg,anomala,train,lettuce_downy_v1,547x500,17339540720112642471|17346398645121084186|11157752415335341003|12025963138470126636|1903829254203357936|12045365963876246256|3180794877936788646|14689565059094206618
dataset\_work\final\lettuce_downy_v1\train\anomala\01_jpg.rf.ac15f379ba4af718cb0a43dab369faf5__ann946.jpg,anomala,train,lettuce_downy_v1,640x319,6519759462843864247|11934984255480583186|10073898941701448243|3336123415752718643|1356933911230587301|13246436926385715802|3727235783712197678|3702606178399669643
dataset\_work\final\lettuce_downy_v1\test\anomala\27_jpg.rf.ad43153d6102a0b3903aafa43429929b__ann949.jpg,anomala,test,lettuce_downy_v1,404x634,1239582647023421850|8373168505091419302|8700168281096774825|16159711307239053418|11992090158644605812|11153606007771443985|7699142074617250528|12242161238841539960
dataset\_work\final\lettuce_downy_v1\train\anomala\27_jpg.rf.ad43153d6102a0b3903aafa43429929b__ann950.jpg,anomala,train,lettuce_downy_v1,405x640,5670648122002657496|9922260976010524004|12896181592979519796|12889568030134198994|7274953370429010569|15587015684317557326|15159786913955700914|3799201870286747826
dataset\_work\final\lettuce_downy_v1\test\anomala\11_jpg.rf.ad0140351a9a78a8980210df6641d110__ann951.jpg,anomala,test,lettuce_downy_v1,640x636,10425425968585505660|17765098036744822977|15327338439966352608|15299390560150346232|13916169545779677942|9005980590764043920|17931567495300928212|16169156838739523028
dataset\_work\final\lettuce_downy_v1\train\anomala\-3-_jpg.rf.ad33e8d30b2e95b0bf7e9e20ae78e272__ann952.jpg,anomala,train,lettuce_downy_v1,225x401,14600452771302968374|12395775281885466259|11010641830503812717|16594897017189404233|10650548544762742444|3930623645910212554|5300389186521156838|7894313650316955032
dataset\_work\final\lettuce_downy_v1\train\anomala\26_jpg.rf.ae5e021e60459ee62ad3a0ea5058de15__ann955.jpg,anomala,train,lettuce_downy_v1,336x235,15052248713211908803|17643086635278317116|14970689937698803552|917668395700129273|4374741631234332916|14092558547973104848|17946087207298579468|6939779995557675727
dataset\_work\final\lettuce_downy_v1\train\anomala\01_jpg.rf.ae91e38bf8885fcc75add84fe06a635c__ann956.jpg,anomala,train,lettuce_downy_v1,632x362,16891918851204896462|12162423460897526924|7081507583532852677|13374695811952302172|10129911448443013544|14904322859901283562|6654159240660688057|14260003591121094242
dataset\_work\final\lettuce_downy_v1\train\anomala\-8-_jpg.rf.aee06fad4240c086029bc51da9bdafb7__ann957.jpg,anomala,train,lettuce_downy_v1,441x455,10563435532263277367|13179367159921196051|8775784271033165353|7020096754449750379|1386138690933548726|4018136848183105682|7753467762972060769|2983182185128380793
dataset\_work\final\lettuce_downy_v1\test\anomala\images-11-_jpg.rf.ae67a2eb08243fada6e40a960c08a68b__ann958.jpg,anomala,test,lettuce_downy_v1,585x488,12962703926614314057|3663850570735275373|8768678040227455275|7057887061669214763|7912201820911228978|5281711613400245427|3132990659827790433|3143941457763283065
dataset\_work\final\lettuce_downy_v1\val\anomala\images-19-_jpg.rf.adccb7f7dd829268ec62b577c8babfbc__ann961.jpg,anomala,val,lettuce_downy_v1,448x484,8084816110357030628|17380355962993087192|11876638230223505741|14606349169580665932|15605548632435930097|16475908841780360048|5506826567410365642|5605094321193472676
dataset\_work\final\lettuce_downy_v1\train\anomala\22_jpg.rf.b01c52fa1a3bfcb3ecd4499a5c46899f__ann962.jpg,anomala,train,lettuce_downy_v1,520x640,2222501830159700755|9732393393504728887|9886335010306624287|7364358480625675783|3978707182570442887|1374534273572919070|517443520881308518|2273145540484084617
dataset\_work\final\lettuce_downy_v1\train\anomala\11_jpg.rf.ae0f34f3163148e5c532001e63d5d735__ann963.jpg,anomala,train,lettuce_downy_v1,640x640,17344122621490746836|17343980617583056084|17922828482501253248|16186581573397833342|15299938180702319344|15336381339648897776|9144068979794027232|9266364786385206008
dataset\_work\final\lettuce_downy_v1\train\anomala\images-24-_jpg.rf.b0308699b2f663a99da6a52a3819d316__ann967.jpg,anomala,train,lettuce_downy_v1,640x588,15242903065258408889|3778003551325790818|7375442241341993674|11071348283344859820|7071478884279676468|13383414784564365779|12444121891060622745|14605905078798080614
dataset\_work\final\lettuce_downy_v1\train\anomala\images-27-_jpg.rf.b033fb29f6f22cfc75e1cb3f468458ee__ann968.jpg,anomala,train,lettuce_downy_v1,532x416,14535689058281874785|7233584795455412601|3925618859483796216|10637891882713593824|8744242085560541796|7018134771870251465|16192454056481038739|17875380432054876726
dataset\_work\final\lettuce_downy_v1\train\anomala\04_jpg.rf.b03a7888338a7a12986700e6903fd47f__ann969.jpg,anomala,train,lettuce_downy_v1,470x426,16530985414695672636|6370663394242340291|5508495578907273649|14821670928034195570|14061758204256479576|4349097725113625061|8243898711347278285|12819939663873274444
dataset\_work\final\lettuce_downy_v1\val\anomala\27_jpg.rf.b0785ecf921132f462bb3549c57e59ac__ann971.jpg,anomala,val,lettuce_downy_v1,618x375,17465770746623181417|12698313462933667177|14426405756029425907|17065045425602225200|7619449437470341552|7584874143894561522|3523200758826193900|17571014714381776072
dataset\_work\final\lettuce_downy_v1\train\anomala\images-20-_jpg.rf.b0aac25e9eb65521d6101e309f9b8961__ann973.jpg,anomala,train,lettuce_downy_v1,298x380,3659974388247939973|12946746074339355742|10127701875291515492|14901906161049315545|6785850101871193267|9640952887854484018|15683939795866013390|7271851439433157772
dataset\_work\final\lettuce_downy_v1\train\anomala\images-11-_jpg.rf.b038052ca4c113e180e694ec55a04eff__ann974.jpg,anomala,train,lettuce_downy_v1,565x632,9868394781903021483|12551768404418779170|11444340221013150808|9706542717820063205|2474827607826641070|12386488760711574408|16559121907963769990|6362518487888745118
dataset\_work\final\lettuce_downy_v1\val\anomala\images-15-_jpg.rf.b1d5558ae81fafa547447206f83d6563__ann982.jpg,anomala,val,lettuce_downy_v1,640x505,9932065049581887084|7950239476659881673|3491015005783549687|17559876458429389072|14521462882306905198|7826805689938400649|1196107351815795187|17827017322604491312
dataset\_work\final\lettuce_downy_v1\train\anomala\images-23-_jpg.rf.b271bfa9eac8ab049428f5e4f434431f__ann984.jpg,anomala,train,lettuce_downy_v1,194x238,13830768072375858129|211876912314462324|2624668202022193649|15801005412803439728|8372364188567007234|15128653844726345919|8100898915646327003|17422680774157626404
dataset\_work\final\lettuce_downy_v1\train\anomala\11_jpg.rf.b183a65250bee783c4926be349769a5f__ann987.jpg,anomala,train,lettuce_downy_v1,640x640,8676864774001288880|16260679278401788402|5216975114401195428|17048421894791385818|17481198745047116257|12710972594055703160|15731645297654864108|11864152466678048328
dataset\_work\final\lettuce_downy_v1\train\anomala\images-23-_jpg.rf.b211ee785fbd3b8a773e83faf572f74e__ann988.jpg,anomala,train,lettuce_downy_v1,261x389,6486984954067168360|11934426525788654537|13016201691566805659|15175605041333188132|14540893546327154597|7506509070365754970|2645383866639227602|11210213490437825204
dataset\_work\final\lettuce_downy_v1\train\anomala\images-23-_jpg.rf.b211ee785fbd3b8a773e83faf572f74e__ann989.jpg,anomala,train,lettuce_downy_v1,226x178,9286956591364559765|1024666724189615190|14047811192383656953|13560448860364747872|6211727143204304910|10796185765619818880|6932416846262186172|18001952973518402498
dataset\_work\final\lettuce_downy_v1\train\anomala\-3-_jpg.rf.b2451dba8f98464118ecab2bcc39f7dc__ann990.jpg,anomala,train,lettuce_downy_v1,432x279,7013938478155359977|8760977612963616872|7610161366986507418|7621887659953806502|7537012199856706937|16854409803198584417|12023620042062218857|11152216021463047273
dataset\_work\final\lettuce_downy_v1\train\anomala\22_jpg.rf.b251600049b6e6eed857ce576d5df725__ann991.jpg,anomala,train,lettuce_downy_v1,624x640,16582943709518804896|11005444479949411066|16467531833324903300|15631653255528589006|18019654134012165016|11580771766673548006|14854803257587003096|9555446697395259620
dataset\_work\final\lettuce_downy_v1\train\anomala\images-19-_jpg.rf.b1e240354e9bc6a0c608464d7aace52e__ann992.jpg,anomala,train,lettuce_downy_v1,469x472,14180395202126404568|15901252116960322788|11295797258517591989|14320359109958570578|16439362720842165468|15626194577363487428|5913821068080102598|13094151357898408604
dataset\_work\final\lettuce_downy_v1\train\anomala\images_jpg.rf.b12c50ab590a1cf45026c49a1e322a97__ann993.jpg,anomala,train,lettuce_downy_v1,640x640,14448596383098856384|16446690797512177884|16448918682852431008|15607732318034384634|15868545832973385444|13899121950069457864|18074865695544154584|11571071625764554468
dataset\_work\final\lettuce_downy_v1\test\anomala\06_jpg.rf.ad0094f493356abb897937058b370217__ann994.jpg,anomala,test,lettuce_downy_v1,357x423,16633716165634676364|10994646108549256398|13280732293449426865|16324769004604824178|14885581163184034968|10148390291952162534|8222103799879863778|12801231340878122680
dataset\_work\final\lettuce_downy_v1\test\anomala\images-31-_jpg.rf.b3211058835deb3da9abdb3ee99be78e__ann999.jpg,anomala,test,lettuce_downy_v1,409x317,15326114896478527820|15308524359707621581|10982421134848780131|16602899722115027249|14805804844678214356|5539827829602824660|3535635573611522534|7162807758728030616
dataset\_work\final\lettuce_downy_v1\val\anomala\27_jpg.rf.b32bac7a59b4df368a200d81bea9cc74__ann1001.jpg,anomala,val,lettuce_downy_v1,589x336,14304157856613128553|11293962355101033577|1338048780983262417|13219985330773083236|7594316414601051292|7627278827711070918|7261098548221081271|15122145173942079762
dataset\_work\final\lettuce_downy_v1\test\anomala\27_jpg.rf.b32bac7a59b4df368a200d81bea9cc74__ann1002.jpg,anomala,test,lettuce_downy_v1,596x361,3774272338232006726|15256340052949132445|18414634781248180918|22175899099378834|11377386047108856275|5105083983111675956|10571185125105094144|13173831299152776703
dataset\_work\final\lettuce_downy_v1\test\anomala\images-15-_jpg.rf.b3862d09fff6775f421a106b2c4bfd27__ann1004.jpg,anomala,test,lettuce_downy_v1,632x403,9699550861737105883|11395974610727626276|10768481416151553120|6228994148027323633|2623006679643596446|15823868200086051718|17425596620377256278|6977231739346514325
dataset\_work\final\lettuce_downy_v1\test\anomala\images-18-_jpg.rf.b37906cd42f7317b645186bc40b23441__ann1005.jpg,anomala,test,lettuce_downy_v1,400x346,5895447022870354283|8499511668692509993|2276946923055574317|533137156979902795|2982988862333449333|7735305055071752273|5424965539742443015|3273313912641526047
dataset\_work\final\lettuce_downy_v1\train\anomala\images-21-_jpg.rf.b3f8c0661ef73e557cc1b250904f504f__ann1012.jpg,anomala,train,lettuce_downy_v1,640x640,16152349372413684170|17936652916725279404|6546198306166632096|11935907126166522362|12423991667936914424|14603406565457012960|18053019711362081957|11560268676146190426
dataset\_work\final\lettuce_downy_v1\test\anomala\images-24-_jpg.rf.b3f543826a628c272a52f2a9dec9678b__ann1017.jpg,anomala,test,lettuce_downy_v1,640x617,17481401961161061018|12729047839573062054|14471396682501757429|17064317963343849040|12011580239955732144|11129189172859542258|5793438830076023020|17697255549994456264
dataset\_work\final\lettuce_downy_v1\test\anomala\13_jpg.rf.b3cb4d211b813902cd4c69002799725b__ann1018.jpg,anomala,test,lettuce_downy_v1,382x458,7319642213663066108|6473385758543908288|17054449641936307748|14432407424744398043|13838741178919867993|18178595095511012453|15824691609598315208|2649917905605733868
dataset\_work\final\lettuce_downy_v1\train\anomala\images-21-_jpg.rf.b3fb816983e4a9eabefd6327579b0879__ann1020.jpg,anomala,train,lettuce_downy_v1,640x640,12265101055790720152|12147291530956823270|15193166604932388037|13034789644673603164|16634831156702450600|10999105634198369962|6689734253520938164|14237095326073280722
dataset\_work\final\lettuce_downy_v1\test\anomala\images-11-_jpg.rf.b508bd05b11f9e356ce60663e9df7b45__ann1021.jpg,anomala,test,lettuce_downy_v1,610x521,3879401149382806637|6022607568513518921|12202601706673311790|7702603858888160907|5318139447808201811|7875727687789499957|10085411445625185642|3355417694761998505
dataset\_work\final\lettuce_downy_v1\val\anomala\-8-_jpg.rf.b3d7598b62ed17c702bda98b47d47039__ann1024.jpg,anomala,val,lettuce_downy_v1,445x401,14902629620176055492|10156915177867233500|6659922906154064114|14252147787374060720|15909120055726371980|14189943685395173582|12746538008603052485|17498961668695944284
dataset\_work\final\lettuce_downy_v1\train\anomala\26_jpg.rf.b447fd03ba95a91b173fe0fa70d05ea1__ann1025.jpg,anomala,train,lettuce_downy_v1,227x310,14880484998206136002|10141727979574036156|4334191500196156816|14095101159451809526|13584587381753233036|13987787930989134542|17750465497022569411|10418433102860002876
dataset\_work\final\lettuce_downy_v1\train\anomala\images-23-_jpg.rf.b53faf692dd95390295ac936b462ed27__ann1026.jpg,anomala,train,lettuce_downy_v1,412x249,13158301830960303593|10531187020611210344|9954189079697173597|12599868494935870277|7515589079414220434|16847335849961823158|5029194367474719662|6713860416723887242
dataset\_work\final\lettuce_downy_v1\test\anomala\images-23-_jpg.rf.b53faf692dd95390295ac936b462ed27__ann1027.jpg,anomala,test,lettuce_downy_v1,139x219,4042246425660689966|16422218067601756043|14182055995455804566|15633344972819060374|10056370736159844323|3318617569341020216|10868879683153097944|10850534629556408516
dataset\_work\final\lettuce_downy_v1\val\anomala\images-1-_jpg.rf.b541931ffca856be1382d76410d231be__ann1028.jpg,anomala,val,lettuce_downy_v1,524x615,5778231215978327256|8494801868270193636|15044466539402540948|17648632939003843286|16486431060156605301|15576955171197300816|15425556377749875956|10716129275136624848
dataset\_work\final\lettuce_downy_v1\train\anomala\11_jpg.rf.b55705e4bd4bf143c73085ad6eb09971__ann1034.jpg,anomala,train,lettuce_downy_v1,640x640,15038826606018055400|17641262228941950440|16190627824490416870|4103529554521206424|16775233106064626420|16738866589715510480|11001886444970766904|16612176526794469600
dataset\_work\final\lettuce_downy_v1\val\anomala\22_jpg.rf.b5ba234f520f90af47b818178a6e561d__ann1035.jpg,anomala,val,lettuce_downy_v1,611x640,12550253650487158308|9953888874756676569|12690108597621503630|17493852247220917134|15680290978450711434|2604864500149857198|10273772555850860274|10247480061428112560
dataset\_work\final\lettuce_downy_v1\train\anomala\-2-_jpg.rf.b64ee51a13f22f13ed5b5c065e13ddff__ann1036.jpg,anomala,train,lettuce_downy_v1,477x515,15008703963109667507|16460087927924044594|16093811347174935768|352919642613665252|3653435090898939364|12912425020849932752|16486902584235451652|15585977331858299103
dataset\_work\final\lettuce_downy_v1\train\anomala\22_jpg.rf.b5fc55b29b3447d154d6a914895d1a41__ann1037.jpg,anomala,train,lettuce_downy_v1,588x640,10813832594395196160|10860203114914456063|16469217728173617551|15604596528686395918|18383994348937262998|30249014221017750|1041076690172350168|10354156112934768356
dataset\_work\final\lettuce_downy_v1\train\anomala\images-24-_jpg.rf.b6db073acdc7eb53423240cb19c59193__ann1043.jpg,anomala,train,lettuce_downy_v1,640x640,15615920450665107689|16470464731062924392|12797659036958472858|8261336297468175270|7562839670826504932|16848149579250841304|12007618691063195250|11113330090407860913
dataset\_work\final\lettuce_downy_v1\train\anomala\images-37-_jpg.rf.b69e5b39f2deb0bba060e425378432bc__ann1044.jpg,anomala,train,lettuce_downy_v1,557x640,13351887178098169209|7072209810211100001|13469266043474949306|11729820563283039138|7013699093583701346|8743073109708262329|11732878347904075938|13417505810564705466
dataset\_work\final\lettuce_downy_v1\train\anomala\22_jpg.rf.b889f416e6a7ca5f04e48b425a6e5d86__ann1048.jpg,anomala,train,lettuce_downy_v1,562x640,9919802772577012718|7974436741572013448|11433456330396279490|9667588825837452220|9812562187324205678|17170927358714620553|13599626119319661190|13988803423136099230
dataset\_work\final\lettuce_downy_v1\train\anomala\images-15-_jpg.rf.b79a27f9c569855f253a1abe849fcd9a__ann1049.jpg,anomala,train,lettuce_downy_v1,640x509,15176677495499534489|13008147367414264678|7627015755156798438|7630406365999604376|7418458056053851828|11038580856185921234|10962405296431359081|16626002770387458153
dataset\_work\final\lettuce_downy_v1\val\anomala\04_jpg.rf.b8280db670bdb0bc67e1ff1af7ec0408__ann1050.jpg,anomala,val,lettuce_downy_v1,426x480,14821389970743635371|5544524440065428266|7648562095728834762|12203518256959054764|3047690250158338636|12334715871500415181|12457811560705514409|14571519493557069162
dataset\_work\final\lettuce_downy_v1\test\anomala\-8-_jpg.rf.b8158d44a085a77da615d798cfe2525a__ann1051.jpg,anomala,test,lettuce_downy_v1,338x425,14901519341862085668|10145647030615005659|8400511041874483852|15120491522715985102|15841778291453512844|2622306412542610638|14890249026166773457|10149614815293510772
dataset\_work\final\lettuce_downy_v1\train\anomala\images-1-_jpg.rf.b691fb367987ce9dda369f0dcefa73c8__ann1053.jpg,anomala,train,lettuce_downy_v1,540x489,15155412452667726384|13021336803530811122|12116499626847986866|16905336056365767090|17484711204442387892|3502333973459587794|12887411182173002730|12854520127780300456
dataset\_work\final\lettuce_downy_v1\train\anomala\03_jpg.rf.b89d805dc8edf96654a50c0b6475a918__ann1060.jpg,anomala,train,lettuce_downy_v1,326x452,4050202034094629694|16380528137393158531|12946480132720480642|3614767172889441454|9455761097430881251|4495655133118805304|12570902831595989554|9426443425330473907
dataset\_work\final\lettuce_downy_v1\train\anomala\28_jpg.rf.b6a42573eb8115fbb5adc3a602b3f508__ann1062.jpg,anomala,train,lettuce_downy_v1,586x640,5395863161181632681|12427912766334230626|16854973311532196268|7559530331686467786|7124946024209086636|12247777655917961546|14589682403809749096|12457397357184870633
dataset\_work\final\lettuce_downy_v1\val\anomala\26_jpg.rf.b90313fd361c3a34866d32fba0277392__ann1063.jpg,anomala,val,lettuce_downy_v1,253x344,5676386206779920096|10204090826782379512|2032869824997479924|14381070398564750544|17910023084173597837|16162868375592355406|15011718378149876679|17642171841603974684
dataset\_work\final\lettuce_downy_v1\train\anomala\-8-_jpg.rf.b8b1efb5b5d42465c5a9234c8e916de5__ann1064.jpg,anomala,train,lettuce_downy_v1,476x449,3141763600656656488|3127306174011664873|5952860227820503088|13098311136920239315|16855242109927319083|7523373512443664683|15239245220895573685|3513030278158130258
dataset\_work\final\lettuce_downy_v1\test\anomala\images_jpg.rf.ba000e07460815f2c92b4f085a471677__ann1066.jpg,anomala,test,lettuce_downy_v1,640x640,14470794397956551057|17056422976891155062|15601070106377704396|16482809214153404620|8534998749067785452|10498429336767877832|14713302376743419620|14759311440596861656
dataset\_work\final\lettuce_downy_v1\train\anomala\22_jpg.rf.ba17ce79ea137387a26c58c5a0d6b017__ann1067.jpg,anomala,train,lettuce_downy_v1,531x640,9451709928111680463|4479924562149714700|13234896167383806914|1308907504022270908|876930151682878270|14928061884626643843|13561208902261680658|13993554137951480759
dataset\_work\final\lettuce_downy_v1\train\anomala\images-18-_jpg.rf.bad09dc5c49f90854d70c9ea8c8d31a7__ann1069.jpg,anomala,train,lettuce_downy_v1,407x366,15262899063370256170|3815765857732398763|6499439910110700823|11940056823225867031|12325847164240720948|3066902911166828755|1683039398382973861|1667780645489095258
dataset\_work\final\lettuce_downy_v1\train\anomala\-2-_jpg.rf.ba3e30d4492e8cadbcd3182cdaaefe79__ann1070.jpg,anomala,train,lettuce_downy_v1,576x541,14464651241050183878|17060265041595655836|16975077054785770226|2897669274417607856|11305814670075282156|14310387577763642568|12732865005781136936|17497157168449098731
dataset\_work\final\lettuce_downy_v1\train\anomala\images-23-_jpg.rf.bc8c1462807029f76ec05112e231776a__ann1077.jpg,anomala,train,lettuce_downy_v1,212x234,6045718095703831543|3862067812897271824|11302003634506100848|14331840265670160625|1166492459720677429|17866786404461504083|17433690123809907910|8138260491354560668
dataset\_work\final\lettuce_downy_v1\train\anomala\04_jpg.rf.ba908b1bbb4f923b4c6238b2a2bf1ec7__ann1079.jpg,anomala,train,lettuce_downy_v1,422x535,11178301693256645048|2772965214408303202|5782671067057465026|17653487883223866044|7089319692917898022|13310869400732967323|13590237045439725044|14026148317275897936
dataset\_work\final\lettuce_downy_v1\train\anomala\images-18-_jpg.rf.bba3a642b6f48ff076fec8884eaa307b__ann1081.jpg,anomala,train,lettuce_downy_v1,409x348,6039843737404312489|3851797008400781162|3267875747324587306|5432806019708832171|7642508172658504757|12181070353842688339|12342494566831908171|3057211467134884141
dataset\_work\final\lettuce_downy_v1\train\anomala\30_jpg.rf.babd757c322704c96c0fb2897e4f5789__ann1083.jpg,anomala,train,lettuce_downy_v1,545x334,3046232905214089418|12366279513306949036|15910598212795869673|14144905501332892264|12458603292833455531|14580513790683792938|7523943004756528324|16837175383170010588
dataset\_work\final\lettuce_downy_v1\train\anomala\images-15-_jpg.rf.bba6077bc8ed4143e10ee8fc1d0dda17__ann1084.jpg,anomala,train,lettuce_downy_v1,618x303,9381344457187044539|13723349699204991522|14517589285581498504|3234029210459171790|2506978379994067902|13523243490061529474|14910195341781688620|9811121107985922249
dataset\_work\final\lettuce_downy_v1\train\anomala\17_jpg.rf.bb3f475d8589bbb67c417af7020a5972__ann1085.jpg,anomala,train,lettuce_downy_v1,524x286,2493769012671729254|13485557199959395481|15616786620461786705|7224584083764058741|11064441472967386811|7407907196570540834|8474281752542593636|5883586387914570200
dataset\_work\final\lettuce_downy_v1\train\anomala\images-27-_jpg.rf.bb327043563e64d400320db813b69662__ann1091.jpg,anomala,train,lettuce_downy_v1,603x528,6475310166191522504|7333206466506374636|13315406019047025446|16315473151076673947|17058990681370444901|14430187253545098329|11180565717360864482|2768418465501137336
dataset\_work\final\lettuce_downy_v1\test\anomala\06_jpg.rf.bca6f827a3fbee59a929626af24a3602__ann1093.jpg,anomala,test,lettuce_downy_v1,472x419,12135738756608265451|16909200652770922024|15117091583567821478|8407290533120483738|2940347703639189994|16973103729317145256|11142228967311977588|11996071616132074193
dataset\_work\final\lettuce_downy_v1\train\anomala\27_jpg.rf.bd3b679c998d8f0a5e2248985d4f658b__ann1094.jpg,anomala,train,lettuce_downy_v1,616x391,4882704419119561065|4447415462760046697|1203209098673051736|17848577646687478949|7593179793921980477|7636373979377812035|11953900075721339639|6402127335589982736
dataset\_work\final\lettuce_downy_v1\train\anomala\27_jpg.rf.bd3b679c998d8f0a5e2248985d4f658b__ann1095.jpg,anomala,train,lettuce_downy_v1,598x353,7091464984980898786|13360333277947764152|13428266831514215781|11575777638789569113|13267015749533198777|16304131154124040546|6438729571438994848|7324419289384573626
dataset\_work\final\lettuce_downy_v1\val\anomala\images-29-_jpg.rf.bd156c50972e66ae46d5abcb448d5fc4__ann1096.jpg,anomala,val,lettuce_downy_v1,539x402,13644724113612391932|4766370183184342208|9264295389656673900|13724220371368708553|13861155669979964738|18213984996720139197|14522310781988075198|7813400736357912960
dataset\_work\final\lettuce_downy_v1\val\anomala\04_jpg.rf.be3adb74415bf44f3373bb851d7c3c20__ann1097.jpg,anomala,val,lettuce_downy_v1,518x365,12883204741112753593|12874830162630953314|15480725849078799667|10706347395031909939|7082221248634530994|13361519504620178098|3694867225087743124|3719283533942281942
dataset\_work\final\lettuce_downy_v1\train\anomala\images-1-_jpg.rf.be7f4256fe09bed809a9213ddf59885e__ann1098.jpg,anomala,train,lettuce_downy_v1,475x496,2771460167127681612|11209973587470233037|3901329248927705451|10654260997617576233|14820691848943866267|5497429025019426342|2983999498625866643|7739767059878126646
dataset\_work\final\lettuce_downy_v1\train\anomala\26_jpg.rf.bc9ed4516d838813e8f1fb40412f3312__ann1099.jpg,anomala,train,lettuce_downy_v1,234x353,3469888492245600794|17517698751127268519|10633653433055620529|3905805400252369522|12082100685091249139|1930499487298823984|8235632720956699702|12803140233936999059
dataset\_work\final\lettuce_downy_v1\train\anomala\images-34-_jpg.rf.bc923b7bc7c7c9038dd9d05bfcc7dee4__ann1100.jpg,anomala,train,lettuce_downy_v1,386x299,11906624569655268755|6540128880378992182|7414500356031661212|11049833116857130438|3915391471916991322|10634473495873141925|14329783164776765593|11260202229603820902
dataset\_work\final\lettuce_downy_v1\train\anomala\27_jpg.rf.bf6dbb4f3ed159b0ec8e7ee86b569e76__ann1101.jpg,anomala,train,lettuce_downy_v1,401x640,781634476000946472|12674475847755983851|18156757248330948970|2333054677202794665|16963867494622749871|2893910371262584842|12211576553027166240|7701652116653406715
dataset\_work\final\lettuce_downy_v1\train\anomala\27_jpg.rf.bf6dbb4f3ed159b0ec8e7ee86b569e76__ann1102.jpg,anomala,train,lettuce_downy_v1,412x604,10586733039541918153|13125875419417699948|15258558798513664050|3782088799001047475|7811049815478511798|14526863940796935058|12966268418745269300|3634635012399874515
dataset\_work\final\lettuce_downy_v1\val\anomala\26_jpg.rf.bd2ac35c0edcfa8e14b280c38d0d09b1__ann1103.jpg,anomala,val,lettuce_downy_v1,296x305,1168732725705856614|8638972679276696985|1931713916670565048|11568679502153557218|11066918153233359735|7374102095305914384|16331236108097850528|13320191474383703578
dataset\_work\final\lettuce_downy_v1\train\anomala\26_jpg.rf.bed335f66ec3137030382c25efcfb248__ann1117.jpg,anomala,train,lettuce_downy_v1,272x286,12864140478128501493|12870766730640011856|16414147211351760012|4083705791861147598|5814910412573286066|17704374247815349938|14899902097678707768|10096110765468797667
dataset\_work\final\lettuce_downy_v1\test\anomala\13_jpg.rf.bea188b139dbdf16d12488458d90b036__ann1119.jpg,anomala,test,lettuce_downy_v1,372x365,10764389831756302536|6249074742195318252|616551740538235060|17261885806042803154|17072418823345060182|14431970898632991381|15198392991355604719|12981747527332040200
dataset\_work\final\lettuce_downy_v1\val\anomala\images-28-_jpg.rf.bf8557ef3455e67ba4c24ef41a666085__ann1120.jpg,anomala,val,lettuce_downy_v1,603x590,16203014905209261184|17925674806995701502|16759168188441858806|16777772052934768272|18360653680191653112|9262879152693632224|10391676988138903272|17767292529688351976
dataset\_work\final\lettuce_downy_v1\train\anomala\22_jpg.rf.c0313d4777e954d00347896c6e65128e__ann1126.jpg,anomala,train,lettuce_downy_v1,640x555,13980622325352338059|13573668443510453806|5271974848559954832|7884488427508540134|3365981617512996796|10057247917122848194|16582908541842778989|10428987984950929737
dataset\_work\final\lettuce_downy_v1\train\anomala\06_jpg.rf.c28d170cc5a0b777aa020621281ad53f__ann1138.jpg,anomala,train,lettuce_downy_v1,456x422,8697724841237582697|16272242576504862313|16633078968298624216|11012557503007413476|7581405109341311713|7607439711824950392|16488893967962133656|15624241796992849126
dataset\_work\final\lettuce_downy_v1\train\anomala\images-11-_jpg.rf.c1b79094dd86876ea00bdd65f8923990__ann1140.jpg,anomala,train,lettuce_downy_v1,632x563,14894407947135539402|10102266947696387244|10401471047190202552|17754792321988029922|12458254866037748364|14616648284384637902|16351986700726134262|13278943618790480272
dataset\_work\final\lettuce_downy_v1\train\anomala\images-11-_jpg.rf.c0bb8bfd9f0dd744cb426f1e60db0908__ann1145.jpg,anomala,train,lettuce_downy_v1,565x640,12694536609892544748|17495164506426635208|13892710039580419270|18216133380107590292|14480080901357161458|17019339132508122288|10726011660682972412|14313760800015305920
dataset\_work\final\lettuce_downy_v1\val\anomala\30_jpg.rf.c402940f8eb1403c679472fac1579a76__ann1148.jpg,anomala,val,lettuce_downy_v1,544x427,9486092255179585270|4493050203858178960|7586820918070218902|7595686126624962454|10417941866619427390|17741526698637043075|10878400757469309289|10813165401765923177
dataset\_work\final\lettuce_downy_v1\train\anomala\16_jpg.rf.c4b4b0fa4eeda130589c851056473d79__ann1151.jpg,anomala,train,lettuce_downy_v1,416x569,9588843800211258259|6825109829440053558|15481631448432702351|10692755649003335694|3900624805982484318|10627172299145089669|1022569112356545684|10372732170800060886
dataset\_work\final\lettuce_downy_v1\test\anomala\images-15-_jpg.rf.c56a4f01da897030a4dadaa18596693d__ann1155.jpg,anomala,test,lettuce_downy_v1,640x559,11684216248787508692|13446563609672173268|17933206074214143104|16142073592369763838|15295970549550455738|15320634379532510882|18362698965703066848|9247131426192351224
dataset\_work\final\lettuce_downy_v1\test\anomala\images-15-_jpg.rf.c6aa8fd803445eb1bcc6da1b1344ca13__ann1158.jpg,anomala,test,lettuce_downy_v1,640x508,7418193968178103989|11074600831338913362|15578762315198555752|16479647867999000809|5953252681985470617|13080198638456074854|16832373256030303204|7558911740178674392
dataset\_work\final\lettuce_downy_v1\val\anomala\01_jpg.rf.c52f14dcf0983a5db6e8807430c367af__ann1160.jpg,anomala,val,lettuce_downy_v1,407x640,1739624045231789650|16707151359536567477|13030228887589860489|10580304331860660846|13084325438589361127|5969174044457706520|7985467787039134866|9922788812842128564
dataset\_work\final\lettuce_downy_v1\train\anomala\11_jpg.rf.1ef67d777596b5c210876e1120e75b1d__ann1168.jpg,anomala,train,lettuce_downy_v1,640x640,9841672906087244516|7986670244366162648|15047253947463682802|17632813282742676656|15607964090299504238|16474988060713784456|12730737216298857716|17494983511689777872
dataset\_work\final\lettuce_downy_v1\train\anomala\images-11-_jpg.rf.1ef77e3e37b8463ab0423b7fb00284eb__ann1169.jpg,anomala,train,lettuce_downy_v1,640x569,10879419903573154552|10817806544313033952|10406847426775508040|17782963298767657388|16187252775624712342|17931867769804356502|12455226955488741878|5216475449861631120
dataset\_work\final\lettuce_downy_v1\train\anomala\images-23-_jpg.rf.1f0d58d1cd29e3f442cc46346ad3a1bd__ann1172.jpg,anomala,train,lettuce_downy_v1,388x245,15768390514703575703|11877178568011065878|9012742106290646502|4699350576359164056|1633169255601460388|10928701294190515418|10973278269372249921|16640141677200216957
dataset\_work\final\lettuce_downy_v1\train\anomala\images-23-_jpg.rf.1f0d58d1cd29e3f442cc46346ad3a1bd__ann1173.jpg,anomala,train,lettuce_downy_v1,176x214,11256870827120318488|14331564219643782375|13274875396138366675|16313116011288695092|16709639756483519430|1790451556696471708|3787977985803707362|15237479539477330360
dataset\_work\final\lettuce_downy_v1\train\anomala\images-23-_jpg.rf.1f8abce32d40c7ac345aca26c149990b__ann1176.jpg,anomala,train,lettuce_downy_v1,260x390,5343071199409875032|12509761374126205925|2640400731414964122|15842139986010446502|16567531030942686125|6352453112424703562|11968926016989485787|11144064697653175332
dataset\_work\final\lettuce_downy_v1\val\anomala\images-23-_jpg.rf.1f8abce32d40c7ac345aca26c149990b__ann1177.jpg,anomala,val,lettuce_downy_v1,222x172,16205012285075346324|17886288864331183318|14043342914567339001|13562696244952572000|15435099111348254968|10724128171579728864|6926796142753626300|18013211973125792706
dataset\_work\final\lettuce_downy_v1\val\anomala\11_jpg.rf.1ff9b29d94a1a1e7874ec7b5652859b8__ann1178.jpg,anomala,val,lettuce_downy_v1,605x640,12876831084539391402|12840451221584759466|14752293251720001732|14745570567049175772|12270702298966143666|12298677071494886322|15916401866830422732|14175125094185876172
dataset\_work\final\lettuce_downy_v1\train\anomala\27_jpg.rf.206fcc5db2d1ae467da9f9c2f9c85085__ann1179.jpg,anomala,train,lettuce_downy_v1,590x379,12205993498154118300|7699353992430865350|1786684309573835418|16655497143509329574|14324775889984412010|11253427415296664745|11972371336786224359|11140473698850687768
dataset\_work\final\lettuce_downy_v1\train\anomala\27_jpg.rf.206fcc5db2d1ae467da9f9c2f9c85085__ann1180.jpg,anomala,train,lettuce_downy_v1,621x369,2998615447956896018|7730116243342058422|3937522973932622828|10654066384296949448|13142596029232924267|1313213609093405993|14426845767443995283|17047023355676632118
dataset\_work\final\lettuce_downy_v1\train\anomala\26_jpg.rf.200d1467eacb5bdb68c110f6b23e61c0__ann1181.jpg,anomala,train,lettuce_downy_v1,237x268,4052171817787795086|16412194344189533070|14808842262822474578|5493888204018103733|10275833289182004195|10242900278809738296|13057401742750531148|5932177298061231053
dataset\_work\final\lettuce_downy_v1\test\anomala\30_jpg.rf.1fd2b858523fb33b44c0691332d0ae32__ann1182.jpg,anomala,test,lettuce_downy_v1,351x551,12513719876168899033|5362215165379765348|16671662311200804458|1749044474163072425|7234096418110728778|15697800377865447853|12217660725586969880|7660170734196776423
dataset\_work\final\lettuce_downy_v1\train\anomala\16_jpg.rf.1d0c6b1c0007926479e82540ef3ffc0d__ann1183.jpg,anomala,train,lettuce_downy_v1,491x619,11222199953531976078|2756824856795964046|14768315582762280902|14713513542261741980|10259845199542174246|10284441870801288603|11248137493903978700|14296511891811922892
dataset\_work\final\lettuce_downy_v1\train\anomala\images-15-_jpg.rf.20953339e1c29659ff688400b9e874b2__ann1185.jpg,anomala,train,lettuce_downy_v1,640x467,7411425374597514937|11071196743339318882|11034597030950856292|7402013906964158681|7106174186590741657|13368429014606994022|15679309914453096806|7270612093718700697
dataset\_work\final\lettuce_downy_v1\train\anomala\images-18-_jpg.rf.20307849ba8d733f1bed98a29c29aec7__ann1186.jpg,anomala,train,lettuce_downy_v1,374x320,10463152498833853485|8562001207846030923|6463007592190078628|7300919293969664346|5462338791737315958|3282204884062254225|6523986854035018341|11848447944258203993
dataset\_work\final\lettuce_downy_v1\train\anomala\images-1-_jpg.rf.206e9dcc1135cc68310ae155096cb501__ann1187.jpg,anomala,train,lettuce_downy_v1,504x467,1831077301392611731|7451537255529473590|2627344980142288230|11209973585284975001|3919939730999699815|10635753723139942681|11045478534210621851|7380777273851672100
dataset\_work\final\lettuce_downy_v1\train\anomala\26_jpg.rf.207aa6cf6c15266826c4e886d2e811c5__ann1188.jpg,anomala,train,lettuce_downy_v1,309x283,16619466482102570016|11014348465185738507|1186747259758741198|8638409748533190284|851113893187279512|2309286914617025766|10132703225288843639|14881606587384625168
dataset\_work\final\lettuce_downy_v1\train\anomala\27_jpg.rf.2010ee8f4ab65771375d009ecd4157b6__ann1189.jpg,anomala,train,lettuce_downy_v1,604x348,3871185745337791536|5936469748927288307|7524572619747660592|16846165792712177395|17569573130867008082|3473518632388442421|17525461758374496745|3500335154095090792
dataset\_work\final\lettuce_downy_v1\train\anomala\-8-_jpg.rf.20af61f60390affbdaabb12666a45f07__ann1193.jpg,anomala,train,lettuce_downy_v1,356x417,7306640591182022872|6456359872067071204|10504670647128300122|8569373508127074181|16495740594205333849|15620975872535062117|9630823127974407286|6492658099354519697
dataset\_work\final\lettuce_downy_v1\val\anomala\images-28-_jpg.rf.20c02720789968343d5c1d7b3b7668c7__ann1194.jpg,anomala,val,lettuce_downy_v1,577x640,7991245482189118480|9914716677100324087|16760764783236795635|16764284355023653936|17853452629995591817|1215078230203819630|3516417160349198056|17567614831865010920
dataset\_work\final\lettuce_downy_v1\train\anomala\17_jpg.rf.212e3dfdb77a5f81de591b1af70c1776__ann1195.jpg,anomala,train,lettuce_downy_v1,572x395,12753304521891406671|17492144608927430925|10577447702988222885|13163136443297067354|953041486995570930|5720618862669921456|6517193102428122294|11921559168859032210
dataset\_work\final\lettuce_downy_v1\test\anomala\27_jpg.rf.2191910b209b0aa696cddeff62017bc3__ann1197.jpg,anomala,test,lettuce_downy_v1,360x621,3941885853288673992|10651815545489928940|12928394121846014570|3470437826044673449|17019922719859921555|14461736176377443382|12231064984074332464|7656930586881256115
dataset\_work\final\lettuce_downy_v1\train\anomala\03_jpg.rf.21537fd5f2fc70a4029eb12cd103a34a__ann1200.jpg,anomala,train,lettuce_downy_v1,290x451,2557090274758333217|4305941037537703545|7373731404698511911|11084621311399667995|8734228238379172155|2419439658872896547|1993321772727719065|2840137587862099046
dataset\_work\final\lettuce_downy_v1\train\anomala\28_jpg.rf.2158cdcaf9a212871199edc96eaf8550__ann1202.jpg,anomala,train,lettuce_downy_v1,640x555,12025161752576850363|11130875833937322018|13146236915752956122|10588513119222821024|2477209423749085338|13545126618258006438|11597005309129060754|15776273016210616502
dataset\_work\final\lettuce_downy_v1\train\anomala\-10-_jpg.rf.22853129dd2e21991f6dc934394b3669__ann1203.jpg,anomala,train,lettuce_downy_v1,578x412,2910396943209093249|16949733043219064190|12244210630765894162|7694623930669376695|9143931455885031915|9320301217853629224|13232917606321342570|1358640343606422697
dataset\_work\final\lettuce_downy_v1\train\anomala\images-2-_jpg.rf.217ef649e1a4959d461eb782b6ce17dc__ann1204.jpg,anomala,train,lettuce_downy_v1,558x454,14606248655542653592|12408107726894970598|10957902034810099612|16624876485428712646|16624574667200672428|10994031982191686602|14273237370851407846|11301610490553766552
dataset\_work\final\lettuce_downy_v1\train\anomala\images-29-_jpg.rf.2173db103006b672b4e55312433c3d61__ann1207.jpg,anomala,train,lettuce_downy_v1,632x537,7238468611207900836|15695558606919600858|16630270300880302664|11001333615202316525|15747615600997028313|11866664857723237476|17127385841716866200|5256459749122558694
dataset\_work\final\lettuce_downy_v1\train\anomala\images-31-_jpg.rf.21c01dbc9076d44a426e7da79fd74ca8__ann1209.jpg,anomala,train,lettuce_downy_v1,297x401,4042360900442768365|16386177596560522312|15290083489990238553|15308700266296539237|5205163730536851427|17132767569684011320|7311744086030775252|6476719968032993748
dataset\_work\final\lettuce_downy_v1\train\anomala\images-31-_jpg.rf.21c01dbc9076d44a426e7da79fd74ca8__ann1210.jpg,anomala,train,lettuce_downy_v1,265x434,5533459655379333747|14820445063835071281|1823225121067593058|7443704262330960313|3581228613980957901|8300933669687446092|13351286758492949863|7092550897391455513
dataset\_work\final\lettuce_downy_v1\train\anomala\images-40-_jpg.rf.227ab34b056ddc74929e759970875af9__ann1211.jpg,anomala,train,lettuce_downy_v1,422x480,11899869845839429931|6546496864552385835|2576576524585314453|4286464439099255382|3133901323139078490|3116953400929166501|6263058314890083387|10784015150648574243
dataset\_work\final\lettuce_downy_v1\train\anomala\04_jpg.rf.20cc9a0ef1d778fb643b41644c5e54c0__ann1214.jpg,anomala,train,lettuce_downy_v1,485x416,12415172200763226613|14566134972565708880|15935228799657732722|4925686386055162289|5791677733743240650|17724421642166029228|12801987388315097924|8244450661824865757
dataset\_work\final\lettuce_downy_v1\train\anomala\-10-_jpg.rf.22080af4b1be2cd851aade27ba0aef7e__ann1215.jpg,anomala,train,lettuce_downy_v1,414x587,12949190829793856217|3662231553006021732|7884341275016531089|5307927868713324150|7254215646569615922|15693527042274669747|8560794391131498825|10487845428313090669
dataset\_work\final\lettuce_downy_v1\train\anomala\13_jpg.rf.221aacff4749ffb5c9c3566c1e30ab38__ann1218.jpg,anomala,train,lettuce_downy_v1,327x331,5638312705594977588|10160980501289912787|9820475524419070165|17180552054098749972|15224715708812034957|3777833294315339598|1507202933263265262|15395672245734361480
dataset\_work\final\lettuce_downy_v1\train\anomala\images-11-_jpg.rf.229ecab96bf0207fc64537c3c224d7bc__ann1220.jpg,anomala,train,lettuce_downy_v1,640x552,12532564255644726828|5388775398829036491|4956857098738693590|15973192409017373076|14669228517670438986|3185863832830274733|10687449614936550621|15453453187268987460
dataset\_work\final\lettuce_downy_v1\train\anomala\images-21-_jpg.rf.22ff3f93b360569ce30d3a87f486e469__ann1221.jpg,anomala,train,lettuce_downy_v1,640x640,16768718271041811660|16758687828070552268|18003642583271251668|6945787226427000532|14759086312096109288|14750428201921853160|15314104177721107552|15320958712999959033
dataset\_work\final\lettuce_downy_v1\train\anomala\27_jpg.rf.22e80c02c3f6f9f6340ae947b93fdcb9__ann1225.jpg,anomala,train,lettuce_downy_v1,424x640,15044507315008136685|14153745393790507336|16350814093991008506|13288077876305650848|5213255383387499716|17106311425293535440|11593651772219746488|18075417851975625186
dataset\_work\final\lettuce_downy_v1\train\anomala\27_jpg.rf.22e80c02c3f6f9f6340ae947b93fdcb9__ann1226.jpg,anomala,train,lettuce_downy_v1,438x640,9234967719150662324|18314929756992942802|17361642374247858889|17325471997222304876|15182421369036155902|13020518041080965504|7835253694947946736|14538298969725989104
dataset\_work\final\lettuce_downy_v1\train\anomala\images-40-_jpg.rf.24fd8ec2465bdf15ec7d54511caafa00__ann1227.jpg,anomala,train,lettuce_downy_v1,493x458,5072674801002641002|11338300951868248489|4065297968296387590|16404806466668190111|12218710612992874909|7671555370992690502|11518459239204170211|460612474720643640
dataset\_work\final\lettuce_downy_v1\test\anomala\images-27-_jpg.rf.22daee94d879f3fc691203476d3e6eeb__ann1230.jpg,anomala,test,lettuce_downy_v1,505x581,11198579016358848226|2765744453218175416|6398749522282038856|16557704398973017581|13297321251801751846|16313786500239616411|17122041076136855781|5207941118744644696
dataset\_work\final\lettuce_downy_v1\train\anomala\images-15-_jpg.rf.244baa340c89e7e3b7f5aa3bd870beb8__ann1231.jpg,anomala,train,lettuce_downy_v1,609x320,2506396736971829822|13505378626372743555|17035894383046881581|14423088465024806987|9489393782685068475|4499772800999016482|5436080911329929672|3310590395601611756
dataset\_work\final\lettuce_downy_v1\train\anomala\03_jpg.rf.234812a1eed659498b3f40abfe5293a7__ann1236.jpg,anomala,train,lettuce_downy_v1,394x479,10620148301218624361|3943435590705820257|3360918177796731548|10077500829912445894|7003844859876718902|7616460723473375891|14317966476814441099|11255263590520824878
dataset\_work\final\lettuce_downy_v1\train\anomala\27_jpg.rf.22a34be9e10eafac21db9c0da1c3a8c4__ann1238.jpg,anomala,train,lettuce_downy_v1,618x414,8676399997241053796|16278608525649556697|2601173156004422690|15808588877771888827|15687441373198084577|7265081306659383416|13535789320373494747|2514394157988518180
dataset\_work\final\lettuce_downy_v1\test\anomala\images-29-_jpg.rf.24d91da3c5b4046d7ec7ecd153ed70c8__ann1239.jpg,anomala,test,lettuce_downy_v1,425x546,7803830793454985680|14540325169491835124|8990621206269623229|13933195675583652162|17615894979884665289|15033336183034104940|4765138592738008257|13653730228388414844
dataset\_work\final\lettuce_downy_v1\train\anomala\images-33-_jpg.rf.254520f3a9b00f44fabb8ee743d84d29__ann1242.jpg,anomala,train,lettuce_downy_v1,360x640,15174778388945976690|3753427233358300080|12020602442531754734|11129692254565676424|12701164313144596020|8231848507856951250|9851005486841492634|17172872773471752614
dataset\_work\final\lettuce_downy_v1\test\anomala\images-33-_jpg.rf.254520f3a9b00f44fabb8ee743d84d29__ann1243.jpg,anomala,test,lettuce_downy_v1,350x625,11953061118952123630|6519044557433916040|15163143488507733682|13009084762120034482|9856913181485332570|17198311248539541925|12869067287038888372|12891210055353790162
dataset\_work\final\lettuce_downy_v1\train\anomala\images-23-_jpg.rf.243f29ad2938b573e1260a73da044448__ann1244.jpg,anomala,train,lettuce_downy_v1,288x433,15841222172511281077|2599761959795951186|14895262884889549000|10129341900446541036|5910471427348567076|13087341429008881627|17051921733694952076|14472571259492939470
dataset\_work\final\lettuce_downy_v1\train\anomala\images-23-_jpg.rf.243f29ad2938b573e1260a73da044448__ann1245.jpg,anomala,train,lettuce_downy_v1,254x169,14291158280144481516|11301178270572660936|4042220453993516931|16422134251319136054|14468052159701833116|17072271992878814406|3895516813666346979|9443795634384148536
dataset\_work\final\lettuce_downy_v1\train\anomala\30_jpg.rf.2423b10dba9069883474a54ed52b0dfa__ann1246.jpg,anomala,train,lettuce_downy_v1,551x356,17531869785454825190|3480599211231251864|2514948458816367176|13445735065877981677|10992707963072957744|16595325486565314035|17125407941283322042|5218029762897045026
dataset\_work\final\lettuce_downy_v1\train\anomala\26_jpg.rf.228ebfeade364ef31f918c1129eb8987__ann1247.jpg,anomala,train,lettuce_downy_v1,311x235,14236885382946240180|6644557899707290578|9700216784646801052|11422842090575044294|15173631639553455708|12985696690858333125|14275877892177430174|11278745806646517382
dataset\_work\final\lettuce_downy_v1\train\anomala\11_jpg.rf.257cbcff78dbd08abc716d53d045b4a3__ann1248.jpg,anomala,train,lettuce_downy_v1,640x640,7650116697112949448|12226088428918448876|11404902244050249600|9700091328652253950|17051246418205518761|14461818842926295658|18309994022986685830|9270566692991944350
dataset\_work\final\lettuce_downy_v1\train\anomala\images-1-_jpg.rf.24f25bad91fef318b4326bd962df2d21__ann1252.jpg,anomala,train,lettuce_downy_v1,561x549,16444430801733134757|15029538842802416218|8481041866902063320|5886929129578228964|6515068842067465168|11937295585630631652|16495674308934414929|15620992291076223605
dataset\_work\final\lettuce_downy_v1\train\anomala\images-27-_jpg.rf.25b12ce07ff5c3ff03d75a863f1e587a__ann1253.jpg,anomala,train,lettuce_downy_v1,556x465,16384425488676141958|4069507803685397134|1437598423126726386|3976952918497269168|10241846676046969144|9708464941294182883|12724212436630581303|17462181078681842451
dataset\_work\final\lettuce_downy_v1\test\anomala\22_jpg.rf.25e7274964003271054f889523168584__ann1254.jpg,anomala,test,lettuce_downy_v1,640x487,7472342069736158609|1815539295274160758|218488466247628615|4607080884218303005|8526040538369438233|10499531969486369639|2094828739038015295|5167657621095319555
dataset\_work\final\lettuce_downy_v1\train\anomala\images-28-_jpg.rf.263f83a7b9d06461b542b0954336808f__ann1256.jpg,anomala,train,lettuce_downy_v1,588x532,14586656837888362212|12432489994791460056|9841252997600290000|17164937067370830516|15608390771706923436|16485104631743475402|13031889740542719726|15034342436734735240
dataset\_work\final\lettuce_downy_v1\train\anomala\-2-_jpg.rf.26f18383197d2897b61710d225fa49fb__ann1258.jpg,anomala,train,lettuce_downy_v1,604x575,17624523071301643876|15030403829172963801|13021376201671563478|15155426016096511124|15675208328990463696|7236894035563157236|10692712293355180754|15481224099622598068
dataset\_work\final\lettuce_downy_v1\train\anomala\28_jpg.rf.270d84436b70e2c52e7d9d35237c52d4__ann1260.jpg,anomala,train,lettuce_downy_v1,632x630,11121864597075189904|11882123956912322806|16492428834584455420|15616505258148423872|17796232161536828836|10439529499984681114|13900629496194185432|18224045658491379940
dataset\_work\final\lettuce_downy_v1\train\anomala\16_jpg.rf.26af8b9f7334bdf57da5684ea96783e9__ann1261.jpg,anomala,train,lettuce_downy_v1,640x563,17062682079044163242|14460131174949098666|10994036443036357870|16624592003786135176|12291560096121793736|12310266243173239532|9860201171621951206|17191613492456166040
dataset\_work\final\lettuce_downy_v1\train\anomala\27_jpg.rf.25ee0972fc634e44a33172d6b6c5bfd3__ann1264.jpg,anomala,train,lettuce_downy_v1,593x374,7125215408781579202|1835327258021475516|14526907934838549861|7521680760653498457|13561735735738136601|14038723672141324642|6433573335927382632|7344767106097977801
dataset\_work\final\lettuce_downy_v1\train\anomala\27_jpg.rf.25ee0972fc634e44a33172d6b6c5bfd3__ann1265.jpg,anomala,train,lettuce_downy_v1,600x329,16344374300828100978|13309395654313273521|13884993949667865715|18172844223321723441|12783600406374167736|8280397419240346338|3590100668971037436|8337401434654421440
dataset\_work\final\lettuce_downy_v1\val\anomala\images-15-_jpg.rf.25e5d4f29d6ed28ab98b3b273ffe62ec__ann1268.jpg,anomala,val,lettuce_downy_v1,640x441,2633403699231562203|15793739693555213860|11489100787780011568|464364638988770547|2622881198063627995|15823930874798967588|17553955789662679302|3514577288680993183
dataset\_work\final\lettuce_downy_v1\train\anomala\images-33-_jpg.rf.25f426c7c649c39c1ebbbc7c79b42fc9__ann1271.jpg,anomala,train,lettuce_downy_v1,387x640,6654256029070235334|14259991426910885532|18223423043488958157|13878025675504655436|11283244870277981637|14309690053329836124|5520345160122538176|14827771690730841852
dataset\_work\final\lettuce_downy_v1\train\anomala\images-33-_jpg.rf.25f426c7c649c39c1ebbbc7c79b42fc9__ann1272.jpg,anomala,train,lettuce_downy_v1,380x640,7900886678421953131|5285702822658090024|10650078150418686112|3948613000237480058|2928694754316540489|7771793236386293101|8861013010253794358|11592505931751869587
dataset\_work\final\lettuce_downy_v1\test\anomala\images-31-_jpg.rf.2811811b825db4e9b3b478bed82c5ba3__ann1274.jpg,anomala,test,lettuce_downy_v1,294x395,16560118815754098744|6373936754427029475|10693742107774434407|15427446301761913625|16422214570665669720|4042061871893500389|1856589566086748630|7438970242967889812
dataset\_work\final\lettuce_downy_v1\val\anomala\images-31-_jpg.rf.2811811b825db4e9b3b478bed82c5ba3__ann1275.jpg,anomala,val,lettuce_downy_v1,263x428,8228871713959242316|12804635768887486669|5105487236039502257|11359297713478396018|14819319777842213809|5542467365869138546|8244060210307900573|12819896929153833542
dataset\_work\final\lettuce_downy_v1\train\anomala\images-28-_jpg.rf.2692297dff3585a23a5f1fbff7aaabcc__ann1276.jpg,anomala,train,lettuce_downy_v1,556x579,14764543800820026968|14166270289162702053|15569562273739877608|16480838559013980904|16540796302988122308|6399213088871212748|16774385403308521444|16765941102660424408
dataset\_work\final\lettuce_downy_v1\val\anomala\11_jpg.rf.26ffe298c1171c627ba520785ec21e60__ann1277.jpg,anomala,val,lettuce_downy_v1,592x640,6677049940473246226|14225281528315883959|13863815970057593678|18201626835029736077|13236415090457733829|1329251668459891036|10176493089505122812|5666561658138093248
dataset\_work\final\lettuce_downy_v1\train\anomala\images-15-_jpg.rf.27d64240e75e141967b370613609b178__ann1278.jpg,anomala,train,lettuce_downy_v1,358x633,14162847549229396422|15910846450482049420|15756296699346858886|11847500047633822366|10120085498936348380|14299444332406148292|11399353684166339236|9706165515434371546
dataset\_work\final\lettuce_downy_v1\val\anomala\images-33-_jpg.rf.2867c5dadfedb5acb6773285811bcc27__ann1279.jpg,anomala,val,lettuce_downy_v1,349x640,12858859637920372276|12840295330937608147|13399419645725275802|7120276546000294310|15246836051577418162|3753427199271138226|12002625388729454690|11130321793146811577
dataset\_work\final\lettuce_downy_v1\train\anomala\images-33-_jpg.rf.2867c5dadfedb5acb6773285811bcc27__ann1280.jpg,anomala,train,lettuce_downy_v1,346x627,15919039754642716816|14134737052399100150|10419250102115543473|17791125204400761458|17789443693748168900|10446324101269875676|8244629297877673718|12801918080831494288
dataset\_work\final\lettuce_downy_v1\train\anomala\28_jpg.rf.27cee3834356f31168ffa5548b97bc71__ann1281.jpg,anomala,train,lettuce_downy_v1,512x603,7273510084665471153|15695241207864291442|16420323145165498552|4096255415003834464|8282351414138818777|12821946750804881508|6982992681212500024|13324100591815024867
dataset\_work\final\lettuce_downy_v1\train\anomala\28_jpg.rf.28bd4b6f2f074341bf6748111b9a7a82__ann1282.jpg,anomala,train,lettuce_downy_v1,504x602,5284049106800898139|5608268697955660069|3165369374646397231|3118912936889968651|2734132177260434509|6588931880235979849|822103301298997291|3452487293165038891
dataset\_work\final\lettuce_downy_v1\train\anomala\images-15-_jpg.rf.28be7f3fc3f18c9b9d13479f21f40f11__ann1283.jpg,anomala,train,lettuce_downy_v1,640x437,15175631406533480998|13017314723705824921|446350753799199961|11489663801637848164|11071803656587880116|2779477693340359378|7261009095807497119|15698542581367517446
dataset\_work\final\lettuce_downy_v1\val\anomala\images-4-_jpg.rf.2b2c20591f323ac72420254dd5beddc7__ann1289.jpg,anomala,val,lettuce_downy_v1,440x404,12586340267821212786|9955886939624889009|14208417513872740950|6668688868418827413|12815637381733034634|8260918715867573166|10787445534570416988|6256293791879147205
dataset\_work\final\lettuce_downy_v1\val\anomala\images-15-_jpg.rf.2af36861cd2ac1dbd0b194db132b0dd9__ann1290.jpg,anomala,val,lettuce_downy_v1,427x640,8273977988665132593|12768892258488194419|10098814570860435558|14887690792734483609|8328682154652808369|3550747101700019058|11089211155278961614|7410863043052185228
dataset\_work\final\lettuce_downy_v1\train\anomala\images-1-_jpg.rf.2b13ce28d4bdb88f2858cb6bb5192243__ann1291.jpg,anomala,train,lettuce_downy_v1,498x521,14576685893131842258|12442791108167513012|17767784166239874444|10391603204221455054|13020951679777680812|15146329947150895818|14864815162394949264|10136909770651177974
dataset\_work\final\lettuce_downy_v1\val\anomala\30_jpg.rf.2b3c49299400587a2fe9f5ce685a98e6__ann1292.jpg,anomala,val,lettuce_downy_v1,324x514,7577633227660905692|7596282147724905668|14507330294591669866|7842413632915348905|14180930141108726633|15910351911311190377|12222094235492013420|7657920572908917961
dataset\_work\final\lettuce_downy_v1\train\anomala\16_jpg.rf.2b8bc3176a7463206da38f572fff4e8e__ann1293.jpg,anomala,train,lettuce_downy_v1,375x544,465780492628424984|11498231051479245287|10851965120659708329|10837569576710202474|16672828951129526687|1763560468012103174|7666362623495530134|12239053103410485654
dataset\_work\final\lettuce_downy_v1\train\anomala\27_jpg.rf.2c6f09f97fd0b94300091ee34044c19a__ann1295.jpg,anomala,train,lettuce_downy_v1,393x591,11821238971125212390|14001587421562067608|17361897512492508050|17325458596928166582|11014336331900866498|16583639685989535140|13121981577907433712|10566529818375614960
dataset\_work\final\lettuce_downy_v1\train\anomala\01_jpg.rf.2cbef7226492dd3236ae5b203ea0d2d7__ann1298.jpg,anomala,train,lettuce_downy_v1,369x640,13128815969418520214|10571013437174487702|15776906299810101144|11867219156557107942|10852173885110530962|10855551498296505014|16578397406686916772|11004490330318107354
dataset\_work\final\lettuce_downy_v1\train\anomala\images-3-_jpg.rf.2ac4a2774a3173864d65e37389c6f197__ann1300.jpg,anomala,train,lettuce_downy_v1,396x443,15157535671814740556|13017014368168355277|17750191974058924470|10400329478975547026|14818484115560048052|5501943731636558546|10549221215088956816|13157764718936020470
dataset\_work\final\lettuce_downy_v1\train\anomala\images-4-_jpg.rf.2bb40b6e50e56218574cc4fc05c602c6__ann1302.jpg,anomala,train,lettuce_downy_v1,370x405,17642484369701481875|15029833634774338358|8260776329179147686|12815779222489025178|3912485894320461008|10605256337014314740|11117780321700666033|12010446878541653106
dataset\_work\final\lettuce_downy_v1\train\anomala\images-28-_jpg.rf.2b6d38bea44d72bbffd5ecd724aee8c8__ann1303.jpg,anomala,train,lettuce_downy_v1,589x563,18213906432282119892|13897031589423582420|16471382698867610360|15606704634450588896|15315891137163353280|15334299421983360252|16191811039189767896|17929538911979935460
dataset\_work\final\lettuce_downy_v1\train\anomala\01_jpg.rf.2b027db95508d3d042bb15d3cd163f0d__ann1305.jpg,anomala,train,lettuce_downy_v1,640x360,11714360653107712114|13436169187396285873|12874046094669682324|12856304220221773526|12823381071477110458|8237168226015154594|15462736150510463666|10706967981500180914
dataset\_work\final\lettuce_downy_v1\val\anomala\images-15-_jpg.rf.2adb0029b68851870856c2c2251588d8__ann1306.jpg,anomala,val,lettuce_downy_v1,640x461,3505571298327832283|17553533117887322660|17999802809071022340|6975032855663243999|2637625300228086515|15827516901078771248|16101068276906052704|338264397030214905
dataset\_work\final\lettuce_downy_v1\train\anomala\images-37-_jpg.rf.2b21d14f37acf84bd50f84059d9ce2f8__ann1308.jpg,anomala,train,lettuce_downy_v1,614x529,7122496718759645794|13394957760925185209|8153078669387675721|8168208818227569253|13381406365679084729|7120909486007638114|7341617970970254193|5312183067673961841
dataset\_work\final\lettuce_downy_v1\val\anomala\images-11-_jpg.rf.2ce2902e975ba3b0e2a7424a6106507a__ann1309.jpg,anomala,val,lettuce_downy_v1,555x639,1322214188681719920|13215163623286370481|11595877107890533390|18070927343187710855|12821929997915743671|8138104143265028370|9787334351327119610|1023696739620940960
dataset\_work\final\lettuce_downy_v1\train\anomala\images-33-_jpg.rf.2dd4f351aad7b05640df918d5ad4d388__ann1311.jpg,anomala,train,lettuce_downy_v1,640x344,12523268872780690845|5344812827360907782|10072770773838817123|3345095466733148473|455651697228131402|11364213864491568045|4114432548777126958|7162862673395960203
dataset\_work\final\lettuce_downy_v1\test\anomala\images-33-_jpg.rf.2dd4f351aad7b05640df918d5ad4d388__ann1312.jpg,anomala,test,lettuce_downy_v1,640x335,11495518423878089442|499456901534426040|7240781515650667572|15691044445698315986|13304640299019922950|16301402017086671007|15192531486735188441|3788814644755070052
dataset\_work\final\lettuce_downy_v1\train\anomala\26_jpg.rf.2e5ee61f98035a6219ba9e356ba4f389__ann1313.jpg,anomala,train,lettuce_downy_v1,344x231,8945332163500984922|13950976625046039973|17374693279328539779|8072435293518747166|11938379835687279553|6506111925111497852|2222106669508003696|9481412587440513009
dataset\_work\final\lettuce_downy_v1\val\anomala\01_jpg.rf.2edcac1d5f4864f78081d9b7d03d4d03__ann1316.jpg,anomala,val,lettuce_downy_v1,640x356,7391045584585150870|11076284202388845718|1811962841530800018|7447750532117698230|10841475070407063193|10867725468128547430|13120844072366988135|10563094706980529433
dataset\_work\final\lettuce_downy_v1\train\anomala\images-1-_jpg.rf.2d5d93ad5977c255775fdcc75b823ce8__ann1317.jpg,anomala,train,lettuce_downy_v1,547x486,13446318230315955862|11720100106921611670|15821906019775781298|2645357024298493618|10849475611574445730|10842089918128954042|12855073963741722148|12869415724987421403
dataset\_work\final\lettuce_downy_v1\train\anomala\16_jpg.rf.2d8a6f064813c0852c2043f8f328b4ed__ann1318.jpg,anomala,train,lettuce_downy_v1,617x509,15607620833445849290|16458098974522272428|11324655741248052678|5074357598758258332|12459945655318177508|14603069738145323480|11260770215660448582|14311785837560474013
dataset\_work\final\lettuce_downy_v1\train\anomala\images-15-_jpg.rf.2ebc78a3664166804c8535efcde6f235__ann1322.jpg,anomala,train,lettuce_downy_v1,465x640,16623204358172612833|10985055391186347640|10963110102137278170|16346848723985862308|8711833381752631960|16255912511746650598|11857477671244848098|15748634380811773080
dataset\_work\final\lettuce_downy_v1\train\anomala\22_jpg.rf.2dd1270b66b710e4c095aa74294b28f5__ann1323.jpg,anomala,train,lettuce_downy_v1,549x640,2186433725675484710|9733783167620649883|12699116368265829203|17456855160219510037|11210501922162742663|2753619840706369310|1523716546545140722|6006629664826801328
dataset\_work\final\lettuce_downy_v1\test\anomala\06_jpg.rf.2fe395782c74d18ee7a9ac11a6a77726__ann1325.jpg,anomala,test,lettuce_downy_v1,453x403,15157027179433719076|13034884793682448859|3904253855637089179|10487672642146085414|15803576908575598004|2627030223846332626|2750208106858449809|11217114488076643894
dataset\_work\final\lettuce_downy_v1\train\anomala\images-11-_jpg.rf.2de7bb8e8dd83aa90188edeac6723ff0__ann1326.jpg,anomala,train,lettuce_downy_v1,616x509,13056381363421834596|5941187761605986521|5342576329636006941|12527846775769648455|15656883516628955986|7272690673790562741|5173867852462742445|2111165240759821386
dataset\_work\final\lettuce_downy_v1\train\anomala\images-15-_jpg.rf.2f0e458b165c525e84e465bd80f7c056__ann1327.jpg,anomala,train,lettuce_downy_v1,545x640,16602040422731299480|10995869770015220710|14741519967812114858|14760153658261529770|16619186519322499480|10969242122607879910|12278181126360127180|12311087154693838028
dataset\_work\final\lettuce_downy_v1\train\anomala\-6-_jpg.rf.2f75cdff57277f00ea4c784c53c72aff__ann1328.jpg,anomala,train,lettuce_downy_v1,512x576,10677449560330505355|15441480056712121902|17098626938654040984|5237007024718945254|3372803124080692182|10055595372080475540|16581015099894312264|10962718865314171629
dataset\_work\final\lettuce_downy_v1\train\anomala\22_jpg.rf.2f4f6b0b89cba13e7c1fb1836407f557__ann1329.jpg,anomala,train,lettuce_downy_v1,604x640,10246622848390108115|10246662715983672884|9742320478915894416|2176305302732588790|3762320396078363534|15245723850979226510|17781949021704303390|10420427705662845831
dataset\_work\final\lettuce_downy_v1\train\anomala\27_jpg.rf.2e808acc5d75a657e384f35ddefeac73__ann1332.jpg,anomala,train,lettuce_downy_v1,640x464,9273163189732534456|8859381653655775714|14189111604957817851|14440902380280621856|16350815201690972794|13287936863636861056|2318148898849581256|18098808961298459076
dataset\_work\final\lettuce_downy_v1\train\anomala\27_jpg.rf.2e808acc5d75a657e384f35ddefeac73__ann1333.jpg,anomala,train,lettuce_downy_v1,633x436,7830735731808826096|14540651959536955888|4655764420439741074|18250387478589716150|17343865616419113673|17326030256802147436|13165872819015665405|10561564231761239104
dataset\_work\final\lettuce_downy_v1\train\anomala\17_jpg.rf.2f52548c3150ee4184e84ef0c82139fa__ann1334.jpg,anomala,train,lettuce_downy_v1,547x360,11734854885496988411|12872649917382572832|10572395441618731702|13160206657698577554|2358633637220885682|18096252942588107426|10573566518538445494|13169269278822742162
dataset\_work\final\lettuce_downy_v1\test\anomala\images-33-_jpg.rf.303206cf0c177ad239e4efa9ebd32df7__ann1335.jpg,anomala,test,lettuce_downy_v1,637x385,17926073266352869000|11573358147306687726|14888534933556864453|10125836040546179672|17189279547184618656|9857982431510185720|6366571285311555212|14241972622680366798
dataset\_work\final\lettuce_downy_v1\train\anomala\images-33-_jpg.rf.303206cf0c177ad239e4efa9ebd32df7__ann1336.jpg,anomala,train,lettuce_downy_v1,640x373,3948577618025168896|10650076101649497151|12225184295059641929|7560091207080252461|4610755512851221651|54168893856074806|3284411467051756136|5320640345725511849
dataset\_work\final\lettuce_downy_v1\val\anomala\17_jpg.rf.2fee68ca5d23026fb59521d025013daa__ann1338.jpg,anomala,val,lettuce_downy_v1,550x350,3502547942824650426|17520918092204776098|12870393463684899382|12882182429123656339|11716841002383582963|13449673684063918896|10645015985745348274|3936834620574833842
dataset\_work\final\lettuce_downy_v1\train\anomala\01_jpg.rf.302840407bb646d45ca20f4b68223d6e__ann1340.jpg,anomala,train,lettuce_downy_v1,613x409,920689436590001364|14960026314925001940|9839259467288156760|17207857964992865765|15333800137486015695|15333743119635236364|16547851091175788270|6348559077770169480
dataset\_work\final\lettuce_downy_v1\train\anomala\images-27-_jpg.rf.2fe8ec1fedcfe5db1af91d1b869afaaa__ann1341.jpg,anomala,train,lettuce_downy_v1,445x568,13300039281785991460|16300255193401274843|16312152664159148363|12158005719825343533|15794658697082517218|2626047841742328760|3270839610446035368|5465440499813343458
dataset\_work\final\lettuce_downy_v1\train\anomala\images-40-_jpg.rf.31c4f4c17567a242652531ccae3802a2__ann1343.jpg,anomala,train,lettuce_downy_v1,442x506,10406794626899782091|17782961442145463076|12306313283082203475|12316373711894377269|2624345849089870326|14639458952159194256|3851541758257982634|5994794357072251050
dataset\_work\final\lettuce_downy_v1\train\anomala\images-29-_jpg.rf.314f3e58b834f2d541e9217519af8962__ann1345.jpg,anomala,train,lettuce_downy_v1,480x574,17108546916601549251|5208937007513039932|15766419336784963996|11839038337235574982|4356163049227045192|14110098225130401261|14294469531214957732|11306825955295808986
dataset\_work\final\lettuce_downy_v1\train\anomala\16_jpg.rf.305c43573067db3451e00c28e39ace58__ann1349.jpg,anomala,train,lettuce_downy_v1,498x603,14387427835345647162|2065578936437674915|11715790959283311326|13445044017573443204|11787016751880448540|4194637329784744647|9563099759361955514|16038110981453878946
dataset\_work\final\lettuce_downy_v1\train\anomala\images-3-_jpg.rf.319d14d6f544f0680772d7dc35daa5cf__ann1352.jpg,anomala,train,lettuce_downy_v1,490x394,6068157780379150152|15389725053224360685|15157534290606796183|13016943869708290578|17085072368349058005|5235300204561643092|1317911571547661748|10929509613491542738
dataset\_work\final\lettuce_downy_v1\val\anomala\images-11-_jpg.rf.323fb8ad80db8a68857b88b3e7e83d2c__ann1357.jpg,anomala,val,lettuce_downy_v1,604x541,8703719368172559065|16243556524348580964|10661309799819747489|3949892841800120954|7252139873420995809|15698031716500425080|8843480567247196214|11646491029792945299
dataset\_work\final\lettuce_downy_v1\train\anomala\-8-_jpg.rf.31aee2a32dec341164cfde660dba3ff2__ann1358.jpg,anomala,train,lettuce_downy_v1,443x394,1507727102768763895|15260550745875559440|15247378102674023520|3775817927124638201|1167765650523736275|17857831123774991380|18003650003354412596|6945945551755123155
dataset\_work\final\lettuce_downy_v1\train\anomala\04_jpg.rf.30ce85e5f12d483846577b24adccce53__ann1359.jpg,anomala,train,lettuce_downy_v1,479x438,16764830597798897091|16783467369259948860|12802488765072896620|8226447258500444617|4349097716523657960|14061759578654419176|14533510920609868402|7814336391245179825
dataset\_work\final\lettuce_downy_v1\train\anomala\01_jpg.rf.32021aee016e596e0c1e9a9e1e0f589b__ann1360.jpg,anomala,train,lettuce_downy_v1,635x333,13093315763188431626|5967916800023994799|6655294087394310523|9639292627016246049|12619513671388549714|755442228545828021|2405864171408573829|8879380008869190748
dataset\_work\final\lettuce_downy_v1\train\anomala\images-33-_jpg.rf.3174aa76f7a774d9c64b71461114a1e5__ann1365.jpg,anomala,train,lettuce_downy_v1,351x634,6654163225785210993|14259968393659148145|16880103517430796886|12159098400803763349|8207627341108995525|8149375496368838748|10787508590610202024|6256142996697006826
dataset\_work\final\lettuce_downy_v1\train\anomala\images-33-_jpg.rf.3174aa76f7a774d9c64b71461114a1e5__ann1366.jpg,anomala,train,lettuce_downy_v1,301x640,11080431614532425362|7375883421791524022|1039884487645971300|10342914057810885849|13156302713512156262|10562690203709457817|15653446150133483919|7260809294263184910
dataset\_work\final\lettuce_downy_v1\train\anomala\-6-_jpg.rf.327b6f46f44b9be621f88c876d348ea6__ann1367.jpg,anomala,train,lettuce_downy_v1,519x587,4767671862972107356|13667171209290689733|11004518994540911308|16578340538967303628|14243820842299141053|6686178133028907586|14746362321565127398|14725265110803658648
dataset\_work\final\lettuce_downy_v1\train\anomala\images-37-_jpg.rf.3256a28ff2d0985fc977aad3136158de__ann1368.jpg,anomala,train,lettuce_downy_v1,583x640,17840126387645764272|1213372968285156594|4063480911921338773|16418358175328789590|17488799182042224144|12741442779496617207|6225270681839983075|10797844316826002488
dataset\_work\final\lettuce_downy_v1\train\anomala\06_jpg.rf.31d7950990b76d198bca4b73cd69914b__ann1369.jpg,anomala,train,lettuce_downy_v1,345x407,11326890832796207846|5076457502127795608|16491363063964767192|15583606815957858276|11001644847952261958|16594201336932938141|16444760349176448216|15569963061725355492
dataset\_work\final\lettuce_downy_v1\train\anomala\images-27-_jpg.rf.333b3eabc4054c8ee28682dabde9aa18__ann1373.jpg,anomala,train,lettuce_downy_v1,477x564,8147719490585899955|8153272698610922290|5430549667264381634|3262281355532811452|3617402383568348785|12912917778033480305|13600002026866165037|14033894202546347339
dataset\_work\final\lettuce_downy_v1\train\anomala\images-29-_jpg.rf.3496f14c70eadbe51aa2794e7a4af3c0__ann1375.jpg,anomala,train,lettuce_downy_v1,497x590,16886603348926783841|12134348438006560889|15629138430090013916|16454082548648691908|8752801008643302824|7053116245797001706|14179627999521167588|15919357643091273176
dataset\_work\final\lettuce_downy_v1\val\anomala\22_jpg.rf.343d5641e9029eee13a36461223c24f4__ann1376.jpg,anomala,val,lettuce_downy_v1,640x496,4121800114615639122|7148116706548041141|2400757363082153991|8752134167890359583|13098108953407402851|5934852271506666297|2302933322010162553|527037816743678241
dataset\_work\final\lettuce_downy_v1\train\anomala\01_jpg.rf.32b0132a7d54f49013aa16ce2f38aa2c__ann1379.jpg,anomala,train,lettuce_downy_v1,395x640,12855618434466468426|12892070311538046381|13034780879385769129|15193144700779680362|12517075299488623026|5355438198704335026|7697237595035850962|12228635318229198004
dataset\_work\final\lettuce_downy_v1\train\anomala\images-21-_jpg.rf.34fe9c70570593427648b9dff604f773__ann1381.jpg,anomala,train,lettuce_downy_v1,640x640,16920887589573019720|12120443643097312493|9516798998228020429|16048456179521407564|17144347031095424168|5244671205844308970|5533459314663077854|14820269162667315844
dataset\_work\final\lettuce_downy_v1\test\anomala\11_jpg.rf.34e5595c43eac79fefafd012fdef0165__ann1382.jpg,anomala,test,lettuce_downy_v1,640x640,11541646177186518768|18071726838483359472|9842253963632190180|17192019148895525848|17336239244400380922|17336169443606801568|15608246115283146478|16438836124701791880
dataset\_work\final\lettuce_downy_v1\train\anomala\images-37-_jpg.rf.34badc7a1fa569d7e27398ef2b54ec9e__ann1386.jpg,anomala,train,lettuce_downy_v1,627x574,8531113066261175267|10491600126038189104|17840337489348971192|1177346920446864610|3469165128151636369|16418769974360433782|16333608390662444560|13315660467928864247
dataset\_work\final\lettuce_downy_v1\train\anomala\-10-_jpg.rf.33348aafe0cc7a0c386aabf6c999affc__ann1388.jpg,anomala,train,lettuce_downy_v1,307x562,11038840914940498870|7382266432747677330|7910448074811722908|5268093113271143878|10531165428776203110|13155880288168391065|14289135899651742793|11262468962246379373
dataset\_work\final\lettuce_downy_v1\val\anomala\30_jpg.rf.3351f0c5a14f1a4ec979446f71371ad9__ann1389.jpg,anomala,val,lettuce_downy_v1,394x482,12094095389262001814|1915195645419491990|8006891927149590092|686644379773997773|10849904706036470810|10860051052550149799|14813028462657505033|5527800278296895087
dataset\_work\final\lettuce_downy_v1\train\anomala\images-34-_jpg.rf.33fa9094bb7e2d75848fa7d9d9d2e0eb__ann1392.jpg,anomala,train,lettuce_downy_v1,239x338,10206452597263657835|5681473512649009449|4022792867405898081|1383964960946813817|2965968736846534734|7740495496117658765|8753821914567554067|6999073872864924471
dataset\_work\final\lettuce_downy_v1\train\anomala\22_jpg.rf.34947999274b438b0e5ef71bcbfb86d7__ann1393.jpg,anomala,train,lettuce_downy_v1,640x538,8237880533054535736|12805374978693587939|2321274275474035983|18128030949302621199|16421167148351927729|4051219701564723826|1104639862125138939|1141066190799648288
dataset\_work\final\lettuce_downy_v1\train\anomala\images-11-_jpg.rf.33c62e495f8b5bcac3fc11ebbd79c2fb__ann1394.jpg,anomala,train,lettuce_downy_v1,526x607,10913829170094400611|1607875830792902713|8981555081083448493|13968715499133389130|4168178871638839318|7198095149790229911|5388933737618135745|12496527489254073468
dataset\_work\final\lettuce_downy_v1\train\anomala\images-34-_jpg.rf.3452c0a51bc20513bdb5b798c9a517bc__ann1396.jpg,anomala,train,lettuce_downy_v1,324x390,5106477081457078330|11332292944285201315|11618681170333373847|8809995319392818710|11814006469360370845|4193111484510362950|1609548464853894010|10922703872041958817
dataset\_work\final\lettuce_downy_v1\test\anomala\-2-_jpg.rf.351936ff370b1e8d03b4c89bfaab6899__ann1397.jpg,anomala,test,lettuce_downy_v1,526x502,10923533871865810136|1649148195214609892|12876515755167464820|12876554551106290641|16451014769520140822|15585975742845982871|15079073192628105906|8375985348203950770
dataset\_work\final\lettuce_downy_v1\train\anomala\images-37-_jpg.rf.34ee66a6e9f4944f9d87ee8ff2a8aeae__ann1399.jpg,anomala,train,lettuce_downy_v1,640x587,7374839448737864689|11089395111091381360|16295582328117974432|12707872459301737722|8080740252113888665|17427680075640297574|18038225114032397232|11589338728980096482
dataset\_work\final\lettuce_downy_v1\train\anomala\27_jpg.rf.345d69a6115cde87357db2a7b00795f9__ann1401.jpg,anomala,train,lettuce_downy_v1,640x424,11558660157929468048|18080200758093214454|11845852594263632820|15769856346891102674|17794536753311705594|10426071010579867808|15143743608928655834|12982673924439172260
dataset\_work\final\lettuce_downy_v1\train\anomala\images-11-_jpg.rf.35b2b32ca1f2a18e87178b6605085f4f__ann1403.jpg,anomala,train,lettuce_downy_v1,612x577,18075993617622293415|11575610905402418202|10949852188249546993|1319821657805355120|1883813934047470752|12095431289584540410|8140355389069873170|17429112971840255383
dataset\_work\final\lettuce_downy_v1\train\anomala\01_jpg.rf.3733006e58f43f73fd2647bb2061e379__ann1405.jpg,anomala,train,lettuce_downy_v1,439x625,14833932086613038565|5531707021643240536|8055979494572673184|706104899021368442|6364875288632017996|16561379207334517965|8857547066408619017|11585745318286117999
dataset\_work\final\lettuce_downy_v1\test\anomala\11_jpg.rf.365bb62ebc56b2575516137cd47a881b__ann1406.jpg,anomala,test,lettuce_downy_v1,638x640,17610871534495967884|15031249351964535502|18201908550531136169|13881830428690522730|14891761892828223952|10136102676679780084|7683790561876879040|12230243372176743164
dataset\_work\final\lettuce_downy_v1\test\anomala\-8-_jpg.rf.37b8b556ed0aa0fb15a4181f090672a6__ann1407.jpg,anomala,test,lettuce_downy_v1,355x400,15477990766615513560|10722090940179705060|14865703317040584318|10109901776037516417|16459769241533729940|15621268195281652950|9337315294853877132|9139647165895167438
dataset\_work\final\lettuce_downy_v1\train\anomala\images-24-_jpg.rf.3639e9be577fff1d09cf02bc6b477835__ann1408.jpg,anomala,train,lettuce_downy_v1,640x640,15619238720487409906|16482192517988248736|14585589458099671248|12153466163188397796|11559696578293972196|17494423710469112536|16498535252068247976|15028712726214765258
dataset\_work\final\lettuce_downy_v1\train\anomala\images-21-_jpg.rf.3876d258bac230cdad6cb46c534d20d7__ann1409.jpg,anomala,train,lettuce_downy_v1,640x640,10744012478521593048|6100013312300993764|6505934027836697993|11920432408762337902|16486792908987017044|15622042405340322453|7947258350887136677|9884650514266212698
dataset\_work\final\lettuce_downy_v1\train\anomala\03_jpg.rf.37d49152826030f762c492a064f31d52__ann1410.jpg,anomala,train,lettuce_downy_v1,481x331,15256422672989215107|2621713555271083070|250403382849885113|4567150086482900066|4495932237093691940|9500832484392417747|7076480255997141311|13390137159883454723
dataset\_work\final\lettuce_downy_v1\val\anomala\26_jpg.rf.3532a5247a3a6ce56bfb5db937a4ec4d__ann1411.jpg,anomala,val,lettuce_downy_v1,272x265,4374187967828493978|14110556001951522468|11105355734692573778|11999730377958798005|11862080371304944323|11134644319569097788|13092723407720253350|5959021752576515738
dataset\_work\final\lettuce_downy_v1\val\anomala\06_jpg.rf.3765ed6e6d81238f30cf2f1c4fc18214__ann1415.jpg,anomala,val,lettuce_downy_v1,482x451,2947989377097968104|16963025571410766568|12876537038460073136|12876524243754865394|16747424783494637803|16765085190088091944|17497248380384621234|12732963340601963186
dataset\_work\final\lettuce_downy_v1\test\anomala\images-24-_jpg.rf.38393dacdec352e7c74223066a3bc9dd__ann1416.jpg,anomala,test,lettuce_downy_v1,617x565,4213816556488477594|11790741946628779174|7807811065573941848|14530204683078253541|11973975846036808099|11154051881137568314|16553992840840521161|6350892329253624428
dataset\_work\final\lettuce_downy_v1\val\anomala\16_jpg.rf.36876fec88a67ae1607192704b1fef18__ann1417.jpg,anomala,val,lettuce_downy_v1,612x450,12408232474353378452|14606115266477546198|16507499011229102739|6383757057367585590|15481912921245135818|10710770049677079212|3941715754502166360|10606659811324597989
dataset\_work\final\lettuce_downy_v1\test\anomala\25611229128_c816ece963_b_jpg.rf.38c5b55ac54f7304c8c13da62b205c88__ann1418.jpg,anomala,test,lettuce_downy_v1,447x480,11431835395081028116|9699187216536747223|13841867492736544410|18223661186670824102|15545491927451277958|1495909959517972126|12000569987035293692|11146011828250810560
dataset\_work\final\lettuce_downy_v1\train\anomala\27_jpg.rf.3579470ae0ecde744baa06729f0ee245__ann1419.jpg,anomala,train,lettuce_downy_v1,431x605,3163675571397964472|3105436638637765346|10432248584855210080|17770268122486695161|16335255576688334891|13308912712439490347|17970564127829826806|6974067860369491600
dataset\_work\final\lettuce_downy_v1\train\anomala\30_jpg.rf.368312eebfc7f3e1d8ef0756b3f9d5a5__ann1421.jpg,anomala,train,lettuce_downy_v1,474x407,3264569223421137718|832558355040056979|10581939359363389963|13160757038983587119|10607932803231747339|3932681008139488813|3433385980699518134|818129172321393298
dataset\_work\final\lettuce_downy_v1\train\anomala\images-4-_jpg.rf.39041b3fb15a670bb2afe8a44284a6f6__ann1424.jpg,anomala,train,lettuce_downy_v1,346x410,17767460874277358886|10427577092489105299|16477945675856586199|15585350194248964628|10614931756114163344|2742116525173609206|1466561922727496408|15538999594337480164
dataset\_work\final\lettuce_downy_v1\val\anomala\01_jpg.rf.39111c0dd83759005bdd53f21b287756__ann1425.jpg,anomala,val,lettuce_downy_v1,349x640,12714731382084324809|17451954555659635820|10947210215574371026|1641646669975298484|7803711443186758130|14541460826181366704|13015848031806605334|15166670766663920791
dataset\_work\final\lettuce_downy_v1\train\anomala\images-24-_jpg.rf.36a7934689ed6c7915822575eac44587__ann1426.jpg,anomala,train,lettuce_downy_v1,640x617,11365328260426341106|5071735515752539824|14768082484032464056|5526159308255517154|12728907110636347974|17481402786867427741|16346318065721192524|13286863869067981516
dataset\_work\final\lettuce_downy_v1\train\anomala\images-40-_jpg.rf.38d2a12220bd3c463476d5afc1f56447__ann1429.jpg,anomala,train,lettuce_downy_v1,526x462,12171761440652028247|16909025027977144597|10931859812908384758|1608590556787408016|1542980756474472682|6298808135935650472|10411298377858568726|17780710037187245463
dataset\_work\final\lettuce_downy_v1\train\anomala\-2-_jpg.rf.3afae5334fca9ea5cd7c4275b36d792c__ann1433.jpg,anomala,train,lettuce_downy_v1,586x624,14750593675740197024|14759063630419260410|16728674051087325402|16783776346397861028|18082945140304564940|11542900447377536204|11881803877914504168|15769453920649226472
dataset\_work\final\lettuce_downy_v1\train\anomala\28_jpg.rf.39f4269c0f24cd41c23e2e13cc34aae5__ann1434.jpg,anomala,train,lettuce_downy_v1,640x640,12426241543816934576|14461613540373025010|15599471821175710344|16483387807966476516|17496741704457826760|12750931725553529516|16481161348257005796|9863697685707783384
dataset\_work\final\lettuce_downy_v1\test\anomala\images-21-_jpg.rf.3978dc59ca5c2c653982cf3da1afa9d4__ann1437.jpg,anomala,test,lettuce_downy_v1,640x640,9991713296791124130|12568054032681984954|11647667953903932634|8852058909714400164|13466867790026795694|11689312839565224330|11872433771168192634|15714226533391705249
dataset\_work\final\lettuce_downy_v1\train\anomala\25611229128_c816ece963_b_jpg.rf.3b056942b5f6e6a9ebf5a32c157f901f__ann1439.jpg,anomala,train,lettuce_downy_v1,360x395,13921001253541320340|8967746270003697618|4353549041773553038|14098914922433567374|15174710906930426748|10670744043372425665|10257541021850708419|10278665240244218428
dataset\_work\final\lettuce_downy_v1\train\anomala\17_jpg.rf.39a93449e8e0ab739e5a00192fac450e__ann1440.jpg,anomala,train,lettuce_downy_v1,492x384,2572007071267409400|4211611415620504800|2626978302773093476|15839608921442605273|16162304949267886650|17928179080278749475|15697491558827348443|7270061153838330916
dataset\_work\final\lettuce_downy_v1\train\anomala\images-27-_jpg.rf.3b9c09a032e5c30cf6e110032e92c5f1__ann1443.jpg,anomala,train,lettuce_downy_v1,586x498,12076865493506826661|749385944462424666|5436356703006988336|3274456154963437298|6519623240835032586|11935002096688273831|17502728874393628973|3501561129695539531
dataset\_work\final\lettuce_downy_v1\train\anomala\images-15-_jpg.rf.3b79bcb09ac90420a35e216564cbd769__ann1445.jpg,anomala,train,lettuce_downy_v1,623x311,9669572642871864504|11417578983954565346|7312810920468162968|6467648919834160102|16341473759131300766|13289056300881752454|16603549093699305817|10964323942605683813
dataset\_work\final\lettuce_downy_v1\train\anomala\images-1-_jpg.rf.3a2ab60d0db5037ef079fa490d1ff256__ann1446.jpg,anomala,train,lettuce_downy_v1,494x531,10602860253359612652|3952832691294354120|16761231724465769176|16728098211036442084|14463915782469901110|17051361959589258387|16478016366245586664|15585492482867829736
dataset\_work\final\lettuce_downy_v1\train\anomala\images-28-_jpg.rf.3afa2cbb0b3443dcb20b9cdd2b59fce9__ann1448.jpg,anomala,train,lettuce_downy_v1,557x629,16976437618960211396|2946701566397269724|2939397572618589844|16980986078019622612|15872429309425214504|14167677661759707371|15318491023765973227|10706907657846311464
dataset\_work\final\lettuce_downy_v1\val\anomala\images-27-_jpg.rf.3c273030a6485f83fc50185ddcc99146__ann1449.jpg,anomala,val,lettuce_downy_v1,474x570,13298447133991855470|16307031032146188681|16842812960027494486|7512693141840653461|9897038740960202466|7955016986349768120|10803269956795515496|6253468449435139561
dataset\_work\final\lettuce_downy_v1\train\anomala\images-23-_jpg.rf.3b61da761b2acaff50cf06ca0a980f39__ann1450.jpg,anomala,train,lettuce_downy_v1,245x443,15502977416262033077|1178600273752589906|14746644095710709705|14743279718521379948|5946496818358147856|13086954062423991767|7790295445336922828|14539856595109193420
dataset\_work\final\lettuce_downy_v1\train\anomala\images-23-_jpg.rf.3b61da761b2acaff50cf06ca0a980f39__ann1451.jpg,anomala,train,lettuce_downy_v1,242x139,10208830281822815484|5641408653384342720|3763208123516192534|15232130947178504087|13897204519559711310|18213766871491915149|10889650737561101267|1587251252886583604
dataset\_work\final\lettuce_downy_v1\train\anomala\images-34-_jpg.rf.3b98ea27c87d6aeb287db5af0468d4c7__ann1453.jpg,anomala,train,lettuce_downy_v1,269x364,10341420927195769390|1071337392258787723|7975828540915753317|9874798370878552665|10063624993296080398|3344568989368681615|6447697421778815625|7323333320913563502
dataset\_work\final\lettuce_downy_v1\train\anomala\images-23-_jpg.rf.3cf9564c225a01643066e1811314e442__ann1456.jpg,anomala,train,lettuce_downy_v1,287x379,16495473376810448474|15575824907684189093|11976772123559843066|11138439460064514208|11930935578900703448|6500580691987786724|11587857265409889178|18074235499023316646
dataset\_work\final\lettuce_downy_v1\train\anomala\images-23-_jpg.rf.3cf9564c225a01643066e1811314e442__ann1457.jpg,anomala,train,lettuce_downy_v1,230x202,5924033311011829789|13084040902042836992|3499565416594815036|17579467803666801603|63316274211034037|2159600081058412114|14115400336706434803|4339324293192388656
dataset\_work\final\lettuce_downy_v1\val\anomala\11_jpg.rf.3d238ced049d563443e245aa25325fa7__ann1458.jpg,anomala,val,lettuce_downy_v1,640x640,12732364690404562672|17488235619484014064|9276338995234347736|18357317680241813476|17335953276150067954|17318110893610021552|16476365631974523646|15571771869335764096
dataset\_work\final\lettuce_downy_v1\train\anomala\images-23-_jpg.rf.3d639d9fae6feb8c4988134c064fab04__ann1460.jpg,anomala,train,lettuce_downy_v1,235x164,5353163545000338640|12433732103893538932|2025546917923025000|14395742961515295209|8419745329506520492|15052244661102004810|16857521627556202439|7525709205155617820
dataset\_work\final\lettuce_downy_v1\val\anomala\01_jpg.rf.3a3631adbd5a04fbf7f6cff19c5dd5d0__ann1461.jpg,anomala,val,lettuce_downy_v1,640x398,6519689102944417165|11934981783893856846|14612683964194349987|12442472543055788090|5643785204025958821|10211345093526714970|4195213935437851820|11809522223934261962
dataset\_work\final\lettuce_downy_v1\train\anomala\images-17-_jpg.rf.e767ff4cce8e036f7e4122fc96d32be6__ann1462.jpg,anomala,train,lettuce_downy_v1,562x518,7334282180057922617|6478611600320545122|6938033788726075843|18009302139453208636|7116202957320153177|4142419647378671717|4357455715265474041|14114752617604728928
dataset\_work\final\lettuce_downy_v1\test\anomala\17_jpg.rf.e7b88f25592430dfe4e6d482e014df06__ann1464.jpg,anomala,test,lettuce_downy_v1,530x300,11208838118915614395|2760333255515609634|3844581475183780452|6027419534094875097|2493503893475708454|13521726751579475355|15688845316091716947|7233449996328262197
dataset\_work\final\lettuce_downy_v1\train\anomala\11_jpg.rf.e7948fd40ee5d0e9251878d29276c9e9__ann1465.jpg,anomala,train,lettuce_downy_v1,640x610,13845801630622786379|18202190023387527725|15607701317236763479|16457967346853423893|3258965720660941820|5450423790048323264|1525363038686963428|6281197284448377304
dataset\_work\final\lettuce_downy_v1\test\anomala\-8-_jpg.rf.e7d8c1e1c9f00ea314744f63bf933ed1__ann1466.jpg,anomala,test,lettuce_downy_v1,390x436,7344779096785262953|5280567639660717673|12513118089103338646|5339754745292572818|7594870411126917193|7609281930728959333|10576948145673869898|10875213218788583341
dataset\_work\final\lettuce_downy_v1\test\anomala\images-15-_jpg.rf.e83512d710c3d5997c061de951073b6e__ann1467.jpg,anomala,test,lettuce_downy_v1,420x630,12914472475189162193|3630967471136305780|12818522765877820044|7122634737156989646|8426819175896933170|15109635957200796083|14889491207656757346|10140531059352855729
dataset\_work\final\lettuce_downy_v1\train\anomala\images-23-_jpg.rf.e735d13cf1431bddb243aebf1b29b45a__ann1469.jpg,anomala,train,lettuce_downy_v1,213x172,1754394998821622998|16709978393495590804|18013229565309219749|6926787346661912666|10725254123026179559|15426091843374045208|6498822219653980256|11958132306630736889
dataset\_work\final\lettuce_downy_v1\test\anomala\images-21-_jpg.rf.e80765234fd845891d072743cacd9123__ann1474.jpg,anomala,test,lettuce_downy_v1,640x640,10851901198538429678|10693430740954567816|14838684342289673345|5496896837819681390|9859741091542230676|17209526227999824278|7983252497955702860|9343935019247791565
dataset\_work\final\lettuce_downy_v1\test\anomala\22_jpg.rf.e82f6ae9a158f334e5f397c0c9a28b91__ann1475.jpg,anomala,test,lettuce_downy_v1,640x504,12192107715301256107|7652521237894408746|16408073706064595601|4058538931244346742|3038474426811626346|12370214831554376617|8551748173730894392|10469294745093977571
dataset\_work\final\lettuce_downy_v1\train\anomala\images-18-_jpg.rf.e801e42ffa7b769c9482e4912e8585a3__ann1476.jpg,anomala,train,lettuce_downy_v1,400x442,15495780246303164508|1499619406566254021|2317867072693220769|8911236718604145000|14259990346635661076|6649682128324922583|7517020088559643515|11616318841792440864
dataset\_work\final\lettuce_downy_v1\train\anomala\images-36-_jpg.rf.e746efa6260dea8ce3ed1d7a47edde1f__ann1477.jpg,anomala,train,lettuce_downy_v1,473x387,4207185370020156851|11797680931011909170|6506120787566319256|11936150595574600934|3627189673346513315|12940325712810500666|16615128034763711909|11013179777986218586
dataset\_work\final\lettuce_downy_v1\test\anomala\30_jpg.rf.e8501d61657d6acf13bf7ab1b3a6257c__ann1478.jpg,anomala,test,lettuce_downy_v1,384x489,12921576809777304275|3653943611121382964|5662829439023801352|10202457480130910575|3798279249134794034|15245445208337896115|8059537823598483085|604787678129002062
dataset\_work\final\lettuce_downy_v1\train\anomala\06_jpg.rf.e61a0ba6c1d53d787440f1afb7b149e6__ann1479.jpg,anomala,train,lettuce_downy_v1,309x381,11399790653697350475|9715235484748293165|5912755538998724241|13082734079181496182|3252919621383345030|5466088377490158750|8547694002373496757|10450249896875462226
dataset\_work\final\lettuce_downy_v1\train\anomala\28_jpg.rf.e78491cbed6ecac58c64e663dfd22fa5__ann1480.jpg,anomala,train,lettuce_downy_v1,640x640,9287242550890256630|18354535561908380816|13903167117723719928|15307982338411259360|10440701664937163006|17787165623485850240|16205628097823797460|17895282749061263808
dataset\_work\final\lettuce_downy_v1\train\anomala\25611229128_c816ece963_b_jpg.rf.e62f8775e8cee00a1bd7ff2d81c012e4__ann1482.jpg,anomala,train,lettuce_downy_v1,447x468,15257824501534005894|3783738567940613790|13081499868300830460|5921869245850425536|11431837009988715060|9699116920807014099|13877905085850463826|18223362119512001205
dataset\_work\final\lettuce_downy_v1\test\anomala\images-28-_jpg.rf.e6831bc914e3ea982977510284fbc472__ann1483.jpg,anomala,test,lettuce_downy_v1,579x640,16673509803047688329|1790694548920002158|3561435564453635816|8343407164159859432|7991244365464066328|9914857553101350119|16760764267841243507|16764284359317548081
dataset\_work\final\lettuce_downy_v1\train\anomala\-6-_jpg.rf.e8ac8f055029aaf4ba57e32f25f142a6__ann1488.jpg,anomala,train,lettuce_downy_v1,594x557,14689236288031599512|3216865592222427878|3948137997952379462|10640921898953451925|16585236125335594028|11001140199503092427|10784374864415730835|5073916637658925622
dataset\_work\final\lettuce_downy_v1\train\anomala\28_jpg.rf.e94c4532dcf8c12f3ff9ec886d9c829f__ann1489.jpg,anomala,train,lettuce_downy_v1,599x509,16782895857099499581|7559490732418721857|4680567031346788458|18289279340071149857|4749235939974637672|4425009597938591976|2441466353988849917|7672115692693812288
dataset\_work\final\lettuce_downy_v1\train\anomala\images-24-_jpg.rf.e96e01424fc86706fe5d54f13f453f2c__ann1491.jpg,anomala,train,lettuce_downy_v1,640x593,7665527434706265785|12212013512658688610|12998599957812007660|15193260221669356744|7105073235326761385|13377570583956185450|14462374092299164114|17064924893206635700
dataset\_work\final\lettuce_downy_v1\train\anomala\28_jpg.rf.e9a8d1285ca496c8a14843c22b039a78__ann1493.jpg,anomala,train,lettuce_downy_v1,625x605,15738089399502561476|11883249856819640524|2513818609362434284|12301855966830584264|14715778812508432804|14186533186052057306|14475119940974721194|17039598819322421794
dataset\_work\final\lettuce_downy_v1\train\anomala\13_jpg.rf.e87bb366bd110a00df0f6c1798cb6394__ann1495.jpg,anomala,train,lettuce_downy_v1,409x381,7972862010077238832|9897273143155004915|15284843613513880138|15314432179482179213|17552150998475954825|3483213880388986222|10211587296315738068|5373608742601105108
dataset\_work\final\lettuce_downy_v1\train\anomala\-6-_jpg.rf.e900145a348e7c94b6f67a1d5ba347e2__ann1496.jpg,anomala,train,lettuce_downy_v1,640x640,8278399457528294608|12806245787658668788|13311174586250611922|16186689800274365620|17639118181541656753|15036606691913818738|13028010827996504800|15189705535575997112
dataset\_work\final\lettuce_downy_v1\train\anomala\images-23-_jpg.rf.e970ea09c1b7b71475083357e1a50263__ann1498.jpg,anomala,train,lettuce_downy_v1,424x267,14743279718687737568|14746644097182113528|11841719033105106514|15750710650207444405|17914939855920080588|16178788554961754828|13086778484431492570|5928485825824970404
dataset\_work\final\lettuce_downy_v1\train\anomala\images-23-_jpg.rf.e970ea09c1b7b71475083357e1a50263__ann1499.jpg,anomala,train,lettuce_downy_v1,166x240,18010408214078932977|6949253117186677808|15730020036826424448|11875285750099793950|3466698799722033248|17422161912146358777|2222795540779617700|9287777978635341018
dataset\_work\final\lettuce_downy_v1\test\anomala\images-37-_jpg.rf.ea4752bbcf936939569165caebf0bdf0__ann1501.jpg,anomala,test,lettuce_downy_v1,581x626,16766525561333242000|16756393018451092982|14189877476837083635|15909166590679280688|17790798310159321832|10401281352667934440|3489431326459087068|17566624930459741380
dataset\_work\final\lettuce_downy_v1\train\anomala\04_jpg.rf.eac2b3bbdf8c4e86e0beb50655c27f56__ann1502.jpg,anomala,train,lettuce_downy_v1,367x511,3570735156057821906|8306551765888972212|13361512950533122738|7082326869396007090|13021371290501269107|15155408464841051441|12873695192027908450|12892203153031785913
dataset\_work\final\lettuce_downy_v1\train\anomala\01_jpg.rf.e9ade99bffdd99445148cec61dfb2a13__ann1503.jpg,anomala,train,lettuce_downy_v1,421x608,6343485939711904904|16568627188016074478|17351302979320464908|12739719606318699727|17207853565869486053|9839299049739913304|14957779173002955952|920584699514375408
dataset\_work\final\lettuce_downy_v1\train\anomala\-10-_jpg.rf.e8d659c109c404d4c25c18e529e86fd4__ann1506.jpg,anomala,train,lettuce_downy_v1,451x592,12080280595113536552|1898861750723070443|7665932067897395603|12230022206386433078|16990230510982421018|2912924585677006247|3921735009068956073|10649126990719509098
dataset\_work\final\lettuce_downy_v1\train\anomala\11_jpg.rf.e8a4d92cb45e59a24c83ebbf75f83980__ann1510.jpg,anomala,train,lettuce_downy_v1,640x640,16262681020549008066|4103511961789902524|7840160791817540348|14505219406451422400|13595818955407815224|14018104258120298721|13885903588383018185|18217687775704567148
dataset\_work\final\lettuce_downy_v1\val\anomala\images-11-_jpg.rf.eae80ffa429ab1e9dffee903cf663743__ann1512.jpg,anomala,val,lettuce_downy_v1,601x527,2984959156945335924|7766970405161308881|17412857236842476695|8113895095185887254|15101304764934310251|8410127927356976169|1643909030153329264|10949540758010832625
dataset\_work\final\lettuce_downy_v1\val\anomala\images-33-_jpg.rf.eb7001423f2bc26e0cd24ba0b77e1a49__ann1519.jpg,anomala,val,lettuce_downy_v1,360x640,5322892154196107432|7891593610434902762|11583348850073127990|18085530218250882195|16932046708753466477|12150872719398198857|10650009856946601210|3948541343098388640
dataset\_work\final\lettuce_downy_v1\train\anomala\01_jpg.rf.ed4826cf39bbca4b8eaed4cb673c7f38__ann1521.jpg,anomala,train,lettuce_downy_v1,451x638,16566437240026615532|6347977985883278536|12449891840418040944|14599703156051660016|14451086221055367256|17063741677422700517|17351414965257411786|8127913899000776364
dataset\_work\final\lettuce_downy_v1\train\anomala\26_jpg.rf.ee9bb2545950b22c0d8cd9cbc7832a6d__ann1531.jpg,anomala,train,lettuce_downy_v1,312x231,14095091809910174900|4334209641531822802|917668386571259836|14970690212643671746|15191366747076961852|13021092304458587075|13983126157018776271|13587130396112763916
dataset\_work\final\lettuce_downy_v1\train\anomala\26_jpg.rf.ee9336eff8fd37ddcc5caee85c6276bd__ann1533.jpg,anomala,train,lettuce_downy_v1,270x278,12438545693453568995|14593375942530051128|12795450647404514982|8121879871742185114|4047676995211265738|16414428686999592620|11137004094566610544|12001695067796574897
dataset\_work\final\lettuce_downy_v1\train\anomala\-8-_jpg.rf.ee9195da830c3183073411524e579331__ann1534.jpg,anomala,train,lettuce_downy_v1,398x328,12797750525503117882|8261434386852521635|12460515336688016472|14612169278987093733|11792265282247108210|4222879105902615217|16557174412459821258|6385145607776169132
dataset\_work\final\lettuce_downy_v1\train\anomala\images-37-_jpg.rf.ecea907e006dbb009b6c1456e3b9916c__ann1539.jpg,anomala,train,lettuce_downy_v1,640x542,4063498237815723194|16418349104356775586|16981572787435779633|2930342118806164083|11733717283295582691|13444491949146006584|8327945871738710568|3582204873852758763
dataset\_work\final\lettuce_downy_v1\train\anomala\images-27-_jpg.rf.eeaad0f10501207829e590ad8649d15e__ann1542.jpg,anomala,train,lettuce_downy_v1,587x495,16889176349235846086|12158005857266378396|11129347013564633840|11831442047505709040|11251816285008935336|14311068719808799466|17345387769756201380|17299051421813076890
dataset\_work\final\lettuce_downy_v1\test\anomala\27_jpg.rf.ee40e369f229069be48dfcfb9e214e75__ann1546.jpg,anomala,test,lettuce_downy_v1,577x377,13433294006500094194|11730006084783731120|3173263564929261646|14659131684693080461|12714141995780196770|17469694868738895034|10230434036601483211|5647597832336705836
dataset\_work\final\lettuce_downy_v1\train\anomala\27_jpg.rf.ec8418531892ae858c7cbabff5e0f51f__ann1548.jpg,anomala,train,lettuce_downy_v1,366x625,15038482802249348370|17596348287724049079|12855657975045011881|12855773577779176042|13209859017142776564|1348234817827550160|7665797031467772082|12229940321118087346
dataset\_work\final\lettuce_downy_v1\train\anomala\27_jpg.rf.eec160a59848e56037087c7c901b121a__ann1550.jpg,anomala,train,lettuce_downy_v1,383x577,2644435744439167074|15830936425670044088|17972815909796228148|6974349472751995603|13324421361029395163|7091098458478391844|15261239874319927648|3795659879541402873
dataset\_work\final\lettuce_downy_v1\train\anomala\26_jpg.rf.eec261826e2a64d86b98794aadfffb5f__ann1552.jpg,anomala,train,lettuce_downy_v1,269x305,3933478823239307868|10418689178994914757|11069170309581237219|7369602041711700024|14246348605808875152|6652576644735604278|4046546765591496294|16423471037743078809
dataset\_work\final\lettuce_downy_v1\train\anomala\-8-_jpg.rf.ef0de953124c64154c83eeaadfabb26e__ann1556.jpg,anomala,train,lettuce_downy_v1,352x425,9857724982318701688|17171181783285679841|14120696653913435314|3787717142905801394|16268803845613309166|8690990261795081608|12883266212731850804|12874822414907406019
dataset\_work\final\lettuce_downy_v1\train\anomala\11_jpg.rf.ef76d989311c49dc58869c309079138b__ann1559.jpg,anomala,train,lettuce_downy_v1,640x623,15587600779092573312|16480339775923536892|13318918755977409202|16326830334613238706|18213587864383239652|9240377540336964312|12876831071870489826|12840416446577039032
dataset\_work\final\lettuce_downy_v1\train\anomala\17_jpg.rf.f0d798383ecc562251565035c1061179__ann1563.jpg,anomala,train,lettuce_downy_v1,488x406,1978107543610223721|2824208684830804329|4675987909955582053|18291565203101901145|7622881021936677159|7596561674931696411|6476678382941755645|7311854348344157248
dataset\_work\final\lettuce_downy_v1\test\anomala\01_jpg.rf.f06b594712f3a1c3702ef486c0e4ce4e__ann1564.jpg,anomala,test,lettuce_downy_v1,358x631,16379189013970406861|4075044056538434636|10346087666496489896|1069053682289896682|5497780905855847736|14829702278194220771|16892077455677511182|12162413557240009871
dataset\_work\final\lettuce_downy_v1\train\anomala\images-15-_jpg.rf.f12b6de509372ac670f02242f59817e7__ann1578.jpg,anomala,train,lettuce_downy_v1,640x471,16912884412359288500|12146975913387006674|3804531703878546396|15261653817982792132|15175627008487625384|13017349908072675050|14137320026394971347|15885150718930832436
dataset\_work\final\lettuce_downy_v1\val\anomala\-2-_jpg.rf.f1b365b6c664953fade0246a1bdcc42d__ann1579.jpg,anomala,val,lettuce_downy_v1,528x543,17488241121030130641|12732400562914012532|11142736208763732172|12013950339188522188|8371480679112946352|15081255072521695986|14770825241083034278|14753861156925055642
dataset\_work\final\lettuce_downy_v1\train\anomala\images-15-_jpg.rf.f0e6d517bef113b33cbbe3fd5bef5e0e__ann1580.jpg,anomala,train,lettuce_downy_v1,640x469,11857618374371892210|15748633350020146352|14245286300710784096|6657096132036316409|12692501155408940762|17499743840187813540|17999944646003876444|6975119717617676741
dataset\_work\final\lettuce_downy_v1\test\anomala\images-18-_jpg.rf.f23b2140bf8c9928b3ba797dc8f47a6d__ann1581.jpg,anomala,test,lettuce_downy_v1,410x348,6544242433093423757|11922246974116898126|10235585828841942314|10290485282442267051|5667136678177043621|10183363253268238682|12342497214896394126|3057141177416092814
dataset\_work\final\lettuce_downy_v1\train\anomala\01_jpg.rf.f3503d415268065249d4c4387581b96a__ann1582.jpg,anomala,train,lettuce_downy_v1,618x400,18072441868612978316|11568784251884575950|14762434152579392997|10125273228031449176|14887975305071529120|10143956470081179386|6366003937848493196|16565812438251069132
dataset\_work\final\lettuce_downy_v1\train\anomala\images-4-_jpg.rf.f2052296feb671cdec2d3f204969543e__ann1584.jpg,anomala,train,lettuce_downy_v1,411x351,16846045693328282963|7524471874950288436|2835562659983825106|1974107240788059828|3770872761951153256|6040968449120651753|13035302447507072283|15175074924721166631
dataset\_work\final\lettuce_downy_v1\train\anomala\23_jpg.rf.f33cfaae456b2347bf701b6387cc11d7__ann1585.jpg,anomala,train,lettuce_downy_v1,470x384,7341864768598431702|6428939215026590868|12454549685132778229|14561458315561051216|10670220977640454233|15480916672059794277|5810958699240428746|17715694855368398764
dataset\_work\final\lettuce_downy_v1\train\anomala\28_jpg.rf.f197090a892ff724bd49546cb694cd4e__ann1586.jpg,anomala,train,lettuce_downy_v1,571x611,7058465428050573770|8777747570653159852|7775936364543002942|678014707960540291|12421443120729870457|14589785732667470945|9470079205133412361|4524324068315162987
dataset\_work\final\lettuce_downy_v1\test\anomala\27_jpg.rf.f23bb327da0fb56affb0e1b9f9ebacf1__ann1589.jpg,anomala,test,lettuce_downy_v1,631x415,14035137082978588896|13590936738991498488|16623485978584159321|11003069911532820325|17934570447537740988|16201939133165389506|7338531668229206680|6418810526699926246
dataset\_work\final\lettuce_downy_v1\val\anomala\27_jpg.rf.f23bb327da0fb56affb0e1b9f9ebacf1__ann1590.jpg,anomala,val,lettuce_downy_v1,623x419,2698431215735851856|6607340137078336756|11503710617781983418|457741139633300642|17594645604028166491|5821961145753301541|11737766194574875142|13463731589030847903
dataset\_work\final\lettuce_downy_v1\train\anomala\images-18-_jpg.rf.f4f9b5de4ccde9cac036a76c3a19c7e0__ann1591.jpg,anomala,train,lettuce_downy_v1,380x331,742566931371061876|12650008763310649553|10852147237309477477|10855562590526353753|15109776409752210863|8426888659917098506|6463042793885705878|7309924156488981142
dataset\_work\final\lettuce_downy_v1\train\anomala\22_jpg.rf.f4f338b7c76487fb003625e741ca2789__ann1595.jpg,anomala,train,lettuce_downy_v1,591x640,10104242976724232812|14871766889259379657|12699613178282912386|17474977661738134430|14531911036684035022|7794291588820842892|11433453981055550450|9379428423284702896
dataset\_work\final\lettuce_downy_v1\train\anomala\30_jpg.rf.f29ec37e23b3e633e75239aa5b6017be__ann1596.jpg,anomala,train,lettuce_downy_v1,553x356,16306870758563663462|13280511182606273929|2478858157328853578|13518058707437201837|9911817715836407224|7371940358112169442|12513721939900668347|5362144813798680098
dataset\_work\final\lettuce_downy_v1\train\anomala\images-15-_jpg.rf.f57a9af52db1150607cd3b7ac99e3cd4__ann1598.jpg,anomala,train,lettuce_downy_v1,640x465,7374833557764703384|11088366751857237990|3554962474823799670|8309489214698960273|16636213356734898585|10953935272545114214|10463289424379400563|8526359925755172145
dataset\_work\final\lettuce_downy_v1\train\anomala\28_jpg.rf.f4e39e3dbe971a1b5e6d38fca047a009__ann1600.jpg,anomala,train,lettuce_downy_v1,623x542,12387613321127717278|750089619241068678|12065660836712206697|1905467561843520617|9685152457366857738|11450884620865038763|7598899555854479642|7625036965684343207
dataset\_work\final\lettuce_downy_v1\train\anomala\images-23-_jpg.rf.f53ecb3c43e4926435c311571c406b7e__ann1601.jpg,anomala,train,lettuce_downy_v1,344x433,14753430312040260475|14736501674595727392|18197518524263748788|13884235408956839122|2321669492101513932|8927158827048419020|15191985045577838272|13030132980227672828
dataset\_work\final\lettuce_downy_v1\train\anomala\images-23-_jpg.rf.f53ecb3c43e4926435c311571c406b7e__ann1602.jpg,anomala,train,lettuce_downy_v1,274x201,17435937663485277414|8133739282026778776|1434014496437301003|4006192208793831456|11011538964759240816|16642178199213897969|2308121831197546551|860160275492693523
dataset\_work\final\lettuce_downy_v1\test\anomala\images-2-_jpg.rf.f4a81e8f2d625e7174f1d78de8d04876__ann1607.jpg,anomala,test,lettuce_downy_v1,373x537,915754418066336721|14939119103922743924|11291018783342564060|14299628915165083332|8370662933745193679|15108264580585469196|14174606301576590022|15893878003713814940
dataset\_work\final\lettuce_downy_v1\train\anomala\images-37-_jpg.rf.f4b9599c67590c69a92dfd67afdfba05__ann1608.jpg,anomala,train,lettuce_downy_v1,601x640,16466739607242986640|15591116979836474614|16161279800401910229|17937161827848447060|17786041705251102424|10436127462845613540|6081155493225164280|15409530335220091104
dataset\_work\final\lettuce_downy_v1\train\anomala\images-15-_jpg.rf.f5d1c79cea3f4e4312b35f4fe9c7ddf0__ann1609.jpg,anomala,train,lettuce_downy_v1,400x627,17340638840810201898|15031385649533172139|14894276287092537590|10102250737402307216|12337985883322292944|3054519907641435888|10440129582490661516|17778149393948062670
dataset\_work\final\lettuce_downy_v1\train\anomala\images-1-_jpg.rf.f5c1cbf12817eb0fe5e4c38d32c42519__ann1611.jpg,anomala,train,lettuce_downy_v1,502x509,10697793863173163596|15461301262098410957|11002616469950115175|16596428290412202777|14820691702894006742|5497429319224555156|1822624375981691622|7434666263074681240
dataset\_work\final\lettuce_downy_v1\train\anomala\28_jpg.rf.f60a85eb60de8db1435009f83cb65ede__ann1612.jpg,anomala,train,lettuce_downy_v1,631x606,15598484322326734260|16492657806607669458|15629994178263972250|11882986042613325986|15157124773230731748|13035045470042487000|11700603434730842276|11167195159926728920
dataset\_work\final\lettuce_downy_v1\train\anomala\11_jpg.rf.f64a2cdff0b375afad39fbc60380471e__ann1613.jpg,anomala,train,lettuce_downy_v1,640x634,15715920081280801276|9270567264471179968|8947014780408968880|13955401452591617010|13862690130297071488|18201626798522505946|17479509912501070785|12697461657730689660
dataset\_work\final\lettuce_downy_v1\train\anomala\images-15-_jpg.rf.f66a4286c9b2885f7fd8b916516d14fe__ann1614.jpg,anomala,train,lettuce_downy_v1,640x308,9669573871500798138|11417649609193024418|14661986223025432780|3198000403306769356|11739709425406145438|13414029060740886918|14766079758535254316|14711037379084712395
dataset\_work\final\lettuce_downy_v1\train\anomala\27_jpg.rf.f667f58915057b44d7a89064ec76a381__ann1615.jpg,anomala,train,lettuce_downy_v1,351x608,3500335179864919128|17525461964532927717|13057174240849475645|5968282898641707587|16558779842295903987|6398672713005699888|4891634652556153682|4447364885225288885
dataset\_work\final\lettuce_downy_v1\train\anomala\images-15-_jpg.rf.f7a1607fc71e95b452c5161e2ae36a3f__ann1619.jpg,anomala,train,lettuce_downy_v1,422x640,15029098869359950242|13021620853250023994|7401855706442867340|11088648219815819982|4207146747523741364|11725522173326365392|14896327868954632857|10133725185491908710
dataset\_work\final\lettuce_downy_v1\val\anomala\images-11-_jpg.rf.f75041e357b1cabf21969f09337883a3__ann1621.jpg,anomala,val,lettuce_downy_v1,620x510,13093535510661017061|5931899091669240408|5342576329636005936|12527565300792946163|6362012437659931218|16550141105578292661|17576781226241088173|3479133627573609546
dataset\_work\final\lettuce_downy_v1\train\anomala\images-15-_jpg.rf.f7cc99b0eefe110545c4a76619d8716d__ann1624.jpg,anomala,train,lettuce_downy_v1,598x640,15614650930897937897|16479438139901368424|18070186500173238417|11573322470894663286|7518997255709897444|16854128604842472152|8572241373169949856|10489132880250455802
dataset\_work\final\lettuce_downy_v1\train\anomala\-10-_jpg.rf.f6f226859983fdb3607037fc8f057b24__ann1625.jpg,anomala,train,lettuce_downy_v1,343x587,11218983800389473204|2770439677100373714|17648916020244237724|15008259804569619654|15147355115558826534|13011765065732764059|14288836866849130704|11298787961615412724
dataset\_work\final\lettuce_downy_v1\train\anomala\03_jpg.rf.f7f588671b9469b58b137289478d7222__ann1626.jpg,anomala,train,lettuce_downy_v1,352x485,9451257419420292001|4497907242228856178|4495933336605303444|9428634152866134998|8229683239875668798|11624725556198386051|15473158405048031618|10674149689009595454
dataset\_work\final\lettuce_downy_v1\train\anomala\images-2-_jpg.rf.f7eea49ea7fd970ad522c68068e80c73__ann1627.jpg,anomala,train,lettuce_downy_v1,453x527,15326279238924145635|14155509468822910520|10890198141301264568|1611013905213617890|4050669967924294340|16398595824203968980|16354391573438946070|13299377920863707543
dataset\_work\final\lettuce_downy_v1\train\anomala\images-1-_jpg.rf.f8e7290bdc9971665d0e1d98048b5ea2__ann1629.jpg,anomala,train,lettuce_downy_v1,522x631,17062970977834054629|14424013875314045776|15426677882028207348|10707157260102716112|5779075623727410376|16515712942060719084|15045025052656834452|17630654343341479638
dataset\_work\final\lettuce_downy_v1\train\anomala\images-2-_jpg.rf.f8e66831e6e554e2900e653be3ab14b9__ann1632.jpg,anomala,train,lettuce_downy_v1,417x548,14273079043323893475|11301620386151110200|14677725703129338520|3202759433324738534|4077686029474846620|16399405683225203910|16588827072428536364|10958003180859929035
dataset\_work\final\lettuce_downy_v1\test\anomala\images-23-_jpg.rf.f886599bc8ad12026bdd6edec9cc0757__ann1635.jpg,anomala,test,lettuce_downy_v1,389x253,13030671604016453146|15173898096505165479|14793024205636187993|5489176818117382949|12075886235592398034|1915766858615543476|2671534740749233484|6428804227176418253
dataset\_work\final\lettuce_downy_v1\train\anomala\images-11-_jpg.rf.f70b493328eb4259adc4aae1c6e999a0__ann1638.jpg,anomala,train,lettuce_downy_v1,626x601,15723445923391775904|11877004578963905274|8130222564777273752|17425735263529298918|18075994030207456164|11575610918157300954|16603550873844831473|10964412202288338032
dataset\_work\final\lettuce_downy_v1\train\anomala\04_jpg.rf.f931e1e4e56abae7fcea380e42a81535__ann1641.jpg,anomala,train,lettuce_downy_v1,432x495,2550114582149282726|4051326730463224730|8816667728900912628|11611941837948604624|11106807203782474040|11978323273668846371|15010616526823171489|17651235537947220858
dataset\_work\final\lettuce_downy_v1\train\anomala\-6-_jpg.rf.f97b2c57f850e5e2379fc72894c5a7ec__ann1642.jpg,anomala,train,lettuce_downy_v1,640x640,16192848197105476848|17933983333032515824|16781754557276932328|16778402461427559656|17354671423012922104|17358081682112887008|16784051127537424616|16773736212593960168
dataset\_work\final\lettuce_downy_v1\train\anomala\13_jpg.rf.f99d09703dd9f468b28b71ddb4929633__ann1643.jpg,anomala,train,lettuce_downy_v1,370x346,10620274661999602124|3943231663692474828|4938099880262331572|15933201440270043602|14729434165047769398|14729463852861973139|15188681999894847197|13000888874311321412
dataset\_work\final\lettuce_downy_v1\val\anomala\27_jpg.rf.f822bf6cb5498a8bfb936f01319297bb__ann1646.jpg,anomala,val,lettuce_downy_v1,410x627,13171852113879839440|10532921525867951092|16168760219082021226|17922462831176082600|17632556178581236882|15002275176900578230|12133934179152869880|7699424614479913696
dataset\_work\final\lettuce_downy_v1\train\anomala\27_jpg.rf.f822bf6cb5498a8bfb936f01319297bb__ann1647.jpg,anomala,train,lettuce_downy_v1,402x640,10110639051791168276|14877029604812599703|12892101313648747481|12855648921186810212|10894721570137404878|1473578878041870476|7221937517295069362|15664471581591202226
dataset\_work\final\lettuce_downy_v1\train\anomala\images-11-_jpg.rf.fa00c35e63ad7264e31270866f97c1b9__ann1649.jpg,anomala,train,lettuce_downy_v1,604x552,4669627681390235731|18252074142180767285|12390199611953095978|3076192297383778475|3888513627415923965|6021480577618267456|12346717998471753770|3073044457006101163
dataset\_work\final\lettuce_downy_v1\test\anomala\01_jpg.rf.fb604842e61386c30fb077cc194605dc__ann1652.jpg,anomala,test,lettuce_downy_v1,383x640,12962443531274324618|3618752881280855726|11436271973925550810|9679023798507446692|12587185555045103666|9982979225748628403|11862928863301227142|15743061133387150750
dataset\_work\final\lettuce_downy_v1\train\anomala\images-37-_jpg.rf.fb2dc704d66bf7f38531bf1d70e4559c__ann1655.jpg,anomala,train,lettuce_downy_v1,640x614,11089113640409653366|7410868503454874001|2365720397494234338|18146307656668597176|10518595298307201126|8529974314960872601|13315928745528448251|16297553821171373088
dataset\_work\final\lettuce_downy_v1\test\anomala\23_jpg.rf.fbdca7cc6c27a8b201219dd4d96fa242__ann1657.jpg,anomala,test,lettuce_downy_v1,296x416,15518255846388243158|1451610853708572308|4187913322257283642|11783617436125602209|10711361357944988948|15463840605228719063|11646692613449418659|4213756697064513082
dataset\_work\final\lettuce_downy_v1\train\anomala\27_jpg.rf.fbf40ff21e2f2ef886087282613edd18__ann1659.jpg,anomala,train,lettuce_downy_v1,400x613,2605675596997385400|14658059669642724578|12695866060913835177|17497483633983930474|16340335541333748683|13320783920350374180|7692379965761573874|12248863775666876592
dataset\_work\final\lettuce_downy_v1\train\anomala\27_jpg.rf.f9e2aa0912dcb310a82b3c32db8a8b2a__ann1663.jpg,anomala,train,lettuce_downy_v1,408x602,2644360977439811680|15686858620586420713|13358913354571496628|7122893235798786754|16855235669229482713|6946860073556161060|14034010031412336994|13023412714622706873
dataset\_work\final\lettuce_downy_v1\test\anomala\27_jpg.rf.f9e2aa0912dcb310a82b3c32db8a8b2a__ann1664.jpg,anomala,test,lettuce_downy_v1,364x622,16732829237586219442|16758791889240880178|2998616616271915185|7729975523570477682|3635784161164301288|12885247725376059112|8280678894007436907|12801614805282168105
dataset\_work\final\lettuce_downy_v1\test\anomala\images-31-_jpg.rf.fc52754bb241aed7333b5b9726a8e017__ann1665.jpg,anomala,test,lettuce_downy_v1,315x402,14334513570479488660|11279486663047349206|1377791822663258874|4001334769457412000|15457393884581693596|10682100797022203590|11580986482090346295|18019545204711104019
dataset\_work\final\lettuce_downy_v1\train\anomala\images-31-_jpg.rf.fc52754bb241aed7333b5b9726a8e017__ann1666.jpg,anomala,train,lettuce_downy_v1,287x434,15823903934295742760|2623008873097094891|12783977262313942171|8244134435320547878|16962427821769909796|2925538911470787035|2795285050852927858|11217591944090708401
dataset\_work\final\lettuce_downy_v1\train\anomala\images-24-_jpg.rf.fa829410cbb39593d8a25390e9c5c898__ann1669.jpg,anomala,train,lettuce_downy_v1,585x634,14164200608896954573|15885996790332977740|10212450737894693618|5648191870060832432|5544717046914578140|14821536161441878468|12728924715707032142|17481394403093887373
dataset\_work\final\lettuce_downy_v1\train\anomala\images-15-_jpg.rf.faa84671801abc1b95236f1d89e1365d__ann1671.jpg,anomala,train,lettuce_downy_v1,640x465,11093703757810605006|7408699202841224844|8715489636401243829|11614847598487968082|10098779047191171174|14887694683974202521|5951837088989720737|13071218315108807544
dataset\_work\final\lettuce_downy_v1\train\anomala\01_jpg.rf.fc67166225a578c914d668af8067a089__ann1673.jpg,anomala,train,lettuce_downy_v1,617x336,11508047568463653805|491675958830835786|7956816119642462553|9928657789353813861|5343722128468922886|12532271536516412575|7307048298952378761|6420273322462440558
dataset\_work\final\lettuce_downy_v1\train\anomala\images-23-_jpg.rf.fc94e35107e3335659b45b3e3e84c54a__ann1676.jpg,anomala,train,lettuce_downy_v1,204x264,2279132381104282|4607155086246866086|17361628252453783238|16208693551341018268|12028235150642376511|11153438100340344832|11285132642658873568|14323387341004402928
dataset\_work\final\lettuce_downy_v1\train\anomala\images-31-_jpg.rf.fc7fcddeabd56a24f5c94194051e774b__ann1677.jpg,anomala,train,lettuce_downy_v1,403x296,17515146444490587794|3510500765469541046|3183049424946130887|14684991087056586780|13151228643249076016|10574115873475007219|2020086369246890955|14406852912258362412
dataset\_work\final\lettuce_downy_v1\train\anomala\images-31-_jpg.rf.fc7fcddeabd56a24f5c94194051e774b__ann1678.jpg,anomala,train,lettuce_downy_v1,436x265,9918285857260817265|7987931023164583025|6401893682912184777|16565620111882087788|8154906867703011950|8199875241847334025|7813125421027288293|14504349248819615832
dataset\_work\final\lettuce_downy_v1\train\anomala\images-23-_jpg.rf.fc9442bd8d58113f83cf7715411b698e__ann1679.jpg,anomala,train,lettuce_downy_v1,359x287,17458859046138090122|12730890325590718382|17125959175989524190|5200103666479174020|12589613520354913712|9949204934749801202|9552612804003506760|16030195783351512045
dataset\_work\final\lettuce_downy_v1\train\anomala\images-23-_jpg.rf.fc9442bd8d58113f83cf7715411b698e__ann1680.jpg,anomala,train,lettuce_downy_v1,202x210,17580357334510663283|3485892094817505329|15444748407003541629|10705580664442384448|3571618543598329904|8356130985678076403|4679346437377266068|9074957401173808854
dataset\_work\final\lettuce_downy_v1\train\anomala\27_jpg.rf.fd6d5766f6a08be735672a14bda59167__ann1687.jpg,anomala,train,lettuce_downy_v1,411x596,7923999034900607536|5264763194025226483|13889780580533721569|18211547423784068216|17559653858575257673|3527103126340630381|8675292552534539516|16274272678979420864
dataset\_work\final\lettuce_downy_v1\train\anomala\27_jpg.rf.fd6d5766f6a08be735672a14bda59167__ann1688.jpg,anomala,train,lettuce_downy_v1,442x640,10552326092410081796|10840685243354297823|12998481390971611496|15147990185372314089|16120058566569193878|311364258311205266|16819036873152805074|7523654367252145076
dataset\_work\final\lettuce_downy_v1\test\anomala\images-18-_jpg.rf.fd09646db7730cf1a45cfaa253d1b203__ann1689.jpg,anomala,test,lettuce_downy_v1,384x429,2636526467405231061|11211346254504538708|11723351239423528208|13434891436766023415|6067094892880107163|15398821334638302756|17820287035530965690|1192884194623467938
dataset\_work\final\lettuce_downy_v1\val\anomala\01_jpg.rf.ff58e34fa96c51abebc7470f803df77d__ann1692.jpg,anomala,val,lettuce_downy_v1,640x411,7841421075775394996|14534441768610748114|4050186159417251414|16380598605110416533|15192510862284141769|13012265174282981996|10778483528884769763|6257263957995042104
dataset\_work\final\lettuce_downy_v1\train\anomala\01_jpg.rf.fd8d66e48e046a7765bfc3d7e2039732__ann1694.jpg,anomala,train,lettuce_downy_v1,640x330,3792475926253329490|15238728375734289589|12840269221680500105|12858564412865924206|13097679587466705619|5970802184555897140|7947827181018444466|9929774803458994610
dataset\_work\final\lettuce_downy_v1\val\anomala\images-23-_jpg.rf.fe8dd76a949547c99d035eee67e6ffa6__ann1699.jpg,anomala,val,lettuce_downy_v1,153x218,2721216390413611763|6574184773004472368|6203273599369108536|10779314999862019555|3508504436529052763|17578273596897477413|16412753737704118165|4061390234681874006
dataset\_work\final\lettuce_downy_v1\train\anomala\01_jpg.rf.ffd0bf63598c8a56a8204dd7dd72ad82__ann1702.jpg,anomala,train,lettuce_downy_v1,640x403,9282135138602111662|18362544170327782538|17575818322054518205|3488148801192220226|9994840301587191038|12597285922938343552|4780224155148904496|13661067670166563315
dataset\_work\final\lettuce_downy_v1\train\anomala\-8-_jpg.rf.ff5c5eb037ab781b92728446499f761f__ann1704.jpg,anomala,train,lettuce_downy_v1,426x385,9984707863698384614|12571389996036823704|6650928968552536786|14253300093033161908|10996290996824471214|16620194237208498314|13016608928088509893|15193717584350956636
dataset\_work\final\lettuce_downy_v1\train\anomala\images-15-_jpg.rf.ff28494b2292468c74158a04d7fca110__ann1705.jpg,anomala,train,lettuce_downy_v1,554x640,18003300363049450340|6981905630099612633|7275205161053687505|15677279680580455540|15646459246121772128|7222429564705888505|8398213599044210905|15100201611675891300
dataset\_work\final\lettuce_downy_v1\val\anomala\28_jpg.rf.c870c31cc942f07725b6fe1ac2b35b4c__ann1707.jpg,anomala,val,lettuce_downy_v1,582x621,10408329826419143929|14299479487089528928|15705277636405655706|7264488498380726694|6976345086459408838|18011250439463399824|12025144151393030244|11130884904699229401
dataset\_work\final\lettuce_downy_v1\train\anomala\images-15-_jpg.rf.c9b9d1947519d451a47c9e609f145777__ann1712.jpg,anomala,train,lettuce_downy_v1,640x546,11218997526603714258|2770479084029054388|11846338585427129306|15751790820433408932|13010111373281620518|15154106171081798043|11831854987227077082|15723020439785989796
dataset\_work\final\lettuce_downy_v1\val\anomala\06_jpg.rf.c8697f4eec7e5de3325a22c32b09aee3__ann1713.jpg,anomala,val,lettuce_downy_v1,423x458,11872844434564891848|15770607706845666540|8121263539186717556|17425164093996545489|17067677431935327450|14466888783403009188|15075112314847810289|8382199583073547376
dataset\_work\final\lettuce_downy_v1\val\anomala\images-27-_jpg.rf.c80da6860eee3c98a7c181c18984cd79__ann1722.jpg,anomala,val,lettuce_downy_v1,505x590,9874521825155009764|7957691135534812376|6439070262925329096|7333490139432337388|15622093298572029806|16486609868197267849|17059548958399579493|14412208035100122201
dataset\_work\final\lettuce_downy_v1\train\anomala\images_jpg.rf.c7133f3e16d5b8c700bae0161e2b2bf3__ann1723.jpg,anomala,train,lettuce_downy_v1,640x640,14470653384516579984|17056424085029958646|17909164915403903950|16190084034472063116|17776728240683463916|10390625244239286984|10101695523153751776|14903406837463419640
dataset\_work\final\lettuce_downy_v1\train\anomala\25611229128_c816ece963_b_jpg.rf.c9201c4bda27222916a6ab3c9ac1d2ca__ann1728.jpg,anomala,train,lettuce_downy_v1,409x396,11982490026398745027|11145605557173057084|13911993521970853292|8968872038775542474|4356928938906594714|14087585554541267622|14578757427854145404|12445023820435427777
dataset\_work\final\lettuce_downy_v1\test\anomala\images-36-_jpg.rf.c85a2333e27a23134e0e62d80b7c0c3f__ann1733.jpg,anomala,test,lettuce_downy_v1,339x446,16614564392312808615|11004172324783708698|3706177503661233587|3713710803788846642|1935116556642858648|12079965356576903910|3627189673345976627|12940325712811552307
dataset\_work\final\lettuce_downy_v1\test\anomala\images-23-_jpg.rf.c9cdee417df790b40df695beb8073c97__ann1737.jpg,anomala,test,lettuce_downy_v1,254x149,14756266148572749532|14766296544345621700|10745535412062939027|1587251267923155254|14160668311220448460|15915382763751590092|3898385931392780054|10621568633392799637
dataset\_work\final\lettuce_downy_v1\train\anomala\04_jpg.rf.c9d5e7238a3ba9aba073a5b04b21dbd4__ann1738.jpg,anomala,train,lettuce_downy_v1,419x501,12928668582313556902|3614459990931022234|13495473693954666932|174882496447279186|11106244082096417074|11996337731771526067|5940296521966578946|13038426231967402427
dataset\_work\final\lettuce_downy_v1\val\anomala\-8-_jpg.rf.cb42400307f03c788f03608678fb165f__ann1739.jpg,anomala,val,lettuce_downy_v1,389x415,7018128186060986585|8744189036286305636|15260550889620642314|3813569820210145199|7270416788936546681|15661358750615627105|12657303923989015604|728065968984475859
dataset\_work\final\lettuce_downy_v1\train\anomala\01_jpg.rf.caf2e5dc4332b3bc4ba19ba13c8cc2f5__ann1740.jpg,anomala,train,lettuce_downy_v1,640x419,13471616833062548649|11732102136274932330|13084307868148673523|5969183252733504048|7697290363539345570|12228642207288849594|3470697318276978258|17558366942283994293
dataset\_work\final\lettuce_downy_v1\train\anomala\30_jpg.rf.caad92dbbf615e6bd62c40c978e5f00d__ann1742.jpg,anomala,train,lettuce_downy_v1,544x349,6553944833870974520|11876183153831415011|764085659245374059|12656863315527313705|16396649512039207076|4093317018525824090|3002121272167933615|7740081209141860874
dataset\_work\final\lettuce_downy_v1\val\anomala\-3-_jpg.rf.caf93929c166cf567fc63ff4fa1106d4__ann1744.jpg,anomala,val,lettuce_downy_v1,243x421,13172599728773498448|10559922336070409973|6167331081866880742|6167323931798182552|17698636849286843538|5802592839413649078|10996269293686789717|16620224821854377557
dataset\_work\final\lettuce_downy_v1\train\anomala\images-30-_jpg.rf.ca7957c9f13a357df62ec567efc21abc__ann1752.jpg,anomala,train,lettuce_downy_v1,146x238,15908793532352358342|14131232720115210396|16517287432592831538|6369061746453435315|11247978492810828996|14332676008868825052|12957950029967090520|3617719090530040293
dataset\_work\final\lettuce_downy_v1\train\anomala\images-40-_jpg.rf.ca418e2bdb93a83d87e5cc581217358e__ann1754.jpg,anomala,train,lettuce_downy_v1,518x438,3851507673669608632|5994658017497111266|15613519845470788114|14162208079211177399|16346620457581883731|13304975471470801717|13233137717011122884|1322594095618436824
dataset\_work\final\lettuce_downy_v1\test\anomala\11_jpg.rf.cc905b287463622ffea421cd9366edb2__ann1755.jpg,anomala,test,lettuce_downy_v1,628x640,7650048527873500224|11649556192729618941|9251592352723542951|18363917465732004378|18291820285332663201|4639946467739314794|1889977533600750078|12079725460918002816
dataset\_work\final\lettuce_downy_v1\train\anomala\images-37-_jpg.rf.cbad1153b33a1203c31b6d4190a68bcb__ann1756.jpg,anomala,train,lettuce_downy_v1,589x639,17763494825084250528|10438999005990643962|3633527818541258965|12955088720492160084|18043877147604868752|11594977568509166838|6117183941951146419|15409249439837219890
dataset\_work\final\lettuce_downy_v1\train\anomala\17_jpg.rf.cc1fa65de0e44c2a39260945be700428__ann1757.jpg,anomala,train,lettuce_downy_v1,370x535,15613094502538167496|16486170405155495276|11570480081328285426|1924909328306641840|7844665620349373156|14430769558515789016|12725921177452066330|17448720359893930656
dataset\_work\final\lettuce_downy_v1\val\anomala\-8-_jpg.rf.cca6e34dbabfc4ae1aa41312cd660dcf__ann1760.jpg,anomala,val,lettuce_downy_v1,383x421,3847594046244145388|6006000462861299144|15116435695136020572|8425256112420743109|14478419200744970579|17025940091860051253|14260514744489602164|6636228487476594897
dataset\_work\final\lettuce_downy_v1\val\anomala\-3-_jpg.rf.cabe5cb3c291b4e49fd8495f8177e1dd__ann1763.jpg,anomala,val,lettuce_downy_v1,403x227,15676153871479721700|7263945801404550360|7840690470256122148|5263761222484453339|15603961605769449060|16487372476609891545|15809791353822514249|2601225577251393388
dataset\_work\final\lettuce_downy_v1\train\anomala\images_jpg.rf.cf64ceca25a9c471fd06bd3924f80842__ann1767.jpg,anomala,train,lettuce_downy_v1,640x640,16187284868016190178|17931764390242268088|16632578117085139708|10967510607496787648|13309091089021197048|16299135995453482208|13886334908721018008|18199832930816742118
dataset\_work\final\lettuce_downy_v1\train\anomala\04_jpg.rf.cd6d2c779003f00fc85ef8f56adb8dbc__ann1769.jpg,anomala,train,lettuce_downy_v1,470x437,17108009099477998500|5199727629773448666|5499767657758173621|14786837300136667730|15719091972996344136|11843210572983921645|5938598856586835405|13090235356108378956
dataset\_work\final\lettuce_downy_v1\val\anomala\-8-_jpg.rf.ce959746f7ec160293ba21a105207c41__ann1770.jpg,anomala,val,lettuce_downy_v1,338x397,14838697406326168748|5496883908066067658|9720627926311282363|11427926825022427682|14611038832370010188|12455993507391532493|2491227597005297822|13521643148813264518
dataset\_work\final\lettuce_downy_v1\train\anomala\22_jpg.rf.ccd6539fe61c8a4e9e4527105f21a44a__ann1773.jpg,anomala,train,lettuce_downy_v1,564x640,8584741826504430977|1237200528879080830|155986016603714536|13234893830955086568|9103397139067382545|9301406650007102327|16731460144957336503|16767912574504937986
dataset\_work\final\lettuce_downy_v1\val\anomala\images-33-_jpg.rf.d01dd0078fc76131294ad3ba732a9fc6__ann1778.jpg,anomala,val,lettuce_downy_v1,640x383,12443960733324208308|14587955402071271634|11919167656825613490|6514801369523276210|15197593596864000714|13035864990653133228|12883014182566979930|12856767978890553765
dataset\_work\final\lettuce_downy_v1\train\anomala\images-33-_jpg.rf.d01dd0078fc76131294ad3ba732a9fc6__ann1779.jpg,anomala,train,lettuce_downy_v1,626x388,9266324143109618133|4532563590519611988|15195688043448719864|13004223278526064096|6080644748285503038|15400530116834007168|16169445658406189236|17895451055658754514
dataset\_work\final\lettuce_downy_v1\train\anomala\-8-_jpg.rf.cf5fc9dd21f7d5349fbd26461a9be355__ann1782.jpg,anomala,train,lettuce_downy_v1,418x380,2087010003389271452|14091981687249587652|17481505534331743310|12729086156315347341|14145193562144673987|11262856595627636252|10216843354835822256|5651136379708021490
dataset\_work\final\lettuce_downy_v1\val\anomala\26_jpg.rf.cf13b0cdafef39a36e8cb1188193afdf__ann1784.jpg,anomala,val,lettuce_downy_v1,316x232,14380789465326188276|2032869682191634896|918231628581930396|14952675668106354370|15028988668716267036|17615392847191839431|13987647348261749455|11278463842179792396
dataset\_work\final\lettuce_downy_v1\train\anomala\16_jpg.rf.d215beffc48f6e9d1b31deb5de16ea21__ann1804.jpg,anomala,train,lettuce_downy_v1,572x407,11860665883479853447|15737492571647733020|12061002195239998286|1907676754525369997|2048409902699669210|9748439213842143652|10175533317779978522|5662005747639738791
dataset\_work\final\lettuce_downy_v1\train\anomala\-6-_jpg.rf.d1c4bf92e3ae61e8c6a2b3f690761401__ann1805.jpg,anomala,train,lettuce_downy_v1,640x640,14476483021385549044|17048600855188266192|11588439366314158840|17488860348228151520|15050161899482945772|17637407542941116104|16188344608242644210|17936234890167636640
dataset\_work\final\lettuce_downy_v1\train\anomala\images-37-_jpg.rf.d238c6d23bb20e9d7c37e1d0d2f5cba1__ann1807.jpg,anomala,train,lettuce_downy_v1,629x640,13032461617609730276|15187447104096102872|11597488612499935460|18064094999090492888|15630216072779973842|16458557476172389556|15633598123384680698|16451845609042670240
dataset\_work\final\lettuce_downy_v1\train\anomala\images-11-_jpg.rf.d16ede95c3a5d157b28e8a74e103e2d1__ann1808.jpg,anomala,train,lettuce_downy_v1,512x606,3144828209629671530|3160061180490740393|5393281257562367155|12530400246575716402|12246033559655733803|7687814140381668395|3663850536377836717|12962703995340118090
dataset\_work\final\lettuce_downy_v1\val\anomala\17_jpg.rf.d1a33cde2fbc39c774bd277e47f65e8e__ann1809.jpg,anomala,val,lettuce_downy_v1,529x392,8769465691047250352|7003828969017732338|12024737151805216978|11166870588170757300|17468588728314835553|12738950895969416057|13034733044621244570|15193116349354401958
dataset\_work\final\lettuce_downy_v1\train\anomala\images-31-_jpg.rf.d05df596fba8322d8bc6ee04bf8b66be__ann1810.jpg,anomala,train,lettuce_downy_v1,400x301,10529106265614668499|13152649211995338036|14682809378995275932|3187550820198313670|3798027385460787126|15227318967659273874|14334513572643879980|11279486660885201867
dataset\_work\final\lettuce_downy_v1\val\anomala\images-31-_jpg.rf.d05df596fba8322d8bc6ee04bf8b66be__ann1811.jpg,anomala,val,lettuce_downy_v1,433x272,8172289044862215305|8172147210026539886|16529590767523226918|6402175162032871835|7988212498145503601|9882257062389180785|11194203484064373080|2766842654886421733
dataset\_work\final\lettuce_downy_v1\test\anomala\images-34-_jpg.rf.d20b43e3899d4388516f69ae010e617b__ann1812.jpg,anomala,test,lettuce_downy_v1,370x289,809089533266369289|3432747707764320111|11136330450650473351|9713828641140980510|8009603888851297071|656352150405134859|2178398464746180230|9737736515088387226
dataset\_work\final\lettuce_downy_v1\train\anomala\-6-_jpg.rf.d1bfaa92c58a37f98fd257af88fb4d79__ann1816.jpg,anomala,train,lettuce_downy_v1,571x564,12982591782824729283|15144349290786956604|10560006774667840405|13172618325499062870|4370122314982435794|14076612064498822068|6208823782342839990|10775930100264111250
dataset\_work\final\lettuce_downy_v1\val\anomala\25611229128_c816ece963_b_jpg.rf.d1ebb270751780e32488ae360d85ee9d__ann1817.jpg,anomala,val,lettuce_downy_v1,421x378,13364125858804504526|7102572892723484300|15462659808121942712|10706772838246035938|10094284435813339490|14886551345949144761|16334965288428213908|13290916043551119062
dataset\_work\final\lettuce_downy_v1\train\anomala\images-23-_jpg.rf.d24da8cf4ab3f87c80e91f47a187a9c5__ann1818.jpg,anomala,train,lettuce_downy_v1,298x382,12106296415550073448|16915471485587532265|10589751070695986057|12866965837350319726|16837184062947049450|7523952238221591208|7941634809055776946|9913449639906571922
dataset\_work\final\lettuce_downy_v1\train\anomala\images-23-_jpg.rf.d24da8cf4ab3f87c80e91f47a187a9c5__ann1819.jpg,anomala,train,lettuce_downy_v1,244x201,4674988050124231569|9077102651768058966|14552231908208079859|7795836939418218544|6211700754119981181|10507981812308172864|3472526466894278764|17578632131878974409
dataset\_work\final\lettuce_downy_v1\train\anomala\04_jpg.rf.d201bfc266b21d36994b251053a62f4f__ann1821.jpg,anomala,train,lettuce_downy_v1,518x398,10657073301266874546|3915913764147166386|11255678760605468210|14327027605730794931|12897197949101955126|12880382017770349971|12942725302011024326|3622807900020552860
dataset\_work\final\lettuce_downy_v1\val\anomala\-10-_jpg.rf.d144ae4b71608b4d8d3cdc957398bcb7__ann1823.jpg,anomala,val,lettuce_downy_v1,489x605,7586654638189155787|7596890545974433324|13255655676968687779|1319781356462826554|3194833991900556649|14669866202293487977|4207530511352877074|11806357202251085239
dataset\_work\final\lettuce_downy_v1\train\anomala\images-37-_jpg.rf.d3991893a49d30f0eb0d3a7bfef80753__ann1825.jpg,anomala,train,lettuce_downy_v1,563x628,17551317393365183017|3510147214048143979|3633386881203212473|12955089794518152802|7758200406731961904|3002399753780499187|7131039288790731187|13371378819649399858
dataset\_work\final\lettuce_downy_v1\val\anomala\images-37-_jpg.rf.d36108a36aea742fd3f81761513e2a6c__ann1828.jpg,anomala,val,lettuce_downy_v1,612x541,3149228007998350908|3157742089873234115|2930343304191957619|16981431880296277297|14094069217880822315|4388321456120837163|3577421447836642027|8312042531595201064
dataset\_work\final\lettuce_downy_v1\test\anomala\04_jpg.rf.d32b67b2cef657a6b2e880113c99252b__ann1830.jpg,anomala,test,lettuce_downy_v1,514x376,11071403904293881010|7375240684607753650|10706347397716132530|15480725849099779506|12883969172821662310|12845479105575495065|12879675549053015766|12845054256169260180
dataset\_work\final\lettuce_downy_v1\test\anomala\22_jpg.rf.d3abc319d79727acc5101adf0c5fd735__ann1837.jpg,anomala,test,lettuce_downy_v1,535x640,781345551398696484|12615805463816081883|12726428511960918355|17457682020946962741|15821480130013303983|2627555325362165514|3848682829024413426|6010570311280074160
dataset\_work\final\lettuce_downy_v1\val\anomala\-8-_jpg.rf.d38d1a91d378973dbcf5eb9d74d11eed__ann1838.jpg,anomala,val,lettuce_downy_v1,430x390,14386088046607330612|2043112661593245907|3775554044393347545|15229363703622493284|15224521955162479132|3813851303774692807|7234088929049270739|15697677268949558580
dataset\_work\final\lettuce_downy_v1\train\anomala\images-27-_jpg.rf.d2bba0769ff5f02ec75aaa7734e6c195__ann1839.jpg,anomala,train,lettuce_downy_v1,577x487,16546688116155849163|6375508053799364140|3312737990885107441|5431433074893822064|3199344408039946840|14670939145160204773|8113334554926997579|17430801568725596461
dataset\_work\final\lettuce_downy_v1\train\anomala\images-40-_jpg.rf.d4b882163c0e9c91c0ed4df0a2ad7de3__ann1840.jpg,anomala,train,lettuce_downy_v1,504x474,13372758019654146489|7086086869687100514|10941857749584225777|1613535077494708848|7089865223747032674|13391942931721786809|8095981907800318998|17412555095954545047
dataset\_work\final\lettuce_downy_v1\train\anomala\images-29-_jpg.rf.d4910c79f07d976d2e74e3dc3662c5f1__ann1841.jpg,anomala,train,lettuce_downy_v1,594x501,11863849566783353938|11158447312260092341|10132706299156748534|14305304277468767376|13101302151811226266|5923583539862611108|10440582632506296006|17787135600803618444
dataset\_work\final\lettuce_downy_v1\test\anomala\images-28-_jpg.rf.d4a57b761cad0a44165afe9f6ae8a458__ann1843.jpg,anomala,test,lettuce_downy_v1,520x496,15576885250049120585|16486433205720934253|17208697437679723246|9832544203974359432|7883326678335998948|5267298296119307480|9851966978480567432|17159299366462411246
dataset\_work\final\lettuce_downy_v1\train\anomala\images-37-_jpg.rf.d57c537d834c3a8d60b0eb66e574232d__ann1844.jpg,anomala,train,lettuce_downy_v1,596x640,3878912486262991586|6040640628624107960|2365109375719364710|18137278493370803353|13306428964964324435|16315003071508436021|11089184710290486523|7410869185297699360
dataset\_work\final\lettuce_downy_v1\val\anomala\images-15-_jpg.rf.d54da7c2a67c11fb3915979b093ab37a__ann1845.jpg,anomala,val,lettuce_downy_v1,542x640,8162944110759293508|8209398192468112093|17499472810672229813|12728376017306127954|15975054205889342833|4950067780311992433|5912701601231316144|13082316025957833458
dataset\_work\final\lettuce_downy_v1\train\anomala\images-27-_jpg.rf.d39d0e02ff32882df728afe5375d6d41__ann1846.jpg,anomala,train,lettuce_downy_v1,466x574,1313529681877546336|13232673351442584569|13302728441378055973|16340867522564987731|17965848118870582199|6932515690189961746|5988437460612073186|2677340891454741688
dataset\_work\final\lettuce_downy_v1\train\anomala\01_jpg.rf.d47b1f3495d875d0f4ce0d1542208735__ann1849.jpg,anomala,train,lettuce_downy_v1,614x378,5679842498113359098|10210967584154832032|1732820269146724956|16703731878319334853|11586798612845474957|18071879537106014798|14241956138610577383|6654656253735078936
dataset\_work\final\lettuce_downy_v1\test\anomala\images-27-_jpg.rf.d63352d48001b7af0bfcc7ac40642107__ann1850.jpg,anomala,test,lettuce_downy_v1,501x567,1959475434536204018|2842212949152141744|3055230053187729512|12364955132170200041|12723014583180161319|17471330636239483163|16853495839721888171|7509852208903185962
dataset\_work\final\lettuce_downy_v1\test\anomala\-2-_jpg.rf.d69f5e86b37362034338ca758d2782e3__ann1851.jpg,anomala,test,lettuce_downy_v1,562x535,16774286462038893514|16765990092260063404|12885899890838901721|12841003107172365924|12409916902753938664|14619661627192822504|7221155428278219954|15678071148168991666
dataset\_work\final\lettuce_downy_v1\train\anomala\27_jpg.rf.d771ed9ced46b6d06f0156d1a28745a8__ann1853.jpg,anomala,train,lettuce_downy_v1,583x433,13563976439208142960|14034281671924967665|5922326360280051746|12822827523893752472|17431425233084531650|8135969161872161980|11021093174957700017|2499616971861274706
dataset\_work\final\lettuce_downy_v1\train\anomala\27_jpg.rf.d771ed9ced46b6d06f0156d1a28745a8__ann1854.jpg,anomala,train,lettuce_downy_v1,640x397,15689688793361246697|7260612753656801640|3661946061718758875|12787096678896851748|7523653237138834020|16819178229191982297|2619750515271300273|15791137153785319730
dataset\_work\final\lettuce_downy_v1\train\anomala\-6-_jpg.rf.d6b9581d88d45abd75f7ad8554ba74dd__ann1855.jpg,anomala,train,lettuce_downy_v1,617x632,14471450521749981414|17065273917491048088|16189753151483295474|17891269227949167536|11019967809844729068|16611681799615796424|12723734513986718456|17453257096837377504
dataset\_work\final\lettuce_downy_v1\test\anomala\16_jpg.rf.d6ef61c7a9890b9a087c2433ff1e3546__ann1857.jpg,anomala,test,lettuce_downy_v1,588x470,4940899345951713734|15958055152794560924|14349429217256919820|2034336088457426127|11270655749730498269|14297074983499305284|14930633306413808412|924141416562107335
dataset\_work\final\lettuce_downy_v1\train\anomala\30_jpg.rf.d75d6c07e66717a468db6d598c685480__ann1858.jpg,anomala,train,lettuce_downy_v1,410x503,10705789518497469722|15462729871651460519|17121475185224172969|5199038602879720554|12057714731342272214|1897462859325674132|7664053760543565384|12233451891332389869
dataset\_work\final\lettuce_downy_v1\test\anomala\images-11-_jpg.rf.d78db19533827bda2d24bc9e63ad765f__ann1859.jpg,anomala,test,lettuce_downy_v1,590x551,15101304214608190202|8410127932794906272|3806199839899294320|15254982311014672113|11576173872554620532|18057979079526486737|17412857238050419923|8113895095336882740
dataset\_work\final\lettuce_downy_v1\train\anomala\-8-_jpg.rf.d7088596ccd77b3d3882f5a82cfa80d3__ann1860.jpg,anomala,train,lettuce_downy_v1,411x420,12234552689608158408|7668579463652231400|15405907048504675123|6110430957318974483|16773894780781620330|14478198182806079913|1381633991695453268|3732303408183823573
dataset\_work\final\lettuce_downy_v1\train\anomala\images-11-_jpg.rf.d8a0d53f60351fa31b62ff7dd05ca194__ann1863.jpg,anomala,train,lettuce_downy_v1,541x640,5342576308177623072|12527829871862605307|6546204961989350034|11953869125628835254|18151166378152483757|2330710229247075402|13165602450476688549|10543567514158946394
dataset\_work\final\lettuce_downy_v1\train\anomala\04_jpg.rf.d7a587de4d49936dc7981f45aa60adcb__ann1866.jpg,anomala,train,lettuce_downy_v1,370x504,5355575675561253731|12228737753794094905|7375340203303365810|11071503285542111410|4118346464830469545|7141457411311882826|12882632704656516505|12892835636791761510
dataset\_work\final\lettuce_downy_v1\train\anomala\17_jpg.rf.d969e67f1e12802eb90c313dc719aa9a__ann1872.jpg,anomala,train,lettuce_downy_v1,544x277,11281107793539687609|14307424591628523618|14606337267635106225|12453221690206351986|7122641490977656518|13395062856950189724|8246918511301743276|12804279589536969930
dataset\_work\final\lettuce_downy_v1\test\anomala\images-2-_jpg.rf.d8c09be497c603bfed04313469c93a21__ann1873.jpg,anomala,test,lettuce_downy_v1,475x562,11002893556559289203|16474866008328971825|15544493825965792461|1468942708716389964|3541689493293343460|8330294629406716568|5532232735340061204|14815982705877105111
dataset\_work\final\lettuce_downy_v1\train\anomala\images-23-_jpg.rf.d7360ae3e63ebdcaceda28222997f801__ann1874.jpg,anomala,train,lettuce_downy_v1,223x378,6751794565102033869|4986174977627989068|10567179543770732116|13157947514326062805|5486639342987457093|14833539310735700829|15390669012948720310|6095123779819251346
dataset\_work\final\lettuce_downy_v1\train\anomala\22_jpg.rf.d88c3d9091f6c74c51b61088a7c68ac1__ann1877.jpg,anomala,train,lettuce_downy_v1,572x640,17161784027303716864|9847710310921268215|17610805831262645147|15031216646967274022|17864488024760953480|11374807055018734|2750130166941063632|11217281349258209012
dataset\_work\final\lettuce_downy_v1\train\anomala\01_jpg.rf.d9d75ee7b557f94ae8d0cbf7a3962c4b__ann1880.jpg,anomala,train,lettuce_downy_v1,414x640,17323780255192425808|17341542633334004469|17639740648382115245|15045594427929414218|17679489763667192304|5811239277286025968|5353184356908190928|12514893189900061940
dataset\_work\final\lettuce_downy_v1\train\anomala\images-31-_jpg.rf.db1d6d8642e5ab2abde25d5ff1122e0e__ann1882.jpg,anomala,train,lettuce_downy_v1,365x433,10465076105717470137|8512693203660584034|10148971296674158672|14908103365670528501|7076301626401170294|13390247964550314897|17718735748363576526|5771616280975235212
dataset\_work\final\lettuce_downy_v1\train\anomala\images-31-_jpg.rf.db1d6d8642e5ab2abde25d5ff1122e0e__ann1883.jpg,anomala,train,lettuce_downy_v1,339x459,16458038368637597394|15607702463801037492|18116377485432940134|2351245786136156569|13011701531873024472|15183433860851590884|11067956477473693984|7378617596793154299
dataset\_work\final\lettuce_downy_v1\val\anomala\images-29-_jpg.rf.dad78b415b52bdc5c53576885625ec60__ann1887.jpg,anomala,val,lettuce_downy_v1,585x441,11383672317575619837|5089147752624871488|9476545115154836724|4485076939288922576|4672676911603294278|18294900249437534877|15044728227093364286|17612668599878779779
dataset\_work\final\lettuce_downy_v1\test\anomala\images-18-_jpg.rf.da25d03083db034dc061044331646ae3__ann1888.jpg,anomala,test,lettuce_downy_v1,355x424,10884104175191633189|1643576196922493531|7761029029929711017|3013632646494376298|6578310804815728406|2715007243712662679|7661135140681339433|12210794009617413227
dataset\_work\final\lettuce_downy_v1\train\anomala\04_jpg.rf.da6fe04637036b92cab92425de5e6db5__ann1889.jpg,anomala,train,lettuce_downy_v1,529x406,11215589461147415218|2763552604604444850|1483008307681322674|15552850032444938674|12875947136522148390|12858425863586686363|12869543586182649559|12855046652053197844
dataset\_work\final\lettuce_downy_v1\val\anomala\-8-_jpg.rf.dac749428c017ae27c894a362a13bedb__ann1890.jpg,anomala,val,lettuce_downy_v1,433x361,10145110667554243700|14892500824858483921|12728945839671921868|17481506784703466700|15122215269185531086|8414017861469391500|14757403969161108210|14757404149541545648
dataset\_work\final\lettuce_downy_v1\train\anomala\images-3-_jpg.rf.db5d7c89e1ecdf730a56a5284758e173__ann1891.jpg,anomala,train,lettuce_downy_v1,490x400,3112808525452842427|3149046125550982690|3111197486439750172|3119432661036541381|2474386385430688555|13516829213174936107|14242023925372635691|2043038073359510827
dataset\_work\final\lettuce_downy_v1\train\anomala\01_jpg.rf.db270718159fa4bb3e86fcc4d59c6b88__ann1892.jpg,anomala,train,lettuce_downy_v1,640x348,16889785791399252678|12166957022048957596|14902289837190399429|10091571270209133660|11255811313411479976|14326736551261922538|6655293660171996300|14250978795486040014
dataset\_work\final\lettuce_downy_v1\train\anomala\17_jpg.rf.dbb8a5a9dc9ef625f668492f8fc19d0a__ann1893.jpg,anomala,train,lettuce_downy_v1,511x344,11590749561014806450|8837266390685325746|17140094014309320310|5207538248411421841|12833373150830306426|12855469852862569120|10492492380343911496|8558726757020655085
dataset\_work\final\lettuce_downy_v1\val\anomala\images-18-_jpg.rf.da38497cfb8ec3ddaf8c0e8b0510eaaa__ann1900.jpg,anomala,val,lettuce_downy_v1,343x396,3393764863856962861|821686387208702283|3109653699217355893|3106097219360903505|5424965539727894283|3273384281381214511|5895728502137821995|8463482321917781803
dataset\_work\final\lettuce_downy_v1\train\anomala\17_jpg.rf.da6cf69f5e21b19a24aaa9af13ef4213__ann1902.jpg,anomala,train,lettuce_downy_v1,527x286,2034389833271933216|14061265653572329723|15304467738990260369|15337529380384567926|18113641209022260163|2376165929422306076|8535148889871342036|10498155105199875284
dataset\_work\final\lettuce_downy_v1\train\anomala\images-2-_jpg.rf.dabe131be4519f596065a806ac9d86b0__ann1903.jpg,anomala,train,lettuce_downy_v1,548x482,7838150510033580846|14527718243913053067|13417179198637984107|11687784248985938977|10030473554179562697|3329173111398778476|2408359913665934242|7766901581393769402
dataset\_work\final\lettuce_downy_v1\train\anomala\images-28-_jpg.rf.dc6c37bcb4f2fe326dea034675bee424__ann1907.jpg,anomala,train,lettuce_downy_v1,550x623,12588292587235039504|9994163126766167287|9843306124339370099|17196627754587186225|17826431045657342602|1214234217523294894|3595221357869246190|8347611698641934984
dataset\_work\final\lettuce_downy_v1\train\anomala\-2-_jpg.rf.dc8563e45eb2ebe0ec9aad4884ba57db__ann1908.jpg,anomala,train,lettuce_downy_v1,531x533,15696116503700659162|7220550879401944484|12422384821384374696|14580768055332464874|11827969714595574884|15734232862604317657|16890878264892676554|12171490009662973356
dataset\_work\final\lettuce_downy_v1\test\anomala\images-28-_jpg.rf.dd91b0e45a635c89c3b6a723c3c5dfdd__ann1909.jpg,anomala,test,lettuce_downy_v1,516x567,17620530555813831406|15055026178072230792|17088824519983090636|5195802419429518540|9852524979289255632|17159334520939579636|14712194133958728520|14757050534421800941
dataset\_work\final\lettuce_downy_v1\train\anomala\images-15-_jpg.rf.dc3dbeee62f20d54081a67395da7f94a__ann1914.jpg,anomala,train,lettuce_downy_v1,467x640,8274013727548991409|12768886207446587762|10242929484059431022|10276004782896501897|8221670130320553137|12783260600653566834|9931777254985276302|7985089586654226062
dataset\_work\final\lettuce_downy_v1\train\anomala\04_jpg.rf.dc3431a01ac679d66136ff08e52a9c08__ann1915.jpg,anomala,train,lettuce_downy_v1,456x429,7442512596048767276|1832199359742372299|11124540118791498282|11725559018920061867|14657286300697586969|3200329956917594471|12370151860614314402|3038282913265115802
dataset\_work\final\lettuce_downy_v1\train\anomala\04_jpg.rf.de532a2e5c1ec70dd935a917eab547f7__ann1916.jpg,anomala,train,lettuce_downy_v1,430x530,7089741907597540262|13346897097703433114|11428755514906573300|9666668276036165840|11106806911733086649|11978323419697668962|15015191040655566470|17652363082826554270
dataset\_work\final\lettuce_downy_v1\train\anomala\images-2-_jpg.rf.ddbe71923a5db882e5de15b4746ec3f4__ann1918.jpg,anomala,train,lettuce_downy_v1,507x373,11470881292395819416|500881131911541702|8806117903576945556|11624712264512714070|14299852779198149382|10966807795097219231|6211986530270335905|10688143165021304186
dataset\_work\final\lettuce_downy_v1\val\anomala\-10-_jpg.rf.ded326a34d91189d8dc4ebc2cfc34e81__ann1924.jpg,anomala,val,lettuce_downy_v1,640x548,11435639763899750598|9669877750503499420|10099980310435548154|14892161341169085856|11305784063770374790|14310350349453341598|11541934706984856526|18035776939319765644
dataset\_work\final\lettuce_downy_v1\train\anomala\images-23-_jpg.rf.de3ac0f163f722d440989fa9f0ee0c36__ann1927.jpg,anomala,train,lettuce_downy_v1,312x353,15886081220477571541|14164298231721522260|14524539449629178560|7815468057625469308|6085616755432133060|15407256001211168476|8980508956965107308|13869481383535546825
dataset\_work\final\lettuce_downy_v1\test\anomala\01_jpg.rf.df748e7d14a166e2b961ff6dbea0a1a6__ann1932.jpg,anomala,test,lettuce_downy_v1,640x362,11066696291631019739|7409068837016736292|6041206830630974132|3860790661398246354|2635393250748060262|15832066612003706009|15182700546517144629|12984560327456577107
dataset\_work\final\lettuce_downy_v1\train\anomala\11_jpg.rf.e03a0ef49f611bc465225c27fe903521__ann1939.jpg,anomala,train,lettuce_downy_v1,640x640,15571807648569728228|16476361298335155928|17888947094181525152|16194255581944583162|15620245107059173348|16473241285426944728|18055970647490543072|11544540290833335032
dataset\_work\final\lettuce_downy_v1\train\anomala\01_jpg.rf.e0cb3e07208b44e78e8ff16917e8a3ca__ann1944.jpg,anomala,train,lettuce_downy_v1,631x430,11567664949095877838|8858129805429099532|16570369089247628492|6363758726512561356|922365092310740602|14901453131490101408|14757190260376752216|14757371984942134757
dataset\_work\final\lettuce_downy_v1\train\anomala\-8-_jpg.rf.e2a87bf609e3aee98d906f63b2c319ed__ann1948.jpg,anomala,train,lettuce_downy_v1,443x452,3491650410867028946|17568916865998533044|14737999932876093708|14707868684891480527|12984218809703649779|15164626632218866736|14943238982821485772|898977795921971148
dataset\_work\final\lettuce_downy_v1\train\anomala\11_jpg.rf.dfd600c9d7b8bf79b38de5e08a916780__ann1952.jpg,anomala,train,lettuce_downy_v1,640x614,13863886405371929575|18201624601661684248|17551004535110609889|3492104706584357496|1745723804902595068|16691342210132305600|8658854775685805616|16261242262698168819
dataset\_work\final\lettuce_downy_v1\train\anomala\27_jpg.rf.e1f87a6c044b0d2f8b8243f6c928f65c__ann1953.jpg,anomala,train,lettuce_downy_v1,640x404,12211849506725848224|7665640903767808506|754463379015096682|12673650183242999209|18075699189514461546|11557622966601939369|12206377438528790959|7663222376773220362
dataset\_work\final\lettuce_downy_v1\train\anomala\images-11-_jpg.rf.e1b6b4ff61cf325da7d2bc23fab7fa68__ann1955.jpg,anomala,train,lettuce_downy_v1,581x479,7335477183627695155|6470657518070126131|7762686534840903281|3000143495988550001|3735392618769861721|3716626570523823205|8185741170948088361|8171471887971039851
dataset\_work\final\lettuce_downy_v1\train\anomala\images-15-_jpg.rf.e041f9bf884e0ad0d7887a209acc5922__ann1958.jpg,anomala,train,lettuce_downy_v1,640x564,12894554828007703720|12875908766635380458|14461870984114203880|17055756780314478824|16919640911437803698|12142885729863332530|16773685581664793324|16783974264350159560
dataset\_work\final\lettuce_downy_v1\val\anomala\04_jpg.rf.e33f22d925df5ab73a62b6e6e4561d7d__ann1959.jpg,anomala,val,lettuce_downy_v1,396x487,2976541212869808722|7748949560527533493|13038563543749643565|15181895553367559499|13093558209208945003|5931920707642215977|5426149890510926034|3264421669477348020
dataset\_work\final\lettuce_downy_v1\train\anomala\-8-_jpg.rf.e327f3fa35b743274c5b5df9d6e02de4__ann1962.jpg,anomala,train,lettuce_downy_v1,437x469,2910570938146345205|16994836651164103760|14469173789739218052|17063246840298525150|5833406477683513835|17712879357823575080|16055839162453249260|9544478475974659272
dataset\_work\final\lettuce_downy_v1\train\anomala\images-24-_jpg.rf.e34ac351b9600830238279c9421f3d5f__ann1965.jpg,anomala,train,lettuce_downy_v1,628x640,16481704341269931192|15610193862980131298|12728910408131043956|17481508338893699537|16346353254383002328|13286859471021587172|15112331667325033202|8386384575209449136
dataset\_work\final\lettuce_downy_v1\val\anomala\27_jpg.rf.e37ba6b7a228c49a74a0404ff5294b5e__ann1969.jpg,anomala,val,lettuce_downy_v1,373x612,3653664281786955464|12957640688705573612|2621915153656037986|15760743754525883577|17046812650031927987|14462871963333080114|13383705048600066522|7116498665889948196
dataset\_work\final\lettuce_downy_v1\train\anomala\-6-_jpg.rf.e367c9c63f508048535730e959c8c127__ann1971.jpg,anomala,train,lettuce_downy_v1,640x640,17922719956880641754|16186690314663791780|17787015741274241425|10431686073486172790|11857074664900502240|15766729109327756024|8530531149356450960|10500686482701605110
dataset\_work\final\lettuce_downy_v1\test\anomala\27_jpg.rf.e435f61dd21f3b2bcaa16089a9fb4a84__ann1974.jpg,anomala,test,lettuce_downy_v1,392x617,10334608425414810853|443912591474345048|11906592403012071600|6540232517340427250|6396279590940584198|16563284613609778063|17506486435187966810|12695901245286005925
dataset\_work\final\lettuce_downy_v1\train\anomala\30_jpg.rf.e456ef7069eabdfb24f5fb812ebe598a__ann1978.jpg,anomala,train,lettuce_downy_v1,547x351,16488150715921452515|15597172852345162808|4776712654705772937|13666645191126445166|4056729944343606488|16414945377203900900|7956845075545041341|9928706486270839362
dataset\_work\final\lettuce_downy_v1\val\anomala\27_jpg.rf.e10384ac8d064422ebdfe6e39cc34ba0__ann1982.jpg,anomala,val,lettuce_downy_v1,419x612,876259521472550960|14657923597566862578|12695916501110398113|8283193579549148794|17502335989361109963|3519682287221942540|8846990114141827954|11645381450835177648
dataset\_work\final\lettuce_downy_v1\train\anomala\27_jpg.rf.e10384ac8d064422ebdfe6e39cc34ba0__ann1983.jpg,anomala,train,lettuce_downy_v1,390x597,14896157735684132758|10115907672201628822|10820642304149484273|10857012002880598128|10812081085751255692|10867084271345514958|8120229589300194198|17434107526158494358
dataset\_work\final\lettuce_downy_v1\train\anomala\03_jpg.rf.e3a7171306416ccbd4f81977fec092c0__ann1990.jpg,anomala,train,lettuce_downy_v1,468x358,14104045424721385859|3756770195897672766|9467578638742475729|4483868643405673844|4495790644915741236|9500762725532482499|8373798427819391294|15083490070287115139
dataset\_work\final\lettuce_downy_v1\train\anomala\-6-_jpg.rf.e50633f895f9a9970da2ac254180ef57__ann1992.jpg,anomala,train,lettuce_downy_v1,523x593,13631212779412565125|4767953337907333726|10149607897985099672|5666823722939980518|6830441742289611586|9632256457349737405|16580733075195601998|11000014295435500172
dataset\_work\final\lettuce_downy_v1\test\anomala\04_jpg.rf.e5e3b9d66b2985729bb9256f1738beec__ann1996.jpg,anomala,test,lettuce_downy_v1,386x508,13359871628778502738|7068906015716778421|13029556344398433592|15183021454884883939|13087860265075874146|5943108247044777913|16378902397569578194|4057125546868921012
dataset\_work\final\lettuce_downy_v1\train\anomala\28_jpg.rf.631898b4f8041cd8a6b0a19d313adcdb__ann2002.jpg,anomala,train,lettuce_downy_v1,591x640,11741113961338400979|11164692791451250996|17577783415522259126|3526548000594784402|3815059972353749146|15235946734804856994|10588192361770184752|13182305098330861811
dataset\_work\final\lettuce_downy_v1\train\anomala\-2-_jpg.rf.6327c1ccf0a1637e9eeac05eb3238e9e__ann2003.jpg,anomala,train,lettuce_downy_v1,560x545,12987669163162120876|15151201707581944522|11095047986952051411|7376929749634098740|14605937428643529682|12444170152268283316|3793987791543492710|15247552455505344921
dataset\_work\final\lettuce_downy_v1\train\anomala\-10-_jpg.rf.632800cb9ccf0d943ee6c4299e9dd5ff__ann2005.jpg,anomala,train,lettuce_downy_v1,571x358,16593008313447107696|10997037518041894385|15679658596899107493|7234633855577535066|17423731638983171480|8091876466854545126|6535486331535320676|11903737720793897433
dataset\_work\final\lettuce_downy_v1\val\anomala\images-11-_jpg.rf.624fc4c3959c6d595a0f418a8b744133__ann2006.jpg,anomala,val,lettuce_downy_v1,492x624,2979514444403745321|7738808577738193515|16565551845823321239|6401984185229563414|7762750297973548395|3000194350007998761|1645580241003534424|10922528438378685669
dataset\_work\final\lettuce_downy_v1\train\anomala\17_jpg.rf.634ccbb2cc25235dbdf229c23c13c695__ann2011.jpg,anomala,train,lettuce_downy_v1,582x303,17352013880597371629|17333443413669487944|15693887338356330726|7218206670686712984|5234619549307014384|17103166714645630704|11021612488167271524|16631998394262604761
dataset\_work\final\lettuce_downy_v1\train\anomala\17_jpg.rf.63e71a3dd8c4d8d1827cd0c0be639015__ann2012.jpg,anomala,train,lettuce_downy_v1,338x505,8559271560732540365|10515019728624566348|17757358719761766832|10414869679109989490|5494642726821096593|14843179037347858550|8242808831651645840|12743380794350726902
dataset\_work\final\lettuce_downy_v1\val\anomala\images-40-_jpg.rf.6446cea129c902691bb9c30f7d92bddb__ann2018.jpg,anomala,val,lettuce_downy_v1,490x436,16909550789148305715|12153716367937661235|12080207357859452266|1899074931507680425|3704710677712906920|3704663842002479850|12201480260530625050|7698135668312286631
dataset\_work\final\lettuce_downy_v1\val\anomala\images-40-_jpg.rf.64d5638a92a4d281ae0fab4d828d882e__ann2020.jpg,anomala,val,lettuce_downy_v1,437x468,3052555054866029146|12377480134708864165|5398349523384040499|12513441426695176499|11935883249695638955|6546716766877932586|3729493635594234029|3710038321142622794
dataset\_work\final\lettuce_downy_v1\train\anomala\images-28-_jpg.rf.642814b8f94e3a6a2b2f339a4c1f80a1__ann2021.jpg,anomala,train,lettuce_downy_v1,546x521,5195803527530852044|17088683490439039692|14174722251595955080|15893944623193858798|14738789844158457837|14748781482918222664|17159334504798786268|9852525186496771780
dataset\_work\final\lettuce_downy_v1\train\anomala\images-24-_jpg.rf.6325dec70a7afff0ef46139f71d93fb8__ann2022.jpg,anomala,train,lettuce_downy_v1,564x631,14749496777532551883|14767939571721613864|11791094065212927334|4231828693697383065|2932660212068446924|14677961571309564108|11045680166561495610|7398635280760152739
dataset\_work\final\lettuce_downy_v1\val\anomala\images-40-_jpg.rf.63e69f0c2d3d65c413abd5fdc538ec93__ann2024.jpg,anomala,val,lettuce_downy_v1,453x494,8558463934632601015|10474348703922280978|3692349929978260138|3694012391054157994|1322611980180937873|13233199231218861430|12297268640268698419|12315879102931025203
dataset\_work\final\lettuce_downy_v1\train\anomala\images-34-_jpg.rf.64f7392ec1855b1311425cffcac0169a__ann2025.jpg,anomala,train,lettuce_downy_v1,274x369,10934104225816672668|1603917830277325254|3186811199563306386|14655615443261413302|14294874688894157334|11275296772210933143|13139062576068715467|10526378858210605356
dataset\_work\final\lettuce_downy_v1\train\anomala\13_jpg.rf.64dae153ab93b954063ec1596930b156__ann2027.jpg,anomala,train,lettuce_downy_v1,358x395,14308737057295140565|11292464555012038228|5009810114607393828|6745874906385599451|6097362384968791708|15386139025015870150|15837846481956085341|2606552368844342853
dataset\_work\final\lettuce_downy_v1\train\anomala\images-11-_jpg.rf.652912b6c7517f6f2ac514ce920dce75__ann2028.jpg,anomala,train,lettuce_downy_v1,640x527,14504102749511382580|7849150343766708691|7126354212821957163|13351018507845017899|15245205549181627756|3780319758569457865|3144010196026149049|3133058685721765218
dataset\_work\final\lettuce_downy_v1\test\anomala\01_jpg.rf.6501c3d1761812e4b9bca3875a804d38__ann2029.jpg,anomala,test,lettuce_downy_v1,352x640,10860059603502261529|10849886368078059879|15193151700465914562|13034728355257693876|7447165591930704534|1829959647854769814|13021833753484911796|14020519884097247442
dataset\_work\final\lettuce_downy_v1\train\anomala\images-20-_jpg.rf.65fec24deb71fe453c6367db293a946c__ann2032.jpg,anomala,train,lettuce_downy_v1,349x276,7614645945589030350|7623163546975814796|17070282074227970603|14436346500390270507|10107259894696168041|14906127194763340905|3113737432822208712|3139593545905858028
dataset\_work\final\lettuce_downy_v1\train\anomala\26_jpg.rf.65862bef2e37b78f2a4550c9c96927b9__ann2033.jpg,anomala,train,lettuce_downy_v1,255x285,17488210572062966611|12732421771759664437|4340476911304494796|14106366383224229068|3836274564747670192|5999652158907790066|14739322391727555523|14757757247211191356
dataset\_work\final\lettuce_downy_v1\train\anomala\images-19-_jpg.rf.662b5c6e29a231d548dd751beafd9095__ann2035.jpg,anomala,train,lettuce_downy_v1,450x393,11004747818788494299|16636880126937277988|16604080833132310220|10973071271123913676|2605009507382911718|15824423022736423064|14738982963436734616|14712901166212804070
dataset\_work\final\lettuce_downy_v1\train\anomala\images-27-_jpg.rf.66aae20aa8ef347742eaae9de3b53d2b__ann2039.jpg,anomala,train,lettuce_downy_v1,542x462,10785250335614256493|6253925859148715337|8762741730582995239|7000351163943496475|5284182679425174102|7873967370738904213|1957896289509058145|2819785861837855609
dataset\_work\final\lettuce_downy_v1\train\anomala\27_jpg.rf.65f2fb41370554bb6abb148617017a83__ann2043.jpg,anomala,train,lettuce_downy_v1,362x615,1789306338128185676|16705215213779119565|8345601860061806938|3563735758331477157|14802700416245617895|5497061600443814936|11924604292724323377|6539739863183839603
dataset\_work\final\lettuce_downy_v1\train\anomala\27_jpg.rf.65f2fb41370554bb6abb148617017a83__ann2044.jpg,anomala,train,lettuce_downy_v1,401x601,16998793679653940686|2889310315014015620|9422362496719216688|13455859431672183091|9532511123084154920|14892820976534874091|3745139347545963706|3486043233106313858
dataset\_work\final\lettuce_downy_v1\train\anomala\11_jpg.rf.6673f76f67a48d63e61c7ba05271ab35__ann2046.jpg,anomala,train,lettuce_downy_v1,639x640,4056171557927695026|16405955585166914226|18222595114937988512|13850937554839933690|12876554012105223651|12876445108306332216|18019564128161118400|11580344156579030012
dataset\_work\final\lettuce_downy_v1\test\anomala\11_jpg.rf.66765e7fb50e7b88c96448ea0337e83f__ann2047.jpg,anomala,test,lettuce_downy_v1,640x640,16187608111105286880|17895624918593878264|16205765904962300540|17913262833895320513|17922191686462102264|16186686626245617120|13955399116062300408|8947080768823420640
dataset\_work\final\lettuce_downy_v1\train\anomala\-6-_jpg.rf.671698a730e46a28937d125b3a89a9c4__ann2049.jpg,anomala,train,lettuce_downy_v1,605x624,16781965369556997808|16742376352130635698|15620253955829451494|16473223590857583768|12868936277321210088|12688428804843300328|11001351292850642148|16630274526785750744
dataset\_work\final\lettuce_downy_v1\test\anomala\30_jpg.rf.6743db435502fbc8787d442d692b5664__ann2050.jpg,anomala,test,lettuce_downy_v1,475x399,3408685511277130532|832417617409094363|10561673162233568283|13165823727840183591|15794812902199233803|2644652682942697007|2865787765099247286|1971650215708037778
dataset\_work\final\lettuce_downy_v1\train\anomala\23_jpg.rf.671bc66262757db84eb43637feeb9fe7__ann2051.jpg,anomala,train,lettuce_downy_v1,418x317,10475471250713257891|8572994856464816698|7721818594800776358|2984595069805777818|4186894616196675958|11792557845954257041|11156303747824053033|11976227662045194603
dataset\_work\final\lettuce_downy_v1\test\anomala\01_jpg.rf.677485c3f2d7ee8d6631c662210b3fc5__ann2052.jpg,anomala,test,lettuce_downy_v1,359x640,7451022750343620037|1808588403446798428|3797885032813226400|15263487167333556474|6654163095795341593|14259968548848363367|18041603256291742419|11594968823472370740
dataset\_work\final\lettuce_downy_v1\train\anomala\23_jpg.rf.673fa7f70dd932f30eb45dfefc2083c5__ann2053.jpg,anomala,train,lettuce_downy_v1,454x332,16403034651083511764|4051670833112618708|12021043584231316180|11111564597149476564|15282540864525384248|15318784882151891939|15323187837909939354|15319724326120575910
dataset\_work\final\lettuce_downy_v1\train\anomala\17_jpg.rf.68ac415fac27782f992152bc0f80325e__ann2055.jpg,anomala,train,lettuce_downy_v1,416x498,15985792579673833947|4964215949913652260|12083607285250518397|1905838809514788928|2629238902991414340|15835088005585033437|4632032173151908378|9074100013844967847
dataset\_work\final\lettuce_downy_v1\train\anomala\images-27-_jpg.rf.685b64fa8f31475125e1953f45d722ca__ann2056.jpg,anomala,train,lettuce_downy_v1,491x570,718736071636739824|8025574559135275248|3055220157851513464|12365113461710369761|17336795106498404463|17358608189300865289|16263524254186052011|8661084932368655914
dataset\_work\final\lettuce_downy_v1\train\anomala\23_jpg.rf.68d9ccb6643fbe6c0399387be636ef61__ann2058.jpg,anomala,train,lettuce_downy_v1,452x364,12185164409104200308|7108819731044999633|6688468002727928763|14246172684486130466|15105417958255077218|8390878347502426793|2466754043038577861|13484668035704214108
dataset\_work\final\lettuce_downy_v1\train\anomala\22_jpg.rf.6873438c5f9fc526ef853de6a8a6b980__ann2059.jpg,anomala,train,lettuce_downy_v1,520x640,9734574687504115526|2226928482497272733|3914428178631177097|10643436326207566702|11320769578652657438|5055063189413697671|7940716432043849107|9886271302469636662
dataset\_work\final\lettuce_downy_v1\train\anomala\-10-_jpg.rf.698017876d87376a9d2da109f2f127d4__ann2060.jpg,anomala,train,lettuce_downy_v1,432x589,16856178126308006682|7514479945558336935|1649941675940559275|10905568286688043562|12044258670981892200|1899195993949007337|3054230656308238487|12374075821810640150
dataset\_work\final\lettuce_downy_v1\train\anomala\images-15-_jpg.rf.68f573f541d85f758e50bb09a2fa18ca__ann2062.jpg,anomala,train,lettuce_downy_v1,414x640,15452259658954939628|10696561132235638472|12998174150407431902|15184357130803255940|14467294067556446612|17049532308093432278|9555004794254178770|16007679577879634612
dataset\_work\final\lettuce_downy_v1\train\anomala\images-2-_jpg.rf.69294f127ed29de6d91ae261c9de3d19__ann2064.jpg,anomala,train,lettuce_downy_v1,441x524,13263903322058617495|16336636315938959638|16409473954021127084|4080942438889370570|1635169040460986338|10912905616382563000|14570219852882747960|12408389751792057059
dataset\_work\final\lettuce_downy_v1\train\anomala\images_jpg.rf.6a5e03f6e580e3d2de201f815ed07686__ann2069.jpg,anomala,train,lettuce_downy_v1,640x640,15488453316340542608|10714255395015280886|16439957861730781924|15608229146980036312|17782659823203954836|10442918277721813718|15613597925355133912|16468215327670806244
dataset\_work\final\lettuce_downy_v1\val\anomala\images-28-_jpg.rf.6a7e4adcf04efafbce5ca0d14b3cac7e__ann2078.jpg,anomala,val,lettuce_downy_v1,553x610,17199980667745831476|9849977588132783827|17049074328511241459|14458421071417426992|15250937465539048072|3786000839296660206|3514174704504121032|17571960101839477484
dataset\_work\final\lettuce_downy_v1\train\anomala\11_jpg.rf.699709804e7b8a8a572bc7c275290bba__ann2079.jpg,anomala,train,lettuce_downy_v1,640x640,12876409701067795168|12876551756643216376|16183872782108301788|16782288863892235968|17918598656638038706|16152875460801508018|13863850050623039208|15895927312091879648
dataset\_work\final\lettuce_downy_v1\test\anomala\-8-_jpg.rf.6aa97d9fe54a06e8ab85828039b1a9ee__ann2081.jpg,anomala,test,lettuce_downy_v1,415x416,15477970751084751020|10722170047551629514|2862827340965399989|1991308797647146066|14621118201741495444|12459290207118478550|5930358977384456731|13100272539015232039
dataset\_work\final\lettuce_downy_v1\train\anomala\images-27-_jpg.rf.6ace8507c2f36a8787682df2403c2817__ann2082.jpg,anomala,train,lettuce_downy_v1,571x488,15402531094552155625|6124029945022923336|2801349935508987056|11238972324566189810|5206991140698258516|16831553402613317845|17493729548932085915|12726208919167623206
dataset\_work\final\lettuce_downy_v1\train\anomala\-10-_jpg.rf.6c22bac550a4463007f9678135f40100__ann2087.jpg,anomala,train,lettuce_downy_v1,353x565,11209976704357079958|2771565525198055062|8414358649720347800|15085946898029594598|10819377113037305382|10852438612752372123|16629389229063691473|10960725038437680500
dataset\_work\final\lettuce_downy_v1\train\anomala\28_jpg.rf.6b0f078d3a43fc7dda475820186e4913__ann2088.jpg,anomala,train,lettuce_downy_v1,640x640,12891805673846258127|10585949314563990028|15481665421380806272|10692892188823820538|892522623116306578|14968268507377363122|18057293588219847828|9288350857675200982
dataset\_work\final\lettuce_downy_v1\train\anomala\17_jpg.rf.6be521754031e907ed6a32a71493637e__ann2095.jpg,anomala,train,lettuce_downy_v1,302x536,11041130498831413929|7377284258487251050|11065005243268211899|7389893356405709602|7687704293803057510|12246012745341286809|2511764721664560742|13485139384450387609
dataset\_work\final\lettuce_downy_v1\val\anomala\13_jpg.rf.6d01e532fad9d3b8dca83850d89870c3__ann2097.jpg,anomala,val,lettuce_downy_v1,366x325,10038089616317781322|3354427138679457453|5085434838900215467|10968208665411030826|12485926268494253358|5374246176041553547|3066721877610673816|12325802205425210182
dataset\_work\final\lettuce_downy_v1\train\anomala\27_jpg.rf.6d0aef2457803feaa046e88ebe197056__ann2102.jpg,anomala,train,lettuce_downy_v1,431x623,17786630907284867559|10418106552244268056|15684135571407433904|7235740695775736050|1759975303432410256|16702077039973160694|17505646245111360100|12749917311645690329
dataset\_work\final\lettuce_downy_v1\train\anomala\27_jpg.rf.6d0aef2457803feaa046e88ebe197056__ann2103.jpg,anomala,train,lettuce_downy_v1,471x606,14728015620699884570|14472819654200118951|17362191207034009269|17343591311722845010|12091852269160028616|1912966296806122700|5950322048110735600|13057814358978261744
dataset\_work\final\lettuce_downy_v1\train\anomala\01_jpg.rf.6d6136ca3b1670dde76173a46065b8b8__ann2104.jpg,anomala,train,lettuce_downy_v1,431x640,13273293756755119236|16344570087313559262|15300614836840611209|15030151310065287790|16054994764580508642|9551234079181386936|7945142202732287440|9925358268403963604
dataset\_work\final\lettuce_downy_v1\test\anomala\01_jpg.rf.6b813d77b66f8969c2e402731d172255__ann2106.jpg,anomala,test,lettuce_downy_v1,629x360,18043309827027031758|11567938689358992524|14325866442260997573|11244417871790102620|10129930141213821344|14904173326295787258|6654097700217293980|14259988129241092038
dataset\_work\final\lettuce_downy_v1\train\anomala\images-11-_jpg.rf.6c015376d7b2da5717af3976d7d09734__ann2107.jpg,anomala,train,lettuce_downy_v1,494x598,12202605550665770058|5396796588101917357|5615225271316428213|5568821587219993170|12527565311547139402|5378604849612806313|5932021962630842445|13093543215754767693
dataset\_work\final\lettuce_downy_v1\train\anomala\22_jpg.rf.6d560b1a298a5fe1298aa619166ce298__ann2109.jpg,anomala,train,lettuce_downy_v1,640x580,17493710543089055377|12726147036984218454|9481458447480369619|4528061990074217012|6238565042415705264|10463643847813875442|3779173916206487102|15254168139079390339
dataset\_work\final\lettuce_downy_v1\val\anomala\images-37-_jpg.rf.6c4cc7dbf1fa6dd78081b613f357c4e0__ann2111.jpg,anomala,val,lettuce_downy_v1,574x640,1267355763688646866|8617161410579980980|12290442346690143288|12319255603598383587|13034211931988072055|15179580672412849681|16418356800942372522|4063621657995808938
dataset\_work\final\lettuce_downy_v1\train\anomala\images-21-_jpg.rf.6e63b748d5cc44b3d51c972faa1be7d6__ann2116.jpg,anomala,train,lettuce_downy_v1,640x640,11668180990462080200|8811524307618485228|11594218060970682038|12292584360384043410|17065072600932305018|14426284457578524065|10563534652252395690|13143355070767687328
dataset\_work\final\lettuce_downy_v1\train\anomala\27_jpg.rf.6fbdc12a41067e73a73373c6f7bbe746__ann2117.jpg,anomala,train,lettuce_downy_v1,459x592,11084143578076079674|7400658992681359523|8375829604053871992|15115145067097245921|11788333352814949478|4244262917245620889|16233458934097691601|8713854880993524852
dataset\_work\final\lettuce_downy_v1\train\anomala\27_jpg.rf.6fbdc12a41067e73a73373c6f7bbe746__ann2118.jpg,anomala,train,lettuce_downy_v1,435x640,10524240210511028386|13136936970776869306|12878563135760951721|12854088009198430314|13473038953741701046|11700461983703502226|7667626597274641074|12243449265117510066
dataset\_work\final\lettuce_downy_v1\train\anomala\images-19-_jpg.rf.6f020fd9c45a3ad16da16109199b0a4d__ann2122.jpg,anomala,train,lettuce_downy_v1,436x474,4078658913752426182|16403954594611436188|14754570920643966612|14752904831482827478|11284459066724558563|14314182490633181752|15461611432610151628|10715834045411148492
dataset\_work\final\lettuce_downy_v1\train\anomala\22_jpg.rf.7000966dd725f72641b9a84ac3b285a7__ann2130.jpg,anomala,train,lettuce_downy_v1,567x640,10063355289872322542|3380764563308350856|3927942569081053890|10637120587024284592|9803554985888442926|17172053259711981707|12734934990872419987|13988803423137071670
dataset\_work\final\lettuce_downy_v1\train\anomala\28_jpg.rf.6d81a90d1fb84f065dd2d7f9f5c5bb88__ann2131.jpg,anomala,train,lettuce_downy_v1,640x640,18067444417006462096|11584051954454419702|17643674683135537604|15034362289746899660|17787226955550147232|10440690610229001466|14732088951083410640|14173347978842790644
dataset\_work\final\lettuce_downy_v1\train\anomala\23_jpg.rf.6e29e1bb9682097285e7c113dc3a57f3__ann2135.jpg,anomala,train,lettuce_downy_v1,476x401,11932584572319331260|6514051902644761026|3344648084082271220|10063634845506550736|13993134059007469146|13579309921703205285|15004773034793281931|17592021352663181870
dataset\_work\final\lettuce_downy_v1\val\anomala\22_jpg.rf.72c9aec51807451050dbc7342aac0971__ann2142.jpg,anomala,val,lettuce_downy_v1,640x535,155467029415181232|13541151938337710834|1057188846956149268|10316119581607961047|17447567962676784059|12734934576939673602|15537754280662936207|1475583858998225678
dataset\_work\final\lettuce_downy_v1\train\anomala\27_jpg.rf.720f6ad4d4359fad612de82d5d090540__ann2143.jpg,anomala,train,lettuce_downy_v1,617x370,6397322355426259323|16509251121200787489|9824972463902871704|17034286807627920614|2409677358700436709|8931157772684937048|16642147089374078444|11011561288346130824
dataset\_work\final\lettuce_downy_v1\val\anomala\27_jpg.rf.720f6ad4d4359fad612de82d5d090540__ann2144.jpg,anomala,val,lettuce_downy_v1,598x379,3485990456548575654|17580190805688085658|14891695109909292909|10117979005957577289|11127445630583241203|12018412803988217904|5267793667749866124|7901442992784648654
dataset\_work\final\lettuce_downy_v1\train\anomala\images-15-_jpg.rf.72306438d3e7a3b2b1b8dea8952cb3fe__ann2146.jpg,anomala,train,lettuce_downy_v1,426x640,14155785916229717196|15866693504461033164|13017349633228355222|15175627017606042518|14757844413242749404|14739253868973290436|10850080095665167058|10824018823182198452
dataset\_work\final\lettuce_downy_v1\train\anomala\images-23-_jpg.rf.732ed3724f7f9239caa37b62873dcbf6__ann2147.jpg,anomala,train,lettuce_downy_v1,415x251,16779711691883190822|16736711541288314523|13031897386032681673|14025448089284031596|11215840825290147048|2781582504421940712|7833013374473905346|14542916406918896308
dataset\_work\final\lettuce_downy_v1\train\anomala\images-23-_jpg.rf.732ed3724f7f9239caa37b62873dcbf6__ann2148.jpg,anomala,train,lettuce_downy_v1,161x227,2529952275412430944|4307609427857568761|2074176375182120068|14406118873009214686|18010900632075224891|6931223110766173219|16056673808564677831|9571341613170739228
dataset\_work\final\lettuce_downy_v1\train\anomala\images_jpg.rf.706ce2f074b2a43cf926ba626ac9bf66__ann2150.jpg,anomala,train,lettuce_downy_v1,640x640,16488969424916211428|15624278852483258840|16772138992488055512|16770321231934308064|15607763105429771480|16457956668397245668|16194560213949791464|15601236648012792552
dataset\_work\final\lettuce_downy_v1\train\anomala\03_jpg.rf.724ff74ee6d9ca680c40216ead5d8f7f__ann2151.jpg,anomala,train,lettuce_downy_v1,307x468,3538161685376688955|8333690716594911523|11213313910570276233|2758017263540982894|2538232001068509043|4279482385429633585|7950192191365858854|9931981213049920923
dataset\_work\final\lettuce_downy_v1\val\anomala\images-2-_jpg.rf.71673f95e06466297a1294a395b9b46b__ann2152.jpg,anomala,val,lettuce_downy_v1,535x455,16335233820845153030|13308956879050319775|14596696099298588390|12426127209756856984|11468356539608838840|440064954522448610|10993954505690215084|16624480596820857290
dataset\_work\final\lettuce_downy_v1\val\anomala\-8-_jpg.rf.72dea6a2851c530e9a871e9dcd1ecfe4__ann2154.jpg,anomala,val,lettuce_downy_v1,401x416,15333855571540094116|15333855791638432474|3382993372788313528|10065699986010426850|15765603289993628884|11866081676554456276|16306916951409340555|13280425316981862958
dataset\_work\final\lettuce_downy_v1\train\anomala\22_jpg.rf.73433b304426d9c772574a9465f5918a__ann2155.jpg,anomala,train,lettuce_downy_v1,640x608,10429373455016929922|17744805512312761246|14459822656333147134|17017632838808774784|11433456317511385846|9379358037368880272|9234692968945167084|18369023106143267784
dataset\_work\final\lettuce_downy_v1\val\anomala\images-23-_jpg.rf.7393de4795a888837fdec499f0b5fec1__ann2157.jpg,anomala,val,lettuce_downy_v1,416x271,11139278523556709481|12003969652666588521|5236679466083034186|17134729437197228973|7628467344014743206|7585394908004521626|12527766984899283693|5342525565824707656
dataset\_work\final\lettuce_downy_v1\val\anomala\01_jpg.rf.72f02a730d5f747ac8fb54e7aa1bd885__ann2159.jpg,anomala,val,lettuce_downy_v1,386x624,14325866498196425419|11244417666446437420|14960032089222909364|920514195629690578|3219135619467971740|14684737193620262854|15154109898986538508|13010216985990372559
dataset\_work\final\lettuce_downy_v1\val\anomala\11_jpg.rf.73317950f614885f4b7ca4c8f4b9dcd7__ann2161.jpg,anomala,val,lettuce_downy_v1,640x624,13594869389645773436|14027105948005998784|15322835526996878564|15301642338556303832|13880281490543782594|9005697741399894716|15625724503183219412|16457387080136631764
dataset\_work\final\lettuce_downy_v1\train\anomala\27_jpg.rf.722fb74624bdbe8b319ad31573c1abbb__ann2163.jpg,anomala,train,lettuce_downy_v1,590x392,12752334238530158262|17465198816093963154|14587055407480043981|12396573754793943116|10557522627660439794|13132114812897393072|5503517964994480556|14842115639834931146
dataset\_work\final\lettuce_downy_v1\test\anomala\13_jpg.rf.72adc1a9e8ef311211fc22243d0b847e__ann2164.jpg,anomala,test,lettuce_downy_v1,395x425,14816168287667080182|5496263526622964880|4049647762398798944|16371502785344297337|10388762658548893260|17783533943721205197|8780263452276110307|6945742595586601784
dataset\_work\final\lettuce_downy_v1\train\anomala\27_jpg.rf.71c94f6570b3dfd688da4941c47206e3__ann2168.jpg,anomala,train,lettuce_downy_v1,395x621,10462637749653852982|6247473887606617235|8700156186460841208|16231654552064612832|10607193690843427670|3950700935088517777|16202167969016136417|17898548230399573368
dataset\_work\final\lettuce_downy_v1\test\anomala\27_jpg.rf.71c94f6570b3dfd688da4941c47206e3__ann2169.jpg,anomala,test,lettuce_downy_v1,413x637,2752319961478492570|11183233688342852006|12860162691363879268|12889691175033856729|11993608942385312411|11128715927421727270|15664189969132544434|7257966332568238258
dataset\_work\final\lettuce_downy_v1\test\anomala\images-21-_jpg.rf.707b0aab8344355c7f1764c62ffe5797__ann2170.jpg,anomala,test,lettuce_downy_v1,640x640,14451123544670877418|16487347064990700456|17345245211218269916|17335184576335746244|12147150793468989156|16876787074218626248|14165037732018164464|15913106292520040176
dataset\_work\final\lettuce_downy_v1\train\anomala\images-24-_jpg.rf.73a1d08a26ffc10785587df5c209d03b__ann2172.jpg,anomala,train,lettuce_downy_v1,640x640,15042775477031327952|17635193334008505588|17348547825060647640|17346961783373869796|17646486435048111348|15048893228183765712|16479311462708919536|15605708906304422640
dataset\_work\final\lettuce_downy_v1\train\anomala\images-40-_jpg.rf.73e78dd00870c96a44aac870473c23e5__ann2175.jpg,anomala,train,lettuce_downy_v1,502x490,4927455677214118506|15958950395382117801|12704853176357776404|17507130688939084247|12228914116061067741|7661420003989020996|15549115141333382642|1471635379579015344
dataset\_work\final\lettuce_downy_v1\train\anomala\28_jpg.rf.75a80adbc455c9eae0296b4a55fb58f8__ann2176.jpg,anomala,train,lettuce_downy_v1,621x587,14297148075220191772|10117841006208134343|12277645554343893165|12301952723782526282|14388133143541082508|2074656139947829702|5396918606167587242|12490965531604902570
dataset\_work\final\lettuce_downy_v1\train\anomala\images-40-_jpg.rf.75d78881cbfda80526f015e066346b70__ann2177.jpg,anomala,train,lettuce_downy_v1,484x426,12154807084546146609|16900547713028619635|8270092787165455783|12777941081486416154|8321979350300658410|3549336765444435624|1898793439619536049|12062193096654701938
dataset\_work\final\lettuce_downy_v1\train\anomala\images-29-_jpg.rf.7679c3dabdfecee4f6dc1fb3e7835dae__ann2178.jpg,anomala,train,lettuce_downy_v1,519x639,16324042397046838416|12154822557603321590|14454519497979908785|17070573986373416050|17786643015400074920|10418062158857669346|8265459680891692780|12813317551690127560
dataset\_work\final\lettuce_downy_v1\train\anomala\images-27-_jpg.rf.743c307f2a31535972f143811c3cc93b__ann2180.jpg,anomala,train,lettuce_downy_v1,416x518,13265172221949735477|16291531564522844499|16962083849694001373|2907436230962176580|6030727023752976354|3851335922886580152|4963698006894926120|15976632306709128683
dataset\_work\final\lettuce_downy_v1\test\anomala\images-29-_jpg.rf.757ea56d453fcf1830884d9b07c1d421__ann2182.jpg,anomala,test,lettuce_downy_v1,640x559,17623727618183451098|15048373366152328356|14621977082878151876|12405360932608593100|11850366762494187216|15767402380025304308|14757351163576854700|14180949787669621706
dataset\_work\final\lettuce_downy_v1\train\anomala\01_jpg.rf.763e48acf21f045a5c4b4dd1ebbee044__ann2187.jpg,anomala,train,lettuce_downy_v1,640x422,5389881474462948576|12523616500385629944|6645248555480680004|14259428472603974877|17926214004113591469|16185043066090212426|15968821351430153157|4937803818741676124
dataset\_work\final\lettuce_downy_v1\train\anomala\images-34-_jpg.rf.766cde418ee803eec231598395d56b11__ann2188.jpg,anomala,train,lettuce_downy_v1,317x394,7198960334940689565|4114289969548088646|1348339138993374034|13227702460334816437|5104229612043638841|11336761393867712355|13059543806536159927|5963738529048802834
dataset\_work\final\lettuce_downy_v1\train\anomala\16_jpg.rf.73efed6ea2d0ce1a87325a9f7fb66627__ann2190.jpg,anomala,train,lettuce_downy_v1,551x617,1322762280738859740|12908822233281112772|9554088196424602730|16039271997013415849|14171247356650530227|15900725090080611090|12238491090280290014|7643915116444948100
dataset\_work\final\lettuce_downy_v1\train\anomala\28_jpg.rf.75444cf6450f28235378f1c8b225bb64__ann2191.jpg,anomala,train,lettuce_downy_v1,603x627,7630492915414890958|7050614983857627404|6217761262759111493|10767483049071355993|892242523199690849|14878046972324144233|6424649682316193173|5038385474162149718
dataset\_work\final\lettuce_downy_v1\val\anomala\26_jpg.rf.741b593623f9bb60bb8aa24881ac4a7b__ann2195.jpg,anomala,val,lettuce_downy_v1,291x334,14720585635796870966|14748620114135423107|18421736393159274953|7348426427297900|9446363091808792012|3956240249071749836|7813987084348889600|14551452160574859263
dataset\_work\final\lettuce_downy_v1\train\anomala\23_jpg.rf.76a06f0d6d43d473a9a64ebb2d86447c__ann2196.jpg,anomala,train,lettuce_downy_v1,308x429,11147295517672284436|11975804867075341270|11700731412000909219|13436882441133759034|15455064714016141990|1450486052487082906|4186789063030045114|11792554541513793954
dataset\_work\final\lettuce_downy_v1\val\anomala\22_jpg.rf.743df4951a46d2e13f34fe2d23306638__ann2197.jpg,anomala,val,lettuce_downy_v1,567x640,3635094994901652510|12948184529271051399|16330955109804815765|13275014504935347030|9787562347742736819|2221657147533652530|6220549372830235320|10751715954824422370
dataset\_work\final\lettuce_downy_v1\test\anomala\images-2-_jpg.rf.7546363cda8c181fb4b871844ceaff20__ann2198.jpg,anomala,test,lettuce_downy_v1,545x490,10320388631186963657|1036875871232245868|3541024323185357478|8348411215405495194|7836536563566207758|14554755218633013647|11147290635961359219|11975769997893837873
dataset\_work\final\lettuce_downy_v1\train\anomala\images-18-_jpg.rf.77a64b6ea7da44e302e36aebe7381f8e__ann2203.jpg,anomala,train,lettuce_downy_v1,422x369,15226143337255957042|3786924147963441587|10924557843845264293|1595458034789134938|12948330336321506612|3635058647821733587|6499439909977465878|11940056819207216023
dataset\_work\final\lettuce_downy_v1\train\anomala\images-15-_jpg.rf.7791cf18f790020f146217743fc76d6e__ann2207.jpg,anomala,train,lettuce_downy_v1,411x629,8138586338712183670|17415550711695686033|14317956469846104162|11255171456025945241|10464514824438526193|8530883860396896880|11089140511265927836|7122634875392865222
dataset\_work\final\lettuce_downy_v1\train\anomala\images-31-_jpg.rf.78e8f3d34e6fd5cfd0c0aa6bb85893cd__ann2209.jpg,anomala,train,lettuce_downy_v1,311x402,5315322145474680856|7871294707541534695|13021997556640024246|15137242577065909906|16710443852132269165|1736359050453566281|10565143858726376146|13152350144834680756
dataset\_work\final\lettuce_downy_v1\val\anomala\images-31-_jpg.rf.78e8f3d34e6fd5cfd0c0aa6bb85893cd__ann2210.jpg,anomala,val,lettuce_downy_v1,282x434,17669001335809010284|5824025577049065929|7406971069303384305|11073335878939699568|14522363608758276944|7812281611888047349|8136255299496750233|17395272960571918950
dataset\_work\final\lettuce_downy_v1\train\anomala\images-37-_jpg.rf.7a14193b3a9dd48c5497b57578a87d91__ann2213.jpg,anomala,train,lettuce_downy_v1,560x640,3501140079486347490|17552443808533899960|13371238087529751608|7131040663146715619|13324650067367204595|16332491216263091760|16418357900449936994|4063480920503390393
dataset\_work\final\lettuce_downy_v1\train\anomala\images-15-_jpg.rf.77ca5bec9d15a1aa1d0c040476d6ee7e__ann2214.jpg,anomala,train,lettuce_downy_v1,640x430,11112248091758864036|12003142200256731866|8125704755183121309|17427890186617434438|15752128434131342246|11864254543189653146|5058063196943670513|11345522157083804784
dataset\_work\final\lettuce_downy_v1\train\anomala\16_jpg.rf.789277c8063a859efcde1c6d0afbdfea__ann2215.jpg,anomala,train,lettuce_downy_v1,640x564,17054768781650741970|14450453497009843380|14966977124340765400|887975870220908260|13018942031522859720|15189153684185788140|16480538459769491980|15605740620627490255
dataset\_work\final\lettuce_downy_v1\train\anomala\17_jpg.rf.79a38fd55b4a5b20695ee5522fa0279e__ann2216.jpg,anomala,train,lettuce_downy_v1,252x507,12518374575666520419|5377917414735903033|17405768866011056975|8090315367049276941|4141543850339705418|7161254417297291949|949937664957761136|5731714935037529585
dataset\_work\final\lettuce_downy_v1\val\anomala\-3-_jpg.rf.77b782ae4be6d587e7c102432c13bf5b__ann2221.jpg,anomala,val,lettuce_downy_v1,308x421,16491298597727519941|14466899227016551772|8162435612572825460|8186748558546374865|6691700004551181512|14214611885979655396|15064709328607681905|8410303485891528305
dataset\_work\final\lettuce_downy_v1\train\anomala\images-28-_jpg.rf.7a141b101c5cc400e01993d98d113680__ann2223.jpg,anomala,train,lettuce_downy_v1,551x599,15579683296392950992|16470538403039335156|14041146931034163588|13602220259265572574|17641328391965348836|15038810886148404952|16027788901398332604|9550265192087870658
dataset\_work\final\lettuce_downy_v1\test\anomala\images-11-_jpg.rf.77b36be78b181a44dd1f47a79459fe78__ann2224.jpg,anomala,test,lettuce_downy_v1,515x587,8186093560132972838|8189484632917701275|5316870334364555795|7596575974876423223|11201178255399102065|2788245617218460273|4009548146021854313|1412613147643201865
dataset\_work\final\lettuce_downy_v1\train\anomala\01_jpg.rf.7a271b6dea8ae1ef0341c7bbebd3d998__ann2229.jpg,anomala,train,lettuce_downy_v1,640x385,10216084572659050236|5664601085557512384|14881612022439106652|10132579563631994309|13878109204037016654|18223447198384965261|14259991452680953484|6654256235226564302
dataset\_work\final\lettuce_downy_v1\val\anomala\images-37-_jpg.rf.7a91f2ee0f108509e072cc5ab6f7cccf__ann2230.jpg,anomala,val,lettuce_downy_v1,640x622,15018487005500053905|17638833674346194550|17641926519297433240|15047813552127444454|8531676641007094260|10491599542164810960|16610926809303930064|10979288570358322420
dataset\_work\final\lettuce_downy_v1\val\anomala\images-19-_jpg.rf.7ac2c1ac730a8a85b56cb582a9710c2e__ann2232.jpg,anomala,val,lettuce_downy_v1,447x461,15749761264407897292|11868913327814203852|17418698149533293000|8080119959021823724|14760903568594155172|14727964397681283802|17016300183322501744|14454777738284088305
dataset\_work\final\lettuce_downy_v1\test\anomala\-6-_jpg.rf.7b7fb52796874e8718433631c489e398__ann2234.jpg,anomala,test,lettuce_downy_v1,625x612,10578615321745704148|13154078375476452820|6967852994424350168|17992562729160563684|15338675208482229430|15295394578229284498|16454899829121528569|15575082018726851168
dataset\_work\final\lettuce_downy_v1\train\anomala\11_jpg.rf.7b094fa0e898c4ae8bd2e9d18cdd005a__ann2236.jpg,anomala,train,lettuce_downy_v1,638x640,16457967346660387984|15607701316764879606|17920520291382475433|16191181445886092138|17783072853633112536|10424895864273266404|7684248789865050848|12194067798396941048
dataset\_work\final\lettuce_downy_v1\train\anomala\images-23-_jpg.rf.7b179310c51494a49d337262352dd7b8__ann2238.jpg,anomala,train,lettuce_downy_v1,364x278,12894459717860890010|12875990536486016678|16475770197126625114|15589898623233692581|11985919509475471538|11139001314834576050|11894907056625441496|6500862158642980324
dataset\_work\final\lettuce_downy_v1\train\anomala\30_jpg.rf.7c9652b55feffd0a02aea555ca3cde10__ann2244.jpg,anomala,train,lettuce_downy_v1,451x490,6650317838259889302|14244263937419303574|8623931723133606800|1264039609065940214|10870221569046261189|10855061349208967772|17736414243076803089|10438105801147854455
dataset\_work\final\lettuce_downy_v1\val\anomala\22_jpg.rf.7b6247c0186e6b94783cf28bcde1722e__ann2246.jpg,anomala,val,lettuce_downy_v1,640x572,6276836847382632632|1523698954996663266|3635095355870500122|12948184349283800231|16339962615839335701|13265444279105166167|12057355771591111091|1897516774567670322
dataset\_work\final\lettuce_downy_v1\train\anomala\16_jpg.rf.7ad41eea1f08b90f1413fb682417a91a__ann2247.jpg,anomala,train,lettuce_downy_v1,491x612,11330285245077232870|5063098874567771800|9850109912303625924|17199957933340334556|11008568637601432390|16617347371814239645|15895852292164203246|14152115366198686344
dataset\_work\final\lettuce_downy_v1\test\anomala\22_jpg.rf.7b66fe899baf045ad242d9c11c251616__ann2249.jpg,anomala,test,lettuce_downy_v1,640x594,9697170447408205542|11400393634442088088|11835225699704320742|15709447716124865432|10992877468533470878|16613267632812299142|11003192403118719962|16587447315605438372
dataset\_work\final\lettuce_downy_v1\train\anomala\images-27-_jpg.rf.79e7113e16e011c30417d5182f5e4ec3__ann2250.jpg,anomala,train,lettuce_downy_v1,569x462,3055228945051662393|12365096145602339427|12725109088343651173|17358608189300683097|7197365098227538347|4159157584841565738|6427046400305587952|7310417080777152688
dataset\_work\final\lettuce_downy_v1\train\anomala\28_jpg.rf.7be6e46af12e9f6efa43d6adddd30e90__ann2252.jpg,anomala,train,lettuce_downy_v1,640x640,12027400383479534246|11126398828808418434|10727840208869423288|14319319074901123554|9418279013327595674|12020865814751668646|16348617385985489094|13292603929888153748
dataset\_work\final\lettuce_downy_v1\val\anomala\04_jpg.rf.7c8df746678f575c76a66434a62184d4__ann2253.jpg,anomala,val,lettuce_downy_v1,351x466,8162649368763348013|6997906236160332363|11116378602900516157|11987752564582664515|5463661508138245473|3293314897559832433|4848470878772354470|4426373462999647642
dataset\_work\final\lettuce_downy_v1\train\anomala\images-29-_jpg.rf.7cd690aa1ffa872227c1f281bac07406__ann2255.jpg,anomala,train,lettuce_downy_v1,418x552,11647284537016348198|8807370947968141723|4669518843524984930|18252122109416174265|11207696638465358458|2769364755674538913|13398998101777206525|7111268356530294080
dataset\_work\final\lettuce_downy_v1\train\anomala\images-40-_jpg.rf.7bcf7abf846d7337c771781e2314eb8b__ann2256.jpg,anomala,train,lettuce_downy_v1,530x445,1185407480588184752|17812134226041948914|14423462062905514514|17053875277723903415|17495022969400406519|12730704946331742992|13233137785718287340|1322596843324844744
dataset\_work\final\lettuce_downy_v1\test\anomala\images-11-_jpg.rf.7d22e6590b7bd5df09002590516180c5__ann2259.jpg,anomala,test,lettuce_downy_v1,617x539,13057514959927110976|5932303706040846589|6081175099528726676|15409570718857686486|18250921305312744274|4678621690767095221|15487252289202870741|10684891926134285396
dataset\_work\final\lettuce_downy_v1\test\anomala\-10-_jpg.rf.7d350f9c656ad3c46a8e638e47338b6c__ann2260.jpg,anomala,test,lettuce_downy_v1,586x435,11701819427414501424|11122082764483783155|7874881166517773699|5291047530796309046|17575733860142111130|3488264637440746914|3916673941138271561|9486186869712636269
dataset\_work\final\lettuce_downy_v1\test\anomala\images-27-_jpg.rf.7f0902e8b8d67fd5776a03699d8e6176__ann2263.jpg,anomala,test,lettuce_downy_v1,476x560,12858226478662956512|12858311456057414648|12121660265612928684|16349030284138944970|17893825639797387698|16155883314267845042|14598757032500454370|12422849494365321384
dataset\_work\final\lettuce_downy_v1\train\anomala\images-1-_jpg.rf.7e72ddd3969c875a6729111943cce503__ann2265.jpg,anomala,train,lettuce_downy_v1,453x467,14793141251881464690|5489091996347150769|12851388400901123437|12854765831802669385|12768187170010443084|8247096243257035725|5280872586699171250|7885039038892956082
dataset\_work\final\lettuce_downy_v1\train\anomala\27_jpg.rf.7e5ea4a074b6bbc02fb27b67f1eac86f__ann2266.jpg,anomala,train,lettuce_downy_v1,601x402,7118460279726302146|13361165145803602236|14463838853407689522|16456988995547835555|4339768945577061561|14007268793011259746|11757812791903806180|3660260953756318152
dataset\_work\final\lettuce_downy_v1\test\anomala\27_jpg.rf.7e5ea4a074b6bbc02fb27b67f1eac86f__ann2267.jpg,anomala,test,lettuce_downy_v1,628x368,7593176486965733810|7600239903182514354|1355920412695115146|12926654233764778670|12855790758253918569|12891959476111892585|12561341495433716915|9995005373476688146
dataset\_work\final\lettuce_downy_v1\train\anomala\images-29-_jpg.rf.7ff985180169399367530f83336b04a8__ann2269.jpg,anomala,train,lettuce_downy_v1,498x603,14305374233896072856|11285625630510125798|15752127655394972577|11864395508397717114|16614510847927557788|11004095534274610886|8806447985871070884|11642769225315818202
dataset\_work\final\lettuce_downy_v1\train\anomala\-3-_jpg.rf.800a8568e12f789c3b2df491ef300577__ann2273.jpg,anomala,train,lettuce_downy_v1,418x258,10996269053160238185|16620224851919227497|13244095472361244388|1210484694021414616|7623120761043461862|7614527523616496280|15608967721700674576|16466976019538693303
dataset\_work\final\lettuce_downy_v1\train\anomala\17_jpg.rf.80024408e2ecda844fdee409963452ec__ann2274.jpg,anomala,train,lettuce_downy_v1,273x535,10987087300880736849|16600656295492827765|10198062319294097081|5665014149369076578|8483149318107193830|5882320300275235224|7105471523807075918|13341582748298217101
dataset\_work\final\lettuce_downy_v1\train\anomala\03_jpg.rf.7f20f68548b79aa251bb37eea9ac159a__ann2275.jpg,anomala,train,lettuce_downy_v1,401x476,16616397840005366886|10981550283407481497|4189441208355043032|11762197531712918244|11086340342877611672|7387053807895419366|16470430297137626019|15615776611392168762
dataset\_work\final\lettuce_downy_v1\train\anomala\images-24-_jpg.rf.7db5adc0956cabc35bf4fcd7a040e494__ann2276.jpg,anomala,train,lettuce_downy_v1,640x640,16479394954725665952|15614743627726375664|15033768277864990962|17634630381360311472|17350799629305164504|11577850110692995812|12748646330739112692|17494423713623089872
dataset\_work\final\lettuce_downy_v1\train\anomala\images-40-_jpg.rf.7e4a074e012e37c53135316773510688__ann2277.jpg,anomala,train,lettuce_downy_v1,413x447,5956215732392347949|13108468450183113803|15738543967793632315|11865206719994123299|5434882207709850293|3299404281995241554|2581921254922430884|4311128134172437210
dataset\_work\final\lettuce_downy_v1\val\anomala\13_jpg.rf.7eba64ac94eeed39845c3c1d4fec0309__ann2279.jpg,anomala,val,lettuce_downy_v1,373x390,10388166723179548238|17774451978204253837|14756520643512722115|14730273917053548860|10200119544535165942|5660644895840152208|4375578326357667020|14078898421187594700
dataset\_work\final\lettuce_downy_v1\test\anomala\28_jpg.rf.7ff137682f6f33c3a22cf070a0b21317__ann2280.jpg,anomala,test,lettuce_downy_v1,619x581,461745254392573077|11522936580946577990|7598899548065376520|7516950849406725095|5101079660862761375|10785218171686250502|16675692065443697000|588090110171837545
dataset\_work\final\lettuce_downy_v1\train\anomala\images-14-_jpg.rf.23248c050509931c70b1d70f52c8154f__ann2.jpg,anomala,train,lettuce_downy_v1,251x400,16459592944922444465|15621125867617041522|17565597300394751686|3466767078459347100|8267758281311898072|12808976923195108580|11281682295203699760|14336812067746072051
dataset\_work\final\lettuce_downy_v1\train\anomala\22_jpg.rf.270f3fab38808b5d9f9e8b79e68a13c1__ann4.jpg,anomala,train,lettuce_downy_v1,535x640,1835907288404306470|7467302641387219611|12156085681186941707|16875576448650652463|11216839781926347111|2786289621375613465|3399027571920679658|804838622524584872
dataset\_work\final\lettuce_downy_v1\train\anomala\images-39-_jpg.rf.3248d05978563da668bf051744448631__ann7.jpg,anomala,train,lettuce_downy_v1,380x266,11863720259541845093|15770086245073869913|7369781182374255768|11069252980063389414|6475304260750400218|7333153393925858468|16629150326521503129|10996882402415494758
dataset\_work\final\lettuce_downy_v1\test\anomala\images-39-_jpg.rf.3248d05978563da668bf051744448631__ann8.jpg,anomala,test,lettuce_downy_v1,207x280,10236421864611584901|10236461162452690782|14129788139445913484|15859170112888315534|6784412465656958862|9591320800406998926|10240678897647032284|10126118583233091524
dataset\_work\final\lettuce_downy_v1\test\anomala\images-39-_jpg.rf.3248d05978563da668bf051744448631__ann9.jpg,anomala,test,lettuce_downy_v1,219x271,10241028775215832652|10234273375772837837|14775856774656896909|5516690953204730702|14809855830394996622|5484904312296513422|5623695732846989132|10173483542707900109
dataset\_work\final\lettuce_downy_v1\train\anomala\28_jpg.rf.5ba98d146b8966eb87da7c38c5bdbdbf__ann14.jpg,anomala,train,lettuce_downy_v1,560x622,3269000878221451535|5423939928852822287|570150537709513031|2263295039357217053|1115015594827334987|1108400719638191405|2119448072224663583|5145833907816818951
dataset\_work\final\lettuce_downy_v1\test\anomala\13_jpg.rf.46e352fee11183733ca6f54afdcd5d84__ann15.jpg,anomala,test,lettuce_downy_v1,351x396,7354007027601159838|11065214856328680070|15838409018250746536|2597545178345186442|9697050623816142745|11436579728684617318|9954164414117907492|12167087010671349211
dataset\_work\final\lettuce_downy_v1\test\anomala\images-15-_jpg.rf.9287054696e0ddf5e2aab68848ebf188__ann21.jpg,anomala,test,lettuce_downy_v1,337x628,12425875766488058828|14587676838787165388|11417368083346647652|9705602565147503065|14712163541018112458|14757072961933701548|15684274203781673350|7235809802958631582
dataset\_work\final\lettuce_downy_v1\test\anomala\images-24-_jpg.rf.905126c29b78d4e478cba187e0a06b0a__ann27.jpg,anomala,test,lettuce_downy_v1,626x640,17319393517112963786|17340376830626149036|10417302972456987380|17759508369190201792|12444257952404383216|14605939163658738416|13882671941467404022|17612147913649131920
dataset\_work\final\lettuce_downy_v1\train\anomala\images-24-_jpg.rf.99a82fec5c9d008ea539355e0e43419d__ann30.jpg,anomala,train,lettuce_downy_v1,543x622,14722912388720652890|14750886424942784933|17774926623198454182|10397232180651195034|11939562440853665228|6517523316499698380|11131484129007454864|12006984272838241782
dataset\_work\final\lettuce_downy_v1\test\anomala\-3-_jpg.rf.f881f72de82b7f6341b072c202bce81f__ann40.jpg,anomala,test,lettuce_downy_v1,425x274,6384583481543791925|16548167201774065235|16473176405184792233|15620349836127738986|6005132157228852965|3861060944307722840|7682218961158653656|12233573678112742628
dataset\_work\final\lettuce_downy_v1\val\anomala\-6-_jpg.rf.f18d295b63b98c935a23e86883c90950__ann42.jpg,anomala,val,lettuce_downy_v1,584x561,10998958177837702362|16634779368723956900|14539190622197850792|7808351786643536874|11872836025017162470|15770590020129694872|16914161601665719404|12115469998149125577
dataset\_work\final\lettuce_downy_v1\val\anomala\-3-_jpg.rf.c9e43a6962a10fe573f7997975ab6537__ann44.jpg,anomala,val,lettuce_downy_v1,425x269,3201137052715108557|14684376859757112396|5408832362504940580|3276351110847318491|5543027248034138571|14828220967867214892|15837333574776747821|2624682003987435595
dataset\_work\final\lettuce_downy_v1\test\anomala\30_jpg.rf.ae03e215a3082ff5a01c7e3aec9f857d__ann45.jpg,anomala,test,lettuce_downy_v1,399x480,15462729871714407461|10706915417867539547|704095828325864189|8024343375839999552|6616954755905918612|2725904476889585366|4663111383224769647|18271722607733884169
