caminho,classe,split,origem_dataset,resolucao,phash_orbit
dataset\_work\final\spinach\train\saudavel\healthy__healthy (1).jpg,saudavel,train,spinach_n56pn9fncw,4640x3472,16467290150763333604|15573014696576818904|10094602412521064680|14850377231154794216|15572997189955624664|16467281234881513444|16775494351238404046|16755675551070099340
dataset\_work\final\spinach\test\saudavel\healthy__healthy (10).jpg,saudavel,test,spinach_n56pn9fncw,4640x3472,16198482570341960864|17927904564927188210|17045163814641601708|14469668179142496202|17495523816329628920|11586800941404441824|14614057214065168072|12397299431397297388
dataset\_work\final\spinach\val\saudavel\healthy__healthy (100).jpg,saudavel,val,spinach_n56pn9fncw,1440x1080,16348293780619890636|13328557124766535372|16487264293763933944|15603880198647093472|14703749576784672952|14740162376046141666|16183716212069272792|17935242036823707364
dataset\_work\final\spinach\train\saudavel\healthy__healthy (101).jpg,saudavel,train,spinach_n56pn9fncw,4640x3472,14035642146910080744|13325172918522973928|11873322085928914664|15752533896112540904|16757392196923485368|16757352331038607554|16756792735230237914|16775512321891223204
dataset\_work\final\spinach\train\saudavel\healthy__healthy (102).jpg,saudavel,train,spinach_n56pn9fncw,4640x3472,16757355535050444448|16757496428257251050|17045727868620606688|14451512491637198576|16901488693504020200|11569355093477592808|17351849514487942856|16180337467891093228
dataset\_work\final\spinach\train\saudavel\healthy__healthy (103).jpg,saudavel,train,spinach_n56pn9fncw,4640x3472,17349708071853065904|17337783750718561506|14739757264324708592|14739783755481671920|16328959568198409456|12720003265426343664|17359281011308596940|17350273863189237452
dataset\_work\final\spinach\test\saudavel\healthy__healthy (104).jpg,saudavel,test,spinach_n56pn9fncw,4640x3472,10424934301698589840|17783180277583764214|16774930611508146424|16774956669478953152|17787560731916159734|10413597237309254800|13898351022144670952|17938053397827996904
dataset\_work\final\spinach\train\saudavel\healthy__healthy (105).jpg,saudavel,train,spinach_n56pn9fncw,4640x3472,9837131535488863920|17211102148715515378|17043472170326345968|14456051477691297008|17477667816204065518|12704262147774055560|17360404862498938568|17350274260481050348
dataset\_work\final\spinach\val\saudavel\healthy__healthy (106).jpg,saudavel,val,spinach_n56pn9fncw,4640x3472,14737492278718470084|14744247911398708940|14739757229352916708|14739783670180583120|14706002550274367180|14165812151634593484|15030261550776291020|16471373591215312588
dataset\_work\final\spinach\val\saudavel\healthy__healthy (107).jpg,saudavel,val,spinach_n56pn9fncw,4640x3472,9801533910330574540|17194513765047181260|14165557116746008524|15894939606087049164|14744560034254921710|14701494259703023240|14708504952841148124|14701762617784637124
dataset\_work\final\spinach\train\saudavel\healthy__healthy (108).jpg,saudavel,train,spinach_n56pn9fncw,4640x3472,10125934233405463494|14888388469916640924|14737793613790938816|14708311438257004284|11251794430139473614|14311059907091859084|18203021083541184204|13872783549958555596
dataset\_work\final\spinach\train\saudavel\healthy__healthy (109).jpg,saudavel,train,spinach_n56pn9fncw,4640x3472,11568770060924702368|18072415577163861474|16757496341156776160|16757496375919176952|16324728646396727034|11551336743605603488|17936867800695344872|16197352341410057960
dataset\_work\final\spinach\train\saudavel\healthy__healthy (11).jpg,saudavel,train,spinach_n56pn9fncw,4640x3472,11587206730307831776|18053839620088471288|5664282804601147116|10170876401732193480|17878797026689256698|16178903670124433056|14451107974438332045|17063745617212447566
dataset\_work\final\spinach\test\saudavel\healthy__healthy (110).jpg,saudavel,test,spinach_n56pn9fncw,4640x3472,12740269489519824612|17477368883243814600|14739774976837010672|14739774718996307184|14451548136425295090|16469263140895837872|17355762607519403724|17349149080444702412
dataset\_work\final\spinach\test\saudavel\healthy__healthy (111).jpg,saudavel,test,spinach_n56pn9fncw,4640x3472,12722267701033780912|17477404140629827058|14737523090989701360|14744278490833413360|17482180414863215858|12701993254226464432|17358155248571752140|17354777445772003020
dataset\_work\final\spinach\val\saudavel\healthy__healthy (112).jpg,saudavel,val,spinach_n56pn9fncw,4640x3472,10958989800319948428|16615779498716272590|14737514321566438356|14744270004676671444|14886423715647297510|10094311694875956888|15291747570576760524|15281614418768266956
dataset\_work\final\spinach\train\saudavel\healthy__healthy (113).jpg,saudavel,train,spinach_n56pn9fncw,4640x3472,11855166527370399464|15608983020520836840|14737514260662291688|14742017963370467048|16757401028176879320|16757334773101463204|16775379932538443468|16756776195393816268
dataset\_work\final\spinach\train\saudavel\healthy__healthy (115).jpg,saudavel,train,spinach_n56pn9fncw,4640x3472,10432169713564599984|17770146774273924562|14737628645716585712|14744277391372110064|15176328407156694262|12702010348262377104|17350273962108690124|17360407357629368012
dataset\_work\final\spinach\train\saudavel\healthy__healthy (116).jpg,saudavel,train,spinach_n56pn9fncw,4640x3472,10432174663312297648|17770111586393820658|15890430338167914736|14167932124163143920|17477641630308539638|12704249454300481168|17363794072620998340|17348031319298705116
dataset\_work\final\spinach\train\saudavel\healthy__healthy (118).jpg,saudavel,train,spinach_n56pn9fncw,4640x3472,16196799705249974244|17914218562629017288|14881902049919231224|10096572797822621920|14420022975406710008|16467292746988111584|16201724086944734860|17934625724243871694
dataset\_work\final\spinach\train\saudavel\healthy__healthy (119).jpg,saudavel,train,spinach_n56pn9fncw,4640x3472,12143405724983854816|16906000815144541944|14737523091056329952|14744278490289200888|17914799691786002154|16178648506285393576|17932803868273647308|16178204363719935692
dataset\_work\final\spinach\train\saudavel\healthy__healthy (12).jpg,saudavel,train,spinach_n56pn9fncw,4640x3472,9261238758392041380|18347135289277746904|5662066603090437352|10175375616246601960|15568503674821844734|11857706405211899520|16778314507514689165|16781765279082582862
dataset\_work\final\spinach\train\saudavel\healthy__healthy (120).jpg,saudavel,train,spinach_n56pn9fncw,4640x3472,11585666202749605580|18080982869311461068|16485016993427343076|15608401288406408408|14742035692801420538|14742009072191457440|15608410208566418648|16485007769515837156
dataset\_work\final\spinach\test\saudavel\healthy__healthy (121).jpg,saudavel,test,spinach_n56pn9fncw,1440x1080,11568628290824933064|17928442243888942828|17063737817282350824|14450984932350004968|17045591718300208888|14451531294733405344|16757399687609617608|16757475450436177644
dataset\_work\final\spinach\train\saudavel\healthy__healthy (122).jpg,saudavel,train,spinach_n56pn9fncw,4640x3472,16181032221289451232|17910294787763179240|14161027119954185968|15897204462199934192|16757374656472059640|16180900271345602272|17333279897773645532|17351958297822070468
dataset\_work\final\spinach\train\saudavel\healthy__healthy (123).jpg,saudavel,train,spinach_n56pn9fncw,4640x3472,17349140249556256460|17355780304260013772|17061490426286425836|14419424688543276232|14744261104798457072|14737531861312455920|14455462277376515272|17061473381709760236
dataset\_work\final\spinach\train\saudavel\healthy__healthy (124).jpg,saudavel,train,spinach_n56pn9fncw,4640x3472,16196795371946086342|17914253026926661276|14309934005440988920|11247290830728633568|11245047185902312696|14307805812403455712|16184835880201426588|17926181535474096070
dataset\_work\final\spinach\train\saudavel\healthy__healthy (125).jpg,saudavel,train,spinach_n56pn9fncw,4640x3472,15043297731988277156|17642884896121035994|14304438630855657712|11258495883456473328|15716549251894794484|11873627844683220176|17359298616916065948|17350265479453967302
dataset\_work\final\spinach\train\saudavel\healthy__healthy (126).jpg,saudavel,train,spinach_n56pn9fncw,4640x3472,12739715333512463270|17495374485675982490|14882006093353895152|10096646443617934576|11114363224652172530|11998604332138220720|17355903428479295116|17349148429527386062
dataset\_work\final\spinach\train\saudavel\healthy__healthy (127).jpg,saudavel,train,spinach_n56pn9fncw,4640x3472,12739706513796089780|17351276683343043794|16485017090030748912|15608401201154939120|15140027063842295024|13026533904554118320|17354794965060721880|17349139788087412452
dataset\_work\final\spinach\train\saudavel\healthy__healthy (128).jpg,saudavel,train,spinach_n56pn9fncw,4640x3472,13899452085781874336|17643023199163030770|17063742697980741872|14450949726558545136|17481872550137747700|11549084943594742976|17358153062616042696|17350344628957073132
dataset\_work\final\spinach\train\saudavel\healthy__healthy (129).jpg,saudavel,train,spinach_n56pn9fncw,1440x1080,16199047180232919012|17909696785894743768|14737804402824831216|14708249916607492336|15572944271572372728|16467292798812671712|17361392074237353676|17357030361639651276
dataset\_work\final\spinach\train\saudavel\healthy__healthy (13).jpg,saudavel,train,spinach_n56pn9fncw,4640x3472,17043454429996877796|14455497616439254744|10274728573106900220|1015046264851975360|15572988325726690504|16467276821197719276|13892503342508873230|18216100667165742990
dataset\_work\final\spinach\train\saudavel\healthy__healthy (130).jpg,saudavel,train,spinach_n56pn9fncw,4640x3472,17351959888881356750|17333280014193790604|14737890302203784432|14708332364142921968|10092116335982972144|14884284161220923120|17350151010890161868|17360399274399074252
dataset\_work\final\spinach\train\saudavel\healthy__healthy (131).jpg,saudavel,train,spinach_n56pn9fncw,4640x3472,14449402502414828486|16761859461726289564|14881919797052286688|10096563846641326816|11258496932510080744|14304297788108146376|16184278015083224716|16187668959979603918
dataset\_work\final\spinach\train\saudavel\healthy__healthy (132).jpg,saudavel,train,spinach_n56pn9fncw,4640x3472,11567094396513636016|18058931441303457266|14451543415274264800|17045758637639656696|17477632525533093626|12704262620456388256|17934615932164083436|16201855975524830920
dataset\_work\final\spinach\train\saudavel\healthy__healthy (133).jpg,saudavel,train,spinach_n56pn9fncw,4640x3472,12721691494865637032|17351839671431630568|14737628609812810984|14744281857551944936|16757390943121755888|12109778200868392112|16774956551842995916|16774930214706972364
dataset\_work\final\spinach\train\saudavel\healthy__healthy (134).jpg,saudavel,train,spinach_n56pn9fncw,4640x3472,10413614836227479244|17788680172606035660|14757895230821222128|14739215459276462320|14742031278624136950|14741991413400437904|17336640121859378380|17349703673572478668
dataset\_work\final\spinach\train\saudavel\healthy__healthy (135).jpg,saudavel,train,spinach_n56pn9fncw,4640x3472,12686243317421414092|17478213243296519884|14742026682396559072|14742026966562938088|14742031295686545394|14741991480240836272|16761331713794348748|16196794983598233292
dataset\_work\final\spinach\test\saudavel\healthy__healthy (136).jpg,saudavel,test,spinach_n56pn9fncw,4640x3472,9277571925768867744|17509025849844043738|16485008104086758624|15608418673820096760|15712802223246212338|11533603220656930944|17931255905873992920|16205225258658285284
dataset\_work\final\spinach\val\saudavel\healthy__healthy (137).jpg,saudavel,val,spinach_n56pn9fncw,4640x3472,15027428022906593164|17640189809125689294|16487567430632836040|15567860220354572008|14845948423819742964|10096816416757288144|16730357405952904408|14450691285408534500
dataset\_work\final\spinach\train\saudavel\healthy__healthy (139).jpg,saudavel,train,spinach_n56pn9fncw,4640x3472,15313966259791141790|15320748177467582342|14880774054831821782|10104524415554762388|9666742864997752532|11392747138214758100|10679837354727520908|15461729713346675662
dataset\_work\final\spinach\train\saudavel\healthy__healthy (14).jpg,saudavel,train,spinach_n56pn9fncw,4640x3472,11566377607635732382|18072416557579575174|14882027497894807532|10096602433569824456|9664561501840592634|11387115405195052192|14420040380983942796|17043764166463424462
dataset\_work\final\spinach\test\saudavel\healthy__healthy (140).jpg,saudavel,test,spinach_n56pn9fncw,4640x3472,16199031149529241540|17333332962297190108|14881908733189277424|10096625454726159600|15858945908266667248|14165840755520032480|17337766043194171020|17349703208098432974
dataset\_work\final\spinach\train\saudavel\healthy__healthy (141).jpg,saudavel,train,spinach_n56pn9fncw,4640x3472,17351392523633018532|17351276958490467546|14161167891399888112|15897203293622815984|15752534275143945456|11873322128843984112|17351399758936579804|17351399642978551492
dataset\_work\final\spinach\train\saudavel\healthy__healthy (142).jpg,saudavel,train,spinach_n56pn9fncw,4640x3472,13898332241916561040|17651907592150884070|17061486465811015920|14455488443453335792|16617768493490436340|10414235048643125440|17359349743317589192|17359349641938978540
dataset\_work\final\spinach\train\saudavel\healthy__healthy (143).jpg,saudavel,train,spinach_n56pn9fncw,4640x3472,14161027162594051788|14744283027319791308|14737523013269298912|14744278748254668536|14744283215560154828|14737487795108153028|17908017647374802636|16185390651158005452
dataset\_work\final\spinach\train\saudavel\healthy__healthy (144).jpg,saudavel,train,spinach_n56pn9fncw,4640x3472,17349145128510654188|17355797874636922568|14757895256423255280|14450984876026809584|14456051533385489648|17043471595068966128|17351276579324857544|17351392480583732940
dataset\_work\final\spinach\train\saudavel\healthy__healthy (145).jpg,saudavel,train,spinach_n56pn9fncw,4640x3472,12738017670103009220|17477377610500218588|14161449409494632184|15861174669216750816|15861180287017716978|14161326043000456880|16184835725176741596|17926181484143806404
dataset\_work\final\spinach\train\saudavel\healthy__healthy (146).jpg,saudavel,train,spinach_n56pn9fncw,4640x3472,16199029568921374432|17909758496403263216|14739867249779590368|14739751801462902008|17333834241602915576|16181041045306592992|17927878193618783948|16196217645543427788
dataset\_work\final\spinach\train\saudavel\healthy__healthy (147).jpg,saudavel,train,spinach_n56pn9fncw,4640x3472,14885403464259831520|10103322559097773784|10094312047766635712|14886423396915601144|15608973257573021324|16178781033583580110|17932831467901261774|13872234000807040652
dataset\_work\final\spinach\test\saudavel\healthy__healthy (148).jpg,saudavel,test,spinach_n56pn9fncw,4640x3472,16196777219418965672|17914244507602689226|14742017877410760912|14742017825671407860|14599586180412382456|12125549595891844832|17647528979108435660|15044422057950156492
dataset\_work\final\spinach\train\saudavel\healthy__healthy (149).jpg,saudavel,train,spinach_n56pn9fncw,4640x3472,16485025687818456800|14455488682081553656|14742008926631806200|14742017980827097312|17909731798736608456|16199055933242066660|16201873636765439692|17925599901776058060
dataset\_work\final\spinach\train\saudavel\healthy__healthy (15).jpg,saudavel,train,spinach_n56pn9fncw,4640x3472,14451509355472424588|14739775201578029006|10125837064064404296|14888393817147256525|14884163119876378316|10092051099102187208|14784806764573597390|5191255266887435916
dataset\_work\final\spinach\test\saudavel\healthy__healthy (150).jpg,saudavel,test,spinach_n56pn9fncw,4640x3472,17349720800092198604|17337757247298770636|14739757290060237552|14739783962708585712|14742025849735126256|14742167350830155504|17342304827458948812|17350824710025481932
dataset\_work\final\spinach\train\saudavel\healthy__healthy (16).jpg,saudavel,train,spinach_n56pn9fncw,4640x3472,16180454908703641548|17928441162167619276|16628295916668290804|10969702644265164496|14703828918404566776|14740141946761022688|15032477188172954776|17619796039975551974
dataset\_work\final\spinach\train\saudavel\healthy__healthy (17).jpg,saudavel,train,spinach_n56pn9fncw,4640x3472,17336368347820271502|17300045165688986510|11429897480313609160|9657436357930460876|10239808051051435760|10243198806366066672|14710554373123671686|14455210363989761950
dataset\_work\final\spinach\train\saudavel\healthy__healthy (18).jpg,saudavel,train,spinach_n56pn9fncw,4640x3472,10958958911516905356|16615801539888877518|5087720836923625444|11242694803270078168|14848217731189151718|10092304140857972376|15568393551943501468|16469434250441497414
dataset\_work\final\spinach\val\saudavel\healthy__healthy (19).jpg,saudavel,val,spinach_n56pn9fncw,4640x3472,9808315802238258840|17187771912436944870|14737531887446211467|14744260899315589934|16613565004955486190|10956769045602573960|3324610227506224844|10032675512599152332
dataset\_work\final\spinach\val\saudavel\healthy__healthy (2).jpg,saudavel,val,spinach_n56pn9fncw,4640x3472,11585108802000881376|18058368216425471736|16466914144127216888|15608952026834061536|17914824723057253626|16178762932410369696|16197352375896481496|17936867731969902308
dataset\_work\final\spinach\val\saudavel\healthy__healthy (20).jpg,saudavel,val,spinach_n56pn9fncw,4640x3472,9279840854440103090|18080974038855830962|16703453680217541617|1732924909791620192|12883970992888016122|12847660488965671040|6930070220586748952|17423176382461431527
dataset\_work\final\spinach\test\saudavel\healthy__healthy (21).jpg,saudavel,test,spinach_n56pn9fncw,4640x3472,10432038315234226942|17770130141067653248|13158000908016857280|10567352137007166204|9273136543922363638|18370970742722119312|18226849198979327634|13884769845492095670
dataset\_work\final\spinach\val\saudavel\healthy__healthy (22).jpg,saudavel,val,spinach_n56pn9fncw,1440x1080,11583432613260136176|18085477634660077296|14830014492033664752|5515832186249321712|17333844204321176826|17333804185981730976|17337748291201043532|17349712478628204237
dataset\_work\final\spinach\train\saudavel\healthy__healthy (23).jpg,saudavel,train,spinach_n56pn9fncw,4640x3472,9286570397909622477|18363601436829255180|17136086182451996352|5191566348364189932|902425642587314430|14816296409439330432|17046158082123893832|13899946359309193197
dataset\_work\final\spinach\test\saudavel\healthy__healthy (24).jpg,saudavel,test,spinach_n56pn9fncw,1440x1080,13842981355772615924|18214697861731043024|17640493221111602904|10379677869108332516|15043864554223945724|17626013787518016704|16467182441531313296|15572896703896866804
dataset\_work\final\spinach\test\saudavel\healthy__healthy (25).jpg,saudavel,test,spinach_n56pn9fncw,4640x3472,16180878349789531872|17910287383237988088|14737628678466211564|14744281819433569992|17910269773940231928|16180873883292241632|14451653435268177612|17045726717577234124
dataset\_work\final\spinach\train\saudavel\healthy__healthy (26).jpg,saudavel,train,spinach_n56pn9fncw,4640x3472,16180315442653630152|17928301437347663596|17061486498170507244|14455488372324830920|17045626816496127736|14415497979543129312|14415518895684623560|17046004809730344684
dataset\_work\final\spinach\train\saudavel\healthy__healthy (27).jpg,saudavel,train,spinach_n56pn9fncw,4640x3472,16196777769014756294|17914262097914969756|14885304025095589612|10103372058076286152|11258567885758307576|14304295621497177824|14450993866421253772|17063720233714947022
dataset\_work\final\spinach\train\saudavel\healthy__healthy (28).jpg,saudavel,train,spinach_n56pn9fncw,4640x3472,16178780343972892384|17914816288412569336|14742035486710352088|14742009098836307172|17910312551883120376|16181032160899335904|16495759900394362572|15620895987281401548
dataset\_work\final\spinach\val\saudavel\healthy__healthy (29).jpg,saudavel,val,spinach_n56pn9fncw,1440x1080,16180891406560332748|17910313788162387916|14737804574650238956|14708249832050073288|14713034958532218616|14702901573786504928|14419975612337954508|17043634372612425676
dataset\_work\final\spinach\val\saudavel\healthy__healthy (3).jpg,saudavel,val,spinach_n56pn9fncw,4640x3472,12737453578131787488|17500036173125815544|17928433860925648120|16180331914472638688|17909872505361718514|16199045556700890288|16197211651208285408|17936868146171858680
dataset\_work\final\spinach\train\saudavel\healthy__healthy (30).jpg,saudavel,train,spinach_n56pn9fncw,1440x1080,16755118157796445896|16761900229486939884|14742000267600826088|14737505568252989128|17045591650513690344|14451531329329923816|14451505087247517388|16757347812590196428
dataset\_work\final\spinach\train\saudavel\healthy__healthy (31).jpg,saudavel,train,spinach_n56pn9fncw,4640x3472,16757493549461903084|16180930324433639112|14886432201698692848|10094294179896854752|14453799820276960992|17047975229157248744|16179193906601334412|17351858345681328078
dataset\_work\final\spinach\train\saudavel\healthy__healthy (32).jpg,saudavel,train,spinach_n56pn9fncw,1440x1080,12704253472176066280|17477404054747778280|14744568830622682352|14701476667416562928|16756828199932300530|16775507364191358640|17351259008427820748|17351400948911284172
dataset\_work\final\spinach\val\saudavel\healthy__healthy (33).jpg,saudavel,val,spinach_n56pn9fncw,4640x3472,17351400227362541256|12739713809094446828|17710295255771238128|4619609314806369520|17045621164510989488|14451650138366463216|17333262266780752960|17351955620187326453
dataset\_work\final\spinach\val\saudavel\healthy__healthy (35).jpg,saudavel,val,spinach_n56pn9fncw,1440x1080,17364919375351715532|17348030877857978316|2613806394060295148|15824848058898066632|14742317236699447536|14705980292956880112|14423945794944474587|17062902162366613028
dataset\_work\final\spinach\train\saudavel\healthy__healthy (36).jpg,saudavel,train,spinach_n56pn9fncw,4640x3472,17934120491990225287|16192741349261014558|14382694717639227128|2046576906112635104|2195078063785294048|9768625920008774392|16181534989251667484|17939743412179212743
dataset\_work\final\spinach\val\saudavel\healthy__healthy (37).jpg,saudavel,val,spinach_n56pn9fncw,1440x1080,17357087991449883078|17345680444458694300|14376498900893164776|2035159560185895144|11274311414799186160|14308376927059304688|16778193770080779804|16781687188002014151
dataset\_work\final\spinach\train\saudavel\healthy__healthy (38).jpg,saudavel,train,spinach_n56pn9fncw,4640x3472,17333430522309971608|17349574832029929446|14757894842658294735|14739215240718921228|16613553914911049456|10956751281493347568|877660362750987468|14955107671937896140
dataset\_work\final\spinach\train\saudavel\healthy__healthy (39).jpg,saudavel,train,spinach_n56pn9fncw,4640x3472,16184870754408801036|17926177217593424783|16630555069534277607|10965251765635321368|10320943933711173368|874583658767752416|1733441015540755608|16685600403615239142
dataset\_work\final\spinach\train\saudavel\healthy__healthy (4).jpg,saudavel,train,spinach_n56pn9fncw,720x960,17357102332529907936|17363897498054092536|13889352934883845880|17941452613868099808|17935249957841074416|16183839246754308336|16183716236676889848|17935242210272657600
dataset\_work\final\spinach\train\saudavel\healthy__healthy (41).jpg,saudavel,train,spinach_n56pn9fncw,4640x3472,17355754947277459160|17349024836201025252|16631392770264106726|10992220327577558680|16433126383726544112|15604466354391342320|10997251590111792280|16611130918648925926
dataset\_work\final\spinach\val\saudavel\healthy__healthy (42).jpg,saudavel,val,spinach_n56pn9fncw,1440x1080,17361603695104607972|17361530729006406872|16629484000969156339|10960684067029030960|15608478446744563952|16485093496899694832|3501702874208672920|17574961729162168294
dataset\_work\final\spinach\val\saudavel\healthy__healthy (43).jpg,saudavel,val,spinach_n56pn9fncw,4640x3472,17363882106195910604|17357040211110266572|16631736033685791980|10956180699691407560|14701550489206055152|14744663262128175344|14472344118529625240|17070023358748020710
dataset\_work\final\spinach\train\saudavel\healthy__healthy (44).jpg,saudavel,train,spinach_n56pn9fncw,4640x3472,17361641333677333446|17361641048240432796|18150570601346495212|2321636583953445056|11251740258233020656|14311194538300993776|13884624229180913696|17073963999798223867
dataset\_work\final\spinach\train\saudavel\healthy__healthy (46).jpg,saudavel,train,spinach_n56pn9fncw,4640x3472,17358155628850302708|17354777528035085520|16631682972815123692|10956173973142821064|15027516152103229680|17640196999507535088|14472473697189235864|17069925286354341862
dataset\_work\final\spinach\train\saudavel\healthy__healthy (47).jpg,saudavel,train,spinach_n56pn9fncw,4640x3472,17361595175496172518|17361548312382422168|16629428999618029768|10960748251011934380|10969737789337039088|16628298702737830128|12459221797174647960|14477049234892376038
dataset\_work\final\spinach\train\saudavel\healthy__healthy (49).jpg,saudavel,train,spinach_n56pn9fncw,4640x3472,17351408473534076616|17351408628983305964|4102351863140080|17262075783127403760|17047868841173372144|14453937077455604976|17333280070578900975|17351959491529346560
dataset\_work\final\spinach\test\saudavel\healthy__healthy (5).jpg,saudavel,test,spinach_n56pn9fncw,4640x3472,13893865189057294560|18226288266670829816|13902837229675409632|18226292871951085816|17938057822068076796|16208715431751241920|17938084486030618876|16208702229120348352
dataset\_work\final\spinach\train\saudavel\healthy__healthy (50).jpg,saudavel,train,spinach_n56pn9fncw,4640x3472,17346781934485146848|12736913384392085240|2597475390493003464|15839043372084596460|17928438085865685680|16180349485537737968|17045591528448643035|14451531182931053604
dataset\_work\final\spinach\train\saudavel\healthy__healthy (51).jpg,saudavel,train,spinach_n56pn9fncw,4640x3472,17350289876984435936|17360468445200832248|3471165474289209064|17567292165500341480|17930679744542993648|16182760175325464816|16756810258836343795|16775516754625309744
dataset\_work\final\spinach\train\saudavel\healthy__healthy (52).jpg,saudavel,train,spinach_n56pn9fncw,4640x3472,17336620072348039376|17358790132657021940|17324378646838215624|17350555264614088424|17646110096072107760|15003801781757843696|16734842965432650224|14448435183613799664
dataset\_work\final\spinach\train\saudavel\healthy__healthy (53).jpg,saudavel,train,spinach_n56pn9fncw,4640x3472,15176194124389587168|13026321741763766008|2408043127213768|18431982611006197484|17935240903325828788|16183857000167021778|17045617867335060479|14451544583220103168
dataset\_work\final\spinach\test\saudavel\healthy__healthy (54).jpg,saudavel,test,spinach_n56pn9fncw,4640x3472,13274121347134465676|16290394442621883342|14881904396243776502|10096537320553001872|14885374730081866722|10098866077659772856|10390658683210768012|17740645811813189582
dataset\_work\final\spinach\train\saudavel\healthy__healthy (55).jpg,saudavel,train,spinach_n56pn9fncw,1440x1080,14744278380743988984|14737523418523145952|14742035693732828816|14742009072420624374|16183142542298285772|17912706435959201484|17768731418770511564|10382507256862971596
dataset\_work\final\spinach\val\saudavel\healthy__healthy (56).jpg,saudavel,val,spinach_n56pn9fncw,4640x3472,17909737351374020312|16198932340956956388|7352015526381948664|11033579580003422176|16466940841503215328|15608967446028586232|16181182133264850841|17874267028858799974
dataset\_work\final\spinach\test\saudavel\healthy__healthy (57).jpg,saudavel,test,spinach_n56pn9fncw,4640x3472,17361548766774467784|16208673340747138796|10999698817066716904|16616061801128168680|17061486637609316576|14455488494989799664|16756819055022479590|16775499128896988824
dataset\_work\final\spinach\train\saudavel\healthy__healthy (58).jpg,saudavel,train,spinach_n56pn9fncw,4640x3472,16180472707351285472|17928432309027376864|17063742112376265952|14450949696166807288|16180930121888616184|16181032221867936992|17926032044942855368|16184827838415228652
dataset\_work\final\spinach\train\saudavel\healthy__healthy (59).jpg,saudavel,train,spinach_n56pn9fncw,4640x3472,9279823262086831816|18080982834076944108|16485030146127122056|15608374830653410538|17043335296496626938|14456017259032660096|16900951904171236568|9821932507201259236
dataset\_work\final\spinach\train\saudavel\healthy__healthy (60).jpg,saudavel,train,spinach_n56pn9fncw,4640x3472,14703736232228654812|14740188342937161412|16757356875674759140|16757356746760981464|14163292474955239372|15892647905491291852|15567588528271888104|16442373191153192680
dataset\_work\final\spinach\val\saudavel\healthy__healthy (61).jpg,saudavel,val,spinach_n56pn9fncw,4640x3472,14737628567098724300|14744282047467359948|14307420676100689608|11281001727111696108|14703819933997244108|14740159762655315660|17045578335476485788|14451504795492257478
dataset\_work\final\spinach\train\saudavel\healthy__healthy (62).jpg,saudavel,train,spinach_n56pn9fncw,4640x3472,10132574854412048268|14881647282388539342|14737813285383243730|14708232085283086260|14850458569777317582|10094617599559310988|12979177782308445900|15134150049153124300
dataset\_work\final\spinach\val\saudavel\healthy__healthy (63).jpg,saudavel,val,spinach_n56pn9fncw,4640x3472,14449398293824376780|17050125108622788300|14885297728732761832|10103319067037241064|14701559441371078380|14740150915425339080|16757383400791422604|16757343536012301262
dataset\_work\final\spinach\train\saudavel\healthy__healthy (64).jpg,saudavel,train,spinach_n56pn9fncw,4640x3472,13875030951457427148|18198552668281736908|14739748554323760856|14739761593846830816|14739766266906513148|14739766068931432128|16183174207413653196|15606673873294823116
dataset\_work\final\spinach\train\saudavel\healthy__healthy (65).jpg,saudavel,train,spinach_n56pn9fncw,4640x3472,13875189306976077536|16755139298665602808|14161044712131562668|15897208860253867722|17914798610528503528|16178789312468586176|14613792917609488092|12433319419246249668
dataset\_work\final\spinach\train\saudavel\healthy__healthy (66).jpg,saudavel,train,spinach_n56pn9fncw,4640x3472,14451513728452431072|17045587113826307832|14450932121295359712|17063751080402718456|17928433378270875372|16180331935897718472|17910278276775923436|16180896019855609032
dataset\_work\final\spinach\val\saudavel\healthy__healthy (67).jpg,saudavel,val,spinach_n56pn9fncw,4640x3472,16757352373878492904|16757391957205356264|4937655220799246052|15969262064692072152|16757391028821397224|16757352313983831784|15604435267723173597|16469126396276606532
dataset\_work\final\spinach\train\saudavel\healthy__healthy (69).jpg,saudavel,train,spinach_n56pn9fncw,4640x3472,15031931622971051200|16485034096022245116|2903843345219653320|16919353352334315500|18216668221197240036|13874506484511317200|17045899444116966890|14415515683272412200
dataset\_work\final\spinach\train\saudavel\healthy__healthy (7).jpg,saudavel,train,spinach_n56pn9fncw,4640x3472,13902836966724980464|15632218668011392240|17647019564507001072|15030917879581958384|17333242492158275800|17352034646984814784|17357027566276090064|17361603916731442932
dataset\_work\final\spinach\val\saudavel\healthy__healthy (70).jpg,saudavel,val,spinach_n56pn9fncw,4640x3472,15603889918341515236|16484893531264982744|4940188451968321264|15856672237148938224|15572936733855827684|16467142868476595416|17338593786602131164|17295527959839608644
dataset\_work\final\spinach\val\saudavel\healthy__healthy (71).jpg,saudavel,val,spinach_n56pn9fncw,4640x3472,14161062382200364744|15608969791450351596|14737505344481363788|14742035435968732877|17043647739188190936|14420019429225236164|14780289866989803212|5514441367677535948
dataset\_work\final\spinach\train\saudavel\healthy__healthy (72).jpg,saudavel,train,spinach_n56pn9fncw,4640x3472,16196799742621881230|16184835686523156110|434365484043274164|11393908213735170002|10247456425246104800|10273587290808239840|15140845911993425822|12972362794290448134
dataset\_work\final\spinach\train\saudavel\healthy__healthy (73).jpg,saudavel,train,spinach_n56pn9fncw,4640x3472,17359351894783788776|17359278928179928808|3478621228267676680|17554237732662795239|16761859289513781488|16755245574018492656|16706981491639229939|586602216241710640
dataset\_work\final\spinach\train\saudavel\healthy__healthy (77).jpg,saudavel,train,spinach_n56pn9fncw,4640x3472,14415498159632123596|17045908206580899532|14161071204329527240|15897182369324931052|14744269952298749932|14737514217848639176|17012126956216622812|14418013988836837060
dataset\_work\final\spinach\test\saudavel\healthy__healthy (78).jpg,saudavel,test,spinach_n56pn9fncw,4640x3472,16180331832952655040|17928433429953105660|17927870497173247728|16198346300181419712|18216663788992057080|13874488960641043680|13877300412141718752|17336104508791966968
dataset\_work\final\spinach\train\saudavel\healthy__healthy (79).jpg,saudavel,train,spinach_n56pn9fncw,4640x3472,11567081208648271584|18058904779508588280|17045626765233344248|14451526750658006240|17914816287739911930|16178780344206984864|16180314308681633480|17928442243354169068
dataset\_work\final\spinach\train\saudavel\healthy__healthy (80).jpg,saudavel,train,spinach_n56pn9fncw,4640x3472,13879569727203020488|18196296745568407276|14739880478608164576|14739778223422021312|17045618142006183676|14451544574740635328|13879560870879989452|16178661829417078476
dataset\_work\final\spinach\train\saudavel\healthy__healthy (82).jpg,saudavel,train,spinach_n56pn9fncw,1440x1080,10089790640367021720|14888684294644665318|14739766095878228892|14739757299650998214|16612437052020727758|10965740767890572940|14280680639750704844|11244128625356410572
dataset\_work\final\spinach\test\saudavel\healthy__healthy (83).jpg,saudavel,test,spinach_n56pn9fncw,4640x3472,16180891578559333060|17910278484135755484|17045908179768807148|14415498263013592776|15906216335048675064|14159918803736301280|14451540117269188296|17045573911124348908
dataset\_work\final\spinach\train\saudavel\healthy__healthy (84).jpg,saudavel,train,spinach_n56pn9fncw,4640x3472,2023878909366572940|14382031397612361678|14742308243334962072|14705997997207791590|14850394763743303623|10094593324406216220|16584273919728621260|10960436844528113612
dataset\_work\final\spinach\test\saudavel\healthy__healthy (85).jpg,saudavel,test,spinach_n56pn9fncw,4640x3472,12739715299414873804|17495374554462328524|17046013803559118584|14415501527641659584|14742008343900900594|14742035445605977264|13877893131051339464|17935176073509310444
dataset\_work\final\spinach\train\saudavel\healthy__healthy (86).jpg,saudavel,train,spinach_n56pn9fncw,4640x3472,11568787032681189068|18071843827108777676|16485025739559131128|15608410289363883200|14739761817233837306|14739748444005895328|13840711840544759000|17930967118637156068
dataset\_work\final\spinach\val\saudavel\healthy__healthy (87).jpg,saudavel,val,spinach_n56pn9fncw,4640x3472,16198478206654975712|17351399764439502568|17063747128369336040|14450967249767271656|16757391131705003248|16181032212874841312|16756819093577174216|16775498543973256940
dataset\_work\final\spinach\train\saudavel\healthy__healthy (89).jpg,saudavel,train,spinach_n56pn9fncw,4640x3472,10433861855348182192|17783762988556012786|16774948375891986672|16774947819291069680|17495532608126110966|12739705412170206352|17351399621487152360|17350274376579599592
dataset\_work\final\spinach\val\saudavel\healthy__healthy (9).jpg,saudavel,val,spinach_n56pn9fncw,4640x3472,9259577634265546880|18374399287268146430|17076212479654425852|13844303421426421952|18373787967362367230|9277569768739602560|13893842948876411072|18227445168626531052
dataset\_work\final\spinach\train\saudavel\healthy__healthy (90).jpg,saudavel,train,spinach_n56pn9fncw,4640x3472,11585666185233141472|13469296988792524536|11873325436540274424|15752498814215691488|17910313753406008506|16180891474983831712|16184835428335918298|17926182164324861604
dataset\_work\final\spinach\train\saudavel\healthy__healthy (91).jpg,saudavel,train,spinach_n56pn9fncw,4640x3472,13899461414588499184|17354775363702283504|17063750429374871780|14451072804349337816|17355795881626753264|17349215524739802304|15627645214775479496|16499164415482842860
dataset\_work\final\spinach\train\saudavel\healthy__healthy (92).jpg,saudavel,train,spinach_n56pn9fncw,4640x3472,16468427509903099596|15577430451100294860|15861179891359139576|14161326272740826304|14744274351467933400|14737479035061504996|13879002319038941124|17926023299922075356
dataset\_work\final\spinach\train\saudavel\healthy__healthy (93).jpg,saudavel,train,spinach_n56pn9fncw,4640x3472,9549472965042064544|16041310013508996594|14451547847807372528|17045723487761059472|17495673660213468894|11550755582957553284|10434426040642408172|17333262271093575368
dataset\_work\final\spinach\train\saudavel\healthy__healthy (94).jpg,saudavel,train,spinach_n56pn9fncw,4640x3472,14127291827646832264|15893030974731814892|14742009098492127206|14742035486569864088|17043639098321113052|9808324665640816324|10960410309918693068|16584280396135634636
dataset\_work\final\spinach\test\saudavel\healthy__healthy (95).jpg,saudavel,test,spinach_n56pn9fncw,4640x3472,11586784603584302788|18071852748628201180|14737919337827127020|14708235550262725704|15892682446154419450|14163428445061106848|5227604043884797644|17063729469645883340
dataset\_work\final\spinach\test\saudavel\healthy__healthy (96).jpg,saudavel,test,spinach_n56pn9fncw,4640x3472,14737663793950855140|14744277460773637848|14309971742258859240|11247215744734449376|15568440778869087948|16469544098499626700|16198905977068787356|16756829248307304390
dataset\_work\final\spinach\train\saudavel\healthy__healthy (97).jpg,saudavel,train,spinach_n56pn9fncw,4640x3472,16487547486489661156|15567939333169515736|14751306448900119800|14704863077338629344|15603959295592238296|16487284117080756196|16196217645067604684|17932381792777254860
dataset\_work\final\spinach\train\saudavel\healthy__healthy (98).jpg,saudavel,train,spinach_n56pn9fncw,4640x3472,16181045967374503602|17333798845700017330|16721335603069077504|16757479951294262775|12865665065395064560|12884411040139284192|17865110201800560360|20273032205307624
dataset\_work\final\spinach\val\saudavel\healthy__healthy (99).jpg,saudavel,val,spinach_n56pn9fncw,4640x3472,11569353901733760752|16181053268062276848|2922307478342223872|16973511927870254583|17333376839420645088|17351980794601180832|17865092781136383723|20281742533299752
dataset\_work\final\spinach\train\anomala\anthracnose_leaf_spot__anthracnose_leaf_spot (1).jpg,anomala,train,spinach_n56pn9fncw,4640x3472,16180472638902541536|17928432347755235064|16774947888891858664|16774948339469225192|17926176149895302904|16185011422899899616|16756934492862991592|16757355707134037224
dataset\_work\final\spinach\train\anomala\anthracnose_leaf_spot__anthracnose_leaf_spot (10).jpg,anomala,train,spinach_n56pn9fncw,4640x3472,12739714242523154148|17495514947616414936|17063737836408597744|14450984794295552240|15608410122136505586|16485025172689964208|17350273790041820360|17360398647368601324
dataset\_work\final\spinach\train\anomala\anthracnose_leaf_spot__anthracnose_leaf_spot (100).jpg,anomala,train,spinach_n56pn9fncw,4640x3472,14451496179116248780|17045596082517280460|14708240941704780480|14737514467729057532|14737532094039166700|14739757273140661960|18205286240698992332|13878453001278660300
dataset\_work\final\spinach\train\anomala\anthracnose_leaf_spot__anthracnose_leaf_spot (101).jpg,anomala,train,spinach_n56pn9fncw,1440x1080,16180909136924585644|17910282985295154122|14739739689312815076|14739778120476466888|14594826626569834232|12406927970460208864|14419984064028511948|16467191203802353356
dataset\_work\final\spinach\train\anomala\anthracnose_leaf_spot__anthracnose_leaf_spot (102).jpg,anomala,train,spinach_n56pn9fncw,4640x3472,16178762889882212076|17914825069137401544|14739924424518780644|14739756199233625304|14453795903619636984|17048010441579792096|15608401171501453004|16485016503569845964
dataset\_work\final\spinach\test\anomala\anthracnose_leaf_spot__anthracnose_leaf_spot (103).jpg,anomala,test,spinach_n56pn9fncw,1440x1080,16195100610678857420|17936867767271786188|16629140927533532916|10996724272548715728|14737576108334443768|14744285147898495200|15031940742580182168|17637938447972026086
dataset\_work\final\spinach\train\anomala\anthracnose_leaf_spot__anthracnose_leaf_spot (104).jpg,anomala,train,spinach_n56pn9fncw,4640x3472,9279823794771958748|17504522216197727940|16631685249114293744|10956209261659446512|14134097125571489010|15896467679222876288|17319734099388533912|17349431029451837414
dataset\_work\final\spinach\train\anomala\anthracnose_leaf_spot__anthracnose_leaf_spot (105).jpg,anomala,train,spinach_n56pn9fncw,4640x3472,12721699749994153708|17351962950481910984|17136076817980450040|5191584012172187872|14455488738728267504|17061486044883356848|16201732795795901512|17934608303897432045
dataset\_work\final\spinach\train\anomala\anthracnose_leaf_spot__anthracnose_leaf_spot (106).jpg,anomala,train,spinach_n56pn9fncw,4640x3472,16199046628513253092|17909749569317412568|14165574769035955432|15894930637657132264|15609017706206366968|16466995426014514912|16774789529019324124|16774957754299946692
dataset\_work\final\spinach\train\anomala\anthracnose_leaf_spot__anthracnose_leaf_spot (107).jpg,anomala,train,spinach_n56pn9fncw,4640x3472,9277571925995130848|18225098189927026424|16629413666445846244|10960686197191383256|17874284681492360444|16181172960697958528|15607257691673468056|16494019719037962214
dataset\_work\final\spinach\train\anomala\anthracnose_leaf_spot__anthracnose_leaf_spot (108).jpg,anomala,train,spinach_n56pn9fncw,1440x1080,16184409845956841176|17917068086999420644|15897617672278887112|14124988479131331820|16469125173219862264|15604576433707653856|17054035795591694020|14468419853074014172
dataset\_work\final\spinach\train\anomala\anthracnose_leaf_spot__anthracnose_leaf_spot (109).jpg,anomala,train,spinach_n56pn9fncw,4640x3472,16180909213310093004|17910317861272002252|14166001353669447404|15858865660238728904|14744349426373594872|14737520750493929184|14451535856659470044|17045609112684959684
dataset\_work\final\spinach\val\anomala\anthracnose_leaf_spot__anthracnose_leaf_spot (11).jpg,anomala,val,spinach_n56pn9fncw,1440x1080,9273130192967288560|18222298687411625184|13314557616482744572|14023096697283469504|16184877398328402684|17349769585251233920|13898258035824696514|18228579868198553272
dataset\_work\final\spinach\train\anomala\anthracnose_leaf_spot__anthracnose_leaf_spot (110).jpg,anomala,train,spinach_n56pn9fncw,4640x3472,13874239315971081860|17009589584965902302|11251710582094531556|14310794108300635864|16041561681883762412|9513351895560981440|15577391938195135174|16468325770987251356
dataset\_work\final\spinach\train\anomala\anthracnose_leaf_spot__anthracnose_leaf_spot (111).jpg,anomala,train,spinach_n56pn9fncw,4640x3472,11585664136836947664|17936938582025144308|16493536002440939500|15625252265418693832|17620222747429760248|14996465741602801824|14419442120941951192|17061776771593004260
dataset\_work\final\spinach\val\anomala\anthracnose_leaf_spot__anthracnose_leaf_spot (112).jpg,anomala,val,spinach_n56pn9fncw,4640x3472,16180350619039769280|17928297314246179824|14737910102096579564|14708252922817752776|17346523584853167864|13844666881361284320|14424509585168932556|17044747104055166924
dataset\_work\final\spinach\train\anomala\anthracnose_leaf_spot__anthracnose_leaf_spot (113).jpg,anomala,train,spinach_n56pn9fncw,1440x1080,16185417134093047448|17908031184374044646|15609066444790401994|16466899816647175852|16615814476861245176|10958985377039752928|12406910421258110692|14594815286789775064
dataset\_work\final\spinach\train\anomala\anthracnose_leaf_spot__anthracnose_leaf_spot (114).jpg,anomala,train,spinach_n56pn9fncw,4640x3472,14737487760018607328|14742031382259093240|14161065775324964064|15897305556902992624|17928327087563183820|16180469193891874508|17355196402691710684|16187114961107322564
dataset\_work\final\spinach\train\anomala\anthracnose_leaf_spot__anthracnose_leaf_spot (115).jpg,anomala,train,spinach_n56pn9fncw,4640x3472,16180455082956349648|17928423482859518192|17063178247787563232|14469105263418715384|17363800119799893752|15051248290064927968|17918924150632008904|16197350224309964012
dataset\_work\final\spinach\train\anomala\anthracnose_leaf_spot__anthracnose_leaf_spot (116).jpg,anomala,train,spinach_n56pn9fncw,4640x3472,11569196798406018800|18054420129209818352|14737479110516202640|14739770493025371382|17337792569310940922|17349716385257459360|17781494678696201932|10438233580546787020
dataset\_work\final\spinach\train\anomala\anthracnose_leaf_spot__anthracnose_leaf_spot (117).jpg,anomala,train,spinach_n56pn9fncw,4640x3472,9857424190474014432|16918939919654489336|17045732249093197464|14451530221058690276|17909740873347157226|16199037780798196872|16468544702684499656|11010911978500361964
dataset\_work\final\spinach\train\anomala\anthracnose_leaf_spot__anthracnose_leaf_spot (118).jpg,anomala,train,spinach_n56pn9fncw,4640x3472,9278688550626496200|18364727341687934700|16485025284090744044|15608409898924002504|17045621555370843390|14451650436866163840|14432926497003445464|17063170916027188964
dataset\_work\final\spinach\train\anomala\anthracnose_leaf_spot__anthracnose_leaf_spot (119).jpg,anomala,train,spinach_n56pn9fncw,4640x3472,16487559014449137652|10956191875095993552|10238436168711469296|10274719768423358704|14995894147216706712|17638215576441835492|17357029142606092174|17363784680594937486
dataset\_work\final\spinach\train\anomala\anthracnose_leaf_spot__anthracnose_leaf_spot (12).jpg,anomala,train,spinach_n56pn9fncw,4640x3472,9273136545337361648|18334941937575845104|13325252530650676464|16197350223638216896|17355921536502756094|17349139594197381248|13889255243483236576|17364981379289246904
dataset\_work\final\spinach\train\anomala\anthracnose_leaf_spot__anthracnose_leaf_spot (120).jpg,anomala,train,spinach_n56pn9fncw,4640x3472,14881910988175283854|10096555463671518862|10103679705775057912|14844745532323080896|10274447204020854412|10274447073007601614|13846931867797881806|17918427822431090572
dataset\_work\final\spinach\train\anomala\anthracnose_leaf_spot__anthracnose_leaf_spot (121).jpg,anomala,train,spinach_n56pn9fncw,4640x3472,14703728390289696412|14740065489358130118|14739774952100932586|14739775132491525032|14306580745521172428|11251693058760314572|12117862138378424012|16873630358828191436
dataset\_work\final\spinach\train\anomala\anthracnose_leaf_spot__anthracnose_leaf_spot (122).jpg,anomala,train,spinach_n56pn9fncw,4640x3472,14451650505687140036|16757391145657867996|14739774890796625136|14737523091384814320|15897203552657247976|14161167816338935496|17350710455340074700|17342279297099075276
dataset\_work\final\spinach\train\anomala\anthracnose_leaf_spot__anthracnose_leaf_spot (123).jpg,anomala,train,spinach_n56pn9fncw,4640x3472,16180367120137428684|17928428980494632652|17928288234380701676|16180368495600929480|14737523159843720952|14744278456199449824|14414394457492786400|17054871450098585336
dataset\_work\final\spinach\test\anomala\anthracnose_leaf_spot__anthracnose_leaf_spot (124).jpg,anomala,test,spinach_n56pn9fncw,4640x3472,17333280962757467804|17351818729909094342|16487285964244229112|15603888742493791968|14305459311236337392|11249485205623246064|16151614066436508888|17913928612564422372
dataset\_work\final\spinach\train\anomala\anthracnose_leaf_spot__anthracnose_leaf_spot (125).jpg,anomala,train,spinach_n56pn9fncw,4640x3472,16184835570054432476|17926040876001500868|17063746656353093356|14450967409416969928|14167817910186657528|15890444638806777056|14456004340636617928|17043361676555701996
dataset\_work\final\spinach\test\anomala\anthracnose_leaf_spot__anthracnose_leaf_spot (126).jpg,anomala,test,spinach_n56pn9fncw,1440x1080,14738754517722565578|14460555221751443084|10235322042536398568|10245446345605746408|10101128521779162824|14594909668327525068|16757374329852997518|16757361135713979278
dataset\_work\final\spinach\train\anomala\anthracnose_leaf_spot__anthracnose_leaf_spot (127).jpg,anomala,train,spinach_n56pn9fncw,4640x3472,10098802246290214600|14887522934413037284|14739730978916994760|14739770458390630380|16469148420735212494|14451500499820029580|17045890544534785740|14415506853214260940
dataset\_work\final\spinach\test\anomala\anthracnose_leaf_spot__anthracnose_leaf_spot (128).jpg,anomala,test,spinach_n56pn9fncw,4640x3472,10089799470819811020|14888666633739142860|14737505808941262536|14744287313394895852|14737532231881564110|14744260855389161100|17044773724424478412|14422271315977406156
dataset\_work\final\spinach\train\anomala\anthracnose_leaf_spot__anthracnose_leaf_spot (129).jpg,anomala,train,spinach_n56pn9fncw,4640x3472,16185522584228697996|16755104131474724556|16467327603475712744|15572939894817533672|14706006965836220136|10130569361581645536|16766368473079226072|16756248438713321444
dataset\_work\final\spinach\train\anomala\anthracnose_leaf_spot__anthracnose_leaf_spot (13).jpg,anomala,train,spinach_n56pn9fncw,4640x3472,14882990807244444622|10101133529712899724|11402896001182437064|9656670883589361388|10103354466195418764|14885299627644521422|17045618131372016518|14451544851197018014
dataset\_work\final\spinach\train\anomala\anthracnose_leaf_spot__anthracnose_leaf_spot (130).jpg,anomala,train,spinach_n56pn9fncw,4640x3472,16185399541485340572|17908026788277067718|14887540448919392236|10098806954519891656|14276252143262861048|11242956137770229472|14415573099597211276|17045870762015824846
dataset\_work\final\spinach\train\anomala\anthracnose_leaf_spot__anthracnose_leaf_spot (131).jpg,anomala,train,spinach_n56pn9fncw,4640x3472,16181019138869890956|17910286079181393870|14306730011578058724|11253952702157034712|14848152292328115960|10092323859530747616|15570103120725946012|16485293588989053894
dataset\_work\final\spinach\train\anomala\anthracnose_leaf_spot__anthracnose_leaf_spot (132).jpg,anomala,train,spinach_n56pn9fncw,4640x3472,9803798938810779332|16613523334342877148|5514388540317437636|14780294368449761244|15897472812694605798|14125024754391256712|15892964711808310989|14127258987653728076
dataset\_work\final\spinach\val\anomala\anthracnose_leaf_spot__anthracnose_leaf_spot (133).jpg,anomala,val,spinach_n56pn9fncw,4640x3472,12740273816967286732|17477395305697513164|14744674366425384184|14701479897500933344|14703740872356170994|14740153081564745392|16202849967992604364|17925618663073488844
dataset\_work\final\spinach\train\anomala\anthracnose_leaf_spot__anthracnose_leaf_spot (134).jpg,anomala,train,spinach_n56pn9fncw,4640x3472,9269753333212106724|18364021415916997848|16612538319171939568|10965726702231931120|15567930536534792958|16487565078645154944|17350271729445252760|17360477796871670758
dataset\_work\final\spinach\train\anomala\anthracnose_leaf_spot__anthracnose_leaf_spot (135).jpg,anomala,train,spinach_n56pn9fncw,4640x3472,16444675391706314396|15569898131066557382|11256513421488233362|14272799152367937462|14308848043257172952|11256258128279844836|13125568916739527622|10528071472246372252
dataset\_work\final\spinach\train\anomala\anthracnose_leaf_spot__anthracnose_leaf_spot (136).jpg,anomala,train,spinach_n56pn9fncw,1440x1080,10092042457343690694|14163604619350711964|14311079835264034548|11251728192532847568|11249565238715715524|14305439163311394444|14995626977550608028|17592796742748445638
dataset\_work\final\spinach\val\anomala\anthracnose_leaf_spot__anthracnose_leaf_spot (137).jpg,anomala,val,spinach_n56pn9fncw,4640x3472,13841829137412724248|18223691911099291623|16485016984562533767|15608401151105130014|16687872267435108348|1735613641401440448|2188304576894901464|9765247829609793252
dataset\_work\final\spinach\test\anomala\anthracnose_leaf_spot__anthracnose_leaf_spot (138).jpg,anomala,test,spinach_n56pn9fncw,4640x3472,16178780563486248680|17914816649657487080|14742035486844374252|14742009098556853448|16757355984572555000|16757497432363992800|14468955281404696268|17063170503771657932
dataset\_work\final\spinach\train\anomala\anthracnose_leaf_spot__anthracnose_leaf_spot (139).jpg,anomala,train,spinach_n56pn9fncw,720x960,9669314738256060125|11453653438180853316|3469538735786493440|17553656302691916791|4937690336107295646|15969257625091977350|17841924096462265331|1692187473946160
dataset\_work\final\spinach\train\anomala\anthracnose_leaf_spot__anthracnose_leaf_spot (14).jpg,anomala,train,spinach_n56pn9fncw,4640x3472,14737514269229816774|14744261105609221788|14885286726103436524|10103380913995091656|11251806524447891148|14311227031175268044|14451527052486719116|17045064013612422094
dataset\_work\final\spinach\train\anomala\anthracnose_leaf_spot__anthracnose_leaf_spot (140).jpg,anomala,train,spinach_n56pn9fncw,4640x3472,9799986747277510284|17221710683108777934|1235757669341417416|8618532130538786252|14888688349707436014|10089755498498490504|14703424087933164407|14433913166721918481
dataset\_work\final\spinach\train\anomala\anthracnose_leaf_spot__anthracnose_leaf_spot (141).jpg,anomala,train,spinach_n56pn9fncw,4640x3472,16178639832366155468|15608974189311794892|14742017886129196780|14742018168990699208|14744269811101441752|14737514784816858848|14451500397949064908|17045613519244596940
dataset\_work\final\spinach\train\anomala\anthracnose_leaf_spot__anthracnose_leaf_spot (142).jpg,anomala,train,spinach_n56pn9fncw,4640x3472,17351959912478509958|17333279810195500702|14880802624525289444|10105553488069926104|11398091511933340912|9694870199144795888|15572354714382319244|16485293563211121614
dataset\_work\final\spinach\train\anomala\anthracnose_leaf_spot__anthracnose_leaf_spot (143).jpg,anomala,train,spinach_n56pn9fncw,4640x3472,16184870698423652040|17926177661448326892|16485029560328097516|15608374799865974472|17045609105937647352|14451535718603201760|14451535581313146072|17045609120701859556
dataset\_work\final\spinach\train\anomala\anthracnose_leaf_spot__anthracnose_leaf_spot (144).jpg,anomala,train,spinach_n56pn9fncw,4640x3472,16199047163120438496|17909749700560866552|14451543278104010992|17045758654685831408|17927728914700340472|16198488611213266656|17357038041754210028|17357033746174480072
dataset\_work\final\spinach\test\anomala\anthracnose_leaf_spot__anthracnose_leaf_spot (145).jpg,anomala,test,spinach_n56pn9fncw,4640x3472,14742308066769972108|14701495033907063758|10099105755693286354|14849251202628271796|14856024334076675788|10100222806474332108|12987874765269308366|15169024513917265804
dataset\_work\final\spinach\test\anomala\anthracnose_leaf_spot__anthracnose_leaf_spot (146).jpg,anomala,test,spinach_n56pn9fncw,4640x3472,11249449969139293912|14305463607347349220|14739774823121759908|14739774875059719130|16466910073297799110|15608934322870099612|15747726122356543180|11830511335961235148
dataset\_work\final\spinach\val\anomala\anthracnose_leaf_spot__anthracnose_leaf_spot (147).jpg,anomala,val,spinach_n56pn9fncw,1440x1080,10965714431185917648|16612423650654787572|15603889875024817804|16487145158004673486|17624717549611486182|14994231534084107928|14883036840802897636|10101058409926724824
dataset\_work\final\spinach\train\anomala\anthracnose_leaf_spot__anthracnose_leaf_spot (148).jpg,anomala,train,spinach_n56pn9fncw,4640x3472,14739889129182693324|14739760924402785996|14886431986679794916|10094294506448865496|14708253173737754316|14737910299170148044|15620751986488710796|16486569013342345166
dataset\_work\final\spinach\train\anomala\anthracnose_leaf_spot__anthracnose_leaf_spot (149).jpg,anomala,train,spinach_n56pn9fncw,4640x3472,14737917170982297288|14708305954456110828|10092016095017552584|14884162757890911468|17043343303369957068|14456140329140193228|17054057751399600078|14468389032914783884
dataset\_work\final\spinach\train\anomala\anthracnose_leaf_spot__anthracnose_leaf_spot (15).jpg,anomala,train,spinach_n56pn9fncw,1440x1080,11568795278590316256|17928414772808027384|17063741081861410024|14451090399170055400|17909714279050170104|16181036550390189216|16774947789780454600|16774947892658360044
dataset\_work\final\spinach\train\anomala\anthracnose_leaf_spot__anthracnose_leaf_spot (150).jpg,anomala,train,spinach_n56pn9fncw,4640x3472,9518079640321330888|16003329617442344940|10094294282977617600|14850403353140894704|17045882076403800030|14415524332757522308|17337516315807258574|13845792738351715980
dataset\_work\final\spinach\train\anomala\anthracnose_leaf_spot__anthracnose_leaf_spot (151).jpg,anomala,train,spinach_n56pn9fncw,4640x3472,16181040957260271308|17910294925202591436|14737514286401161440|14742018170601320176|14739769720528342776|14739871535654997728|17342811771037783756|16179233515159389900
dataset\_work\final\spinach\val\anomala\anthracnose_leaf_spot__anthracnose_leaf_spot (152).jpg,anomala,val,spinach_n56pn9fncw,4640x3472,14741982701251432398|14742022564556508812|14742290565113284328|14706006965367840488|10092056004912977612|14884127461813753548|16761882500400879308|16755126971001968588
dataset\_work\final\spinach\train\anomala\anthracnose_leaf_spot__anthracnose_leaf_spot (153).jpg,anomala,train,spinach_n56pn9fncw,4640x3472,9803812098388723328|17187771835697831894|14737523091386731468|14744278490427894728|15465145046679652334|9225099512046096008|14423731234283953868|14702908334771766988
dataset\_work\final\spinach\train\anomala\anthracnose_leaf_spot__anthracnose_leaf_spot (154).jpg,anomala,train,spinach_n56pn9fncw,1440x1080,13839041728736333452|18198794836423445454|14739783678467608524|14739757264926346956|14883054803698290684|10092042577619914432|14703807803867500236|14740045379348958924
dataset\_work\final\spinach\val\anomala\anthracnose_leaf_spot__anthracnose_leaf_spot (155).jpg,anomala,val,spinach_n56pn9fncw,4640x3472,16185412735483485896|17908066369886652132|14744265296554200776|14737496702972038892|16466909008683042552|14456153486966103776|17045600342317434572|14451553345231888076
dataset\_work\final\spinach\test\anomala\anthracnose_leaf_spot__anthracnose_leaf_spot (156).jpg,anomala,test,spinach_n56pn9fncw,1440x1080,11568788157627602632|18072407018252768996|17045732249327363828|14451530222202689744|16471418036928564986|14453778577962273952|15030823590262378184|17646953994932424428
dataset\_work\final\spinach\train\anomala\anthracnose_leaf_spot__anthracnose_leaf_spot (157).jpg,anomala,train,spinach_n56pn9fncw,1440x1080,14451544471928245900|17045618244949872590|14742017886967409640|14742018170841410248|14884158670424477420|10092016120622190280|14423441333654623948|16765535137049581260
dataset\_work\final\spinach\train\anomala\anthracnose_leaf_spot__anthracnose_leaf_spot (159).jpg,anomala,train,spinach_n56pn9fncw,4640x3472,16757356591803861900|16757357030399749838|14883036832247678948|10101048789739183832|14856917032692584168|10091165115397672680|15572967348517351052|16467180234423897038
dataset\_work\final\spinach\train\anomala\anthracnose_leaf_spot__anthracnose_leaf_spot (16).jpg,anomala,train,spinach_n56pn9fncw,4640x3472,9277586851678881496|18373778932196155108|13035321210074023652|15174945147423464664|16473634326652058878|15602201093807587456|15608409877586417874|16485025748084844212
dataset\_work\final\spinach\test\anomala\anthracnose_leaf_spot__anthracnose_leaf_spot (160).jpg,anomala,test,spinach_n56pn9fncw,4640x3472,14419966636090134208|17043661122608795644|14456030590973742798|17043374862601260684|18198829926306514924|13839037571205897928|10128080213716469484|14883881291771780808
dataset\_work\final\spinach\test\anomala\anthracnose_leaf_spot__anthracnose_leaf_spot (162).jpg,anomala,test,spinach_n56pn9fncw,4640x3472,11586783838609315484|18071993395318789830|16485034156049549048|15608392616598969536|14309675818263956730|11283358772221103264|13842999086403722456|17926159631417853668
dataset\_work\final\spinach\train\anomala\anthracnose_leaf_spot__anthracnose_leaf_spot (163).jpg,anomala,train,spinach_n56pn9fncw,4640x3472,10130322934103252192|14886150966969861872|15608977522288168648|16467028467526897644|17331561293252630222|16184871818839168652|17045894968392255204|14415471875540557528
dataset\_work\final\spinach\train\anomala\anthracnose_leaf_spot__anthracnose_leaf_spot (165).jpg,anomala,train,spinach_n56pn9fncw,4640x3472,11569349605012510348|17910277143971469006|17045732257917818608|14451530359640593600|14886146586103418616|10130305513722121888|13876758594099515080|17354228815279918828
dataset\_work\final\spinach\train\anomala\anthracnose_leaf_spot__anthracnose_leaf_spot (166).jpg,anomala,train,spinach_n56pn9fncw,1440x1080,11586783838802773644|18071993395856252622|2613947700261406456|15824846816829938912|14888398403424668922|10125801778131160224|16184844242146205147|17926164383195153956
dataset\_work\final\spinach\train\anomala\anthracnose_leaf_spot__anthracnose_leaf_spot (167).jpg,anomala,train,spinach_n56pn9fncw,4640x3472,11568768961546226728|18071993365504626667|7804345848357183200|14523306374546752712|16973818944951340282|2885830552764976288|14448680287122918857|16203563517223849580
dataset\_work\final\spinach\train\anomala\anthracnose_leaf_spot__anthracnose_leaf_spot (168).jpg,anomala,train,spinach_n56pn9fncw,4640x3472,11566518845226290848|18072389116946190314|7387763451437706482|11069326792984545456|16901787807616782074|11533317949331309728|12738587702742916761|17504522599594165862
dataset\_work\final\spinach\train\anomala\anthracnose_leaf_spot__anthracnose_leaf_spot (169).jpg,anomala,train,spinach_n56pn9fncw,4640x3472,15568428383291022024|16469430171396187876|14740025631323168724|14703715204104652496|16475904027409485796|14454913409649151704|14989715770673925836|15321011973485203404
dataset\_work\final\spinach\train\anomala\anthracnose_leaf_spot__anthracnose_leaf_spot (17).jpg,anomala,train,spinach_n56pn9fncw,4640x3472,12738092351055185892|17481896708248706264|14743434110400654576|14710501389928024304|15572388541864123634|16485359385137890992|17350271590884124364|17360477812434377676
dataset\_work\final\spinach\test\anomala\anthracnose_leaf_spot__anthracnose_leaf_spot (170).jpg,anomala,test,spinach_n56pn9fncw,4640x3472,14414389774937984712|17054906918511021804|14744427904954478332|14737504279127100352|17045618038926454764|14451544523202038472|13874230532392519372|18171509285311979212
dataset\_work\final\spinach\val\anomala\anthracnose_leaf_spot__anthracnose_leaf_spot (171).jpg,anomala,val,spinach_n56pn9fncw,1440x1080,11586802049405652712|17927728643460992744|14757903655837355248|14739197509750918384|16757355792974662904|16757497345911278752|17333235813422894284|17351418472182828748
dataset\_work\final\spinach\train\anomala\anthracnose_leaf_spot__anthracnose_leaf_spot (172).jpg,anomala,train,spinach_n56pn9fncw,4640x3472,16198478724198797252|17927860580678766296|16629413699396290288|10960686282637745344|15568405521404710136|14163706004605160672|13879001219041467544|17349703287595321318
dataset\_work\final\spinach\train\anomala\anthracnose_leaf_spot__anthracnose_leaf_spot (173).jpg,anomala,train,spinach_n56pn9fncw,4640x3472,16181032335181057740|17910312465295904460|14816336067348892644|5514150985275748056|14739778374687166200|14739880899354267360|15577453148727641676|16468295113478741709
dataset\_work\final\spinach\test\anomala\anthracnose_leaf_spot__anthracnose_leaf_spot (174).jpg,anomala,test,spinach_n56pn9fncw,4640x3472,10996706356947949518|16629149284900214404|16629426430043426797|10960659933986754376|9517912970531423974|14886412350090812568|5192407709589576856|17081937114537904102
dataset\_work\final\spinach\train\anomala\anthracnose_leaf_spot__anthracnose_leaf_spot (175).jpg,anomala,train,spinach_n56pn9fncw,4640x3472,16197352423141314248|17936868178652794604|11371254340290070501|5083451506320350296|17045732251105422584|14451530221319276768|6348991576077536326|16557373200876424861
dataset\_work\final\spinach\train\anomala\anthracnose_leaf_spot__anthracnose_leaf_spot (176).jpg,anomala,train,spinach_n56pn9fncw,4640x3472,17333949433151987392|17333807457648412368|14737633111131790069|14456016194344264784|15025739357762785008|13879702166585708272|5774792518874341064|17697470000376809164
dataset\_work\final\spinach\train\anomala\anthracnose_leaf_spot__anthracnose_leaf_spot (177).jpg,anomala,train,spinach_n56pn9fncw,4640x3472,9801577925322706632|17194518472599244524|14811841281597841128|5516385261923567592|17045609242699210734|14451535727377450632|16755404013605981772|16725836075762421453
dataset\_work\final\spinach\val\anomala\anthracnose_leaf_spot__anthracnose_leaf_spot (178).jpg,anomala,val,spinach_n56pn9fncw,4640x3472,14309936170433617548|11247220530036803278|14850386044085839860|10094584407749499600|14845644839686968988|10132594713935189958|14995327677855635340|17629102316653844430
dataset\_work\final\spinach\train\anomala\anthracnose_leaf_spot__anthracnose_leaf_spot (179).jpg,anomala,train,spinach_n56pn9fncw,4640x3472,11586783908093923048|17927878172286291688|16559348368487204858|6380481515293645856|16757500808242580728|16757373266452466848|2313730936266984536|18070586987951148773
dataset\_work\final\spinach\val\anomala\anthracnose_leaf_spot__anthracnose_leaf_spot (18).jpg,anomala,val,spinach_n56pn9fncw,4640x3472,11587363324388673248|18053829532484804312|10125837133094513896|14888393644146870504|15608973244551826682|16178780414974217888|16773813093706997454|16783946296316888716
dataset\_work\final\spinach\train\anomala\anthracnose_leaf_spot__anthracnose_leaf_spot (180).jpg,anomala,train,spinach_n56pn9fncw,1440x1080,16775507434387771080|16756828217429888744|14739783755885173734|14739757264519177368|16757373553807363304|14451659301914398440|10962929394001350348|16635060292962455244
dataset\_work\final\spinach\test\anomala\anthracnose_leaf_spot__anthracnose_leaf_spot (181).jpg,anomala,test,spinach_n56pn9fncw,4640x3472,17061765851929351886|14419530168394290828|11247506059098048251|14269421409155849248|10130332014188305608|14886124297278048236|2349777583323416518|18142354437881665436
dataset\_work\final\spinach\train\anomala\anthracnose_leaf_spot__anthracnose_leaf_spot (182).jpg,anomala,train,spinach_n56pn9fncw,4640x3472,14163305299147724488|15892687944317114092|14708240931739371492|14737795804090277592|17047856833578634972|14453769814477082308|15572896772944267212|16467182407912201932
dataset\_work\final\spinach\train\anomala\anthracnose_leaf_spot__anthracnose_leaf_spot (183).jpg,anomala,train,spinach_n56pn9fncw,4640x3472,14449283979019521736|17050112946882186988|14742035503478705896|14742008961187122888|17045618588279086828|14451544519309231816|14415511336356386508|16757343406157174476
dataset\_work\final\spinach\train\anomala\anthracnose_leaf_spot__anthracnose_leaf_spot (184).jpg,anomala,train,spinach_n56pn9fncw,4640x3472,16197414638387316704|17927875933414104312|16487567853062455284|15567859957067415696|17878284382370581752|16197136449110722784|10376302467043691736|17654092412846067684
dataset\_work\final\spinach\test\anomala\anthracnose_leaf_spot__anthracnose_leaf_spot (185).jpg,anomala,test,spinach_n56pn9fncw,4640x3472,12738579031599060680|17495532630466270956|16485034561824083954|15608392284659125296|17047868875600743666|14453937043363252400|3462157650025159896|17496361061683283684
dataset\_work\final\spinach\val\anomala\anthracnose_leaf_spot__anthracnose_leaf_spot (186).jpg,anomala,val,spinach_n56pn9fncw,4640x3472,15604589224120256228|16469165086350941912|14742009081379925192|14742035418117819116|15608973279266246372|16467010720998067928|17062488806294001356|14459997560106096332
dataset\_work\final\spinach\train\anomala\anthracnose_leaf_spot__anthracnose_leaf_spot (187).jpg,anomala,train,spinach_n56pn9fncw,4640x3472,16469262606401769164|15604469506631763660|14161057949323865836|15897156153212897992|14737523023136853720|14739774873388945124|14450410094192205532|17054616294750389956
dataset\_work\final\spinach\train\anomala\anthracnose_leaf_spot__anthracnose_leaf_spot (188).jpg,anomala,train,spinach_n56pn9fncw,1440x1080,17354777963089075908|17358155158830352084|17064028588615911072|14414938384412613882|15313982859795948784|14167958967255226608|18058324300030938312|11585104998473388012
dataset\_work\final\spinach\train\anomala\anthracnose_leaf_spot__anthracnose_leaf_spot (189).jpg,anomala,train,spinach_n56pn9fncw,4640x3472,15032491274430570224|17619835649531479264|16471422141794848488|6383293005784911592|16178080342244820724|17356476199825809104|16757343543525348952|16757383125947881188
dataset\_work\final\spinach\train\anomala\anthracnose_leaf_spot__anthracnose_leaf_spot (19).jpg,anomala,train,spinach_n56pn9fncw,4640x3472,14737509733651285700|14744252328569446108|14742035806041386732|14742009262134495944|15897174363671862988|14161046914948630220|14450374729533724364|17054621054782904012
dataset\_work\final\spinach\train\anomala\anthracnose_leaf_spot__anthracnose_leaf_spot (190).jpg,anomala,train,spinach_n56pn9fncw,4640x3472,14703737289196150504|14740047845766956776|14742026932538511064|14742026750438641636|16755136000131043276|16761891114996928204|16469438511384336076|15568437549724833484
dataset\_work\final\spinach\train\anomala\anthracnose_leaf_spot__anthracnose_leaf_spot (191).jpg,anomala,train,spinach_n56pn9fncw,4640x3472,17351955024747271142|17333262514901104280|14312348576294341868|11242746306908049096|10968031970975452400|16614796143041695472|14469526924508137116|17045164953036496838
dataset\_work\final\spinach\train\anomala\anthracnose_leaf_spot__anthracnose_leaf_spot (192).jpg,anomala,train,spinach_n56pn9fncw,4640x3472,5138971467082383651|2122653057370384699|824473873873283379|3414159002698017331|4281222961310823709|2540400065211224391|3704918927286427951|3722733867910459659
dataset\_work\final\spinach\val\anomala\anthracnose_leaf_spot__anthracnose_leaf_spot (193).jpg,anomala,val,spinach_n56pn9fncw,4640x3472,2185179725726050086|9742822809224944027|10246653831566728499|10237607216081815346|11176084543204832647|2767260804990456606|3623014613895418766|3683362743453037454
dataset\_work\final\spinach\train\anomala\anthracnose_leaf_spot__anthracnose_leaf_spot (194).jpg,anomala,train,spinach_n56pn9fncw,4640x3472,455834587093363462|10895669694278085023|10246596834320852277|10246641255041030995|11468821027810784663|462473626549179142|6006559128059720590|3829561833182278542
dataset\_work\final\spinach\test\anomala\anthracnose_leaf_spot__anthracnose_leaf_spot (195).jpg,anomala,test,spinach_n56pn9fncw,4640x3472,9448908673117611302|4502418725909911835|1691046395832438187|1662194136482924330|1970867944075131710|2766696918699745667|3046629814817263895|12325592188817602327
dataset\_work\final\spinach\train\anomala\anthracnose_leaf_spot__anthracnose_leaf_spot (196).jpg,anomala,train,spinach_n56pn9fncw,1440x1080,3912318903050662694|10605244650034901403|10242106171037336895|10248888496020151555|11182844667511516563|2770665262055770934|242594337670380430|4559195523575522190
dataset\_work\final\spinach\val\anomala\anthracnose_leaf_spot__anthracnose_leaf_spot (197).jpg,anomala,val,spinach_n56pn9fncw,1440x1080,3912312399932498734|10605191632889658251|10242057848457025814|10248899063519733143|10032707108223659411|3324594685012560694|10909387027131087758|1610397722842047374
dataset\_work\final\spinach\train\anomala\anthracnose_leaf_spot__anthracnose_leaf_spot (198).jpg,anomala,train,spinach_n56pn9fncw,1440x1080,11399500334409397900|9670191483888178126|11251728142138149850|14311080049496370084|14885286771237270406|10103380672923644830|11829664632013560774|15711767779879888540
dataset\_work\final\spinach\test\anomala\anthracnose_leaf_spot__anthracnose_leaf_spot (199).jpg,anomala,test,spinach_n56pn9fncw,1440x1080,1037876765098601262|10311304888022542731|9657781746798258485|11393919959771474259|10027640591121979791|3344860883418834702|6010451699449536414|3848652850273257350
dataset\_work\final\spinach\train\anomala\anthracnose_leaf_spot__anthracnose_leaf_spot (2).jpg,anomala,train,spinach_n56pn9fncw,4640x3472,17351417409211440880|17351391015574341344|16485032927656660200|15608533095581928680|16178678575476952304|17338458004707527920|16774807052293151960|16774948957810509540
dataset\_work\final\spinach\train\anomala\anthracnose_leaf_spot__anthracnose_leaf_spot (20).jpg,anomala,train,spinach_n56pn9fncw,4640x3472,16181032350280025796|17910312637379288796|14742017894727536328|14742017894112726252|15897194756513894136|14161159018635300576|17045009732775679692|14469695269910582988
dataset\_work\final\spinach\train\anomala\anthracnose_leaf_spot__anthracnose_leaf_spot (200).jpg,anomala,train,spinach_n56pn9fncw,1440x1080,16198519472703375044|16198377186433081052|14161027007806674680|15608974308915779296|15897181630137289952|14161211762748411104|16183156530872819416|17912512294711166660
dataset\_work\final\spinach\train\anomala\anthracnose_leaf_spot__anthracnose_leaf_spot (201).jpg,anomala,train,spinach_n56pn9fncw,1440x1080,14739722157476360974|14739788259690623887|14886425617228471195|10094347027460335140|10318685537359072972|1023255223059320524|2604852632884549260|11212605356657448910
dataset\_work\final\spinach\val\anomala\anthracnose_leaf_spot__anthracnose_leaf_spot (202).jpg,anomala,val,spinach_n56pn9fncw,1440x1080,10237620287746156348|10247753390179294147|9663399945957088171|11396127183527028522|14058955831766235022|4334557498847859598|3037481468053759902|12329533398187711366
dataset\_work\final\spinach\train\anomala\anthracnose_leaf_spot__anthracnose_leaf_spot (203).jpg,anomala,train,spinach_n56pn9fncw,1440x1080,14708304587417789318|14737847155799440286|11426526386738244506|9671000072454351782|11401827123109398476|9665649648939114188|11973782392105809542|11109018373255435166
dataset\_work\final\spinach\train\anomala\anthracnose_leaf_spot__anthracnose_leaf_spot (204).jpg,anomala,train,spinach_n56pn9fncw,4640x3472,9522416390723679134|15463999228563501958|14272788361967381258|11256601417149393839|9670198003279436758|11399579757213066884|12622280577974482844|732790472583484358
dataset\_work\final\spinach\val\anomala\anthracnose_leaf_spot__anthracnose_leaf_spot (205).jpg,anomala,val,spinach_n56pn9fncw,4640x3472,17043335306302272278|14456017606418576279|14883025754770737636|10101147044432801496|10895157448387567304|1599628203211065068|15595516907623231116|16467721000551812046
dataset\_work\final\spinach\val\anomala\anthracnose_leaf_spot__anthracnose_leaf_spot (206).jpg,anomala,val,spinach_n56pn9fncw,4640x3472,14740047543860302750|14415507131319662214|9657737443136997348|10240987021991157464|9671035977135230664|11426521897608384460|15572932920397733774|16467177979096401798
dataset\_work\final\spinach\train\anomala\anthracnose_leaf_spot__anthracnose_leaf_spot (207).jpg,anomala,train,spinach_n56pn9fncw,4640x3472,13879574004116954764|17043339936263800782|16471408913128461260|15606717889265215180|14881928774472664812|10096545919079521984|14710554613777667800|14741188819801052900
dataset\_work\final\spinach\train\anomala\anthracnose_leaf_spot__anthracnose_leaf_spot (208).jpg,anomala,train,spinach_n56pn9fncw,4640x3472,13879574306008802844|18196261224745638854|14757903647273228774|14739197785306523288|14311081775514486524|2028391486112374464|10981582712517070028|16616357574175608524
dataset\_work\final\spinach\train\anomala\anthracnose_leaf_spot__anthracnose_leaf_spot (209).jpg,anomala,train,spinach_n56pn9fncw,4640x3472,17045631283195086734|14451491643468750734|14881911001060973515|10096555051353056812|10241039433910685384|10234185131073965804|3181251401022643852|14671380878394623950
dataset\_work\final\spinach\train\anomala\anthracnose_leaf_spot__anthracnose_leaf_spot (21).jpg,anomala,train,spinach_n56pn9fncw,4640x3472,17351959322012143344|17333280155653541088|17045631060132415720|14451491806544588008|16180323257045388528|17351964301892243184|16783946124548607688|16773813179607125740
dataset\_work\final\spinach\train\anomala\anthracnose_leaf_spot__anthracnose_leaf_spot (210).jpg,anomala,train,spinach_n56pn9fncw,4640x3472,15581445880214597132|16484205296888810447|17045723444171837383|14451548088766631708|14955235439532426212|877685541161286872|2021950538944777928|14343798843451346668
dataset\_work\final\spinach\val\anomala\anthracnose_leaf_spot__anthracnose_leaf_spot (211).jpg,anomala,val,spinach_n56pn9fncw,1440x1080,16757369923451325390|16757396595906653836|14306582728687455980|11254059457998196424|10101111496797556456|14883025922962984680|14451518299511664284|17045604749055986630
dataset\_work\final\spinach\train\anomala\anthracnose_leaf_spot__anthracnose_leaf_spot (212).jpg,anomala,train,spinach_n56pn9fncw,4640x3472,15608952052700099206|16466914454566450078|14740062971634748366|14703799007374421644|11435533852701591268|9669874024567774936|10101093526120107724|14883039074221395916
dataset\_work\final\spinach\test\anomala\anthracnose_leaf_spot__anthracnose_leaf_spot (213).jpg,anomala,test,spinach_n56pn9fncw,4640x3472,17354795621905438412|17358146380808033996|16631685214687973100|10956209330111024328|14742053422610441456|14742020052880382192|14450949864395508888|17063742706869456870
dataset\_work\final\spinach\train\anomala\anthracnose_leaf_spot__anthracnose_leaf_spot (214).jpg,anomala,train,spinach_n56pn9fncw,4640x3472,17350274327281506190|17360407028122719886|16629429016827643894|10960748114114649232|10238497741547171056|10274735163867842800|10384269769626229912|17782346123388241894
dataset\_work\final\spinach\val\anomala\anthracnose_leaf_spot__anthracnose_leaf_spot (22).jpg,anomala,val,spinach_n56pn9fncw,4640x3472,17360477822624319460|17350271937757453528|17062893883996761288|14423963450194315496|15572452274755913968|16485305028434652400|16773670170936093896|14478175169225673708
dataset\_work\final\spinach\train\anomala\anthracnose_leaf_spot__anthracnose_leaf_spot (23).jpg,anomala,train,spinach_n56pn9fncw,4640x3472,16469548625352559564|15568405233455017676|10094560442401918664|14850434242948075244|14712814865413967576|14738919428143419364|17045622470395500494|14451509373657487244
dataset\_work\final\spinach\train\anomala\anthracnose_leaf_spot__anthracnose_leaf_spot (24).jpg,anomala,train,spinach_n56pn9fncw,1440x1080,16757497311518232300|16757355862768914120|14737536353976437448|14744225679640603884|14451530548416777960|17045732137054473960|17054053353216253644|14468424217558746828
dataset\_work\final\spinach\test\anomala\anthracnose_leaf_spot__anthracnose_leaf_spot (25).jpg,anomala,test,spinach_n56pn9fncw,1440x1080,14095485309435236088|4343268100171795680|4354575460843039972|14089808359168133848|16180314516186416700|17928442217483574723|15621451334636440003|16477596140713242172
dataset\_work\final\spinach\test\anomala\anthracnose_leaf_spot__anthracnose_leaf_spot (26).jpg,anomala,test,spinach_n56pn9fncw,1440x1080,17349725120626532044|17337774684330428108|15320748047618263768|15313966388137077988|14737544102298426608|14744394909546694384|16477595762681939668|15621451292226592468
dataset\_work\final\spinach\train\anomala\anthracnose_leaf_spot__anthracnose_leaf_spot (27).jpg,anomala,train,spinach_n56pn9fncw,1440x1080,15856641270671548124|14163582660387735492|14309949664985558988|11247206914046233548|14125341509069279172|15861164678619795164|14702857619494344348|14713030353923577798
dataset\_work\final\spinach\train\anomala\anthracnose_leaf_spot__anthracnose_leaf_spot (28).jpg,anomala,train,spinach_n56pn9fncw,1440x1080,17910397066873638604|16180938969933123276|14739783695578401736|14739757437257985772|14739757436587904736|14739774899828788984|17018592179748310732|14450656100828810956
dataset\_work\final\spinach\train\anomala\anthracnose_leaf_spot__anthracnose_leaf_spot (29).jpg,anomala,train,spinach_n56pn9fncw,4640x3472,14739730918550245088|14739770630926733032|14739757298745052904|14739783687024119528|16757365688916479692|16180878264360472268|16757378727901105868|16757378727899533004
dataset\_work\final\spinach\test\anomala\anthracnose_leaf_spot__anthracnose_leaf_spot (3).jpg,anomala,test,spinach_n56pn9fncw,4640x3472,10992200403578031256|16631471401119502054|16495715937615163388|15044430700600953792|16631453928723828454|10992209319459851416|13838239410632444112|18171827998457523428
dataset\_work\final\spinach\train\anomala\anthracnose_leaf_spot__anthracnose_leaf_spot (30).jpg,anomala,train,spinach_n56pn9fncw,4640x3472,10442878398304275632|17782617293161680112|16774930663195208944|16756942062390003952|17351417424327264502|12739704864562408592|17350273755336576232|17360407410845863144
dataset\_work\final\spinach\train\anomala\anthracnose_leaf_spot__anthracnose_leaf_spot (32).jpg,anomala,train,spinach_n56pn9fncw,4640x3472,17358147379560416964|17354654387174547164|17063747208132685512|14414938607750777068|15897203500059121904|14161167728324895984|17043886285814893768|14478738128172207852
dataset\_work\final\spinach\val\anomala\anthracnose_leaf_spot__anthracnose_leaf_spot (33).jpg,anomala,val,spinach_n56pn9fncw,4640x3472,13890934691038744256|18202492506812091644|14739880926700815600|14739778167511111920|18197988877237394684|13893186011695138496|17354777355494002380|17349148394799730380
dataset\_work\final\spinach\train\anomala\anthracnose_leaf_spot__anthracnose_leaf_spot (34).jpg,anomala,train,spinach_n56pn9fncw,4640x3472,9262926972512863876|18360637467619466974|14737628558206160616|14744281686281719016|16041311130199969534|9549323500180180096|16756801552613023436|16775494246790825676
dataset\_work\final\spinach\val\anomala\anthracnose_leaf_spot__anthracnose_leaf_spot (35).jpg,anomala,val,spinach_n56pn9fncw,4640x3472,13891005128503428836|18202490273428578008|14744428025622291702|14737504399737673872|15608973245225409788|16467010791196051136|10437125388791613132|17790493425464483532
dataset\_work\final\spinach\test\anomala\anthracnose_leaf_spot__anthracnose_leaf_spot (36).jpg,anomala,test,spinach_n56pn9fncw,4640x3472,10415857891697479404|17784167880568769736|17045732292445045900|14451525995013267150|14450985208214638326|17063737810538695824|14906376226336837320|10125384108434231020
dataset\_work\final\spinach\train\anomala\anthracnose_leaf_spot__anthracnose_leaf_spot (37).jpg,anomala,train,spinach_n56pn9fncw,4640x3472,13879010109909273800|16196803994481577708|14451091447267692264|17063600395637985000|17063773037223724768|14450980465280457920|16757391921971121900|16757352339359632584
dataset\_work\final\spinach\val\anomala\anthracnose_leaf_spot__anthracnose_leaf_spot (38).jpg,anomala,val,spinach_n56pn9fncw,1440x1080,9280940486301228272|18360223723763451632|16774947789847072292|16774947892917866459|17349728591597718782|17337880151216016512|15820879594821962984|2598171450482805992
dataset\_work\final\spinach\train\anomala\anthracnose_leaf_spot__anthracnose_leaf_spot (39).jpg,anomala,train,spinach_n56pn9fncw,1440x1080,14450521943171632840|17054698973373304556|14705998048241356516|14742308037679091416|17045599346696302316|14451694039676848840|15604479419181406156|16469104346117904076
dataset\_work\final\spinach\train\anomala\anthracnose_leaf_spot__anthracnose_leaf_spot (4).jpg,anomala,train,spinach_n56pn9fncw,4640x3472,10127518209460181200|14902071534742660852|17360406894576635884|17350273794503151304|17647015618857914062|15030812492000169100|14415495900452276464|17045978745788099824
dataset\_work\final\spinach\train\anomala\anthracnose_leaf_spot__anthracnose_leaf_spot (40).jpg,anomala,train,spinach_n56pn9fncw,1440x1080,11569337879625977580|18054419076674391240|14739924424518519980|14739756199232589002|14450985139631460090|17063737844629737120|14613088061666528972|12451475689259634380
dataset\_work\final\spinach\train\anomala\anthracnose_leaf_spot__anthracnose_leaf_spot (41).jpg,anomala,train,spinach_n56pn9fncw,4640x3472,14451526752002350732|14739783773023078092|14415520183955951436|14739739673272979145|14737496728944742092|10132579586557578952|14487564790447443660|5480646590181347016
dataset\_work\final\spinach\val\anomala\anthracnose_leaf_spot__anthracnose_leaf_spot (42).jpg,anomala,val,spinach_n56pn9fncw,4640x3472,14739774848015507164|14739775235065874116|14744278611791384300|14737523031758048968|14161062477595643596|15897200003588001484|14451509527741433548|17009593750750731980
dataset\_work\final\spinach\train\anomala\anthracnose_leaf_spot__anthracnose_leaf_spot (43).jpg,anomala,train,spinach_n56pn9fncw,4640x3472,13874515135883875996|18216650921968637638|17063737843155044292|14450985139315547868|14309690155954065148|11283244919041199296|15861214355052203208|14161469149499608812
dataset\_work\final\spinach\train\anomala\anthracnose_leaf_spot__anthracnose_leaf_spot (44).jpg,anomala,train,spinach_n56pn9fncw,1440x1080,9837553894377621148|17194250088818122438|14742018161912941964|14742018161713565390|14311941895029235438|11278741027957212808|14865902267385222860|10127801050605524684
dataset\_work\final\spinach\test\anomala\anthracnose_leaf_spot__anthracnose_leaf_spot (45).jpg,anomala,test,spinach_n56pn9fncw,4640x3472,9262785212453391552|17928442225979543288|14613791749106765356|12433460191229349579|17928442191754022648|13874471196655258752|14667712898852621484|3174487067386105546
dataset\_work\final\spinach\val\anomala\anthracnose_leaf_spot__anthracnose_leaf_spot (46).jpg,anomala,val,spinach_n56pn9fncw,4640x3472,16198473774584532704|17927895769429741304|17063742250083372152|14450949678854293985|17910277349131078904|16181036696686218464|16269578160852864200|8668315731543707372
dataset\_work\final\spinach\train\anomala\anthracnose_leaf_spot__anthracnose_leaf_spot (47).jpg,anomala,train,spinach_n56pn9fncw,4640x3472,13890375116662212224|18220612149331795704|17063747130785508570|14450967249614146212|17914781103359450364|9261251318713337024|11820275728998894792|15757127094755905260
dataset\_work\final\spinach\train\anomala\anthracnose_leaf_spot__anthracnose_leaf_spot (48).jpg,anomala,train,spinach_n56pn9fncw,4640x3472,11587351796695942816|18053856096857005306|14737496702366674348|14739757298281761226|18058359696484371706|11585099996882259616|14576337864760725196|12424602405295589068
dataset\_work\final\spinach\test\anomala\anthracnose_leaf_spot__anthracnose_leaf_spot (49).jpg,anomala,test,spinach_n56pn9fncw,4640x3472,37725485751568064|18419194141200326380|15678925015813918280|7248018184609370093|17050121844710940415|13872831919542470144|17117960233199769188|5192249303019263705
dataset\_work\final\spinach\train\anomala\anthracnose_leaf_spot__anthracnose_leaf_spot (5).jpg,anomala,train,spinach_n56pn9fncw,4640x3472,14882023073506362048|10096637411313237756|12985930975211400940|15137492427059989192|18212062350074584716|13871793920478906318|14450383353157587922|17054629756219897780
dataset\_work\final\spinach\val\anomala\anthracnose_leaf_spot__anthracnose_leaf_spot (50).jpg,anomala,val,spinach_n56pn9fncw,4640x3472,14163428461973309132|14739760804244397772|14742009347833794092|14742035650715291595|14744281996056760012|14737628618370551492|14667950565795534540|3174509101533337292
dataset\_work\final\spinach\val\anomala\anthracnose_leaf_spot__anthracnose_leaf_spot (51).jpg,anomala,val,spinach_n56pn9fncw,4640x3472,9261252004056110788|18347161831098521308|14742316970369814060|14705980440052207563|15894957198929207038|14165548322472035968|14667985853144569548|3174504651009267660
dataset\_work\final\spinach\train\anomala\anthracnose_leaf_spot__anthracnose_leaf_spot (52).jpg,anomala,train,spinach_n56pn9fncw,1440x1080,1912674054293228|18347150819204701384|14742176284185404452|14742008239496354779|14455488773484224254|17061486010728908288|15842272776047204044|2604223094134118092
dataset\_work\final\spinach\val\anomala\anthracnose_leaf_spot__anthracnose_leaf_spot (53).jpg,anomala,val,spinach_n56pn9fncw,4640x3472,3526757190846436|18432985293540170968|17061776331756743716|14419442211355544539|15572451746736164863|16485304551554354176|15837785720231435464|2606606938218940396
dataset\_work\final\spinach\train\anomala\anthracnose_leaf_spot__anthracnose_leaf_spot (54).jpg,anomala,train,spinach_n56pn9fncw,4640x3472,22114619129054432|18414504724173610232|14739760872030096392|14739889231825391023|17932241349163519487|16196218598859034112|12667937711615348428|598009133306121932
dataset\_work\final\spinach\val\anomala\anthracnose_leaf_spot__anthracnose_leaf_spot (55).jpg,anomala,val,spinach_n56pn9fncw,4640x3472,10128194384387624176|14883893722396675312|15969261231200410058|4937795812400261036|17351276958573825742|17351392521755004556|12423046785160939076|14562704007819075293
dataset\_work\final\spinach\train\anomala\anthracnose_leaf_spot__anthracnose_leaf_spot (56).jpg,anomala,train,spinach_n56pn9fncw,4640x3472,618841432584849024|14922244567733279998|14739757299684740106|14739783687265275819|18346607664424163023|9261233792798004744|12344238181300539084|724004643560197836
dataset\_work\final\spinach\train\anomala\anthracnose_leaf_spot__anthracnose_leaf_spot (57).jpg,anomala,train,spinach_n56pn9fncw,4640x3472,866400873482522240|14960737507614887678|14739775235602456091|14739774847945770791|18342668080434880463|9263344820755301900|2848257560613719756|1954051427000356556
dataset\_work\final\spinach\train\anomala\anthracnose_leaf_spot__anthracnose_leaf_spot (58).jpg,anomala,train,spinach_n56pn9fncw,4640x3472,1709899856840576|18419501866417528062|14886414557845085979|10094294274386298151|18310640302546198527|9261530678713058816|2811669086539552396|1972452611741947854
dataset\_work\final\spinach\test\anomala\anthracnose_leaf_spot__anthracnose_leaf_spot (59).jpg,anomala,test,spinach_n56pn9fncw,4640x3472,326389017673662592|16077417820612067070|14714991052915166015|14741297089213312259|18374155928056766175|9223379806812473092|228856282677482444|4560755773959190220
dataset\_work\final\spinach\train\anomala\anthracnose_leaf_spot__anthracnose_leaf_spot (6).jpg,anomala,train,spinach_n56pn9fncw,4640x3472,11854460530889688006|15725582740113211036|13130008495155829464|10525874862055400676|11258566093569932506|14304436902198084516|16475300103203787666|15625976796118857654
dataset\_work\final\spinach\val\anomala\anthracnose_leaf_spot__anthracnose_leaf_spot (60).jpg,anomala,val,spinach_n56pn9fncw,1440x1080,38311546420862096|18441896993729267702|10404659410429478692|17643304702730182619|17782343555101486847|10384234227961726976|15789398321708980724|2596205920845718672
dataset\_work\final\spinach\train\anomala\anthracnose_leaf_spot__anthracnose_leaf_spot (61).jpg,anomala,train,spinach_n56pn9fncw,4640x3472,9277633914028155600|18085501969761089760|11837222368037830656|15604195489943388158|16192758895714565370|15051808176502915200|18374637685072301528|57200496297636
dataset\_work\final\spinach\train\anomala\anthracnose_leaf_spot__anthracnose_leaf_spot (62).jpg,anomala,train,spinach_n56pn9fncw,1440x1080,16195950953668645830|17882727965447894684|14848149259685709040|10092394516132584688|11256315690270207224|14308799277027279840|17355797862023368588|17349144716053647310
dataset\_work\final\spinach\train\anomala\anthracnose_leaf_spot__anthracnose_leaf_spot (63).jpg,anomala,train,spinach_n56pn9fncw,4640x3472,14165950586955598726|15858993427734802078|14847001747329879788|10101392860104593096|11398157088991876828|9694905436768147396|14451544790163730316|17045617892661726158
dataset\_work\final\spinach\train\anomala\anthracnose_leaf_spot__anthracnose_leaf_spot (64).jpg,anomala,train,spinach_n56pn9fncw,4640x3472,16197352822480277188|17927851784670711516|17063747070655973106|14450967421412875440|15892682308235742456|14163428463818492128|12726062204724874440|17493827700825771756
dataset\_work\final\spinach\val\anomala\anthracnose_leaf_spot__anthracnose_leaf_spot (65).jpg,anomala,val,spinach_n56pn9fncw,4640x3472,16196786565334796238|17914244504184299148|14887542630971329772|10098842070570421448|10096620095061007608|14882031863123920608|14468973183636285068|17063161733346859982
dataset\_work\final\spinach\val\anomala\anthracnose_leaf_spot__anthracnose_leaf_spot (66).jpg,anomala,val,spinach_n56pn9fncw,1440x1080,16199046576857140940|17333288918211529932|14740047578411289848|14703737435256179936|14739215567071644912|14757894730324102880|16198337538852327116|17927861632259297228
dataset\_work\final\spinach\val\anomala\anthracnose_leaf_spot__anthracnose_leaf_spot (67).jpg,anomala,val,spinach_n56pn9fncw,1440x1080,14449398224494757516|17050125142776846030|17045609388490344180|14451535848306351312|14886133307408817900|10125828113227286216|15031924124596014792|17637793122847788780
dataset\_work\final\spinach\train\anomala\anthracnose_leaf_spot__anthracnose_leaf_spot (68).jpg,anomala,train,spinach_n56pn9fncw,4640x3472,9272997478847736976|18226785910996650230|17063794375077451988|14451097062731474132|17782476761830650620|10442949892326207616|15340611210623880392|15337233409387187948
dataset\_work\final\spinach\train\anomala\anthracnose_leaf_spot__anthracnose_leaf_spot (69).jpg,anomala,train,spinach_n56pn9fncw,4640x3472,9263981962144743552|18372043520799013630|17782118529603790068|10420375808517920976|18373064902934591230|9259474550599880832|15048998729725811856|17646489577621735158
dataset\_work\final\spinach\train\anomala\anthracnose_leaf_spot__anthracnose_leaf_spot (7).jpg,anomala,train,spinach_n56pn9fncw,4640x3472,10134847948618898624|14887373415200573176|14756430501105841908|14730154138299765712|17926190821553707726|13878974982848423564|15029386223519362252|17597296142203210188
dataset\_work\final\spinach\train\anomala\anthracnose_leaf_spot__anthracnose_leaf_spot (70).jpg,anomala,train,spinach_n56pn9fncw,1440x1080,9223379265444710048|18374580060841484282|17061495296213576904|14455470918371952876|18059274454715858942|11531054570143088768|17062041387117485256|14478173966601799404
dataset\_work\final\spinach\train\anomala\anthracnose_leaf_spot__anthracnose_leaf_spot (71).jpg,anomala,train,spinach_n56pn9fncw,4640x3472,9260609210134791296|18365166076371459830|17043484260981597398|14453888190045280400|17788704365736746750|9260749956171138176|10437334676363712200|15484717570059044588
dataset\_work\final\spinach\val\anomala\anthracnose_leaf_spot__anthracnose_leaf_spot (72).jpg,anomala,val,spinach_n56pn9fncw,4640x3472,11568770050043907808|18072415852999708408|14737627613447771280|14744422492230571254|17910304923885424378|16180882644765478048|17786032328698928844|10436118154811967180
dataset\_work\final\spinach\train\anomala\anthracnose_leaf_spot__anthracnose_leaf_spot (73).jpg,anomala,train,spinach_n56pn9fncw,4640x3472,9223387442919738496|18373716978836688630|11855328560741254292|15752630792328501458|17784186609903533310|9262786234521878656|15193067745426447578|10701826526830560932
dataset\_work\final\spinach\train\anomala\anthracnose_leaf_spot__anthracnose_leaf_spot (74).jpg,anomala,train,spinach_n56pn9fncw,4640x3472,16610158493181643904|10970271006146416382|14706071698509042936|14742411527874139872|18360647276788661912|9262786406892405734|16201293987683866572|17911957214251587276
dataset\_work\final\spinach\train\anomala\anthracnose_leaf_spot__anthracnose_leaf_spot (75).jpg,anomala,train,spinach_n56pn9fncw,4640x3472,11873620764155545548|15716496496968015564|10851180504318988004|10814896750149930176|14708320286159543514|14737802203902494628|13874524352113481366|16487277159629690774
dataset\_work\final\spinach\test\anomala\anthracnose_leaf_spot__anthracnose_leaf_spot (76).jpg,anomala,test,spinach_n56pn9fncw,4640x3472,13872814335562225038|18203051802696046478|10852317416179473358|10819418113627072140|10256873037378592508|10238126754831238848|10098806886201239190|14887538232918907798
dataset\_work\final\spinach\train\anomala\anthracnose_leaf_spot__anthracnose_leaf_spot (77).jpg,anomala,train,spinach_n56pn9fncw,4640x3472,17337894507111763704|17349614209076726976|17117785445343071432|5228140592095022828|13874489231762966256|17928433953905286384|17063751045908696648|14450932086809792237
dataset\_work\final\spinach\val\anomala\anthracnose_leaf_spot__anthracnose_leaf_spot (79).jpg,anomala,val,spinach_n56pn9fncw,4640x3472,16204108154735937264|17363784762383113456|16485087320804352762|15608399019377997984|17337784884731508976|17349567265377280224|11581169264902315224|18078247800726603492
dataset\_work\final\spinach\test\anomala\anthracnose_leaf_spot__anthracnose_leaf_spot (8).jpg,anomala,test,spinach_n56pn9fncw,4640x3472,15608515556010269912|16178783858129094372|16198495868290828004|17927851737023487704|16485034156017223392|15608392616068422872|15608956527959264504|16466879037065579744
dataset\_work\final\spinach\train\anomala\anthracnose_leaf_spot__anthracnose_leaf_spot (80).jpg,anomala,train,spinach_n56pn9fncw,1440x1080,14475909614846314212|17066457202731425496|14739880892345077464|14739778236761017572|15608973176254290156|16467010823542531272|16468586514376724172|15622647957731643084
dataset\_work\final\spinach\train\anomala\anthracnose_leaf_spot__anthracnose_leaf_spot (81).jpg,anomala,train,spinach_n56pn9fncw,1440x1080,13837334058869270172|18214693499619875782|16631401566390817686|10992202736067819158|14311161404451178492|11251770196137216192|10823951137185893528|10850184777925644006
dataset\_work\final\spinach\val\anomala\anthracnose_leaf_spot__anthracnose_leaf_spot (82).jpg,anomala,val,spinach_n56pn9fncw,4640x3472,16180341822878621400|17928270926503708388|16487277720029863920|15603906329026365168|16466910022023237368|15608934426017238240|17295535720461929688|17338743837062057700
dataset\_work\final\spinach\train\anomala\anthracnose_leaf_spot__anthracnose_leaf_spot (83).jpg,anomala,train,spinach_n56pn9fncw,1440x1080,14450967202093047488|17063746631422609148|17063623503097085676|14450971531815649992|18196291092391644908|13879692820461554888|14448153628972321992|17059102448186805996
dataset\_work\final\spinach\train\anomala\anthracnose_leaf_spot__anthracnose_leaf_spot (84).jpg,anomala,train,spinach_n56pn9fncw,4640x3472,17337775740588592844|17349584624823275468|14744392831178087400|14737509072342034152|14740047742149314288|14703737340802079984|16728070147023472332|16761042300617596620
dataset\_work\final\spinach\train\anomala\anthracnose_leaf_spot__anthracnose_leaf_spot (85).jpg,anomala,train,spinach_n56pn9fncw,4640x3472,17361603714461650162|17357026922132327600|16991455306280529136|2903867616405539056|12739722587526717680|17495524350517768432|17350289321103215656|17360469000748191211
dataset\_work\final\spinach\val\anomala\anthracnose_leaf_spot__anthracnose_leaf_spot (86).jpg,anomala,val,spinach_n56pn9fncw,1440x1080,16204123013882748130|17363846200504338080|17576932054062319348|3479184807618845904|11585108904883190000|16328985907377791200|15031905213274146864|17637942889005641203
dataset\_work\final\spinach\train\anomala\anthracnose_leaf_spot__anthracnose_leaf_spot (88).jpg,anomala,train,spinach_n56pn9fncw,4640x3472,16180472664899161804|17928432554845900492|5514538073998739184|14780310861927914736|14739757609063468792|14739783712767380704|17337749585144454861|17349571352676501324
dataset\_work\final\spinach\train\anomala\anthracnose_leaf_spot__anthracnose_leaf_spot (89).jpg,anomala,train,spinach_n56pn9fncw,1440x1080,11247486294389137112|14273991289358485188|11330836121988574884|5044897074956307418|14161071402406844358|15608952293214984092|15747730142477353798|11830476195881238429
dataset\_work\final\spinach\val\anomala\anthracnose_leaf_spot__anthracnose_leaf_spot (9).jpg,anomala,val,spinach_n56pn9fncw,1440x1080,16198469513943092936|17927878159537442540|16775511942660607208|16756792653708184808|17045762005029276920|14451648934164483296|16774824644402646248|16774953390753435368
dataset\_work\final\spinach\test\anomala\anthracnose_leaf_spot__anthracnose_leaf_spot (90).jpg,anomala,test,spinach_n56pn9fncw,1440x1080,16199046714700043992|17909749652595054276|14960847096864558824|866421945165319400|14165538589164080376|15606845353932082912|16756819076481156620|16775498679533150159
dataset\_work\final\spinach\test\anomala\anthracnose_leaf_spot__anthracnose_leaf_spot (91).jpg,anomala,test,spinach_n56pn9fncw,4640x3472,16179197222854266508|17937431712847073230|18286469995432220628|43934519483832020|14884136403709456120|10092064507821983968|15282462253984947200|15318874498662909693
dataset\_work\final\spinach\train\anomala\anthracnose_leaf_spot__anthracnose_leaf_spot (92).jpg,anomala,train,spinach_n56pn9fncw,4640x3472,12738588343088682702|17504522147339605644|17854410314495291088|1160844956207581428|10130322255420255474|14886291405697632432|17620349306062380048|15055128476969060343
dataset\_work\final\spinach\train\anomala\anthracnose_leaf_spot__anthracnose_leaf_spot (93).jpg,anomala,train,spinach_n56pn9fncw,1440x1080,10440613406600400878|17787175869155250056|16413254173162988004|4043131107287660760|9804167503000033526|17154098390561383568|15598276778892074040|16492625590203434979
dataset\_work\final\spinach\test\anomala\anthracnose_leaf_spot__anthracnose_leaf_spot (94).jpg,anomala,test,spinach_n56pn9fncw,1440x1080,16180314309249963918|17928301506400556684|16702609906134647490|1732784229021367996|10094285693445459704|10274684532905381088|13600368789007240216|14015786040897817575
dataset\_work\final\spinach\test\anomala\anthracnose_leaf_spot__anthracnose_leaf_spot (95).jpg,anomala,test,spinach_n56pn9fncw,4640x3472,16178199939803483855|17932839465766850060|17262186497821085400|580443644778745572|904699450964762360|14955956443206092000|16469148627699633672|15604457214677061615
dataset\_work\final\spinach\train\anomala\anthracnose_leaf_spot__anthracnose_leaf_spot (96).jpg,anomala,train,spinach_n56pn9fncw,1440x1080,16198469445249376255|17927878194422547968|17280205320053245664|579845097338084600|1696938283945208|18419470847292394720|17914358598105173000|16196798187751591919
dataset\_work\final\spinach\train\anomala\anthracnose_leaf_spot__anthracnose_leaf_spot (97).jpg,anomala,train,spinach_n56pn9fncw,1440x1080,37721122198232799|18419229256582923780|14960732747514482408|866418646360755944|325978171205721855|16113359574513452544|16757361066993976844|16757374295494336463
dataset\_work\final\spinach\train\anomala\anthracnose_leaf_spot__anthracnose_leaf_spot (98).jpg,anomala,train,spinach_n56pn9fncw,4640x3472,12740282664257949638|17477368813873467036|14881886751547717608|10096603188541395176|11245043308081614066|14307699679500160688|16721889722105273996|16787052321872119758
dataset\_work\final\spinach\train\anomala\anthracnose_leaf_spot__anthracnose_leaf_spot (99).jpg,anomala,train,spinach_n56pn9fncw,1440x1080,11249467580184989340|14305468073475542982|14744278585551030244|14737523444411867096|14307710965963786182|11244981897885064860|15573211586699167436|16431149359111053004
dataset\_work\final\spinach\train\anomala\straw_mite__straw_mite (1).jpg,anomala,train,spinach_n56pn9fncw,1440x1080,17359351824587607756|17359279511953640652|17349769678968775920|17337799075975452912|14739355940818839792|14757894362990831856|17354793127688051952|17358217226804774640
dataset\_work\final\spinach\train\anomala\straw_mite__straw_mite (10).jpg,anomala,train,spinach_n56pn9fncw,4640x3472,14740144300639243214|14703758395977378956|14273936287939333356|11247550133447675592|10100560727103114956|14901172091008290764|14469655593374390172|17045049702849255366
dataset\_work\final\spinach\val\anomala\straw_mite__straw_mite (100).jpg,anomala,val,spinach_n56pn9fncw,4640x3472,14415480438328071836|17045903963154257862|14742018033195782124|14742009107656412872|14309971656023969772|11247215641319640776|14415581817340139212|17045853479637849804
dataset\_work\final\spinach\val\anomala\straw_mite__straw_mite (101).jpg,anomala,val,spinach_n56pn9fncw,4640x3472,13847481528120059836|18197703965435042754|14885411865074672613|10103305021340466008|13986906432222235644|13557912049478216896|6357793111579965068|16511086396943602638
dataset\_work\final\spinach\val\anomala\straw_mite__straw_mite (102).jpg,anomala,val,spinach_n56pn9fncw,4640x3472,14994494321642245012|17588627869287263190|10282607493035568108|10246370227497151176|15432542673371338740|10667647819732817872|14423370647154143886|17053767342320366478
dataset\_work\final\spinach\train\anomala\straw_mite__straw_mite (104).jpg,anomala,train,spinach_n56pn9fncw,4640x3472,16179064636448151244|15572979627897296588|10094303088029174472|14886414696082550508|14742030213879045848|14742132082370512864|17054612146315040718|14450392286756542092
dataset\_work\final\spinach\train\anomala\straw_mite__straw_mite (105).jpg,anomala,train,spinach_n56pn9fncw,4640x3472,14737522946596374244|14744278783472148184|14705989235608627948|14742299378251967176|15608965441151803084|16466861753539725004|14459417026657753036|17053490541375461068
dataset\_work\final\spinach\train\anomala\straw_mite__straw_mite (106).jpg,anomala,train,spinach_n56pn9fncw,4640x3472,13559796509128205980|14018359096607742918|14737531878625586058|14744261173253843886|14311079998037396418|11251728037040041660|12550231625707003596|9956184627514934988
dataset\_work\final\spinach\val\anomala\straw_mite__straw_mite (107).jpg,anomala,val,spinach_n56pn9fncw,4640x3472,10098797754041053084|14887558207239818182|14883028053266869156|10101076338197335002|14270635991751171022|11254250501264582284|15711752241897221772|11829589704932821966
dataset\_work\final\spinach\train\anomala\straw_mite__straw_mite (108).jpg,anomala,train,spinach_n56pn9fncw,4640x3472,10094263393808758452|14886401416312886226|14742282113527655340|14705984931485002698|15173528139480405966|12985622861435049612|14567853046104528588|12406125508836431820
dataset\_work\final\spinach\train\anomala\straw_mite__straw_mite (109).jpg,anomala,train,spinach_n56pn9fncw,4640x3472,15030243898104555164|17624304375574797254|14887263337563393508|10134800636154956504|14311172666786813684|11251681896677480144|15585387569839056524|16468864634631199438
dataset\_work\final\spinach\train\anomala\straw_mite__straw_mite (11).jpg,anomala,train,spinach_n56pn9fncw,4640x3472,9810007958849946496|17211521087448170238|16632386517195295980|11003463399828475848|18320218929523055598|9260246698744489096|14470006012908123288|17009088968125043430
dataset\_work\final\spinach\train\anomala\straw_mite__straw_mite (110).jpg,anomala,train,spinach_n56pn9fncw,4640x3472,9558548300188288716|16040252248898113484|15892678908320665492|14163305419760209110|14740065506743327454|14701476658402666116|15423751366583750340|10723013105499213532
dataset\_work\final\spinach\test\anomala\straw_mite__straw_mite (111).jpg,anomala,test,spinach_n56pn9fncw,4640x3472,14420019308505835160|17043647851193473764|17043366101421657300|14456048117068058580|16472545001938847724|10999693652731829960|15334699321093496520|15279636478854137580
dataset\_work\final\spinach\train\anomala\straw_mite__straw_mite (112).jpg,anomala,train,spinach_n56pn9fncw,4640x3472,9803828659883681686|17190155540939611030|11428789173092955044|9666434760589390810|10816356695441379310|10819661878220951176|15723028531595388550|11831810933338381214
dataset\_work\final\spinach\test\anomala\straw_mite__straw_mite (113).jpg,anomala,test,spinach_n56pn9fncw,4640x3472,16187646926376896204|17913691249244348108|14165829814689172460|15854416074369609416|14744287957136939768|14737505434270410464|14424479139487745756|17044769601120081860
dataset\_work\final\spinach\train\anomala\straw_mite__straw_mite (114).jpg,anomala,train,spinach_n56pn9fncw,4640x3472,14415498082523650968|17045908515620333286|14887558050902518760|10098797883245407208|16584043126306082796|10996423756555161288|16729552416472770188|16729480003325762510
dataset\_work\final\spinach\test\anomala\straw_mite__straw_mite (115).jpg,anomala,test,spinach_n56pn9fncw,4640x3472,14739473478353915080|14721839915695787756|10103305056853667560|14885411794476305128|17063635787179577036|14451087022881869260|16756252819377066958|16766386203106096780
dataset\_work\final\spinach\train\anomala\straw_mite__straw_mite (116).jpg,anomala,train,spinach_n56pn9fncw,4640x3472,16757361135210538948|16757374330327473116|16611310764423634900|10961237554574591188|15860388466126196456|14134311092060131048|15277361208385281688|15339004381395388390
dataset\_work\final\spinach\val\anomala\straw_mite__straw_mite (117).jpg,anomala,val,spinach_n56pn9fncw,4640x3472,14161332736666339020|15571877027515965132|10105562361178588872|14880785188159659756|14744265350043081432|14737496599440230340|17050107498682090446|14449406919253376652
dataset\_work\final\spinach\train\anomala\straw_mite__straw_mite (118).jpg,anomala,train,spinach_n56pn9fncw,4640x3472,17357097911113387248|17361601508777840368|12748791778480940250|17494386916456192164|17351971506788036848|17333394660836303088|11878415636408092914|15772950149280492720
dataset\_work\final\spinach\train\anomala\straw_mite__straw_mite (119).jpg,anomala,train,spinach_n56pn9fncw,1440x1080,10960721747525908672|16629415340107621372|16919089401362591628|12127219814513839054|18222561594830604262|13850871658246446232|14847010234224495784|10101375344162295018
dataset\_work\final\spinach\train\anomala\straw_mite__straw_mite (12).jpg,anomala,train,spinach_n56pn9fncw,4640x3472,9845860833272432328|17166206915508412140|4048216184142417608|16396228741145857260|17050271102382521070|14449273989316912008|17045012210970758115|14469726734840704568
dataset\_work\final\spinach\train\anomala\straw_mite__straw_mite (120).jpg,anomala,train,spinach_n56pn9fncw,4640x3472,14737637337281009356|14744264248983787468|14166648107559782380|15899447595069542088|14742299507268427468|14705989105827415756|14415476282142729948|17043608139889089220
dataset\_work\final\spinach\test\anomala\straw_mite__straw_mite (121).jpg,anomala,test,spinach_n56pn9fncw,4640x3472,14415515717358294686|17045899375323354758|14741991644296224752|14742030001126704880|9697995159629959148|11427377261921373896|17295599299047364300|17338591694548080332
dataset\_work\final\spinach\val\anomala\straw_mite__straw_mite (122).jpg,anomala,val,spinach_n56pn9fncw,4640x3472,879929582582574982|14669098292830473118|14309953847783934781|11247224756750593347|11388322900992562123|9669000892512417292|4840553140420548252|4416734949788063686
dataset\_work\final\spinach\test\anomala\straw_mite__straw_mite (123).jpg,anomala,test,spinach_n56pn9fncw,4640x3472,14163428341437370008|15604452018531831782|14744260906928951246|14737514432461212812|16613558399059529432|10956715924515425988|10091453145603081932|14902179346866478796
dataset\_work\final\spinach\test\anomala\straw_mite__straw_mite (124).jpg,anomala,test,spinach_n56pn9fncw,4640x3472,14757754174458731712|14739216304839575292|15608374921466465996|16485029706186853580|18214416395472964812|13879010290564320972|14739163536736896740|14757767505901952216
dataset\_work\final\spinach\train\anomala\straw_mite__straw_mite (125).jpg,anomala,train,spinach_n56pn9fncw,4640x3472,11587211162353387184|17909741956217347314|14737514295097855204|14739766094311902936|17481916398726778104|12738012722970218144|15622650704759066316|16468692071602685644
dataset\_work\final\spinach\test\anomala\straw_mite__straw_mite (126).jpg,anomala,test,spinach_n56pn9fncw,4640x3472,10237536364599653278|10247781897415897990|11256575239505390538|14272815057737558956|9670115926358308750|11399484988015055758|12406092773453272006|14567787286552065948
dataset\_work\final\spinach\test\anomala\straw_mite__straw_mite (127).jpg,anomala,test,spinach_n56pn9fncw,4640x3472,10273560763110362062|10247482554908552844|11390567790708468972|9671279569726589896|10101105671414953614|14883153319945409422|14468670518029006726|17018029091337343902
dataset\_work\final\spinach\train\anomala\straw_mite__straw_mite (128).jpg,anomala,train,spinach_n56pn9fncw,4640x3472,10101032081343847992|14883050328276961251|14739775166714558375|14739774883652899610|16395131755481762766|4043760848593956492|1878946045484043980|12049140428393647820
dataset\_work\final\spinach\train\anomala\straw_mite__straw_mite (129).jpg,anomala,train,spinach_n56pn9fncw,4640x3472,10811877249762145158|10821989612821623710|1590733181024947160|10896223561243504100|11399511342511435670|9670129084998421398|16441843073239562135|15585669044469699350
dataset\_work\final\spinach\train\anomala\straw_mite__straw_mite (13).jpg,anomala,train,spinach_n56pn9fncw,4640x3472,14883025890389495758|10101146748998519948|11402946544054014192|9656589587239651056|10091482880337981068|14884286349969558478|17349597603105932166|17334385096947875742
dataset\_work\final\spinach\train\anomala\straw_mite__straw_mite (130).jpg,anomala,train,spinach_n56pn9fncw,4640x3472,9695010932069341142|11398160094108456596|11977122561793960684|11102337619641477832|10670819919691919006|15462974677975665542|14459421278964880282|17053455237685786534
dataset\_work\final\spinach\train\anomala\straw_mite__straw_mite (131).jpg,anomala,train,spinach_n56pn9fncw,1440x1080,11550755617385187020|18072134068381064908|14739871656483474664|14739769530275252456|14744246793766096378|14737632947226496160|16773707438182272716|16774935712432361164
dataset\_work\final\spinach\train\anomala\straw_mite__straw_mite (132).jpg,anomala,train,spinach_n56pn9fncw,4640x3472,17043471506921325504|14456051705607765756|14887540440365239532|10098806609575923400|18176086433561222856|13872081966319503084|14469541183395407500|17045063729037417422
dataset\_work\final\spinach\val\anomala\straw_mite__straw_mite (133).jpg,anomala,val,spinach_n56pn9fncw,4640x3472,13872779040183273184|17914826115632241880|14742035555286949064|14742009064138458860|15608392685788831480|16196803744791496384|17061481636595734220|14455444414073116364
dataset\_work\final\spinach\train\anomala\straw_mite__straw_mite (134).jpg,anomala,train,spinach_n56pn9fncw,4640x3472,16466861324478356688|15608965564831876852|14451530182471421640|12434046849402244844|17637814932926865112|15031931588575987428|17045613504521539244|14451500534162951880
dataset\_work\final\spinach\train\anomala\straw_mite__straw_mite (135).jpg,anomala,train,spinach_n56pn9fncw,1440x1080,14453765519239750284|17047839189786667982|14737786879317871596|14708258679415320264|14892057578868020972|10097654278942856904|14424496735633743564|17044760254935697356
dataset\_work\final\spinach\train\anomala\straw_mite__straw_mite (136).jpg,anomala,train,spinach_n56pn9fncw,4640x3472,10089896160874972832|14888687507060202736|11283253621955643592|14309672390056865260|17337766124996960206|11585096114365466252|17072456850364667590|14431871108781938332
dataset\_work\final\spinach\train\anomala\straw_mite__straw_mite (137).jpg,anomala,train,spinach_n56pn9fncw,4640x3472,16773246733254102256|16761322969440374512|14739197681424124616|14757903672942701804|17351831116527344872|17333395165272590056|17054056634849677004|14468529701819681996
dataset\_work\final\spinach\test\anomala\straw_mite__straw_mite (138).jpg,anomala,test,spinach_n56pn9fncw,1440x1080,11396122475015448468|9663435347536321494|10817447745104983012|10810659359711114184|15428166700375939974|10675541041356547998|14425967538895390614|16443580326578167702
dataset\_work\final\spinach\train\anomala\straw_mite__straw_mite (139).jpg,anomala,train,spinach_n56pn9fncw,4640x3472,3324584771216560918|10032838835176289687|10832121571159200147|10823637869391541558|10895735457984625547|1608639568906298158|3924197467977495958|10615488500095341462
dataset\_work\final\spinach\train\anomala\straw_mite__straw_mite (14).jpg,anomala,train,spinach_n56pn9fncw,4640x3472,14884277553917054700|10092063421398682824|14703755199913583860|14740038799666698448|14450976101812801164|17063729091788902350|15048948807618498508|17646271379801837260
dataset\_work\final\spinach\test\anomala\straw_mite__straw_mite (140).jpg,anomala,test,spinach_n56pn9fncw,4640x3472,14737487812488269452|14744283078524112846|14740047570922213358|14703737298324491912|14884180591333842636|10092007358685480652|9803856216461086412|17190008249595432908
dataset\_work\final\spinach\train\anomala\straw_mite__straw_mite (141).jpg,anomala,train,spinach_n56pn9fncw,4640x3472,14737531929588113100|14744261071312750284|14742018032057421544|14742017904313339624|14737527781892267724|14744243160326309580|16757343818439431884|16757383117893506764
dataset\_work\final\spinach\train\anomala\straw_mite__straw_mite (142).jpg,anomala,train,spinach_n56pn9fncw,4640x3472,10243176996522888844|10239839009177309134|14701485644938030064|14744551316783836144|14884171829533416334|10092060067060983694|17306044161831182284|17305936306612405964
dataset\_work\final\spinach\train\anomala\straw_mite__straw_mite (143).jpg,anomala,train,spinach_n56pn9fncw,4640x3472,13874476891623362272|18216549646874349304|14739880444046318320|14739778189465716448|17910312620132388604|16181032179009817792|16178661777737158348|17337199587744779980
dataset\_work\final\spinach\test\anomala\straw_mite__straw_mite (144).jpg,anomala,test,spinach_n56pn9fncw,4640x3472,14737470271507469198|14744291994743814030|14312223240481772528|11242712360028157600|10247755527392042700|10237549627155121868|11544519368853620380|17335200710127230918
dataset\_work\final\spinach\test\anomala\straw_mite__straw_mite (145).jpg,anomala,test,spinach_n56pn9fncw,4640x3472,14705980327208355468|14742317271724302286|14744269704162642888|14737514432966635468|14888684122711758796|10089790657815320268|14713026101436450508|14414662780238667468
dataset\_work\final\spinach\test\anomala\straw_mite__straw_mite (146).jpg,anomala,test,spinach_n56pn9fncw,1440x1080,9812819126719940244|14883054794474102742|14739766361667218350|14739766361161534346|15465164674948631502|10666297794960240264|9947124661364690636|12550244957252456140
dataset\_work\final\spinach\train\anomala\straw_mite__straw_mite (147).jpg,anomala,train,spinach_n56pn9fncw,4640x3472,16178670427900683932|17914768923849104326|14737505541779981291|14744287459258613256|14311097607803084536|11251719412546242272|594012648656051916|16970448662597699276
dataset\_work\final\spinach\train\anomala\straw_mite__straw_mite (148).jpg,anomala,train,spinach_n56pn9fncw,4640x3472,875430252488232652|14959580597976272844|14737505422128914316|14744287545457706952|14740056641321540559|14703743886332208652|14413552274468740812|10096898055193462476
dataset\_work\final\spinach\train\anomala\straw_mite__straw_mite (149).jpg,anomala,train,spinach_n56pn9fncw,4640x3472,16181014620515022492|16757399946314093510|14742026699374576600|14742026828720782564|14308837029280911080|11256240467060428512|16446070840169305804|15619480958799156940
dataset\_work\final\spinach\train\anomala\straw_mite__straw_mite (15).jpg,anomala,train,spinach_n56pn9fncw,4640x3472,10094593401989727172|14706279266298248924|11972605365174873832|11104543365290232776|15870234643890640844|14160330107221383052|14450656170320534426|16730361768601003942
dataset\_work\final\spinach\val\anomala\straw_mite__straw_mite (150).jpg,anomala,val,spinach_n56pn9fncw,1440x1080,14741991498082486156|14742031364076281742|14887538491757402052|10098877314501383900|10241026413016094412|10090043648433690316|15858893174306711180|14165834538011958222
dataset\_work\final\spinach\train\anomala\straw_mite__straw_mite (151).jpg,anomala,train,spinach_n56pn9fncw,4640x3472,16178762803594888904|17914824878212947692|14739766103428280044|14739766232274930376|17050124987890835192|14449398173095134944|14450374634944302796|17054620701386575564
dataset\_work\final\spinach\test\anomala\straw_mite__straw_mite (152).jpg,anomala,test,spinach_n56pn9fncw,4640x3472,13872942353663297760|18203011440858033912|14739725412905748720|14739893638187183344|17937474710888947452|16179342823828981440|17360302526068395724|17332115445968703180
dataset\_work\final\spinach\train\anomala\straw_mite__straw_mite (153).jpg,anomala,train,spinach_n56pn9fncw,4640x3472,16178904118421063360|17878788277890621164|14710501493631073016|14743416473307488992|17050089970602548984|13872942284934449120|16186537545165937612|17922843529876547276
dataset\_work\final\spinach\train\anomala\straw_mite__straw_mite (154).jpg,anomala,train,spinach_n56pn9fncw,4640x3472,12740265073147889316|17477412794300931290|14737795778664654052|14708241034355071176|15752514307306196210|11873260264201899696|14472473581711990476|16493464068610033612
dataset\_work\final\spinach\test\anomala\straw_mite__straw_mite (155).jpg,anomala,test,spinach_n56pn9fncw,4640x3472,10999694408177534924|16616660211022503116|14304339657734158072|11258545430995964128|14707733078784908006|14755838629624653464|16181464584276885148|17939744475127055302
dataset\_work\final\spinach\test\anomala\straw_mite__straw_mite (156).jpg,anomala,test,spinach_n56pn9fncw,4640x3472,10956988535123578264|16577520842124512934|9697150682723196632|11400355768509892548|11983647442557931494|10992461111882354584|14161317751929648798|15572927516186481542
dataset\_work\final\spinach\train\anomala\straw_mite__straw_mite (157).jpg,anomala,train,spinach_n56pn9fncw,4640x3472,16185377551507203724|17908061971436772302|14742413641426241508|14706001450766900952|14887540716652168952|10098806601352978144|15572980611578992332|16467153811590584268
dataset\_work\final\spinach\train\anomala\straw_mite__straw_mite (158).jpg,anomala,train,spinach_n56pn9fncw,4640x3472,9803891246154619784|17190003773970720494|14737791389235232164|10096537150604133338|17160445329077276654|9843632002982153864|15727497281187552908|11834665085067298764
dataset\_work\final\spinach\train\anomala\straw_mite__straw_mite (159).jpg,anomala,train,spinach_n56pn9fncw,4640x3472,14450249676595209100|17036666961744575438|10099191653968766956|10239899456012622024|14860589504194309868|10097960047806613960|14418372386983123854|17070724157819922316
dataset\_work\final\spinach\train\anomala\straw_mite__straw_mite (16).jpg,anomala,train,spinach_n56pn9fncw,4640x3472,15318581958300341212|15318552657429477316|10091242382666206188|14713028129061547720|14138825713921201876|15858075024780531412|14424479176900554700|17044769138641931148
dataset\_work\final\spinach\train\anomala\straw_mite__straw_mite (160).jpg,anomala,train,spinach_n56pn9fncw,4640x3472,13875039816202294940|18198535042408093382|17045732240997062380|14451530496948016840|14309690266342100732|11283244541920644800|14453827342510231240|17047827978619948780
dataset\_work\final\spinach\train\anomala\straw_mite__straw_mite (161).jpg,anomala,train,spinach_n56pn9fncw,4640x3472,16180455048285066892|17928441144968189902|16487567344664822756|10956174167299800280|14886458894927711992|10094314443560619232|15581389676305845400|16484040111371833316
dataset\_work\final\spinach\test\anomala\straw_mite__straw_mite (162).jpg,anomala,test,spinach_n56pn9fncw,4640x3472,9259425259942448776|18374289638578425838|16775494867447696366|16756801515349748872|17190128980730576638|9803815371522080896|9812259908502850792|17207017885743435496
dataset\_work\final\spinach\train\anomala\straw_mite__straw_mite (163).jpg,anomala,train,spinach_n56pn9fncw,4640x3472,9279832041110865612|18369222145171693260|17782066847501502198|10420228198166338704|14744277734852586750|14737663785260468352|10420263450987371664|17782062466568013558
dataset\_work\final\spinach\train\anomala\straw_mite__straw_mite (164).jpg,anomala,train,spinach_n56pn9fncw,4640x3472,16180874029390040712|16757400753298182094|17045732240736881632|14451530497080045248|14884171760277622504|9803812081508781792|13848056943104921288|16180179095166619372
dataset\_work\final\spinach\test\anomala\straw_mite__straw_mite (165).jpg,anomala,test,spinach_n56pn9fncw,4640x3472,13872779159694182084|18198517621282807516|14739774865193012968|14739775097624563400|15897213344728190716|14161009398943811264|14451505070605569740|16757347950064275148
dataset\_work\final\spinach\val\anomala\straw_mite__straw_mite (166).jpg,anomala,val,spinach_n56pn9fncw,1440x1080,1732200396094672588|16694631988379225804|14737531741183880940|14744260915516771272|14739779564595032039|14739722105411275288|14450658299884052172|17018627088136767180
dataset\_work\final\spinach\train\anomala\straw_mite__straw_mite (167).jpg,anomala,train,spinach_n56pn9fncw,4640x3472,16178651963869335264|17914905365295107808|10152845476447620840|14886678440627900136|16180913613392289528|16180900418088240864|16757356772026194126|16757356772027000460
dataset\_work\final\spinach\train\anomala\straw_mite__straw_mite (168).jpg,anomala,train,spinach_n56pn9fncw,4640x3472,15610254595719676912|16481552186629504240|10996448420113610440|16583981392784560364|17310742985289022180|17348788391684317912|17046296140089337574|14480979971809188760
dataset\_work\final\spinach\train\anomala\straw_mite__straw_mite (169).jpg,anomala,train,spinach_n56pn9fncw,4640x3472,14092662838791607250|4338852152158860980|9571118219072871076|10679284917204395738|12985670264866158140|15173618410970059715|15755323266235970708|11860822733521802116
dataset\_work\final\spinach\train\anomala\straw_mite__straw_mite (17).jpg,anomala,train,spinach_n56pn9fncw,4640x3472,17331557203875930856|17338303523753409512|16467301154974310346|15572926424993105580|16770060641142021872|16727041150301472496|12395597339692506840|14600563507475482596
dataset\_work\final\spinach\test\anomala\straw_mite__straw_mite (170).jpg,anomala,test,spinach_n56pn9fncw,4640x3472,14092763298220133088|4338741390461086968|15047011160471240|17245216747101590252|17918898873587086908|16197779447620670403|17046858158255985647|14462789357673985280
dataset\_work\final\spinach\train\anomala\straw_mite__straw_mite (171).jpg,anomala,train,spinach_n56pn9fncw,4640x3472,12737454748409629638|16202858709380378268|16631676590493263346|10956226835592927408|11254062631224270048|14306688713018033328|12706939498296380568|17502544629815693286
dataset\_work\final\spinach\test\anomala\straw_mite__straw_mite (172).jpg,anomala,test,spinach_n56pn9fncw,4640x3472,12739724104431273926|17495383075006586524|17205887098164340726|9807738394565810320|11249471058049682674|14305432658289085616|10383064549268266120|17791346852576610286
dataset\_work\final\spinach\train\anomala\straw_mite__straw_mite (173).jpg,anomala,train,spinach_n56pn9fncw,1440x1080,11251719412720569544|14311097606933499628|14744283233410551496|14737487863894216684|17063635649937775558|14451087014963127964|17045855420256847564|14415511630294523596
dataset\_work\final\spinach\val\anomala\straw_mite__straw_mite (174).jpg,anomala,val,spinach_n56pn9fncw,4640x3472,17358218541061490380|17354652141095394508|16489810951473198312|15570129675217326312|14743789461302991088|14755641318860907760|16775935062279853272|16786296315462277092
dataset\_work\final\spinach\train\anomala\straw_mite__straw_mite (175).jpg,anomala,train,spinach_n56pn9fncw,4640x3472,12733020383654694644|12885392503560113360|16485030163110077568|15608374692817984254|15027437004438426290|17640190265002472624|18364162083590151384|9269752218701514468
dataset\_work\final\spinach\train\anomala\straw_mite__straw_mite (176).jpg,anomala,train,spinach_n56pn9fncw,4640x3472,11549637470525296332|12893118088013383372|17647227148073420528|14994785631457942752|14737523058576125362|14739774959304722592|16184861764539521232|17349708097690265588
dataset\_work\final\spinach\val\anomala\straw_mite__straw_mite (177).jpg,anomala,val,spinach_n56pn9fncw,4640x3472,11251772328276211864|14306587353230205926|14742039065387412358|14742115330719820702|16637249137849764806|10968650415768544924|11397314632399165132|9667919282863773388
dataset\_work\final\spinach\train\anomala\straw_mite__straw_mite (178).jpg,anomala,train,spinach_n56pn9fncw,4640x3472,10959889507120529080|16602350639052325858|10130455700972309278|14886127864782858118|16321943857151698918|13276175545149233560|9666815270108698318|2164904713044858508
dataset\_work\final\spinach\train\anomala\straw_mite__straw_mite (179).jpg,anomala,train,spinach_n56pn9fncw,4640x3472,1608745628913463667|10891227798431691057|10030436244352684301|446944358200276295|3562735973926774167|8318528125129020182|5149273092716835590|959786680615973771
dataset\_work\final\spinach\test\anomala\straw_mite__straw_mite (18).jpg,anomala,test,spinach_n56pn9fncw,4640x3472,16471417821140324080|15606700333448269552|14744291890587211480|14737470288720004836|17333835941552559832|17333821909795313380|16466856952232904396|15606695761054506700
dataset\_work\final\spinach\train\anomala\straw_mite__straw_mite (180).jpg,anomala,train,spinach_n56pn9fncw,1440x1080,5110391373839006582|11324438671119098001|9669067789336102985|11388277209447722093|10457570338508908701|8573697987304352582|7920933206386871198|5316654309317619590
dataset\_work\final\spinach\train\anomala\straw_mite__straw_mite (181).jpg,anomala,train,spinach_n56pn9fncw,4640x3472,2750332973334749990|11181131506526075291|11399681280928278979|9670157086105889084|11185088186828925851|2766240900075301670|4353170595279287174|14080897957759890334
dataset\_work\final\spinach\val\anomala\straw_mite__straw_mite (182).jpg,anomala,val,spinach_n56pn9fncw,4640x3472,2757224784399969715|11186231559209831218|9741698026566208828|2194257158473141699|3624262992582557083|12910993575241663270|14073087531945128734|4345299428214976903
dataset\_work\final\spinach\train\anomala\straw_mite__straw_mite (183).jpg,anomala,train,spinach_n56pn9fncw,4640x3472,3905583238006074154|10606866891969866155|13842225384294460717|17899435060627262283|12333590931904738195|3056556727650169654|5425672293513783288|3255474518951860672
dataset\_work\final\spinach\train\anomala\straw_mite__straw_mite (184).jpg,anomala,train,spinach_n56pn9fncw,4640x3472,2766066876036641286|11185023011738333599|16165476861131696937|17876209202914798443|11507043510782998939|464472345525576486|7722352635110299128|2966620414376105952
dataset\_work\final\spinach\test\anomala\straw_mite__straw_mite (185).jpg,anomala,test,spinach_n56pn9fncw,4640x3472,16469263184383413996|14451547792760803016|14161071169273245408|15897182368625756920|14451512865082216136|17045728463078788836|17909278786069962460|16190034026637788868
dataset\_work\final\spinach\test\anomala\straw_mite__straw_mite (186).jpg,anomala,test,spinach_n56pn9fncw,4640x3472,18224034229394312940|13900532007335005896|17063747104881241328|14450967456043157744|14451530474723272896|17045732723555494140|17350168375353314504|17360404129592889068
dataset\_work\final\spinach\train\anomala\straw_mite__straw_mite (187).jpg,anomala,train,spinach_n56pn9fncw,4640x3472,4491024742200980278|9454521626981381011|14270567000841987379|11254288038108748595|10606955521698510211|3905572384879629118|3700664525163540380|3685520215950298054
dataset\_work\final\spinach\train\anomala\straw_mite__straw_mite (188).jpg,anomala,train,spinach_n56pn9fncw,4640x3472,2753212722172349246|11192564075721338243|878151202790181147|14919128435373207335|9452259449998234523|4488728974773466406|2841728880201698255|1948199114807258892
dataset\_work\final\spinach\train\anomala\straw_mite__straw_mite (189).jpg,anomala,train,spinach_n56pn9fncw,4640x3472,3925842745005269290|10601853180010002859|9661172395581188377|11400714193700744039|12356003617681514899|3053745336178015030|7452131188253734814|1813100515817493382
dataset\_work\final\spinach\train\anomala\straw_mite__straw_mite (19).jpg,anomala,train,spinach_n56pn9fncw,4640x3472,9261114024002030720|18347268110330875646|16487139695006778980|15604013054818754521|18360647275855191806|9262786406858000000|15681260275298176216|7207482558413983460
dataset\_work\final\spinach\val\anomala\straw_mite__straw_mite (190).jpg,anomala,val,spinach_n56pn9fncw,1440x1080,8535241913470896910|10462246547919809935|10242145471538581089|10248901581353815161|10316992282911125905|1030046082140566390|8758525934055275406|7047832734939030414
dataset\_work\final\spinach\val\anomala\straw_mite__straw_mite (191).jpg,anomala,val,spinach_n56pn9fncw,1440x1080,16466914135413036748|15604448705029838796|14275895290235690980|11279031532132173528|14742282534429888216|14705984669489006308|15566176902412208028|16473933417594691270
dataset\_work\final\spinach\train\anomala\straw_mite__straw_mite (192).jpg,anomala,train,spinach_n56pn9fncw,1440x1080,17352235997767766982|13838601585626855068|2172750670984890108|9663435500063464640|11256310160438987968|14308975268126445552|13879019156053629830|18214398820834944798
dataset\_work\final\spinach\train\anomala\straw_mite__straw_mite (193).jpg,anomala,train,spinach_n56pn9fncw,1440x1080,10958990076390488622|16615777292885271435|5086572933177216391|11319300253021851406|10062006841733912550|3331055449744545432|1031143580753401501|9731475078090299206
dataset\_work\final\spinach\val\anomala\straw_mite__straw_mite (194).jpg,anomala,val,spinach_n56pn9fncw,1440x1080,16181041491716183756|16180912835917158092|5520880056933787364|14773538970083465944|14742083123712265952|14742139211748183776|15571819630445397709|16475877388645539404
dataset\_work\final\spinach\val\anomala\straw_mite__straw_mite (195).jpg,anomala,val,spinach_n56pn9fncw,1440x1080,15608952553061029580|16466914347180595148|5478386062892706796|14780589020923243208|14742387636290946788|14705978680088436440|14423388393821118413|17053771921023502156
dataset\_work\final\spinach\train\anomala\straw_mite__straw_mite (196).jpg,anomala,train,spinach_n56pn9fncw,1440x1080,17337933419289609164|16196794011614920396|433195663767611364|11474995290392959704|14717336809978906336|14736659396456520944|15571801969543561119|16476167694073529094
dataset\_work\final\spinach\train\anomala\straw_mite__straw_mite (197).jpg,anomala,train,spinach_n56pn9fncw,1440x1080,16180314850331995532|17928433720807607246|16631678195041667528|10956156404795666156|14865221197533531896|10100734077448916192|17036686051929099416|14450099786706571238
dataset\_work\final\spinach\test\anomala\straw_mite__straw_mite (198).jpg,anomala,test,spinach_n56pn9fncw,4640x3472,10714777754297249192|10858863039589600234|10237643076657827786|10247845549840076204|16882688626002932374|12118383011448861332|12397646091311986574|14577990404837872526
dataset\_work\final\spinach\train\anomala\straw_mite__straw_mite (199).jpg,anomala,train,spinach_n56pn9fncw,4640x3472,2765589580097856270|11203097379873831823|1025511493405598499|10314199006000855355|10320981370824128923|1018729426459386150|4267545851165221775|2550028140426115854
dataset\_work\final\spinach\val\anomala\straw_mite__straw_mite (2).jpg,anomala,val,spinach_n56pn9fncw,1440x1080,16773255598066352868|16761331731175750856|14740039040251129072|14703755157239154928|14464495989667831016|16483899287782278888|17350274122063220428|17360407040834637772
dataset\_work\final\spinach\train\anomala\straw_mite__straw_mite (20).jpg,anomala,train,spinach_n56pn9fncw,4640x3472,15606663908685028576|16471562949892753144|2348660341534297836|18007228848285126600|17926252428517152484|16184833314891405016|14451825990030583545|17009588965551806496
dataset\_work\final\spinach\train\anomala\straw_mite__straw_mite (200).jpg,anomala,train,spinach_n56pn9fncw,4640x3472,11245258910860519308|14271638497482447822|10089799470886755276|14850386036373792716|14851529469369978822|10099079470375702428|14710862340399241166|14707385451596678796
dataset\_work\final\spinach\train\anomala\straw_mite__straw_mite (201).jpg,anomala,train,spinach_n56pn9fncw,4640x3472,13875074958281483142|17622070125902248862|14887560248803826670|10098833069261399688|11401827748057681652|9665649799544409792|9810612036810516108|17193385661554334670
dataset\_work\final\spinach\val\anomala\straw_mite__straw_mite (202).jpg,anomala,val,spinach_n56pn9fncw,4640x3472,14730759015406045078|14738358660835778454|16610129819379121070|10970328291882500874|10817482920582416844|10810654584711376588|721441580123111064|12554688881125589990
dataset\_work\final\spinach\train\anomala\straw_mite__straw_mite (203).jpg,anomala,train,spinach_n56pn9fncw,4640x3472,10098798080713507468|14885297703301266894|14455186381283931099|17016353429687186212|14897121680218624974|10106732062496204428|2608430452947232492|15795107176242191304
dataset\_work\final\spinach\train\anomala\straw_mite__straw_mite (204).jpg,anomala,train,spinach_n56pn9fncw,4640x3472,10961255001776924300|16611302261430787022|14744560009290001326|14701494465800121226|14887556169575139302|10098868415464939160|9956160413193406156|12550170258309357516
dataset\_work\final\spinach\train\anomala\straw_mite__straw_mite (205).jpg,anomala,train,spinach_n56pn9fncw,1440x1080,10098804609077290904|14887611112814746598|14851511926313790414|10099088421242350476|16580982644048370638|10963768395025688204|10100282516535191436|14856083284951768014
dataset\_work\final\spinach\train\anomala\straw_mite__straw_mite (206).jpg,anomala,train,spinach_n56pn9fncw,4640x3472,15051177380317202124|17363802461222182604|14755924991950441212|14707690296246709440|14744278663102920944|14737523133703971024|13883540292079328460|18215516321403357132
dataset\_work\final\spinach\train\anomala\straw_mite__straw_mite (207).jpg,anomala,train,spinach_n56pn9fncw,4640x3472,17351409022784603586|17351408623684050620|12954495687731441392|3610838461030762720|13573381053360819440|14016773326573587696|16179197069310172210|17360971046418499507
dataset\_work\final\spinach\train\anomala\straw_mite__straw_mite (208).jpg,anomala,train,spinach_n56pn9fncw,4640x3472,17928486248880770752|16180338886365120252|16466870232252934908|15608969584921061568|18196296711643368672|13875030874628017912|13882372493642276568|18224628582562629348
dataset\_work\final\spinach\train\anomala\straw_mite__straw_mite (209).jpg,anomala,train,spinach_n56pn9fncw,4640x3472,17337894916478716876|17349614497060105420|17046013732952255732|9803815543668460240|14712200600854382320|14757103015514316016|15045065427474845320|17630480029426880492
dataset\_work\final\spinach\train\anomala\straw_mite__straw_mite (21).jpg,anomala,train,spinach_n56pn9fncw,4640x3472,11584528800584289440|17499930930581064954|5516372032986964992|14811801767571347966|18071862798769380594|11586665703587169440|18363875219050303181|28171769120001612
dataset\_work\final\spinach\train\anomala\straw_mite__straw_mite (210).jpg,anomala,train,spinach_n56pn9fncw,4640x3472,17354777376917462232|17358155231263966948|16487343553120028580|5227566488557067480|16485025265501529328|15608392340653136112|15572372489824406600|11873612451625815780
dataset\_work\final\spinach\train\anomala\straw_mite__straw_mite (211).jpg,anomala,train,spinach_n56pn9fncw,4640x3472,15567931678845404876|16487424769843240652|14902300311432924844|10091482968747642826|14744357862861557732|14737503275048176856|14595914644060507276|12397890182657593294
dataset\_work\final\spinach\train\anomala\straw_mite__straw_mite (212).jpg,anomala,train,spinach_n56pn9fncw,4640x3472,17351400229335185294|17351399828844909198|16629433414873630700|10956209330114665672|10237266284229086448|10283731917762120944|14419486239655070872|17061761386916202470
dataset\_work\final\spinach\train\anomala\straw_mite__straw_mite (214).jpg,anomala,train,spinach_n56pn9fncw,4640x3472,17301754906913488540|17349989099644224454|17133547949586455439|5227577814473189134|14304331220736788464|11258562912000548080|1019893015790390344|10311898637593462509
dataset\_work\final\spinach\train\anomala\straw_mite__straw_mite (215).jpg,anomala,train,spinach_n56pn9fncw,4640x3472,17333288935226541580|17351968254196293575|16629149258355218375|10996706494830024220|14384278721371819760|866489300050939120|2023966999782530200|14382023571282839270
dataset\_work\final\spinach\test\anomala\straw_mite__straw_mite (216).jpg,anomala,test,spinach_n56pn9fncw,4640x3472,17333254841707476532|17351832190168437715|16469271497186053575|15604451725870845468|15245579094471462640|3762277454955646192|2039641568291753688|14379216475248103140
dataset\_work\final\spinach\train\anomala\straw_mite__straw_mite (217).jpg,anomala,train,spinach_n56pn9fncw,4640x3472,15052198096945882780|17643022142588951494|17208148166081612742|9803217455958863516|14311134998690519284|11251756935024141520|11254027241497431176|14306693128145326062
dataset\_work\final\spinach\train\anomala\straw_mite__straw_mite (218).jpg,anomala,train,spinach_n56pn9fncw,4640x3472,17340045425386793862|17355205492115581854|16613661567496853446|10956790374715295388|11397332446439791344|9667910504034051312|11242765139135827608|14309964843490578406
dataset\_work\final\spinach\train\anomala\straw_mite__straw_mite (219).jpg,anomala,train,spinach_n56pn9fncw,1440x1080,15604448729024898990|16469131061385042826|17043788373160464326|14420018459338018460|9951606562950450916|12549090633385742040|11245043394200870600|14307699866937296876
dataset\_work\final\spinach\train\anomala\straw_mite__straw_mite (22).jpg,anomala,train,spinach_n56pn9fncw,4640x3472,16183836036413249760|17935144042138887416|14742136002156334308|14742136001562398424|17934501790450902776|16201861447151098080|15622599063874475724|16468544773206480588
dataset\_work\final\spinach\train\anomala\straw_mite__straw_mite (220).jpg,anomala,train,spinach_n56pn9fncw,4640x3472,17350133142914309848|17360408079983412964|16485025799722471404|15608409809670770376|16466914350285712624|15608952001055869168|14415501676892298456|17046014198730180324
dataset\_work\final\spinach\train\anomala\straw_mite__straw_mite (221).jpg,anomala,train,spinach_n56pn9fncw,1440x1080,17351392523617666022|17351276960640548504|14887648770384192764|10098845295000340672|10970318951050824944|16610288696868457712|13891386251968128652|18222839198028504014
dataset\_work\final\spinach\train\anomala\straw_mite__straw_mite (222).jpg,anomala,train,spinach_n56pn9fncw,4640x3472,17337775697303538912|17349584556777000696|17205613351841531620|9843890268051574488|17928350159253260016|16180357181582318832|15604448426669284488|16466914144195364590
dataset\_work\final\spinach\val\anomala\straw_mite__straw_mite (223).jpg,anomala,val,spinach_n56pn9fncw,4640x3472,17348020405493010124|17360477551615182540|14757956897961922280|14739204224179932360|14737513539909381360|14739897995336925424|14450976389306551500|16775499119502020300
dataset\_work\final\spinach\train\anomala\straw_mite__straw_mite (224).jpg,anomala,train,spinach_n56pn9fncw,4640x3472,17358147931698534086|17354654382267209372|16467297231219188972|15572909121561090248|11283406260375836912|14309786028549334256|14472341962622377688|17069935156356679652
dataset\_work\final\spinach\train\anomala\straw_mite__straw_mite (225).jpg,anomala,train,spinach_n56pn9fncw,1440x1080,17349210012414346182|16202997728356482716|16629261459582871286|10384314835387979920|11258478138664738016|14304447349895120112|10419110754736086160|17791055946009659366
dataset\_work\final\spinach\train\anomala\straw_mite__straw_mite (226).jpg,anomala,train,spinach_n56pn9fncw,4640x3472,17361601549227367374|17361600891642586764|16638495830097784560|10959523215041136864|10098889463717228784|14887653047840600304|16179230367533504664|17361037423463622630
dataset\_work\final\spinach\train\anomala\straw_mite__straw_mite (227).jpg,anomala,train,spinach_n56pn9fncw,4640x3472,17363785059464355532|17357029362605917900|16629149732249519856|10996706404412071152|14737509068374466800|14744393382416546032|17337801068027223192|17349699284351305446
dataset\_work\final\spinach\train\anomala\straw_mite__straw_mite (229).jpg,anomala,train,spinach_n56pn9fncw,4640x3472,17361542055341051632|17361541758527638768|16485034578533672184|15608392354117900512|17333271355140272368|17351977463585370352|16201732877382491352|17934608684136777444
dataset\_work\final\spinach\train\anomala\straw_mite__straw_mite (23).jpg,anomala,train,spinach_n56pn9fncw,1440x1080,16199609578678851736|17921008566033704934|14737632339624183788|14744387253273238728|16638315019648808184|10959557131481895136|14419442395560451788|17061776762663765708
dataset\_work\final\spinach\val\anomala\straw_mite__straw_mite (230).jpg,anomala,val,spinach_n56pn9fncw,1440x1080,14414955894491264932|17064019415868576730|16630547915411503078|10965198650406540184|15713965008349286380|11832947608512761032|10958123832136051864|16588788733320612838
dataset\_work\final\spinach\train\anomala\straw_mite__straw_mite (231).jpg,anomala,train,spinach_n56pn9fncw,4640x3472,16191767775782866120|17929413388071063276|17061498629467117200|5229952566765524726|17063606255313146616|14450968327041299680|17768445893662905416|10418571522802108140
dataset\_work\final\spinach\val\anomala\straw_mite__straw_mite (232).jpg,anomala,val,spinach_n56pn9fncw,4640x3472,17354795106777667824|17358146419326445296|17063803188698402540|14451079331082833096|17358609587531867376|17336654255882164464|14450976045447023816|17063729538536492780
dataset\_work\final\spinach\train\anomala\straw_mite__straw_mite (233).jpg,anomala,train,spinach_n56pn9fncw,4640x3472,16327829325463363288|13323520430023215076|11873417830003873742|15752646080324114060|16467184942118856376|15573011354349115618|10094303040474750170|14886415178070148772
dataset\_work\final\spinach\val\anomala\straw_mite__straw_mite (234).jpg,anomala,val,spinach_n56pn9fncw,1440x1080,14744405312286365340|14737636422157834182|13100473397931255780|5948168083366157016|14310068086216754892|11247236662744751820|15571859169645661266|16476178895284719285
dataset\_work\final\spinach\test\anomala\straw_mite__straw_mite (235).jpg,anomala,test,spinach_n56pn9fncw,4640x3472,16757496974463635150|16757496817680551564|17196211686714624648|9825186605104606446|10128197635695611624|14883999396853616360|17198173068289333896|9856703299031901678
dataset\_work\final\spinach\test\anomala\straw_mite__straw_mite (236).jpg,anomala,test,spinach_n56pn9fncw,1440x1080,17352512967391955948|17353704335984045256|16613662054511666422|10956789803803138192|14424040403135026416|17062944049209725168|10437178337604800152|17790500118933639142
dataset\_work\final\spinach\train\anomala\straw_mite__straw_mite (237).jpg,anomala,train,spinach_n56pn9fncw,4640x3472,17351972996375580364|17333253789439463372|14737654998329714668|14744268664344811720|14740065429646380272|14703728769463996144|14418329540082966220|17070809953384236748
dataset\_work\final\spinach\test\anomala\straw_mite__straw_mite (238).jpg,anomala,test,spinach_n56pn9fncw,4640x3472,16201867030871641800|17934712930902970092|14757988009195833060|14739182172155322072|17045583025962149112|14451548938837743840|15608937629777169612|16467015353896521420
dataset\_work\final\spinach\train\anomala\straw_mite__straw_mite (239).jpg,anomala,train,spinach_n56pn9fncw,1440x1080,15576885835454814928|16486292006980003828|14739732069570255768|14739946655330281446|17629173010975149028|14995325608118398168|16584271635353145036|10960401445337992908
dataset\_work\final\spinach\train\anomala\straw_mite__straw_mite (24).jpg,anomala,train,spinach_n56pn9fncw,4640x3472,13877857657850333312|18223410444014907134|11586792687007079624|18071975596377491180|18369802720670377724|9261821971414292672|17061494881929579770|14455470906846137504
dataset\_work\final\spinach\val\anomala\straw_mite__straw_mite (25).jpg,anomala,val,spinach_n56pn9fncw,4640x3472,9224574915477438592|18365429963995217918|14757739688534792432|14739313492855940336|18374474820447231998|9223375339739546752|17358223776324488396|17354846074564955852
dataset\_work\final\spinach\train\anomala\straw_mite__straw_mite (26).jpg,anomala,train,spinach_n56pn9fncw,1440x1080,16183696268977179788|17935214153655635916|16629143683286148068|10996829555032013528|14758071091178956536|10091496944469448928|15580822430788525208|16475068147726468838
dataset\_work\final\spinach\train\anomala\straw_mite__straw_mite (27).jpg,anomala,train,spinach_n56pn9fncw,1440x1080,16180320923432490704|17928494883547354868|16494093933992446680|15607273090020454116|17624343989741145848|15030204247319547104|16478158918324623576|15603436841616533220
dataset\_work\final\spinach\train\anomala\straw_mite__straw_mite (28).jpg,anomala,train,spinach_n56pn9fncw,1440x1080,14476402754267107040|17048444724340755704|16467010284419476716|15609113633754106056|17909749703516264684|16199046613531092680|14467987758342643416|17072168255983093476
dataset\_work\final\spinach\train\anomala\straw_mite__straw_mite (29).jpg,anomala,train,spinach_n56pn9fncw,4640x3472,17350274328897513200|17360407028169611504|17064019741402646728|14414956046601612524|17336675443005123824|17358706475015260400|17072177045812153544|14467970717604630508
dataset\_work\final\spinach\train\anomala\straw_mite__straw_mite (3).jpg,anomala,train,spinach_n56pn9fncw,4640x3472,14304438566633182158|11258496141554497164|15164575732028395256|12984258076353727712|10103392790889512604|14885401254314607558|16180324371424424372|17928284128648983506
dataset\_work\final\spinach\train\anomala\straw_mite__straw_mite (30).jpg,anomala,train,spinach_n56pn9fncw,4640x3472,9234146482226140034|18346289724903077822|14306723493418149104|11254057948244662512|13706493600754146302|9372838605154100864|17354841951487274652|17340244552257211334
dataset\_work\final\spinach\val\anomala\straw_mite__straw_mite (31).jpg,anomala,val,spinach_n56pn9fncw,4640x3472,5351477934490384|18390237745827889143|11252018285447235776|14275059791921212916|17815973287264466943|1153852847394329344|17649022601834732486|13855404303259477916
dataset\_work\final\spinach\train\anomala\straw_mite__straw_mite (32).jpg,anomala,train,spinach_n56pn9fncw,4640x3472,16180314343073189772|17928437777195536334|16631669373094825956|10956147710030122712|14848208951008022264|10092295207761906912|15568396678410931352|16469399049029537766
dataset\_work\final\spinach\val\anomala\straw_mite__straw_mite (33).jpg,anomala,val,spinach_n56pn9fncw,4640x3472,13874629493958082688|18216662741933809406|16485028576630839544|15608516003632497856|18365132197139500796|9259549856414207168|13890371855070960856|17913135851443242724
dataset\_work\final\spinach\train\anomala\straw_mite__straw_mite (34).jpg,anomala,train,spinach_n56pn9fncw,1440x1080,16183841559128968320|17935178814805495806|16775001083948551916|16774954399778639048|18361060777991792376|9226773930789738720|14450976062896393448|17063729607322553576
dataset\_work\final\spinach\train\anomala\straw_mite__straw_mite (35).jpg,anomala,train,spinach_n56pn9fncw,4640x3472,10432174042951156928|17770111625133285116|14739197642353856232|14757895394534657256|18221031359078374646|13872255774988158608|16756940591850573516|16775563374601080012
dataset\_work\final\spinach\train\anomala\straw_mite__straw_mite (36).jpg,anomala,train,spinach_n56pn9fncw,1440x1080,9268564279769140896|18373153930101034746|16485034544312806648|15608392422576146656|18054436672020347646|11569328533541920896|16197350155583134936|17936938583501555428
dataset\_work\final\spinach\train\anomala\straw_mite__straw_mite (37).jpg,anomala,train,spinach_n56pn9fncw,1440x1080,2309804571369605120|18126767908348489727|14739320788390694106|14757894294418148516|18441976004478472187|2268365587680800|11875023047999278796|15766132724451413196
dataset\_work\final\spinach\train\anomala\straw_mite__straw_mite (38).jpg,anomala,train,spinach_n56pn9fncw,4640x3472,11586792257208133260|18071975722133199822|17061776763553432566|14419442398440864912|14887558393401101562|10098797839796587680|10393259841084071112|17781229187011168236
dataset\_work\final\spinach\train\anomala\straw_mite__straw_mite (39).jpg,anomala,train,spinach_n56pn9fncw,4640x3472,11584537150269789086|18076365247431259782|16631675946685286390|10956226634471316624|9671017835461532922|11426517503930254496|10384269751321234584|17782346258981441510
dataset\_work\final\spinach\train\anomala\straw_mite__straw_mite (4).jpg,anomala,train,spinach_n56pn9fncw,4640x3472,16201865844923537100|17934484193898895052|14757895314305436360|14739215494325644524|14742027017949471992|14742026578982066400|17054065809748823244|14468538387961990860
dataset\_work\final\spinach\train\anomala\straw_mite__straw_mite (40).jpg,anomala,train,spinach_n56pn9fncw,4640x3472,16196636490612156316|17914262924226403270|14304447493773300694|11258478258935969428|14275134540094610680|11251981036349015776|10679818774290775708|15461865868314248134
dataset\_work\final\spinach\train\anomala\straw_mite__straw_mite (41).jpg,anomala,train,spinach_n56pn9fncw,1440x1080,15604465920484379588|14163314880319008732|5661914414368629704|10170934917532687340|15866018604202036932|14126429891112177368|17013235351049414285|14421400570246566734
dataset\_work\final\spinach\train\anomala\straw_mite__straw_mite (42).jpg,anomala,train,spinach_n56pn9fncw,1440x1080,11569337400109138886|18054419048541404828|14308953224090191588|11256261676576939736|11258537129513225978|14304318090619096736|15572944258775529116|16467010909640692678
dataset\_work\final\spinach\train\anomala\straw_mite__straw_mite (43).jpg,anomala,train,spinach_n56pn9fncw,4640x3472,10961210676974529422|16611297905901120398|14885286467615392742|10103380786658623384|10244402016859162598|10244362200798666392|10970570382014887564|16574131985449587662
dataset\_work\final\spinach\train\anomala\straw_mite__straw_mite (44).jpg,anomala,train,spinach_n56pn9fncw,4640x3472,11571457403297801118|18056680449840462726|14308834339397143532|11256311171781373640|9672460290699532026|11394988011731261088|14424548344098666140|17044907623586042822
dataset\_work\final\spinach\train\anomala\straw_mite__straw_mite (45).jpg,anomala,train,spinach_n56pn9fncw,4640x3472,12738587724603397788|17504522185995950022|16487286352746234802|15603888960921025712|14309971672538475762|11247215778598930608|12699119909371022552|12881303863262170852
dataset\_work\final\spinach\val\anomala\straw_mite__straw_mite (46).jpg,anomala,val,spinach_n56pn9fncw,4640x3472,16180314309504767692|17928442245903783628|16485034070010203884|15608392513384845000|14742027412575342328|14742026729262845152|14451535856661863640|17045609112548394724
dataset\_work\final\spinach\train\anomala\straw_mite__straw_mite (47).jpg,anomala,train,spinach_n56pn9fncw,4640x3472,11567081303801564872|18058342052556148460|14737628678835652332|14739778224764918976|17045591787816525050|14451531312022390432|13879010359151857356|17061494908320450252
dataset\_work\final\spinach\train\anomala\straw_mite__straw_mite (49).jpg,anomala,train,spinach_n56pn9fncw,4640x3472,16197911983677476552|17918748125887696620|14744287114725410548|14737505550740135120|17045627195796401400|14451526746338216672|15031949284211918540|17637946769230503628
dataset\_work\final\spinach\test\anomala\straw_mite__straw_mite (5).jpg,anomala,test,spinach_n56pn9fncw,4640x3472,17352021486094371816|17333295201047162088|16321945717848337636|10970244341922973912|16729859197314567408|16774669795676376816|15620891623324597912|16495715851143709666
dataset\_work\final\spinach\test\anomala\straw_mite__straw_mite (51).jpg,anomala,test,spinach_n56pn9fncw,4640x3472,16178640036224634766|17914817226730835854|14887534100892206026|10098859516863134892|10236497060462829304|10236423655375734496|12410851277462513292|14610575635587111886
dataset\_work\final\spinach\train\anomala\straw_mite__straw_mite (52).jpg,anomala,train,spinach_n56pn9fncw,4640x3472,14739739697800844742|14739779565209212444|14095462478523377380|4343259433164577488|2042060804185362124|14309383115881287372|15031365607723058748|16475921679556844995
dataset\_work\final\spinach\train\anomala\straw_mite__straw_mite (54).jpg,anomala,train,spinach_n56pn9fncw,4640x3472,13879569726866394764|18196296745434189774|14742132217990054892|14742030196244430536|14884171761485317884|10092042457360604864|14429035519700014796|17042504057351280332
dataset\_work\final\spinach\train\anomala\straw_mite__straw_mite (55).jpg,anomala,train,spinach_n56pn9fncw,4640x3472,9287695748667247816|18363601437030862572|16559619949770041032|6344611066994923724|17063597354992457982|14450986022605350016|14742602057371749464|14476402713632886757
dataset\_work\final\spinach\train\anomala\straw_mite__straw_mite (56).jpg,anomala,train,spinach_n56pn9fncw,4640x3472,17351260066976864198|17351260396827580060|14974347495283071200|868198922771162872|11247236932831268080|14310068626752785648|17935064357464837132|16183856371204214735
dataset\_work\final\spinach\train\anomala\straw_mite__straw_mite (57).jpg,anomala,train,spinach_n56pn9fncw,1440x1080,16197370483342777242|17936858966208751494|17854392730866123762|1160853476886331056|9666738260378316024|11104481553908943072|12699612420787543056|17474977639286163447
dataset\_work\final\spinach\train\anomala\straw_mite__straw_mite (58).jpg,anomala,train,spinach_n56pn9fncw,4640x3472,11585666820661808871|18080982829918227984|17718998869020493000|5807424800241933548|1192950527169588474|16685435313091168416|17067576293754574928|14466832572946573045
dataset\_work\final\spinach\train\anomala\straw_mite__straw_mite (59).jpg,anomala,train,spinach_n56pn9fncw,4640x3472,16755246096088026829|16761859389449997324|14811832338672493768|5516403146065434860|904157528413609704|14829952395296343784|17066411848010796620|14457741293024153293
dataset\_work\final\spinach\val\anomala\straw_mite__straw_mite (6).jpg,anomala,val,spinach_n56pn9fncw,4640x3472,14737526442416319688|14744383943387892460|11883925346194786022|15620747656659443352|17062621460525457100|14459974784164202188|10997283695341848792|16611020888156925092
dataset\_work\final\spinach\train\anomala\straw_mite__straw_mite (60).jpg,anomala,train,spinach_n56pn9fncw,4640x3472,14755643480198582271|14455488785983344128|14960715395844786384|866445095039134964|3991637214010568|18415090257374725836|17648532902448399884|15044286801846181839
dataset\_work\final\spinach\train\anomala\straw_mite__straw_mite (61).jpg,anomala,train,spinach_n56pn9fncw,4640x3472,13879009980354627296|18214275607451901680|17045717972346113736|14451644432971960044|17338360895320606460|16178657198764104896|17045714673817521864|14451538879855890156
dataset\_work\final\spinach\train\anomala\straw_mite__straw_mite (62).jpg,anomala,train,spinach_n56pn9fncw,1440x1080,9286570328997480160|18372608670848945400|16485016900318782672|15608401115715754228|17909749669565495550|16196794778955210880|17606836135419354328|15052384052760528612
dataset\_work\final\spinach\train\anomala\straw_mite__straw_mite (63).jpg,anomala,train,spinach_n56pn9fncw,4640x3472,17935242026493136636|16183716486560124096|14742132726787140840|14742029967727315176|13874478052817017056|18216716472708228856|16773810907619169996|16784017079028389580
dataset\_work\final\spinach\train\anomala\straw_mite__straw_mite (64).jpg,anomala,train,spinach_n56pn9fncw,1440x1080,17358225934784644848|17354775226009558256|17063741650327497960|14451090259364858088|17337746233783802096|17349782305837606128|16773811388124925128|16784017057620872940
dataset\_work\final\spinach\train\anomala\straw_mite__straw_mite (65).jpg,anomala,train,spinach_n56pn9fncw,4640x3472,14161172117916458700|15897168177980147404|14812109544618166984|5480330000089198316|14737508780553445084|14744383974291244740|17054634101346864716|14450400996849848269
dataset\_work\final\spinach\val\anomala\straw_mite__straw_mite (66).jpg,anomala,val,spinach_n56pn9fncw,4640x3472,17350850979898520564|17342278523659104464|6487762295652075748|9615021416583720152|15001655381869374704|17650616940040538864|15630936761258700677|16485570658561493338
dataset\_work\final\spinach\train\anomala\straw_mite__straw_mite (67).jpg,anomala,train,spinach_n56pn9fncw,4640x3472,17358785936074985200|17336655780504177888|17629106595219039480|13842423869008171232|16180356139801417968|17352030215769679600|16199621746421865152|17934607616561620980
dataset\_work\final\spinach\train\anomala\straw_mite__straw_mite (68).jpg,anomala,train,spinach_n56pn9fncw,4640x3472,16471518295252985586|15606827061951895728|14998997831379625208|17589752891818892000|12725088124268877528|17502930592236738276|16202477577084541940|17916511454826407888
dataset\_work\final\spinach\train\anomala\straw_mite__straw_mite (69).jpg,anomala,train,spinach_n56pn9fncw,1440x1080,16486779136453807832|15622015815654215396|16488271195463207656|15615148883489369320|16469270794594995416|15604592407852535012|16765837408324793560|16774469545767981796
dataset\_work\final\spinach\train\anomala\straw_mite__straw_mite (7).jpg,anomala,train,spinach_n56pn9fncw,1440x1080,16164612081119891144|17930311361613237996|15318016714396540492|15336478769471260620|17045591589243835896|14451527025136850144|14737932229768304340|5484850108233651412
dataset\_work\final\spinach\train\anomala\straw_mite__straw_mite (70).jpg,anomala,train,spinach_n56pn9fncw,4640x3472,10096599005915978904|14881922099522029542|14451548037456797598|17045723289951340422|16629272507005110222|10960687559219551884|9657730965880147692|11393855661524029128
dataset\_work\final\spinach\train\anomala\straw_mite__straw_mite (71).jpg,anomala,train,spinach_n56pn9fncw,4640x3472,17351401248860112612|17351259331960938200|14739871716545646312|14739769359012367592|15608973245088189680|16467010790924209392|16756801484161453772|16775494247394283212
dataset\_work\final\spinach\test\anomala\straw_mite__straw_mite (72).jpg,anomala,test,spinach_n56pn9fncw,4640x3472,15567842231888808160|16487562851969396464|17351417320787918472|17315362032543302350|17360970959948337124|16179197222113905880|14880463965817031920|9853347236088302832
dataset\_work\final\spinach\train\anomala\straw_mite__straw_mite (73).jpg,anomala,train,spinach_n56pn9fncw,4640x3472,11586792703690770124|17495515016470109900|17061486508739388644|14455488648526616792|14744281978262965490|14737628551495732384|15625272297684114632|16493456743147489004
dataset\_work\final\spinach\train\anomala\straw_mite__straw_mite (74).jpg,anomala,train,spinach_n56pn9fncw,4640x3472,12740287097074326214|17477368745216616092|14742290582131164920|14706006827259043040|11287751655150750962|14310921351783239344|16184879516529399500|17926159588258977740
dataset\_work\final\spinach\train\anomala\straw_mite__straw_mite (75).jpg,anomala,train,spinach_n56pn9fncw,4640x3472,16757355620942448332|16757497407510126284|11855175340713807596|15753080684590370504|14744269969081994984|14737514286365970152|14451509503279996634|17045622341105321636
dataset\_work\final\spinach\train\anomala\straw_mite__straw_mite (76).jpg,anomala,train,spinach_n56pn9fncw,1440x1080,16180480824697392078|17928344502580752012|9983232518965925620|12551099328553785040|10101054098503028472|14883019130144656608|15030226350033481390|17624299631214168970
dataset\_work\final\spinach\train\anomala\straw_mite__straw_mite (77).jpg,anomala,train,spinach_n56pn9fncw,1440x1080,11873625050874482120|15716461226828386028|11974576848686270664|11136138760466394348|17027633446347218138|14451361918144202660|17072036141043256218|14467971210043862694
dataset\_work\final\spinach\train\anomala\straw_mite__straw_mite (78).jpg,anomala,train,spinach_n56pn9fncw,4640x3472,14016208725004225740|13564338733765283532|17018608388516843256|14450788326864555232|14757774944435060412|14739326137319785410|16180342141820832712|17910260675825774316
dataset\_work\final\spinach\val\anomala\straw_mite__straw_mite (79).jpg,anomala,val,spinach_n56pn9fncw,1440x1080,16611130925077940931|10997252038959344700|14811544404265725168|5498415118461683952|4372041581324574360|14108306600105576166|17350270514325311052|17360301409335872973
dataset\_work\final\spinach\train\anomala\straw_mite__straw_mite (8).jpg,anomala,train,spinach_n56pn9fncw,4640x3472,11828180139152884704|15752246979837443320|16292641597740166324|13269600749875088338|17887293106315434970|16195939374605739684|15189392083767470008|12982767245642374114
dataset\_work\final\spinach\test\anomala\straw_mite__straw_mite (80).jpg,anomala,test,spinach_n56pn9fncw,4640x3472,11586792153593120708|18071975773739359964|16629426816160091884|10960660152578378952|15861171559131434234|14161343633005923488|14450984894145633432|17063737887915755494
dataset\_work\final\spinach\train\anomala\straw_mite__straw_mite (81).jpg,anomala,train,spinach_n56pn9fncw,1440x1080,14701485369036345056|14744551327015079672|14737510000863092424|14744252179494963180|17910322979257688012|16180873964563400396|17043753102955224780|14420022822483494604
dataset\_work\final\spinach\train\anomala\straw_mite__straw_mite (82).jpg,anomala,train,spinach_n56pn9fncw,1440x1080,14737927667815912326|14708257734595589774|14845897701357497576|10096898073179704032|10247508154589519564|9697253873884039116|16197815399715381132|16765832057333549006
dataset\_work\final\spinach\train\anomala\straw_mite__straw_mite (83).jpg,anomala,train,spinach_n56pn9fncw,1440x1080,10127233370558793420|14712815674279501516|10094373680985124580|14886412694191835864|14744286447996186316|14737646158791412620|15603331453543880654|16478155835381061260
dataset\_work\final\spinach\test\anomala\straw_mite__straw_mite (85).jpg,anomala,test,spinach_n56pn9fncw,4640x3472,16184817925656612552|17926190306437074924|16485025333912766180|15608410002758016728|17045908325572527864|14415497996655828192|15608925844841864408|16466900924352415460
dataset\_work\final\spinach\train\anomala\straw_mite__straw_mite (86).jpg,anomala,train,spinach_n56pn9fncw,4640x3472,10094311711789749916|14886423578142414790|14739783618807794635|14739757274086715180|14309956262995138510|11247259690237892236|3183881578092924620|14630833208409427660
dataset\_work\final\spinach\train\anomala\straw_mite__straw_mite (88).jpg,anomala,train,spinach_n56pn9fncw,4640x3472,16755100514001684124|16761895728903331782|14881910949420569592|10096555153631164128|14312276249642770152|11242683592097367784|16156192090465443468|17911718585293309902
dataset\_work\final\spinach\train\anomala\straw_mite__straw_mite (89).jpg,anomala,train,spinach_n56pn9fncw,4640x3472,10668485694955130524|15460636601255432134|14451544799220412332|17045618029767625674|14307719597371396054|11244963988105268884|14558813067257548524|12407185412076048072
dataset\_work\final\spinach\train\anomala\straw_mite__straw_mite (9).jpg,anomala,train,spinach_n56pn9fncw,4640x3472,16775507913067443086|16756828195570528910|14743401363778693100|14710541205162105032|10246317383412518120|10282600881041166056|14418396576170321612|17070623003279465420
dataset\_work\final\spinach\train\anomala\straw_mite__straw_mite (90).jpg,anomala,train,spinach_n56pn9fncw,4640x3472,13880871996860647396|17634473736049401048|14742414192770739440|14706001308551006448|15572372697730824948|16485298349491331776|17350289355724691148|17360468932126021580
dataset\_work\final\spinach\train\anomala\straw_mite__straw_mite (91).jpg,anomala,train,spinach_n56pn9fncw,4640x3472,15030243726559872926|17624304357385904006|14885304076427042796|10094364893381068488|9664543911063557876|11387111006647326416|14413250982448404108|17050376509261976526
dataset\_work\final\spinach\train\anomala\straw_mite__straw_mite (92).jpg,anomala,train,spinach_n56pn9fncw,4640x3472,14305571594138519264|11249541852819263224|11256214121758582008|14308823490467977440|17910303791075696284|16178771653325064134|16201729583159415750|17934502579108787868
dataset\_work\final\spinach\val\anomala\straw_mite__straw_mite (93).jpg,anomala,val,spinach_n56pn9fncw,4640x3472,16181032213035554436|17910312654090246110|14742026691013748716|14742009098425014984|16039353793211961080|9517833504609767136|14418893383120688844|17052654843282560716
dataset\_work\final\spinach\train\anomala\straw_mite__straw_mite (94).jpg,anomala,train,spinach_n56pn9fncw,4640x3472,16178771582171729632|17914244474181946616|14742012396966956268|14742123448042441928|17909723350820625656|16199033348223108832|14469087291526321868|17063186962084959948
dataset\_work\final\spinach\test\anomala\straw_mite__straw_mite (95).jpg,anomala,test,spinach_n56pn9fncw,4640x3472,16467299339778887364|15572997804181589724|11256222952211345096|14308845566599858412|15892691120566968024|14163411283631245284|17043902713814553542|14478552815190095516
dataset\_work\final\spinach\val\anomala\straw_mite__straw_mite (96).jpg,anomala,val,spinach_n56pn9fncw,1440x1080,17043335279014154180|14456012999629868764|14309954080212487908|11247224574952312536|15856715101124140744|14163685610213574380|15604430766261081756|16469161529781753798
dataset\_work\final\spinach\train\anomala\straw_mite__straw_mite (97).jpg,anomala,train,spinach_n56pn9fncw,4640x3472,14703746124383196816|14740056950325221366|14739766369549106058|14739766086520218538|17768716199789825996|10382595131205422796|12259751716377562828|9960617816554704588
dataset\_work\final\spinach\train\anomala\straw_mite__straw_mite (98).jpg,anomala,train,spinach_n56pn9fncw,1440x1080,15572078860795746244|16439893339989808860|10244327035252748008|10100284662945123048|15858977435018798820|14165818847808134104|16756252820346973068|16766386201998994318
dataset\_work\final\spinach\train\anomala\straw_mite__straw_mite (99).jpg,anomala,train,spinach_n56pn9fncw,4640x3472,14424505282248009228|17044782581922109903|14742026716145976293|14742027000721129304|14959053047278046188|893440338715422408|6358857649558361804|16502089625728423628
dataset\_work\final\spinach\test\saudavel\Healthy-Leaf(1399)__Healthy-Leaf (1).jpg,saudavel,test,spinach_sy69db2nz5,300x400,1024363797035321419|10309686437335764013|11325757283080474125|5065154865677012815|3282014803553227663|5442616863312131854|5696778193353788230|940775229606342045
dataset\_work\final\spinach\train\saudavel\Healthy-Leaf(1399)__Healthy-Leaf (100).jpg,saudavel,train,spinach_sy69db2nz5,433x577,4653119092148375372|9310685815952051789|10096845046841314881|10090089803530604096|5552401106362119809|5516653602823967552|4651720865513408396|4723751684121239436
dataset\_work\final\spinach\val\saudavel\Healthy-Leaf(1399)__Healthy-Leaf (1000).JPG,saudavel,val,spinach_sy69db2nz5,675x1200,17566376135011985039|3516341125448013836|3512975507792087076|17365008003572878801|871566974340942896|10369055654090295539|15117957806317567216|2614507390688084016
dataset\_work\final\spinach\test\saudavel\Healthy-Leaf(1399)__Healthy-Leaf (1001).JPG,saudavel,test,spinach_sy69db2nz5,675x1200,15513088266102998671|1182210941998406670|4620913240780203020|18301200377491937733|1016799283251144720|10342051513493309911|14256609197523008253|893008080248774720
dataset\_work\final\spinach\train\saudavel\Healthy-Leaf(1399)__Healthy-Leaf (1002).JPG,saudavel,train,spinach_sy69db2nz5,675x1200,6369935463740165903|2706820118991146255|1206991761047348292|17868286362517362884|1084621558373060645|1103211546924705368|14184313280027687159|4964106556042428432
dataset\_work\final\spinach\train\saudavel\Healthy-Leaf(1399)__Healthy-Leaf (1003).JPG,saudavel,train,spinach_sy69db2nz5,675x1200,14265940816173764124|2062732838862360199|4656942520948516367|18298948608802593039|9768004738964299804|2057802594495888069|1124156935276131069|1109728962198151232
dataset\_work\final\spinach\test\saudavel\Healthy-Leaf(1399)__Healthy-Leaf (1004).JPG,saudavel,test,spinach_sy69db2nz5,675x1200,2727101158522603406|1991794518674644110|5832382023693293664|17721924906545218777|10240108922707289115|10288274388908038181|15673871160333627637|6978499818801393744
dataset\_work\final\spinach\test\saudavel\Healthy-Leaf(1399)__Healthy-Leaf (1005).JPG,saudavel,test,spinach_sy69db2nz5,675x1200,3696477409682769419|3588698779908873263|6976243071450636820|18011274555467143569|3430714660194536753|848477234435345459|10491600179623818489|1468904224738300000
dataset\_work\final\spinach\train\saudavel\Healthy-Leaf(1399)__Healthy-Leaf (1006).JPG,saudavel,train,spinach_sy69db2nz5,675x1200,12964049779882174279|3488194620899531293|5827825716259774564|17649860680004593856|2097030111085619248|5163196225902537139|13900587328136999156|7268964411435966544
dataset\_work\final\spinach\train\saudavel\Healthy-Leaf(1399)__Healthy-Leaf (1008).JPG,saudavel,train,spinach_sy69db2nz5,675x1200,17782496143219581542|10406841959340914968|5791796899914225868|17724451686286026444|1745467891362786448|7377560071420430582|14764671531005442549|14742700637373882448
dataset\_work\final\spinach\test\saudavel\Healthy-Leaf(1399)__Healthy-Leaf (1009).JPG,saudavel,test,spinach_sy69db2nz5,675x1200,7029590285507077959|8758946055351638045|4661287454309388384|18298938389952984793|2096438597460135545|5163148051528781409|15705995302540669693|6958088079898357824
dataset\_work\final\spinach\test\saudavel\Healthy-Leaf(1399)__Healthy-Leaf (101).jpg,saudavel,test,spinach_sy69db2nz5,433x577,1748408477423961920|446285186254704512|1596318582517222948|10671909531231784274|9227659217434194182|4613695011921871640|5912431553568119444|2616110945428252438
dataset\_work\final\spinach\train\saudavel\Healthy-Leaf(1399)__Healthy-Leaf (1011).JPG,saudavel,train,spinach_sy69db2nz5,675x1200,17424012542476968677|6956968611955939352|6958088070777854156|18011838586699572428|1736188015230749792|16528855273075887857|14764178949209061113|14760715034331484256
dataset\_work\final\spinach\train\saudavel\Healthy-Leaf(1399)__Healthy-Leaf (1012).jpg,saudavel,train,spinach_sy69db2nz5,900x1200,5191557537800341128|17135782165432671726|12719998418917694656|17482479158365243120|17193923240805256941|9819702162888723528|17349703165250805490|13879001305231623856
dataset\_work\final\spinach\train\saudavel\Healthy-Leaf(1399)__Healthy-Leaf (1013).jpg,saudavel,train,spinach_sy69db2nz5,900x1200,1299301712776266432|13235322426773454588|9233015986751235728|17778852362804041974|18212160620601519543|13835645289082128402|17768965588474706934|10405231652942062208
dataset\_work\final\spinach\train\saudavel\Healthy-Leaf(1399)__Healthy-Leaf (1014).jpg,saudavel,train,spinach_sy69db2nz5,900x1200,3192082461946711080|14613493147554533098|9227882384740797472|18372327181709643106|16919627510236237258|2921734679819078700|7101347731920058366|2327392557237407872
dataset\_work\final\spinach\train\saudavel\Healthy-Leaf(1399)__Healthy-Leaf (1015).jpg,saudavel,train,spinach_sy69db2nz5,900x1200,16198487123166727912|17315379676337114856|12704257741877102256|17477650085840330226|16757356720091974896|16757356669156379872|17482153565678374386|12702006027627220656
dataset\_work\final\spinach\train\saudavel\Healthy-Leaf(1399)__Healthy-Leaf (1016).jpg,saudavel,train,spinach_sy69db2nz5,900x1200,17027712198138089096|14451090365004287470|11569205431659580640|18054428631506537712|17189437336578329800|9821958309015867116|17351408473492393722|16198487122898030240
dataset\_work\final\spinach\train\saudavel\Healthy-Leaf(1399)__Healthy-Leaf (1017).jpg,saudavel,train,spinach_sy69db2nz5,900x1200,10388685613159908196|17746891308106399448|12700998737536468112|17455177065072351478|15581933677995575798|7242803082357517456|17787017473594179058|10431615585229161392
dataset\_work\final\spinach\train\saudavel\Healthy-Leaf(1399)__Healthy-Leaf (1018).jpg,saudavel,train,spinach_sy69db2nz5,900x1200,12127797040634072010|14595346273455247276|9693737730353645472|10961259184433011954|12398162603532520906|14558737999255260840|17445852227216809624|11585377185641498502
dataset\_work\final\spinach\train\saudavel\Healthy-Leaf(1399)__Healthy-Leaf (1019).jpg,saudavel,train,spinach_sy69db2nz5,900x1200,10379968204534140552|17748560336893939172|10396149686699714192|17770410347566373366|16468861381031841782|9821817709209193872|17769407764082105846|10405151405509396112
dataset\_work\final\spinach\train\saudavel\Healthy-Leaf(1399)__Healthy-Leaf (102).jpg,saudavel,train,spinach_sy69db2nz5,433x577,2471497747302133385|2453641729501760328|2325694721844266790|188339878434315674|5191250885985307938|9884872639569611810|11105065375180430594|2758321761048544800
dataset\_work\final\spinach\train\saudavel\Healthy-Leaf(1399)__Healthy-Leaf (1020).jpg,saudavel,train,spinach_sy69db2nz5,900x1200,2903852566428003332|16955364983637527518|9241558024265844912|18374059822931700978|16054153473784958443|300628600373005352|17504539690748280318|12738579048341192832
dataset\_work\final\spinach\val\saudavel\Healthy-Leaf(1399)__Healthy-Leaf (1021).jpg,saudavel,val,spinach_sy69db2nz5,900x1200,10397699478606187692|17459769204920471242|10963035874635769488|16634359886269815026|14613782800198749682|12397448936649673872|17480755038562212326|10405152522133513368
dataset\_work\final\spinach\val\saudavel\Healthy-Leaf(1399)__Healthy-Leaf (1022).jpg,saudavel,val,spinach_sy69db2nz5,900x1200,3191940042181201068|14577534680809000394|9286579692319426578|18372450206828382646|14613493177538989514|12415454981313547308|13171214883897669886|1317318400259645568
dataset\_work\final\spinach\train\saudavel\Healthy-Leaf(1399)__Healthy-Leaf (1023).jpg,saudavel,train,spinach_sy69db2nz5,900x1200,1173342281052080256|15342020751914954238|9232465575816218640|18373434815049296116|18369496366411868628|9243654206392125456|17647581770755734526|1173342216631754880
dataset\_work\final\spinach\test\saudavel\Healthy-Leaf(1399)__Healthy-Leaf (1024).jpg,saudavel,test,spinach_sy69db2nz5,900x1200,5228122999899786956|17045736647401344716|12452192639548360384|14559072319570943728|14703750491966246636|14739739706556583496|17338365069929942218|13872779186371022764
dataset\_work\final\spinach\train\saudavel\Healthy-Leaf(1399)__Healthy-Leaf (1025).jpg,saudavel,train,spinach_sy69db2nz5,900x1200,9803921355753019536|17046016966686336502|12739564069418994912|17495534106594758384|17790799720837189612|10401211324784053896|17351893394164534514|16180320922979716272
dataset\_work\final\spinach\test\saudavel\Healthy-Leaf(1399)__Healthy-Leaf (1026).jpg,saudavel,test,spinach_sy69db2nz5,900x1200,5191539894133329640|17100043674120065000|10395582390500560608|17788407257027284728|16757778932757909485|16721326771811519560|17910278310925884918|16180895950741914768
dataset\_work\final\spinach\train\saudavel\Healthy-Leaf(1399)__Healthy-Leaf (1028).jpg,saudavel,train,spinach_sy69db2nz5,900x1200,2613942194315611224|15824969825238044132|11568628479441125506|18072557233128754362|16486998970461494747|6362625934148126244|13424260784588836602|9385657819841596576
dataset\_work\final\spinach\train\saudavel\Healthy-Leaf(1399)__Healthy-Leaf (1029).jpg,saudavel,train,spinach_sy69db2nz5,900x1200,5191970898320950956|17100051922336260042|11547803506249731232|18067508389753114354|14600554094920093677|12395760045727812936|17496097091115531514|11568628303540142752
dataset\_work\final\spinach\train\saudavel\Healthy-Leaf(1399)__Healthy-Leaf (1030).jpg,saudavel,train,spinach_sy69db2nz5,900x1200,5209686371745631432|17027439605681999596|12701987181443927712|17482021779237932258|17063601512067780076|14450950778439224392|16324455988862033138|11587347475857819312
dataset\_work\final\spinach\train\saudavel\Healthy-Leaf(1399)__Healthy-Leaf (1031).jpg,saudavel,train,spinach_sy69db2nz5,900x1200,3480594381525093480|17531825723405225961|9241401910258192032|18373999384217947634|16847860221694856691|7497374240590417200|17477781993085206014|11551326255287517312
dataset\_work\final\spinach\val\saudavel\Healthy-Leaf(1399)__Healthy-Leaf (1033).jpg,saudavel,val,spinach_sy69db2nz5,900x1200,2903843396353985032|16919353145974304751|11584953856627756704|18058483545160453370|17271074975094066666|579287644740406312|18053952594646113530|11587363968993642144
dataset\_work\final\spinach\train\saudavel\Healthy-Leaf(1399)__Healthy-Leaf (1034).jpg,saudavel,train,spinach_sy69db2nz5,900x1200,12109491232939314348|16883307291096371146|11585666408604159136|17504522064871017698|14614057196817632746|12397299362408828328|16342612206720838898|11586642620923693216
dataset\_work\final\spinach\val\saudavel\Healthy-Leaf(1399)__Healthy-Leaf (1036).jpg,saudavel,val,spinach_sy69db2nz5,900x1200,2308249387421943832|17504592997852769767|9232393108980498464|18373507279754289394|16712239838900710642|1749732664888002592|17501214786762832894|2305996973557948544
dataset\_work\final\spinach\train\saudavel\Healthy-Leaf(1399)__Healthy-Leaf (1037).jpg,saudavel,train,spinach_sy69db2nz5,900x1200,2903860886198707332|16919344400958478814|11548362109705145376|17500318667954376162|16058040850715168234|9539756744366246952|16342875419631934962|2327391401958327456
dataset\_work\final\spinach\train\saudavel\Healthy-Leaf(1399)__Healthy-Leaf (104).jpg,saudavel,train,spinach_sy69db2nz5,433x577,1318866525500608516|2470521846240773640|1459321499781385250|1585634353349528866|578156884399114530|292907724898716946|2453632864123486486|2471507625214033940
dataset\_work\final\spinach\train\saudavel\Healthy-Leaf(1399)__Healthy-Leaf (1040).jpg,saudavel,train,spinach_sy69db2nz5,900x1200,2596479177390949960|15179609658292149996|10386505374345135632|17787561727401826502|17050231435443480786|5189859926055061540|14310220827727878902|1154759474041791632
dataset\_work\final\spinach\train\saudavel\Healthy-Leaf(1399)__Healthy-Leaf (1041).jpg,saudavel,train,spinach_sy69db2nz5,900x1200,5228159300695428680|14811805959183634413|11566953632642342736|17914817043149817541|17117943757302107853|5192117223973949000|14197051476172840696|5809378979573106336
dataset\_work\final\spinach\test\saudavel\Healthy-Leaf(1399)__Healthy-Leaf (1042).jpg,saudavel,test,spinach_sy69db2nz5,900x1200,1174751307568189184|11694034137804378111|9242379513802737184|18319832063992044994|18378942925801146786|4229903231634704|14023380307506249214|2325703587394962304
dataset\_work\final\spinach\train\saudavel\Healthy-Leaf(1399)__Healthy-Leaf (1043).jpg,saudavel,train,spinach_sy69db2nz5,900x1200,3048248683768808448|742405777634352862|2324989970047452704|17500317514614086978|16059298674971135242|37180050244521258|4800025845062098418|2325553091128476704
dataset\_work\final\spinach\train\saudavel\Healthy-Leaf(1399)__Healthy-Leaf (1046).jpg,saudavel,train,spinach_sy69db2nz5,900x1200,5191698292527530690|17100033744148348604|12702265444113024672|17445887256634563810|13600350973557362669|13979765996485741640|16328986903803993330|11566953820420523952
dataset\_work\final\spinach\test\saudavel\Healthy-Leaf(1399)__Healthy-Leaf (1047).jpg,saudavel,test,spinach_sy69db2nz5,900x1200,5191548827397229384|17136080150533189357|16755382014647436960|16725866724378779378|17090640684837687277|5227301527207939144|17482445005048454888|11566940540575647720
dataset\_work\final\spinach\train\saudavel\Healthy-Leaf(1399)__Healthy-Leaf (1048).jpg,saudavel,train,spinach_sy69db2nz5,900x1200,3479202399804954324|17504865698282706644|10962468595557191328|16625106362653641970|15318448343555173874|15318447839078271024|17477359901142333670|11587356272219071128
dataset\_work\final\spinach\train\saudavel\Healthy-Leaf(1399)__Healthy-Leaf (1049).jpg,saudavel,train,spinach_sy69db2nz5,900x1200,10396643878849421016|17793103781753227236|9223599734604900240|18374418298679598020|16467147173806337526|15572901223925041296|14130954497472397310|10387415114860920960
dataset\_work\final\spinach\train\saudavel\Healthy-Leaf(1399)__Healthy-Leaf (105).jpg,saudavel,train,spinach_sy69db2nz5,433x577,1450244354682392580|1441800105375368712|873783593804963862|865268432424993300|578155711994593812|292835743121612820|1441729184728416780|1594361746041937932
dataset\_work\final\spinach\train\saudavel\Healthy-Leaf(1399)__Healthy-Leaf (1050).jpg,saudavel,train,spinach_sy69db2nz5,900x1200,12127215330062732800|16919353197243371261|11548511642700433056|18058464853521505778|18270557364503367146|39985969826778280|17482136196637170938|11549093130335569056
dataset\_work\final\spinach\train\saudavel\Healthy-Leaf(1399)__Healthy-Leaf (1051).jpg,saudavel,train,spinach_sy69db2nz5,900x1200,6385002660131903120|16557087205510060022|12703686030315195968|17495655774290939616|17768836980249446117|10382510279376673880|16180904678644436466|4651663398521490608
dataset\_work\final\spinach\train\saudavel\Healthy-Leaf(1399)__Healthy-Leaf (1052).jpg,saudavel,train,spinach_sy69db2nz5,900x1200,5516358735633812296|14811828104170254060|16323027740965179080|13267093242433212136|17018600717674319565|5227292730644467276|16757391792519716536|14451509485359564770
dataset\_work\final\spinach\train\saudavel\Healthy-Leaf(1399)__Healthy-Leaf (1053).jpg,saudavel,train,spinach_sy69db2nz5,900x1200,9803226033222258392|17063865463973842916|11567094369257754348|18058913539965292232|16469443055490420716|15568402072218766472|14451522558973353722|17045569555462850208
dataset\_work\final\spinach\test\saudavel\Healthy-Leaf(1399)__Healthy-Leaf (1054).jpg,saudavel,test,spinach_sy69db2nz5,900x1200,2904420519902676588|16973282180800945864|16466883323509065380|15608921308682689746|14456021623250521579|7819980783041596968|15176020285729513176|11873334900224394980
dataset\_work\final\spinach\val\saudavel\Healthy-Leaf(1399)__Healthy-Leaf (1055).jpg,saudavel,val,spinach_sy69db2nz5,900x1200,5192112825456330436|17117644690879389644|11855175417315951520|15608965186672606946|14744564415052877549|14124998254073941576|16302484396255977176|11566104808927233700
dataset\_work\final\spinach\train\saudavel\Healthy-Leaf(1399)__Healthy-Leaf (1056).jpg,saudavel,train,spinach_sy69db2nz5,900x1200,3192091193162204672|14613501426439528442|11530361953323468448|18071880045837589986|18059319225068473802|1713155207482412|16329381663374560506|11549065796954293408
dataset\_work\final\spinach\test\saudavel\Healthy-Leaf(1399)__Healthy-Leaf (1057).jpg,saudavel,test,spinach_sy69db2nz5,900x1200,6487590971068271660|11947854401383615947|10428302701262980256|17789953616524598498|14685550701641125797|3192082979078604890|16347115688170414838|11584390906325153936
dataset\_work\final\spinach\val\saudavel\Healthy-Leaf(1399)__Healthy-Leaf (1059).jpg,saudavel,val,spinach_sy69db2nz5,900x1200,12702700192849693640|17468776370478124780|10396145907128550552|17769266816810409446|17009557236135980530|14450669167609530800|16635485820251183606|10972043110531942032
dataset\_work\final\spinach\test\saudavel\Healthy-Leaf(1399)__Healthy-Leaf (106).jpg,saudavel,test,spinach_sy69db2nz5,433x577,576542792844388372|288280156136344084|293310186964910604|587165657742647308|1444051629105807364|1452496150451585032|873714846389511688|865267955700339204
dataset\_work\final\spinach\train\saudavel\Healthy-Leaf(1399)__Healthy-Leaf (1060).jpg,saudavel,train,spinach_sy69db2nz5,900x1200,11549917297767304608|17468845675797958138|9846151499276504208|17211225082765954550|18036088122626698738|11551046496208832928|17784026733101374190|10397701134315594888
dataset\_work\final\spinach\val\saudavel\Healthy-Leaf(1399)__Healthy-Leaf (1061).jpg,saudavel,val,spinach_sy69db2nz5,900x1200,5808533094825134028|11945392528487550924|11728375235880912838|13419616636410470044|14704001112098195109|14701762557351205968|11249476246453501114|14305450222825751458
dataset\_work\final\spinach\val\saudavel\Healthy-Leaf(1399)__Healthy-Leaf (1062).jpg,saudavel,val,spinach_sy69db2nz5,900x1200,5192111760169207398|17117785514133135000|12719878554432800460|16329092491682225864|10997292414134619885|7387595585116048968|14456052460652305634|14737487752058013360
dataset\_work\final\spinach\train\saudavel\Healthy-Leaf(1399)__Healthy-Leaf (1063).jpg,saudavel,train,spinach_sy69db2nz5,900x1200,11554440692978633632|17898859723739704826|10404027171907487872|17769266885134642430|18027079340671788536|11550413199004031392|18369214343815272950|9279682457966699152
dataset\_work\final\spinach\train\saudavel\Healthy-Leaf(1399)__Healthy-Leaf (1064).jpg,saudavel,train,spinach_sy69db2nz5,900x1200,9517815869909714866|16039349239271005618|16178683733341510784|15608916911114668016|12834465275952207838|12846389479351719556|17349997886171225816|9231312826385794784
dataset\_work\final\spinach\train\saudavel\Healthy-Leaf(1399)__Healthy-Leaf (1065).jpg,saudavel,train,spinach_sy69db2nz5,900x1200,14415193470456434376|16739474743812919276|9242674148491855748|17788433662420590552|17046009173483933416|14415483780029353416|15573216850953559542|9513725652295173248
dataset\_work\final\spinach\test\saudavel\Healthy-Leaf(1399)__Healthy-Leaf (1066).jpg,saudavel,test,spinach_sy69db2nz5,900x1200,7533701988685131676|16811540687259632582|11837301739048372166|15752797731272728216|14268286558210051817|11254278998338211176|10961223965299613146|14305428061129754276
dataset\_work\final\spinach\train\saudavel\Healthy-Leaf(1399)__Healthy-Leaf (1067).jpg,saudavel,train,spinach_sy69db2nz5,900x1200,11843232294565715592|15719047725664143342|9232462331429504928|18373328815731449082|17187881976443839962|9808283730129542052|18022314148002397182|11585236415810314368
dataset\_work\final\spinach\train\saudavel\Healthy-Leaf(1399)__Healthy-Leaf (1068).jpg,saudavel,train,spinach_sy69db2nz5,900x1200,16721318044370931652|16721732526901497820|11533171256997676964|18054384565804801754|15856909576848216040|14127527062366195432|15717025292194123514|11855469983822646944
dataset\_work\final\spinach\val\saudavel\Healthy-Leaf(1399)__Healthy-Leaf (1069).jpg,saudavel,val,spinach_sy69db2nz5,900x1200,14305181873261219556|11285478638014140120|16466856127030070988|15609088289294225096|15604435301174582940|16469126326955509446|14451513814058770136|14739743933811033828
dataset\_work\final\spinach\train\saudavel\Healthy-Leaf(1399)__Healthy-Leaf (107).jpg,saudavel,train,spinach_sy69db2nz5,433x577,1453059170890614836|1453059070369859602|873783568152011794|865339419788122660|1299304570812181012|3749403948374370836|2601564455230571020|1307247404156526604
dataset\_work\final\spinach\train\saudavel\Healthy-Leaf(1399)__Healthy-Leaf (1070).jpg,saudavel,train,spinach_sy69db2nz5,900x1200,11842670512869690976|15736991718913248761|9233512348189609136|17211525283734081010|17982053177734096346|6939650201244031396|17495815031602797550|12703535484597838976
dataset\_work\final\spinach\train\saudavel\Healthy-Leaf(1399)__Healthy-Leaf (1071).jpg,saudavel,train,spinach_sy69db2nz5,900x1200,14703737177561075656|14739730790206344940|14017219692919686860|13555319409657487052|17009571510467923660|14451834785379323596|14744388347299045052|14737491393721894850
dataset\_work\final\spinach\train\saudavel\Healthy-Leaf(1399)__Healthy-Leaf (1072).jpg,saudavel,train,spinach_sy69db2nz5,900x1200,16433238267624132312|15604715608524394212|16180900486421317280|17910295894328581858|16433097564495450072|15604435232933482212|16329655442070802168|11566957050833112800
dataset\_work\final\spinach\test\saudavel\Healthy-Leaf(1399)__Healthy-Leaf (1074).jpg,saudavel,test,spinach_sy69db2nz5,900x1200,5228158149980032492|17045732317534310088|11566957050901008068|17914922510434668248|14433481600595103468|17045314451980848712|15604439570716270328|14163301064678737568
dataset\_work\final\spinach\train\saudavel\Healthy-Leaf(1399)__Healthy-Leaf (1075).jpg,saudavel,train,spinach_sy69db2nz5,900x1200,14722150664220069322|14703573420596415916|13172217879826189810|10541949283540094112|12415727662638960076|14577481420681662412|11550773226481601682|17495664657558326710
dataset\_work\final\spinach\train\saudavel\Healthy-Leaf(1399)__Healthy-Leaf (1076).jpg,saudavel,train,spinach_sy69db2nz5,900x1200,14559465373282305932|12416220241289748172|9809546988063524504|17201848692208803042|14708219303879397292|10126087707443334602|16328960482104752622|10990479839148057224
dataset\_work\final\spinach\test\saudavel\Healthy-Leaf(1399)__Healthy-Leaf (1078).jpg,saudavel,test,spinach_sy69db2nz5,900x1200,10667705417167981712|15433639722828451062|9236960364313976960|18371200195121511414|17747714809820688342|10433941582738426772|17797043886562866174|9232462831260414080
dataset\_work\final\spinach\train\saudavel\Healthy-Leaf(1399)__Healthy-Leaf (1079).jpg,saudavel,train,spinach_sy69db2nz5,900x1200,12847940787112185800|12848082778733350892|11837310466563983268|15752806561456463322|17009874890457566642|14415761922061127090|15716733732636761562|11837587440817882788
dataset\_work\final\spinach\train\saudavel\Healthy-Leaf(1399)__Healthy-Leaf (108).jpg,saudavel,train,spinach_sy69db2nz5,433x577,2308249902667928576|147508895376807424|577756033096554532|292776096775930898|6233193947466754|5729061415225376|1298178051504738308|2600986079621940232
dataset\_work\final\spinach\train\saudavel\Healthy-Leaf(1399)__Healthy-Leaf (1080).jpg,saudavel,train,spinach_sy69db2nz5,900x1200,5516080576841256136|14721861526970421228|12739574089375780808|17495375399163465448|17064014859518037708|14414912068225240396|16721371904200396018|14451773144342449328
dataset\_work\final\spinach\train\saudavel\Healthy-Leaf(1399)__Healthy-Leaf (1081).jpg,saudavel,train,spinach_sy69db2nz5,900x1200,5192111674605379272|17045727730445813740|11566953631099357092|17482471479291879130|17043660614365843180|14419966488818880072|15717025240992685810|11855469880274028192
dataset\_work\final\spinach\train\saudavel\Healthy-Leaf(1399)__Healthy-Leaf (1082).jpg,saudavel,train,spinach_sy69db2nz5,900x1200,14451494864493661640|16721477559667018988|12703544209691352256|17495797474051737272|17027158079510089448|14469368576844664520|13314337178555239922|13879002267229506736
dataset\_work\final\spinach\val\saudavel\Healthy-Leaf(1399)__Healthy-Leaf (1083).jpg,saudavel,val,spinach_sy69db2nz5,900x1200,17018591921581268687|14450655971406186252|16180891432061439748|16757391854190399455|866673595349961672|14924418094853992172|16073078098215014120|292504199442435808
dataset\_work\final\spinach\train\saudavel\Healthy-Leaf(1399)__Healthy-Leaf (1085).jpg,saudavel,train,spinach_sy69db2nz5,900x1200,12703966349393566948|11695160589084509912|10431478197891057296|17788249906538781174|15620321442733641122|16473074617230970288|17769267026533014774|10396145306160776336
dataset\_work\final\spinach\test\saudavel\Healthy-Leaf(1399)__Healthy-Leaf (1086).jpg,saudavel,test,spinach_sy69db2nz5,900x1200,13879280645258005720|12702059235761900772|9232535414660566432|18372872487811632880|16486709117567059632|15622017433489677760|17315934964210924030|11568918578645049472
dataset\_work\final\spinach\val\saudavel\Healthy-Leaf(1399)__Healthy-Leaf (1087).jpg,saudavel,val,spinach_sy69db2nz5,900x1200,14703854790590729672|14740165167838351340|12739573007178499744|17495515999546350834|17027995391436951500|14415202266155192012|17481882192271363314|11566940540508228784
dataset\_work\final\spinach\train\saudavel\Healthy-Leaf(1399)__Healthy-Leaf (1088).jpg,saudavel,train,spinach_sy69db2nz5,900x1200,11819299417920342252|15748971568782896840|16180323255902441120|17333949921133300978|14478517820072562650|17043906888394475172|17477501705767587568|11569200106142862560
dataset\_work\final\spinach\train\saudavel\Healthy-Leaf(1399)__Healthy-Leaf (109).jpg,saudavel,train,spinach_sy69db2nz5,433x577,869209088675610628|577102929745281050|297322847792463878|865339353358729228|1873583851377787400|288245314300481548|864723699579552268|432423657710362628
dataset\_work\final\spinach\train\saudavel\Healthy-Leaf(1399)__Healthy-Leaf (1090).jpg,saudavel,train,spinach_sy69db2nz5,900x1200,14451090257217506476|17027712853321108682|9259433849942609056|18374272097394347770|14613211672779050732|12451483295023533256|18072539701340274430|11568637103593914496
dataset\_work\final\spinach\val\saudavel\Healthy-Leaf(1399)__Healthy-Leaf (1091).jpg,saudavel,val,spinach_sy69db2nz5,900x1200,12416009242569256136|14595495716228811500|11568919660909578368|8812998267421781494|17062605229626658250|14460018882343489196|17793104336340864634|9243792197458824608
dataset\_work\final\spinach\val\saudavel\Healthy-Leaf(1399)__Healthy-Leaf (1092).jpg,saudavel,val,spinach_sy69db2nz5,900x1200,17009698985240054984|14451512611433270764|16252679869456878752|8669014917791600378|17063450793267859144|14433067135713873644|18072530956853923448|11568654645112770017
dataset\_work\final\spinach\test\saudavel\Healthy-Leaf(1399)__Healthy-Leaf (1094).jpg,saudavel,test,spinach_sy69db2nz5,900x1200,12127506146576977096|16883307355655622124|10396716038133008048|17504803574073171442|17063461274858180074|14432935123367120296|17482303253685136882|12701987181511461008
dataset\_work\final\spinach\train\saudavel\Healthy-Leaf(1399)__Healthy-Leaf (1095).jpg,saudavel,train,spinach_sy69db2nz5,900x1200,12127520990261316836|12271542172255702744|9250541034332441776|18372889942818737394|15622572143014202794|16468711755092872616|17495374230535993854|12703686064012157056
dataset\_work\final\spinach\train\saudavel\Healthy-Leaf(1399)__Healthy-Leaf (1096).jpg,saudavel,train,spinach_sy69db2nz5,900x1200,14415343557760716780|12416307719708741576|12702269858600944816|17445852261708193522|14415791712013537196|17009967199505747400|17500441897403817202|12719307788116248496
dataset\_work\final\spinach\train\saudavel\Healthy-Leaf(1399)__Healthy-Leaf (1097).jpg,saudavel,train,spinach_sy69db2nz5,900x1200,14450941812495240648|17063592767160470956|16347096926000225526|11584540474471859856|12415727108982034156|14433366769400777928|10432033400193729696|17770112482255232226
dataset\_work\final\spinach\test\saudavel\Healthy-Leaf(1399)__Healthy-Leaf (1098).jpg,saudavel,test,spinach_sy69db2nz5,900x1200,3048248885749618384|12271621324209100788|9244912651355276964|18360346886238280914|17624722344009158058|14994196294037032234|15176055676193394174|11873330450376641664
dataset\_work\final\spinach\test\saudavel\Healthy-Leaf(1399)__Healthy-Leaf (1099).jpg,saudavel,test,spinach_sy69db2nz5,900x1200,10109620272947207880|14757616716983273452|11584959387999651744|17481899578896555234|17043634209577946572|14419993014612413580|16292948400225098994|11585240674735998624
dataset\_work\final\spinach\train\saudavel\Healthy-Leaf(1399)__Healthy-Leaf (110).jpg,saudavel,train,spinach_sy69db2nz5,433x577,2597043744448452096|1308382134511080960|576475722639278092|288314240996868102|6193027669174290|6193130349857316|432431662321369092|864846767819915272
dataset\_work\final\spinach\train\saudavel\Healthy-Leaf(1399)__Healthy-Leaf (1100).jpg,saudavel,train,spinach_sy69db2nz5,900x1200,5192253580057677516|17045867334202789580|11566940557284902576|17914790568813108450|14739884721229434860|14739742884640525896|16329101236166958840|12719860859703625376
dataset\_work\final\spinach\train\saudavel\Healthy-Leaf(1399)__Healthy-Leaf (1101).jpg,saudavel,train,spinach_sy69db2nz5,900x1200,16757778915703295944|16721326875235782252|16329523535067729640|11566940643520908520|7786335744940183272|14451776494425837544|16756793753620416160|16775371204761460450
dataset\_work\final\spinach\train\saudavel\Healthy-Leaf(1399)__Healthy-Leaf (1102).jpg,saudavel,train,spinach_sy69db2nz5,900x1200,5516380760225583052|14811784158064348876|11569214236535525068|17874266900303154888|14703741713244458701|14740012247600303692|14451513805226053368|14739744207180369568
dataset\_work\final\spinach\test\saudavel\Healthy-Leaf(1399)__Healthy-Leaf (1103).jpg,saudavel,test,spinach_sy69db2nz5,900x1200,6529399408949923784|11837314881783533544|11837301533359440868|15752797783284195032|16721626887559268004|14415770684197608794|15572945288559500762|16466025703768016548
dataset\_work\final\spinach\train\saudavel\Healthy-Leaf(1399)__Healthy-Leaf (1104).jpg,saudavel,train,spinach_sy69db2nz5,900x1200,12847940838450203876|12848081473463373784|11549065659120568224|18058763886058675666|15622722327036186034|16432525680808185266|15140308302016978426|11549352614542329504
dataset\_work\final\spinach\train\saudavel\Healthy-Leaf(1399)__Healthy-Leaf (1105).jpg,saudavel,train,spinach_sy69db2nz5,900x1200,17063029782856304098|14450941844765232792|16901462081752452858|12145802557017984160|10974725967952448712|16322468948002983148|11568645779636588200|18072547484215709418
dataset\_work\final\spinach\train\saudavel\Healthy-Leaf(1399)__Healthy-Leaf (1106).jpg,saudavel,train,spinach_sy69db2nz5,900x1200,5516380863307679692|14523553730236980940|15027675309909968612|17315811938891439832|14708214491985186505|14737808826700893772|15608938781348941552|16466874406678269392
dataset\_work\final\spinach\train\saudavel\Healthy-Leaf(1399)__Healthy-Leaf (1108).jpg,saudavel,train,spinach_sy69db2nz5,900x1200,5516398318857981676|14739730927510326984|16757337908193498816|16757506288091371248|14451513694159081164|17045587182002081356|17336060407866953448|13877295893432405736
dataset\_work\final\spinach\train\saudavel\Healthy-Leaf(1399)__Healthy-Leaf (1109).jpg,saudavel,train,spinach_sy69db2nz5,900x1200,10954451025209576608|16617472470535884010|11532599392378162336|16919634775291383794|16918932221931265510|11586643720225097368|17496368133749788394|11532758252538694816
dataset\_work\final\spinach\val\saudavel\Healthy-Leaf(1399)__Healthy-Leaf (111).jpg,saudavel,val,spinach_sy69db2nz5,429x582,10092328201067233555|1013058262739550007|9439889298082831239|4359311872563021598|3999017657253433102|1369451649594494860|2163772006752026428|9735442413118882179
dataset\_work\final\spinach\train\saudavel\Healthy-Leaf(1399)__Healthy-Leaf (1111).jpg,saudavel,train,spinach_sy69db2nz5,900x1200,12255726180675014024|12274445469217082606|12703685376877694112|17495796456555499250|17171264505315284906|9857700185031185834|17460041476436053490|11568654612102532272
dataset\_work\final\spinach\val\saudavel\Healthy-Leaf(1399)__Healthy-Leaf (1113).jpg,saudavel,val,spinach_sy69db2nz5,900x1200,13836771262557554404|16185821728469393112|11566936047704575688|18058941164724653800|15608973948079284192|16466870146407204544|16757356652373450490|14451513642048521888
dataset\_work\final\spinach\train\saudavel\Healthy-Leaf(1399)__Healthy-Leaf (1114).jpg,saudavel,train,spinach_sy69db2nz5,900x1200,10398265250151878312|16324720833850674666|16757339076365274272|16757365516789533938|16901189402524356066|12127796955070811792|17495532612144303848|11550754560914460392
dataset\_work\final\spinach\val\saudavel\Healthy-Leaf(1399)__Healthy-Leaf (1115).jpg,saudavel,val,spinach_sy69db2nz5,900x1200,11677013766323539912|12704257741800541928|12701997094295539396|17481863311587708632|16721310348201119408|14451786407268978082|15604442860450913522|14163406479961310896
dataset\_work\final\spinach\train\saudavel\Healthy-Leaf(1399)__Healthy-Leaf (1116).jpg,saudavel,train,spinach_sy69db2nz5,900x1200,7533984769130049192|16757356703509613546|16466861350447974338|15608965151708880536|16900658338542882536|12118679804989378152|10961215083441528536|14017189060406904548
dataset\_work\final\spinach\train\saudavel\Healthy-Leaf(1399)__Healthy-Leaf (1117).jpg,saudavel,train,spinach_sy69db2nz5,900x1200,11717554976513265560|12845540656508768230|11837574195196694444|15716769123434171592|16577480999056131250|10957028349588708770|14414930777910156762|12434164977517152164
dataset\_work\final\spinach\test\saudavel\Healthy-Leaf(1399)__Healthy-Leaf (1118).jpg,saudavel,test,spinach_sy69db2nz5,900x1200,16720755094821736080|12163817059009662710|11567094437918443238|18058368147175415448|17766167417891835560|10380277188775513320|10997401110825049338|16611111812486891168
dataset\_work\final\spinach\train\saudavel\Healthy-Leaf(1399)__Healthy-Leaf (1119).jpg,saudavel,train,spinach_sy69db2nz5,900x1200,12848081542384127936|12848081541981474812|10396140942281101232|17770428042553724402|18162752465601973682|13839296926405512626|17441612493200727542|12704530420423935632
dataset\_work\final\spinach\train\saudavel\Healthy-Leaf(1399)__Healthy-Leaf (112).jpg,saudavel,train,spinach_sy69db2nz5,429x582,5516394066072110862|5588451790066360078|9735429243572555590|2028717103721680413|1017617043767922253|1010861360355708492|2093636223346353948|5084307824518962055
dataset\_work\final\spinach\val\saudavel\Healthy-Leaf(1399)__Healthy-Leaf (1120).jpg,saudavel,val,spinach_sy69db2nz5,900x1200,11982826462652600112|10533161462783675891|9233583283810749602|18310260832931335602|17513670020197920146|3463143968199232422|12884128051782032382|11694869886299219072
dataset\_work\final\spinach\train\saudavel\Healthy-Leaf(1399)__Healthy-Leaf (1121).jpg,saudavel,train,spinach_sy69db2nz5,900x1200,5516370968237706444|14739884842100969416|16180315443089346240|17351840684841602784|14469950339435433676|14703151258120130124|16180913646268829424|13875057339834797280
dataset\_work\final\spinach\val\saudavel\Healthy-Leaf(1399)__Healthy-Leaf (1122).jpg,saudavel,val,spinach_sy69db2nz5,900x1200,14739726374576475336|14739752918086831596|16180314361494408896|17928442036430540536|17063460826446270156|14432935176860831436|17910427646477455096|13875034439136218336
dataset\_work\final\spinach\train\saudavel\Healthy-Leaf(1399)__Healthy-Leaf (1124).jpg,saudavel,train,spinach_sy69db2nz5,900x1200,10528333060884629216|13026410388132962040|11819304847430594176|15753070582156725216|17914790638262142900|16178626593229839506|16180055958748569306|9236362952017905316
dataset\_work\final\spinach\train\saudavel\Healthy-Leaf(1399)__Healthy-Leaf (1125).jpg,saudavel,train,spinach_sy69db2nz5,675x1200,7533975974417215240|7533412921176558472|14307829635178269639|11244931929598209564|9802948088439999592|589821352875101800|2030602276368158364|14378756931263107014
dataset\_work\final\spinach\test\saudavel\Healthy-Leaf(1399)__Healthy-Leaf (1126).jpg,saudavel,test,spinach_sy69db2nz5,675x1200,7623484948420037506|7623484947818819344|14396771105561364166|2030039516132547736|1166229208092888169|9370615804385545321|10960659985023249436|14323301738593635271
dataset\_work\final\spinach\train\saudavel\Healthy-Leaf(1399)__Healthy-Leaf (1127).jpg,saudavel,train,spinach_sy69db2nz5,675x1200,8128045818399073280|17351250225412231932|17351415220875942646|17351461801350833168|18217795164687486192|46380199094176880|1199160966081072368|17787702500063497456
dataset\_work\final\spinach\test\saudavel\Healthy-Leaf(1399)__Healthy-Leaf (1128).jpg,saudavel,test,spinach_sy69db2nz5,675x1200,18441553429903766014|20281845141487616|17351680651699277555|3464038332632080|18027658064316416|18370688720414174719|1156385269135313920|17568134900233391600
dataset\_work\final\spinach\train\saudavel\Healthy-Leaf(1399)__Healthy-Leaf (113).jpg,saudavel,train,spinach_sy69db2nz5,428x583,10240918712447077139|1010863559846866743|807650008327589767|3410145318360256286|3976413802421749518|1372207473616560014|2166041673829012271|9732055909153715467
dataset\_work\final\spinach\train\saudavel\Healthy-Leaf(1399)__Healthy-Leaf (1130).jpg,saudavel,train,spinach_sy69db2nz5,675x1200,18444930548732197887|27177891834363904|17351398068625928440|17351470817487417568|149585767849984|18445599274261477887|16208706601296514288|17938075482969656560
dataset\_work\final\spinach\train\saudavel\Healthy-Leaf(1399)__Healthy-Leaf (1132).jpg,saudavel,train,spinach_sy69db2nz5,675x1200,17647439315007713280|15051254867325416415|18229107414501553151|13880319203645075456|16137466802451833040|13594974038583540|13594700108570816|18443310907117075196
dataset\_work\final\spinach\train\saudavel\Healthy-Leaf(1399)__Healthy-Leaf (1133).jpg,saudavel,train,spinach_sy69db2nz5,675x1200,13179938338146923084|27178379485392904|17647580121488214260|15053506632636869840|590196498345385984|5526704637732513974|15036479595577403600|17638502553493498100
dataset\_work\final\spinach\test\saudavel\Healthy-Leaf(1399)__Healthy-Leaf (1138).jpg,saudavel,test,spinach_sy69db2nz5,675x1200,2363420185967092752|18144033382949902839|17351417458285399264|17351390814005546160|17859461959029542139|1181225266669603872|12739775711926471920|16198493613475155184
dataset\_work\final\spinach\train\saudavel\Healthy-Leaf(1399)__Healthy-Leaf (1139).jpg,saudavel,train,spinach_sy69db2nz5,675x1200,14296904167437693694|10693951341556441088|17638572913614188792|15044499709342052576|45255959107102868|18371005931469039814|16208680213017315536|17938062288834316532
dataset\_work\final\spinach\train\saudavel\Healthy-Leaf(1399)__Healthy-Leaf (114).jpg,saudavel,train,spinach_sy69db2nz5,413x604,904954468006037263|1084856431587958543|223778462355359559|4334537848833646108|1089617385388707343|1082947774125412108|2026117669930870588|5118080861795064579
dataset\_work\final\spinach\train\saudavel\Healthy-Leaf(1399)__Healthy-Leaf (1141).jpg,saudavel,train,spinach_sy69db2nz5,675x1200,14523580247701441697|7822197768109657184|14811835852492545240|5516508372705461988|6956943373115035244|11658727874845707977|16485025265166290508|15608410036583698125
dataset\_work\final\spinach\train\saudavel\Healthy-Leaf(1399)__Healthy-Leaf (1143).jpg,saudavel,train,spinach_sy69db2nz5,675x1200,14984263857228018660|626084557720662152|18224041072136091900|13900585429860393152|9813427763330985992|16497754772775695055|13880319231537244352|18228544671763458300
dataset\_work\final\spinach\val\saudavel\Healthy-Leaf(1399)__Healthy-Leaf (1147).jpg,saudavel,val,spinach_sy69db2nz5,675x1200,3498750935131193363|17549982328138170406|14816454228064505292|5514242706370874892|2738205701520199411|1405139810222313008|886794157698745932|14739611525196979917
dataset\_work\final\spinach\train\saudavel\Healthy-Leaf(1399)__Healthy-Leaf (1148).jpg,saudavel,train,spinach_sy69db2nz5,675x1200,8619078296854647524|1244830983191798808|17639629552925776871|1156385541861025304|1739669348626679313|16488325363007397239|1740084931118107664|16689108352060214516
dataset\_work\final\spinach\train\saudavel\Healthy-Leaf(1399)__Healthy-Leaf (115).jpg,saudavel,train,spinach_sy69db2nz5,405x615,10168599433973270279|5514384022715965215|5155787083191883655|1823517421784471324|2242532429825279820|506434253922180749|2024142664553680409|9734305327973240135
dataset\_work\final\spinach\val\saudavel\Healthy-Leaf(1399)__Healthy-Leaf (1151).jpg,saudavel,val,spinach_sy69db2nz5,675x1200,29430213533118720|18368368711872377791|17784096584708770294|10397769780354100240|13795525174945049086|13878652623022080|1165390544244591760|17782970684801928694
dataset\_work\final\spinach\val\saudavel\Healthy-Leaf(1399)__Healthy-Leaf (1154).jpg,saudavel,val,spinach_sy69db2nz5,675x1200,8182494560934366273|8182494278070505056|14883998982406053582|904825583825225228|6921486673323724401|4687138154683010673|902573784011542028|14888502582033419982
dataset\_work\final\spinach\train\saudavel\Healthy-Leaf(1399)__Healthy-Leaf (1155).jpg,saudavel,train,spinach_sy69db2nz5,675x1200,18445228013048686296|45113630060187652|18229671468543630327|13497039979536|292809320700485632|15629418830111832831|1154124947028443136|17860042051845750012
dataset\_work\final\spinach\train\saudavel\Healthy-Leaf(1399)__Healthy-Leaf (1156).jpg,saudavel,train,spinach_sy69db2nz5,675x1200,3516202078299963393|17567433061917704470|14829384484941368778|886239935118855724|1639607301265411315|90229339363200048|3192637098193472524|14595496371479825613
dataset\_work\final\spinach\train\saudavel\Healthy-Leaf(1399)__Healthy-Leaf (1157).jpg,saudavel,train,spinach_sy69db2nz5,675x1200,17782617157187515084|10442948786287850056|18372097810768976895|9227959776204694528|5238329093854784656|14750112924111259894|10210402236108928|18436502731151505150
dataset\_work\final\spinach\train\saudavel\Healthy-Leaf(1399)__Healthy-Leaf (1159).jpg,saudavel,train,spinach_sy69db2nz5,675x1200,15747977679698331520|11839417226835992512|16487567439524235206|14414938439662902940|13843840306649190052|9225398888881360090|11249493941317668040|14305441478675779556
dataset\_work\final\spinach\train\saudavel\Healthy-Leaf(1399)__Healthy-Leaf (116).jpg,saudavel,train,spinach_sy69db2nz5,488x512,8736445629427958563|7026485404512959802|4864755305967680626|4124830289008083233|4196640562051777377|2541034202918764153|2396224133296242233|8249580884342440771
dataset\_work\final\spinach\train\saudavel\Healthy-Leaf(1399)__Healthy-Leaf (1161).jpg,saudavel,train,spinach_sy69db2nz5,675x1200,8344358873059757952|3480305094122475392|16485302255861354214|15572337069380242456|9227637235925863472|9227624171232480627|1768804211489643736|16631387768774182884
dataset\_work\final\spinach\val\saudavel\Healthy-Leaf(1399)__Healthy-Leaf (1162).jpg,saudavel,val,spinach_sy69db2nz5,675x1200,7029018661212064608|8776978164413574337|16631396698532267750|9839264072347327632|13919565810912185977|6920663895197060193|10420351021964758152|16629152595299520230
dataset\_work\final\spinach\train\saudavel\Healthy-Leaf(1399)__Healthy-Leaf (1165).jpg,saudavel,train,spinach_sy69db2nz5,675x1200,6956952202461027394|13388646624206472737|16919353369579982541|2903843207240977996|2397620529701310137|4799727980950555744|5516354303100865576|14811810580978912746
dataset\_work\final\spinach\train\saudavel\Healthy-Leaf(1399)__Healthy-Leaf (1166).jpg,saudavel,train,spinach_sy69db2nz5,675x1200,18434109749040378622|14715432238264320|18370970738621337069|9272995532903959624|13589480993141760|18370777776603911167|5209686780358209664|17135526561035645694
dataset\_work\final\spinach\train\saudavel\Healthy-Leaf(1399)__Healthy-Leaf (1167).jpg,saudavel,train,spinach_sy69db2nz5,675x1200,18370638142816187357|27168962517934080|17783252159774448630|1201419341263152144|9231529817825280|15993351135500890622|1163132147361164304|17787966865638542070
dataset\_work\final\spinach\train\saudavel\Healthy-Leaf(1399)__Healthy-Leaf (1168).jpg,saudavel,train,spinach_sy69db2nz5,675x1200,17855943521351957503|1174470966269845504|17783744732378025466|1156384993183157280|9154564407118864|18445510554925583863|2327312374011137040|18072274179969633526
dataset\_work\final\spinach\test\saudavel\Healthy-Leaf(1399)__Healthy-Leaf (117).jpg,saudavel,test,spinach_sy69db2nz5,438x570,10564615878981390236|2758049236912901894|2757217911865672582|10537620859351416728|436632625219585574|11245245342621277586|10970596358173900178|9656589638719718182
dataset\_work\final\spinach\train\saudavel\Healthy-Leaf(1399)__Healthy-Leaf (1170).jpg,saudavel,train,spinach_sy69db2nz5,675x1200,5588447391143382163|5516367678225172790|16757065453320183242|2904416052807419436|3947702109789720140|10613875031704833613|3190385833052950056|14599858823994707432
dataset\_work\final\spinach\test\saudavel\Healthy-Leaf(1399)__Healthy-Leaf (1171).jpg,saudavel,test,spinach_sy69db2nz5,675x1200,6956951068262418450|17424021492295715126|17279641747246058954|598000210983407276|3947702041313267441|1317459121029418080|12415938218695216136|14595493622701805039
dataset\_work\final\spinach\train\saudavel\Healthy-Leaf(1399)__Healthy-Leaf (1172).jpg,saudavel,train,spinach_sy69db2nz5,675x1200,7606051092250692168|7533967109533412937|14883990013707980493|10128048070120607308|5273213104170700392|5190982931633376873|5516520449809223308|14811923589352033998
dataset\_work\final\spinach\val\saudavel\Healthy-Leaf(1399)__Healthy-Leaf (1174).jpg,saudavel,val,spinach_sy69db2nz5,675x1200,15341666708898001607|15341739276665401868|18446407131877735423|83864710807552|914877849608841428|14353620237189703892|83864710807552|18445562775398645503
dataset\_work\final\spinach\val\saudavel\Healthy-Leaf(1399)__Healthy-Leaf (1177).jpg,saudavel,val,spinach_sy69db2nz5,675x1200,639682724835635852|14337427699254735750|18446724066121206783|79493507853312|9706361718821025990|10102357426567962632|12469038664384512|18432051981887340543
dataset\_work\final\spinach\train\saudavel\Healthy-Leaf(1399)__Healthy-Leaf (1178).jpg,saudavel,train,spinach_sy69db2nz5,675x1200,8254006795931987025|12812185760971819637|14902013827190005453|10127634614672852556|8433565720780459697|5885130513519185010|5514242154200206476|14816453682754145998
dataset\_work\final\spinach\train\saudavel\Healthy-Leaf(1399)__Healthy-Leaf (118).jpg,saudavel,train,spinach_sy69db2nz5,433x577,6506168248690806786|2678883450337494064|6755511548117016|985330579079171|3459901427337276709|148658441216150106|216215831233692416|1729410956317956096
dataset\_work\final\spinach\val\saudavel\Healthy-Leaf(1399)__Healthy-Leaf (1182).jpg,saudavel,val,spinach_sy69db2nz5,675x1200,8348563354386104323|3586148687817965603|16775511270011866829|7497532984191782476|2558078919019316273|216180904485117043|5516494505917156456|14811950628570844904
dataset\_work\final\spinach\test\saudavel\Healthy-Leaf(1399)__Healthy-Leaf (1183).jpg,saudavel,test,spinach_sy69db2nz5,675x1200,6957515186312716558|17982327074115576076|16041150338427624922|308011155178538532|892148198105124601|1018251186694753888|2613854164392232452|15752919962275913182
dataset\_work\final\spinach\train\saudavel\Healthy-Leaf(1399)__Healthy-Leaf (1184).jpg,saudavel,train,spinach_sy69db2nz5,675x1200,17854537298519983169|1219366328629173857|17135790444107962061|5227709975905080908|7034063126371757072|4684939172766533879|5518763897916394568|14814193632290983661
dataset\_work\final\spinach\train\saudavel\Healthy-Leaf(1399)__Healthy-Leaf (1185).jpg,saudavel,train,spinach_sy69db2nz5,675x1200,17925601070475611233|16202858763882826785|14541734105485070061|5515931008354389064|2417323623587962080|7029009745101440248|5227700627924487244|17135808038458805961
dataset\_work\final\spinach\train\saudavel\Healthy-Leaf(1399)__Healthy-Leaf (1186).jpg,saudavel,train,spinach_sy69db2nz5,675x1200,11878397975495346214|5252541454098056211|18225449348068984556|20350337111989320|1388383653247509576|2776502387660871844|5232230686677288960|17061472224102182396
dataset\_work\final\spinach\train\saudavel\Healthy-Leaf(1399)__Healthy-Leaf (1187).jpg,saudavel,train,spinach_sy69db2nz5,675x1200,17064873664594165781|4662569265643094035|16568124616595131885|5784957896383941704|1405210164399092800|1567267183818232556|5209695577524947024|17135508968866442725
dataset\_work\final\spinach\train\saudavel\Healthy-Leaf(1399)__Healthy-Leaf (1189).jpg,saudavel,train,spinach_sy69db2nz5,675x1200,5300208150216388480|7894255044924345216|14956334666709176262|868691405614026396|9226482860780129901|9236679551631724105|11244941929222639116|14307671201954369487
dataset\_work\final\spinach\train\saudavel\Healthy-Leaf(1399)__Healthy-Leaf (119).jpg,saudavel,train,spinach_sy69db2nz5,433x577,6760452995305005|1143517972630858|434618422455566350|1191259388469133320|5372104987533902848|3264633227247360000|594489638177245200|1008892126338156550
dataset\_work\final\spinach\train\saudavel\Healthy-Leaf(1399)__Healthy-Leaf (1190).jpg,saudavel,train,spinach_sy69db2nz5,675x1200,7606033498084706323|7606033499091339282|16757786664236392169|7497514861527959112|1335334053495148137|1407391389835038313|5190000560413477992|16834057655283519464
dataset\_work\final\spinach\train\saudavel\Healthy-Leaf(1399)__Healthy-Leaf (1191).jpg,saudavel,train,spinach_sy69db2nz5,675x1200,3660316038846942080|3660317275799104384|16629408682203860678|10960668677507026076|9235540663474310194|9226507075403566130|11280547362119752856|14325543660182554598
dataset\_work\final\spinach\train\saudavel\Healthy-Leaf(1399)__Healthy-Leaf (1192).jpg,saudavel,train,spinach_sy69db2nz5,675x1200,17477360107533601889|3480876969653374049|16485029062253121229|6385143393266568780|6992972375160475184|7029027432708345074|5480482805283986520|14811941389978748644
dataset\_work\final\spinach\train\saudavel\Healthy-Leaf(1399)__Healthy-Leaf (1193).jpg,saudavel,train,spinach_sy69db2nz5,675x1200,17410370197013649057|3496498865491641410|14811941418561343181|5516512083019271756|4793008006500419120|11661520626493923057|5516490644691258956|14811844665822056141
dataset\_work\final\spinach\val\saudavel\Healthy-Leaf(1399)__Healthy-Leaf (1194).jpg,saudavel,val,spinach_sy69db2nz5,675x1200,17553921953697333281|3514513324531220547|14811950214637063885|5516494492981759564|4863904619573528112|2413946034730278131|5516508786632068684|14811835865434590925
dataset\_work\final\spinach\train\saudavel\Healthy-Leaf(1399)__Healthy-Leaf (1196).jpg,saudavel,train,spinach_sy69db2nz5,675x1200,15680450999767485489|7261521286571986019|17063749929286929865|5227700683825956396|7173124864182306404|3552230763642985689|3190381469634038856|14523332745588821740
dataset\_work\final\spinach\train\saudavel\Healthy-Leaf(1399)__Healthy-Leaf (1197).jpg,saudavel,train,spinach_sy69db2nz5,675x1200,16756802652063287318|16774790559206131986|17351698894892682720|2327383073551158304|1353628621176556776|1605689463225158888|2309297724467858464|16198776260826942960
dataset\_work\final\spinach\val\saudavel\Healthy-Leaf(1399)__Healthy-Leaf (1198).jpg,saudavel,val,spinach_sy69db2nz5,675x1200,14704027508388080448|14704027689885838017|14881623963598823117|10132706752148506188|13918980854152105932|4623801627738050508|5514098157184327308|14816349158392628942
dataset\_work\final\spinach\val\saudavel\Healthy-Leaf(1399)__Healthy-Leaf (12).jpg,saudavel,val,spinach_sy69db2nz5,900x1200,16199324197050011559|12685529774799326490|12709446284961779074|17472171082303623094|1877313360724102320|12056011470304956384|13136876001497676274|9371161805927637424
dataset\_work\final\spinach\train\saudavel\Healthy-Leaf(1399)__Healthy-Leaf (120).jpg,saudavel,train,spinach_sy69db2nz5,433x577,598469526359553|5632304921611840|10704034650783746|43379294731763736|4651688650403353600|76146726336987648|1729408770768738816|144122091212842496
dataset\_work\final\spinach\val\saudavel\Healthy-Leaf(1399)__Healthy-Leaf (1200).jpg,saudavel,val,spinach_sy69db2nz5,675x1200,17782900867974778017|10406848982600289570|17349772964581526774|4655768283231702032|2489652796199955600|11622839694358661622|1174469830504127552|17783745810300061424
dataset\_work\final\spinach\train\saudavel\Healthy-Leaf(1399)__Healthy-Leaf (1201).jpg,saudavel,train,spinach_sy69db2nz5,675x1200,17423880652072111123|6956952202326739251|14523007354823167458|7786327397141728288|3713514911952768096|1390643800385244913|2327383075569733228|16342892578604485833
dataset\_work\final\spinach\train\saudavel\Healthy-Leaf(1399)__Healthy-Leaf (1202).jpg,saudavel,train,spinach_sy69db2nz5,675x1200,17783745258279838182|10397841869371097088|17495796939320314871|1174470309119405072|18168390662114448|16618790664188906742|1165392193516358672|17855520860044971506
dataset\_work\final\spinach\train\saudavel\Healthy-Leaf(1399)__Healthy-Leaf (1203).jpg,saudavel,train,spinach_sy69db2nz5,675x1200,3498750665336785504|17549418836045802561|14883998981852401357|10128197622894595656|4696145388297489651|6956389501716368944|5228281793036586636|14811941246634200782
dataset\_work\final\spinach\test\saudavel\Healthy-Leaf(1399)__Healthy-Leaf (1204).jpg,saudavel,test,spinach_sy69db2nz5,675x1200,18418911103332315390|19851747241910272|17638523444211391999|1183327976943928832|27169027072148992|18370357251675168255|19851160702053392|18419052455118489844
dataset\_work\final\spinach\train\saudavel\Healthy-Leaf(1399)__Healthy-Leaf (1205).jpg,saudavel,train,spinach_sy69db2nz5,675x1200,17481863261087009381|3514654027292290129|16487289656012345036|6380622751192223308|5849093331724781104|7280644224529112306|5516511600154414168|14739884345680383716
dataset\_work\final\spinach\train\saudavel\Healthy-Leaf(1399)__Healthy-Leaf (1207).jpg,saudavel,train,spinach_sy69db2nz5,675x1200,8182494552749060161|8110436958713086569|14884007775798464206|904808474872286860|7566693240176348784|4697304342239088241|10128180593012674060|14884008186504711886
dataset\_work\final\spinach\train\saudavel\Healthy-Leaf(1399)__Healthy-Leaf (1208).jpg,saudavel,train,spinach_sy69db2nz5,675x1200,17351259025413398550|12739714792446386454|17782899764151307762|1156385548324457520|1612726371473149104|1612444896689310960|3480234159955119120|17495812880091433462
dataset\_work\final\spinach\train\saudavel\Healthy-Leaf(1399)__Healthy-Leaf (1209).jpg,saudavel,train,spinach_sy69db2nz5,675x1200,16757339282382491201|16757365542417305153|14811950218880196301|5228263565454444108|4723756142732218088|4723742794475605736|5514102640726150728|14816314163426397901
dataset\_work\final\spinach\test\saudavel\Healthy-Leaf(1399)__Healthy-Leaf (121).jpg,saudavel,test,spinach_sy69db2nz5,433x577,1154618613875543593|331048924417002570|37734206243472656|44488504421275652|5371710405533997060|2958331741485860368|313174026041073152|1154336056633427456
dataset\_work\final\spinach\train\saudavel\Healthy-Leaf(1399)__Healthy-Leaf (1210).jpg,saudavel,train,spinach_sy69db2nz5,675x1200,3516202121048109449|17567432958444069678|18130539504495091192|2325623799028253696|3342669345348111603|9885836653964020784|1202893743343136|17932662600145673467
dataset\_work\final\spinach\train\saudavel\Healthy-Leaf(1399)__Healthy-Leaf (1214).jpg,saudavel,train,spinach_sy69db2nz5,675x1200,12739854466318273408|12847801287012984768|16629136040096944102|10960651016441564312|13846096263831833778|9226489646828932528|10956138616443509912|16631687454680663782
dataset\_work\final\spinach\val\saudavel\Healthy-Leaf(1399)__Healthy-Leaf (1215).jpg,saudavel,val,spinach_sy69db2nz5,675x1200,868960691305268753|14703983795856382274|14775790528371760538|5516657974737323812|4798900375917367244|1244690117233938188|2614211023289945932|11105083070781787853
dataset\_work\final\spinach\train\saudavel\Healthy-Leaf(1399)__Healthy-Leaf (1216).jpg,saudavel,train,spinach_sy69db2nz5,675x1200,18360065324898601366|57578378941589782|17351680651733863883|2327321447129042476|1614978103104228352|10829340844349115646|3192566729445100576|14667552866006060528
dataset\_work\final\spinach\test\saudavel\Healthy-Leaf(1399)__Healthy-Leaf (1217).jpg,saudavel,test,spinach_sy69db2nz5,675x1200,17495514916685049043|12739713607295469604|17061489949293858290|5232222423424584720|2632369542991367344|15234708986143886578|1174329642704084040|17495796905363818220
dataset\_work\final\spinach\train\saudavel\Healthy-Leaf(1399)__Healthy-Leaf (1220).jpg,saudavel,train,spinach_sy69db2nz5,675x1200,8344060785721026625|3516202139194688081|17207865630332473038|616015161383619724|5837275660481973296|4695050359004974195|10127617574390107144|14902022621118779118
dataset\_work\final\spinach\train\saudavel\Healthy-Leaf(1399)__Healthy-Leaf (1223).jpg,saudavel,train,spinach_sy69db2nz5,675x1200,17863965628039903297|1182351132310602329|16485090666566567654|6385132881383820312|6449760673790322704|4699536323572066807|1768943331780107352|16629205820416902884
dataset\_work\final\spinach\test\saudavel\Healthy-Leaf(1399)__Healthy-Leaf (1225).jpg,saudavel,test,spinach_sy69db2nz5,675x1200,5480615820193893888|14487533885139652288|10236465603552452110|10236439111586252300|13839050860070375113|3952783175651148|902412156063125390|1053348869300752270
dataset\_work\final\spinach\test\saudavel\Healthy-Leaf(1399)__Healthy-Leaf (1228).jpg,saudavel,test,spinach_sy69db2nz5,675x1200,8275661299719242150|12710441446945275920|17495796904961154765|2327391884597954124|1171097768212522160|11997930337977948530|5514260298557443104|14816445431970450930
dataset\_work\final\spinach\train\saudavel\Healthy-Leaf(1399)__Healthy-Leaf (1229).jpg,saudavel,train,spinach_sy69db2nz5,675x1200,14523562655547067968|7822197768650165313|14886259612665159374|10130431759588492812|4687190871010414188|4615630229854981833|902579281300199052|14888379436865853134
dataset\_work\final\spinach\train\saudavel\Healthy-Leaf(1399)__Healthy-Leaf (123).jpg,saudavel,train,spinach_sy69db2nz5,900x1200,2650524537851450984|10586993603955365609|8675630011120043568|16256057444539473395|16831666133337566354|7536236500012156964|17554220002903497185|3478616847065507448
dataset\_work\final\spinach\test\saudavel\Healthy-Leaf(1399)__Healthy-Leaf (1231).jpg,saudavel,test,spinach_sy69db2nz5,675x1200,8109873809945690390|12740137150663573511|14613509668733881804|3192003779713453580|522434080538611376|1621592868261956720|886794144809634860|14739611112880065994
dataset\_work\final\spinach\train\saudavel\Healthy-Leaf(1399)__Healthy-Leaf (1233).jpg,saudavel,train,spinach_sy69db2nz5,675x1200,17495375365538807975|3516202121409052690|17135526561317834445|5209686781301492812|1351096540656028720|12069663851366305010|5479902758943738952|14829965027080850925
dataset\_work\final\spinach\train\saudavel\Healthy-Leaf(1399)__Healthy-Leaf (1234).jpg,saudavel,train,spinach_sy69db2nz5,675x1200,14811841272270004000|5480356739142846083|5087690077610417869|11323781379260646988|9441241397272448588|2350631749206904525|5514098234754541213|14816349622332267334
dataset\_work\final\spinach\test\saudavel\Healthy-Leaf(1399)__Healthy-Leaf (1235).jpg,saudavel,test,spinach_sy69db2nz5,675x1200,7858244115142750080|5228141752434101184|14305155622891392974|11285465425754132108|13838217318218829384|9236710561966132845|10092011524500987548|14884149649985210054
dataset\_work\final\spinach\test\saudavel\Healthy-Leaf(1399)__Healthy-Leaf (1237).jpg,saudavel,test,spinach_sy69db2nz5,675x1200,17351276617390853155|12739705996747181089|17351963228923416296|6921062883841707080|2417314998897855664|2561456420828400880|5227700615023299680|16775519658098740976
dataset\_work\final\spinach\train\saudavel\Healthy-Leaf(1399)__Healthy-Leaf (1238).jpg,saudavel,train,spinach_sy69db2nz5,675x1200,11245219211562011924|14271677616884697366|15319624699725233562|1487950398555243302|1605901118979641286|1462980546493353884|2757127682725750292|11114158612832688852
dataset\_work\final\spinach\train\saudavel\Healthy-Leaf(1399)__Healthy-Leaf (1239).jpg,saudavel,train,spinach_sy69db2nz5,675x1200,3516200953085575428|17567573730158076230|17495795839540317691|12703614988586470432|5071490817111084275|306682514021207088|2327242282292366512|18144315216942190066
dataset\_work\final\spinach\train\saudavel\Healthy-Leaf(1399)__Healthy-Leaf (124).jpg,saudavel,train,spinach_sy69db2nz5,900x1200,12955042033064451736|3633435228867888870|3478621174186329636|17554202445630840283|16610980781557181490|10997243966298966451|15824837922085838323|2613925082963854896
dataset\_work\final\spinach\test\saudavel\Healthy-Leaf(1399)__Healthy-Leaf (1241).jpg,saudavel,test,spinach_sy69db2nz5,675x1200,18436627541093744775|55185687751131156|14811941798118596237|5516512166821627470|1477206185975202816|9763825102189747455|5622329097428831820|10204768209636593357
dataset\_work\final\spinach\train\saudavel\Healthy-Leaf(1399)__Healthy-Leaf (1242).jpg,saudavel,train,spinach_sy69db2nz5,675x1200,6957532771310580612|17405857801294914504|14888511373949505222|10125928709438705308|14421411360443698929|9525987749658594912|11244931931752007308|14307548155755798222
dataset\_work\final\spinach\train\saudavel\Healthy-Leaf(1399)__Healthy-Leaf (1243).jpg,saudavel,train,spinach_sy69db2nz5,675x1200,8181931611114901056|2345266210778057793|14884008774394617549|10128039222353233484|4687164627754126368|4615639146911730801|5514259819340926604|14816444850154475214
dataset\_work\final\spinach\train\saudavel\Healthy-Leaf(1399)__Healthy-Leaf (1244).jpg,saudavel,train,spinach_sy69db2nz5,675x1200,12847659451084934768|11694737946476744416|12017457715901517476|10996829347873459418|16144849896939080866|8110450151942671538|15748127160102460568|11839565479282132646
dataset\_work\final\spinach\train\saudavel\Healthy-Leaf(1399)__Healthy-Leaf (1245).jpg,saudavel,train,spinach_sy69db2nz5,675x1200,7033531091895161576|6955254634925995592|14881747040833279692|10132561051902252748|5203389769602008672|16758478368778722401|14742137090394726028|14741994851806906062
dataset\_work\final\spinach\train\saudavel\Healthy-Leaf(1399)__Healthy-Leaf (1246).jpg,saudavel,train,spinach_sy69db2nz5,675x1200,5480638207176150924|10164126732943822728|10240951851847227150|10234187372273276556|9804102645545897613|10092333021696036684|10094294274622556046|1051374233255092110
dataset\_work\final\spinach\train\saudavel\Healthy-Leaf(1399)__Healthy-Leaf (1247).jpg,saudavel,train,spinach_sy69db2nz5,675x1200,2345266425727257712|16270396293166632561|14739866132618315341|14739892469762002509|8182485755848805601|8109891600841149472|5588578044057915084|5586299753085701836
dataset\_work\final\spinach\train\saudavel\Healthy-Leaf(1399)__Healthy-Leaf (1248).jpg,saudavel,train,spinach_sy69db2nz5,675x1200,17567432752210115839|3516202155938660352|16775511233369902280|16756933887071276780|54095075429305392|18445630315726621939|17063741615964065000|14451090328084991720
dataset\_work\final\spinach\train\saudavel\Healthy-Leaf(1399)__Healthy-Leaf (1249).jpg,saudavel,train,spinach_sy69db2nz5,675x1200,9303930442248031809|4649741702472633921|5588425264011613837|5588464846026020684|4723769587122014016|4687723163557240449|5518918502321720909|10166378334147284557
dataset\_work\final\spinach\train\saudavel\Healthy-Leaf(1399)__Healthy-Leaf (125).jpg,saudavel,train,spinach_sy69db2nz5,900x1200,14455497322840624856|17061468975509966564|17926163952582499553|16184844400505374320|16469274883503933164|15604557107305553096|8126208095029206240|16256894400746473208
dataset\_work\final\spinach\train\saudavel\Healthy-Leaf(1399)__Healthy-Leaf (1250).jpg,saudavel,train,spinach_sy69db2nz5,675x1200,4867282044852045696|2417886694640131968|5048424385943932486|11317306320690253469|9232145474512719393|9225354839562619971|11353018389911441309|5084171690873392966
dataset\_work\final\spinach\train\saudavel\Healthy-Leaf(1399)__Healthy-Leaf (1251).jpg,saudavel,train,spinach_sy69db2nz5,675x1200,5300208082300637064|3282569060957229004|14307548142946197198|11280960864593085964|14703983734450261549|9804106922291334729|902451807199334044|14888367359350771398
dataset\_work\final\spinach\test\saudavel\Healthy-Leaf(1399)__Healthy-Leaf (1253).jpg,saudavel,test,spinach_sy69db2nz5,675x1200,17333244713399717441|17351963795381521985|17063733315755806413|5227568863285513804|4723756091032194800|4723743000366058736|5516353393298148424|14811951094255570668
dataset\_work\final\spinach\train\saudavel\Healthy-Leaf(1399)__Healthy-Leaf (1254).jpg,saudavel,train,spinach_sy69db2nz5,675x1200,7029573030021631553|4651672273225715265|14814087652304658125|5518760172518344268|4687727629649808960|4687714161236348513|5514243378752230988|14816313063840847565
dataset\_work\final\spinach\train\saudavel\Healthy-Leaf(1399)__Healthy-Leaf (1258).jpg,saudavel,train,spinach_sy69db2nz5,675x1200,14523562457980144448|7822206264093912705|5084316860289093325|11244933029175463500|9308420649193016940|4614812192432164553|5516363116365418140|14811792851345575750
dataset\_work\final\spinach\train\saudavel\Healthy-Leaf(1399)__Healthy-Leaf (1259).jpg,saudavel,train,spinach_sy69db2nz5,675x1200,8272020919931602979|12739565362203823153|17135799203827994349|5227718841069866056|3570236469539228848|2560330589842426994|5191690065441885256|17135798724670705389
dataset\_work\final\spinach\train\saudavel\Healthy-Leaf(1399)__Healthy-Leaf (126).jpg,saudavel,train,spinach_sy69db2nz5,900x1200,3516200919697654563|17567432908340281146|17064017153567999975|14415026743785430040|4197110096063352051|2522995838893870128|1737287794695736520|16701483972077670380
dataset\_work\final\spinach\train\saudavel\Healthy-Leaf(1399)__Healthy-Leaf (1261).jpg,saudavel,train,spinach_sy69db2nz5,675x1200,12883689277151223913|12739574193866637408|14757906881004883660|14739303597398723788|6953601183345790128|7611113096313031858|14739321258034760908|14757898050686865100
dataset\_work\final\spinach\train\saudavel\Healthy-Leaf(1399)__Healthy-Leaf (1262).jpg,saudavel,train,spinach_sy69db2nz5,675x1200,12865674965782565577|12739574021094848072|12413765682773020366|5376328768187436172|5203389528379739312|14488672995424308402|10127617647421856842|14902022034854659756
dataset\_work\final\spinach\val\saudavel\Healthy-Leaf(1399)__Healthy-Leaf (1263).jpg,saudavel,val,spinach_sy69db2nz5,675x1200,16324439462389154384|12721559761099111489|14305287426704576205|11285481938032692812|4700693087575313584|5765191712457592034|5516494559612673692|14811941383670564550
dataset\_work\final\spinach\train\saudavel\Healthy-Leaf(1399)__Healthy-Leaf (1264).jpg,saudavel,train,spinach_sy69db2nz5,675x1200,16688403112399920627|1749234571037590576|1210499175407849160|12018012380997324524|3478053330386109976|17572234543549553127|17045727784389757094|14451512613563976720
dataset\_work\final\spinach\train\saudavel\Healthy-Leaf(1399)__Healthy-Leaf (1265).jpg,saudavel,train,spinach_sy69db2nz5,675x1200,7533967349919722625|16829423188900645664|14814202018634632902|5518745741152390812|2308980350637805289|9307914969339629160|11280978387529012812|14307539329748997837
dataset\_work\final\spinach\train\saudavel\Healthy-Leaf(1399)__Healthy-Leaf (1266).jpg,saudavel,train,spinach_sy69db2nz5,675x1200,7029572772222192690|6957515461652106290|14739320702089202892|14757898606767165132|3660317276433780320|3660317275326484065|14757898606767165132|14739320702089202892
dataset\_work\final\spinach\train\saudavel\Healthy-Leaf(1399)__Healthy-Leaf (1267).jpg,saudavel,train,spinach_sy69db2nz5,675x1200,17477378523791345875|3516756241211099152|16757223641252273392|2903843776332482272|1191208935454395952|15260622242021608690|16196781009357130792|17337906655108435432
dataset\_work\final\spinach\train\saudavel\Healthy-Leaf(1399)__Healthy-Leaf (1268).jpg,saudavel,train,spinach_sy69db2nz5,675x1200,13850604432826190258|16722748758450653234|15752797851802803614|2613929513289205638|3623302131351753704|12846814905495140288|9675846407890355748|11393331004693192154
dataset\_work\final\spinach\train\saudavel\Healthy-Leaf(1399)__Healthy-Leaf (1269).jpg,saudavel,train,spinach_sy69db2nz5,675x1200,17495516033065938680|12739573094355536064|16487280995194031848|15604012365217434856|13873390806893513904|17937286499742502130|16756933874102471896|16775510823737413348
dataset\_work\final\spinach\train\saudavel\Healthy-Leaf(1399)__Healthy-Leaf (127).jpg,saudavel,train,spinach_sy69db2nz5,900x1200,3479186873717044144|17504522116335612914|17638292532088784884|14995944586188561616|17452336081517079794|12696521680471607344|14995920452550663376|17638228315486406644
dataset\_work\final\spinach\test\saudavel\Healthy-Leaf(1399)__Healthy-Leaf (1271).jpg,saudavel,test,spinach_sy69db2nz5,675x1200,7033530884965253306|8774708857438453890|14451099259728465096|17063724006682644204|9421555877653497465|13456781091635436641|17063751528697220844|14450932065519963336
dataset\_work\final\spinach\train\saudavel\Healthy-Leaf(1399)__Healthy-Leaf (1272).jpg,saudavel,train,spinach_sy69db2nz5,675x1200,8344060956218679550|3516202052194025472|16774938903074213096|16774939454992731880|18161763720612912|18365853137388948595|16775493613131844840|16756942096749743336
dataset\_work\final\spinach\train\saudavel\Healthy-Leaf(1399)__Healthy-Leaf (1273).jpg,saudavel,train,spinach_sy69db2nz5,675x1200,18363460698393870078|64325362389483648|17359349736712998120|17359349917810085608|9223449584964461568|18374295183289145598|16775564219042818288|16756922917812234480
dataset\_work\final\spinach\train\saudavel\Healthy-Leaf(1399)__Healthy-Leaf (1274).jpg,saudavel,train,spinach_sy69db2nz5,675x1200,8109864979500787928|17423898243655196896|16774955043527630040|16775001251993011940|16204125212770291441|15593861178462801008|16485082064484748520|15608521987077229800
dataset\_work\final\spinach\train\saudavel\Healthy-Leaf(1399)__Healthy-Leaf (1275).jpg,saudavel,train,spinach_sy69db2nz5,675x1200,8073836182373384904|17423335295303004360|14757898602455407820|14739321253992515276|14461075339131997425|14466141554106371184|14755646802641718476|14743824853619887820
dataset\_work\final\spinach\train\saudavel\Healthy-Leaf(1399)__Healthy-Leaf (1276).jpg,saudavel,train,spinach_sy69db2nz5,675x1200,12702558976815293458|17324378645881346471|17322118047834359984|17355077008795561202|12094731287941508336|1325332208190113968|17504593032209422832|12738586055696344304
dataset\_work\final\spinach\train\saudavel\Healthy-Leaf(1399)__Healthy-Leaf (1277).jpg,saudavel,train,spinach_sy69db2nz5,675x1200,2649822040825866195|15824539852013640500|14307668985550193414|11245012366080228509|3754675275700346075|15215250078388176420|11329955051323985564|487399310314278854
dataset\_work\final\spinach\train\saudavel\Healthy-Leaf(1399)__Healthy-Leaf (1278).jpg,saudavel,train,spinach_sy69db2nz5,675x1200,3660333733070705408|12883821321725622011|6938792509444623592|17955058550293581544|18101672310359968946|5364582245649458|16775510707380563449|16756933407896456032
dataset\_work\final\spinach\train\saudavel\Healthy-Leaf(1399)__Healthy-Leaf (1279).jpg,saudavel,train,spinach_sy69db2nz5,675x1200,12488062935331706820|5227903150054905820|5516684294296389552|14775803722512342514|15859192317937093960|14129809880038723245|17446168938306277069|12702265392239972172
dataset\_work\final\spinach\train\saudavel\Healthy-Leaf(1399)__Healthy-Leaf (128).jpg,saudavel,train,spinach_sy69db2nz5,900x1200,16774938868570823888|16774939493849351924|17927861666726530808|16198337572810165472|17637942889068547304|15031905075298487528|16180367154763189472|17928429014726200568
dataset\_work\final\spinach\train\saudavel\Healthy-Leaf(1399)__Healthy-Leaf (1280).jpg,saudavel,train,spinach_sy69db2nz5,675x1200,3480594266183143976|17531825257695393513|8092562978761033252|16252662105472146907|16840690931623415283|2923429117247245616|15824837767282462177|2613925235972329072
dataset\_work\final\spinach\train\saudavel\Healthy-Leaf(1399)__Healthy-Leaf (1281).jpg,saudavel,train,spinach_sy69db2nz5,675x1200,3516202155365829428|17567432889718482899|11999721597047869196|11105373187029209039|15215181608153763059|3750103266169441328|14920150855397547674|869088192351143846
dataset\_work\final\spinach\train\saudavel\Healthy-Leaf(1399)__Healthy-Leaf (1282).jpg,saudavel,train,spinach_sy69db2nz5,675x1200,13171214780550502414|10550964222359495947|10397833069117984304|17495814501324721651|857257395025243282|1033600368422865334|17549848900760686066|3480884583615319184
dataset\_work\final\spinach\val\saudavel\Healthy-Leaf(1399)__Healthy-Leaf (1283).jpg,saudavel,val,spinach_sy69db2nz5,675x1200,1210357823202302978|12955886492363245247|12703676078063308396|17495533026473840073|13818898666562178227|188049503881710608|14523289248039095538|7804341256683146416
dataset\_work\final\spinach\train\saudavel\Healthy-Leaf(1399)__Healthy-Leaf (1284).jpg,saudavel,train,spinach_sy69db2nz5,675x1200,1164405381914297347|15522725520420559679|12683348858987481106|17500862355029749687|4601427775172930519|217455411933751312|13253967940644888562|1299374832450667696
dataset\_work\final\spinach\train\saudavel\Healthy-Leaf(1399)__Healthy-Leaf (1285).jpg,saudavel,train,spinach_sy69db2nz5,675x1200,3624709574786616067|12848081559198576447|2541592798386669094|4133545842602548635|4552935972996533682|219301284200467762|11177122951706074425|2758040424182269219
dataset\_work\final\spinach\train\saudavel\Healthy-Leaf(1399)__Healthy-Leaf (1286).jpg,saudavel,train,spinach_sy69db2nz5,675x1200,1174469953925124704|17856084448181204729|6937380942379372068|17410105353728134619|17993630062843186679|6958645622309014544|15820327005798178289|2616052718208763488
dataset\_work\final\spinach\train\saudavel\Healthy-Leaf(1399)__Healthy-Leaf (1288).jpg,saudavel,train,spinach_sy69db2nz5,675x1200,3911389703497453056|1436032086528462847|3468983504117059116|17571793984619449803|18415103442961820947|3965110419474486|14667545138974022643|3192654207594144816
dataset\_work\final\spinach\train\saudavel\Healthy-Leaf(1399)__Healthy-Leaf (1289).jpg,saudavel,train,spinach_sy69db2nz5,675x1200,5009708606473571084|6457615448186228683|7386804108542578508|11042319631488847565|14631974483994320473|867808645215127109|14775808154850770585|5516649110455944038
dataset\_work\final\spinach\train\saudavel\Healthy-Leaf(1399)__Healthy-Leaf (129).jpg,saudavel,train,spinach_sy69db2nz5,900x1200,14451512559760545444|17045727833655514842|17928569682681896688|16144338392171644640|15750783408933408492|11859841555954568904|16178644237359123680|17338320917663830008
dataset\_work\final\spinach\train\saudavel\Healthy-Leaf(1399)__Healthy-Leaf (1290).jpg,saudavel,train,spinach_sy69db2nz5,675x1200,5516381060705491864|14811784356975028198|14881625067873605446|10096537218111444636|16584276377017487053|10960366218554347084|11247189399170653836|5086577370432243406
dataset\_work\final\spinach\train\saudavel\Healthy-Leaf(1399)__Healthy-Leaf (1291).jpg,saudavel,train,spinach_sy69db2nz5,675x1200,2628063718690230223|15844011068092713484|3461032871912147968|17433169242317770751|867512523060732379|14956347911863171108|18433125097738858481|3454966434826288
dataset\_work\final\spinach\train\saudavel\Healthy-Leaf(1399)__Healthy-Leaf (1292).jpg,saudavel,train,spinach_sy69db2nz5,675x1200,5516380924407388444|14811784347814684615|4871543665385246284|4406265477342924493|14368505214288760525|2024661899418766924|14811801732735247933|5516372102043900739
dataset\_work\final\spinach\val\saudavel\Healthy-Leaf(1399)__Healthy-Leaf (1293).jpg,saudavel,val,spinach_sy69db2nz5,675x1200,3480594471132798512|12920139187760367603|1749092201999582989|16689669616583449935|17548011168206835123|3467225269680360752|5700737112016330215|956899691524933144
dataset\_work\final\spinach\val\saudavel\Healthy-Leaf(1399)__Healthy-Leaf (1294).jpg,saudavel,val,spinach_sy69db2nz5,675x1200,1309499122391079040|13243270343328326910|1174467697787609092|13244469246954371997|18366959241715829175|9248368916223634450|11383776731506593207|297463001706679312
dataset\_work\final\spinach\train\saudavel\Healthy-Leaf(1399)__Healthy-Leaf (1295).jpg,saudavel,train,spinach_sy69db2nz5,675x1200,16991261361248898147|2903861933802245689|1154212430437813804|17572929296938733515|4165283339967089704|7173125053361868267|14667966799804817395|3174639813266899984
dataset\_work\final\spinach\train\saudavel\Healthy-Leaf(1399)__Healthy-Leaf (1296).jpg,saudavel,train,spinach_sy69db2nz5,675x1200,15567870080591042260|16469394616044459604|976862372830879385|5660512475672446566|6095075686233116644|15318447878615010520|7387626457208360526|11069292661432356365
dataset\_work\final\spinach\val\saudavel\Healthy-Leaf(1399)__Healthy-Leaf (1297).jpg,saudavel,val,spinach_sy69db2nz5,675x1200,2363271855841676080|18143911234842865555|7208881154393313037|11038066582936227663|10605703572284755195|3461895180897471520|5696778870080352153|941145889460128612
dataset\_work\final\spinach\test\saudavel\Healthy-Leaf(1399)__Healthy-Leaf (1298).jpg,saudavel,test,spinach_sy69db2nz5,675x1200,3011930905484266270|7767616662863949703|5083327248427583270|11326032113822998427|9741120264956988523|2164939894899067945|11177677106234928797|2740325092903586630
dataset\_work\final\spinach\train\saudavel\Healthy-Leaf(1399)__Healthy-Leaf (1299).jpg,saudavel,train,spinach_sy69db2nz5,675x1200,11982000625996930082|11163726485729986482|1877304530153983241|12056029129306230063|12846392863726431642|2457854903064610982|3408397082814205863|670208513263668506
dataset\_work\final\spinach\train\saudavel\Healthy-Leaf(1399)__Healthy-Leaf (13).jpg,saudavel,train,spinach_sy69db2nz5,900x1200,14739743022339037156|14739884669756184280|16473619906018348552|15602307076563374063|15570644903612878540|16471650857458765516|17262050117415306968|580409128725159652
dataset\_work\final\spinach\train\saudavel\Healthy-Leaf(1399)__Healthy-Leaf (130).jpg,saudavel,train,spinach_sy69db2nz5,900x1200,16774930176446205644|16774956997585899212|17351977049657427696|17333271342196104416|14739875875686108392|14739734277508222184|16184826809360485616|17349711995810336496
dataset\_work\final\spinach\train\saudavel\Healthy-Leaf(1399)__Healthy-Leaf (1300).jpg,saudavel,train,spinach_sy69db2nz5,675x1200,3480312945287599975|17567853900060366360|2902291933781495312|16797651708856406007|1735591383949823475|7464451585545751600|17838509905963589097|1157010601822865192
dataset\_work\final\spinach\train\saudavel\Healthy-Leaf(1399)__Healthy-Leaf (1302).jpg,saudavel,train,spinach_sy69db2nz5,675x1200,5516359011920236444|14523597718722382980|5157478552577672908|2104921729512480460|9515014219820404425|11299258095958199884|14744388390148322845|14737491051733029703
dataset\_work\final\spinach\val\saudavel\Healthy-Leaf(1399)__Healthy-Leaf (1304).jpg,saudavel,val,spinach_sy69db2nz5,675x1200,12703685033684076391|17459767474643475993|6937239985871603236|17986566842618912219|1809896379620675058|7459983170491796656|15824837750841908729|2613920768593446496
dataset\_work\final\spinach\train\saudavel\Healthy-Leaf(1399)__Healthy-Leaf (1305).jpg,saudavel,train,spinach_sy69db2nz5,675x1200,1785262855013986207|16401017095938902018|11640693497279563824|8849097247142374899|146520945943551203|11524657154221393432|17576932305112387194|3479185245319564449
dataset\_work\final\spinach\train\saudavel\Healthy-Leaf(1399)__Healthy-Leaf (1307).jpg,saudavel,train,spinach_sy69db2nz5,675x1200,1196847059057591079|8630743031687298331|7368892978025630792|11042111634147856109|1962837467993196151|2829273341004520464|17099770943157714329|5227577556039975782
dataset\_work\final\spinach\train\saudavel\Healthy-Leaf(1399)__Healthy-Leaf (1308).jpg,saudavel,train,spinach_sy69db2nz5,675x1200,7245758723813877735|15676510419789749016|5084303820834703302|11317039097089826460|1737060460863655641|16656314101564935780|11249498442276474525|14305406191886634822
dataset\_work\final\spinach\train\saudavel\Healthy-Leaf(1399)__Healthy-Leaf (1309).jpg,saudavel,train,spinach_sy69db2nz5,675x1200,13135185984344788735|10407130509050023424|1696026860604464|18131385578691677683|39984853001596304|18414813427371231670|17567854535506894843|3480312770736817664
dataset\_work\final\spinach\train\saudavel\Healthy-Leaf(1399)__Healthy-Leaf (131).jpg,saudavel,train,spinach_sy69db2nz5,900x1200,11981983171443858559|1327592754586764801|1759937779662212144|16702037468505886195|127937590640667666|9195398323065735334|17567853987763243495|3480312773144898584
dataset\_work\final\spinach\val\saudavel\Healthy-Leaf(1399)__Healthy-Leaf (1310).jpg,saudavel,val,spinach_sy69db2nz5,675x1200,301826725651419168|11417273271390433785|4620777384214798336|18300884848915381245|18010397990317814430|2310395875577114628|18301482983238793725|9086967741161536
dataset\_work\final\spinach\train\saudavel\Healthy-Leaf(1399)__Healthy-Leaf (1311).jpg,saudavel,train,spinach_sy69db2nz5,675x1200,5228141553654636376|16829414349489506245|5516358735633289036|14811828104169721549|14197368367447772905|6349806150264262216|14775799307150790349|5516640210609999436
dataset\_work\final\spinach\test\saudavel\Healthy-Leaf(1399)__Healthy-Leaf (1312).jpg,saudavel,test,spinach_sy69db2nz5,675x1200,2939758823719115538|14685120350227212211|5082043001062491975|11033307862453853981|12909330043431800011|1304664129719487528|2098420411404328601|5118225541459838790
dataset\_work\final\spinach\train\saudavel\Healthy-Leaf(1399)__Healthy-Leaf (1313).jpg,saudavel,train,spinach_sy69db2nz5,675x1200,5516354622095691527|14523580265724841759|5657969417247231822|963307784276741773|2238121258969435849|508653085531803212|10164113581388029453|5660755562600957262
dataset\_work\final\spinach\train\saudavel\Healthy-Leaf(1399)__Healthy-Leaf (1314).jpg,saudavel,train,spinach_sy69db2nz5,675x1200,14451500680108508935|14739770605021372191|5521187963090148940|14773551924114065101|2242523540185124556|506425285995630280|14809695446816196301|5520892173072179020
dataset\_work\final\spinach\val\saudavel\Healthy-Leaf(1399)__Healthy-Leaf (1315).jpg,saudavel,val,spinach_sy69db2nz5,675x1200,5009699655727648519|6457633194453700383|5516684294558549580|14775803756939026125|2238059376543768153|508637769644869189|14816344949677821645|5514133427583160140
dataset\_work\final\spinach\test\saudavel\Healthy-Leaf(1399)__Healthy-Leaf (1316).jpg,saudavel,test,spinach_sy69db2nz5,675x1200,5516367652824223502|5588464777843904399|5516658078145021766|14775790502129639069|10308505639293783629|1013040798458154572|11321494326559051469|5082064958135177036
dataset\_work\final\spinach\train\saudavel\Healthy-Leaf(1399)__Healthy-Leaf (1317).jpg,saudavel,train,spinach_sy69db2nz5,675x1200,5300194732768169784|7894307803231096803|5086278251796989701|11355288830016691807|16361347678895312493|4039459618665238089|6853945554521003677|398330158204294726
dataset\_work\final\spinach\val\saudavel\Healthy-Leaf(1399)__Healthy-Leaf (1318).jpg,saudavel,val,spinach_sy69db2nz5,675x1200,2649808932478328479|15176074161029056262|5228172322808598310|17117675443247255451|434350029948296402|11465609738004448804|11173200117890256621|2742561387140320840
dataset\_work\final\spinach\train\saudavel\Healthy-Leaf(1399)__Healthy-Leaf (1319).jpg,saudavel,train,spinach_sy69db2nz5,675x1200,7533984770032866087|5300199252384757531|7459934825669690884|1809918405011480285|1961088308529827401|2815597805095587432|15969243330045222425|326118529793492839
dataset\_work\final\spinach\train\saudavel\Healthy-Leaf(1399)__Healthy-Leaf (132).jpg,saudavel,train,spinach_sy69db2nz5,900x1200,16469120691889475272|15604611240753073868|17908030771660556012|16185417143084817608|14739761679956414168|14451518057108115172|14455453347201130208|17043476016864659192
dataset\_work\final\spinach\val\saudavel\Healthy-Leaf(1399)__Healthy-Leaf (1320).jpg,saudavel,val,spinach_sy69db2nz5,675x1200,14740029970285137806|14415502799138787086|9693442013256943430|11429747843349290653|1013117851313573576|10236529624097722316|11321520783263506078|5046009789411657350
dataset\_work\final\spinach\train\saudavel\Healthy-Leaf(1399)__Healthy-Leaf (1321).jpg,saudavel,train,spinach_sy69db2nz5,675x1200,2507535476643794717|12847800119016230727|7225628708879421216|15680713766000266747|5120363249569516722|2093904460262591522|18090121974458523097|2328254453634254436
dataset\_work\final\spinach\train\saudavel\Healthy-Leaf(1399)__Healthy-Leaf (1322).jpg,saudavel,train,spinach_sy69db2nz5,675x1200,6385011508636225295|16557069767768215311|11857585478790254407|15711975167507238429|1085137769099413221|1085098452559240280|2093618930561453274|5156374411587849892
dataset\_work\final\spinach\train\saudavel\Healthy-Leaf(1399)__Healthy-Leaf (1323).jpg,saudavel,train,spinach_sy69db2nz5,675x1200,7245754607641242470|15676492957625035673|14887536042250574799|10098789009605731852|11036958808161619673|7362007764640960100|875434710394414732|14959598017221991374
dataset\_work\final\spinach\train\saudavel\Healthy-Leaf(1399)__Healthy-Leaf (1324).jpg,saudavel,train,spinach_sy69db2nz5,675x1200,5228185568312006656|17117622769497925374|5227568824749299404|17135791461830727372|18367384894457482989|42800702342270536|14742137090201341677|14741994852066430024
dataset\_work\final\spinach\train\saudavel\Healthy-Leaf(1399)__Healthy-Leaf (1325).jpg,saudavel,train,spinach_sy69db2nz5,675x1200,10961206630676116289|16611279995144713081|14739779337210765198|14739739605323941646|8733367185841293286|4698128571863342744|1010802587585449676|10240929805427510988
dataset\_work\final\spinach\train\saudavel\Healthy-Leaf(1399)__Healthy-Leaf (1326).jpg,saudavel,train,spinach_sy69db2nz5,900x1200,1173627054974648836|1605549304671248402|883424120468815894|441439137800536086|1306129682131732502|306963436884936976|1603438244627619846|1603438244631757324
dataset\_work\final\spinach\train\saudavel\Healthy-Leaf(1399)__Healthy-Leaf (1327).jpg,saudavel,train,spinach_sy69db2nz5,900x1200,6342786859315709473|405085575362551106|112034784659511554|4651689752373184272|4800026034569715461|2397752298762339928|1173054795957636672|151185073797303809
dataset\_work\final\spinach\train\saudavel\Healthy-Leaf(1399)__Healthy-Leaf (1328).jpg,saudavel,train,spinach_sy69db2nz5,900x1200,459514510694909760|883017990887906881|5210184897662764581|5516114657241046362|4692230936784027916|4649715149278961670|6529424637572255052|2685916998491917896
dataset\_work\final\spinach\train\saudavel\Healthy-Leaf(1399)__Healthy-Leaf (1329).jpg,saudavel,train,spinach_sy69db2nz5,900x1200,1461573136630520388|1299586028960949777|865337703897450017|873853389552655682|1235753881406671122|4943295590148425748|4800008334345052172|2397761713384194572
dataset\_work\final\spinach\train\saudavel\Healthy-Leaf(1399)__Healthy-Leaf (133).jpg,saudavel,train,spinach_sy69db2nz5,900x1200,6957506236801422227|16252399304915236662|5083313882422019686|11253948114865135257|3906669357540805857|10597846607884422752|11069344561943686812|7387754017474972486
dataset\_work\final\spinach\train\saudavel\Healthy-Leaf(1399)__Healthy-Leaf (1330).jpg,saudavel,train,spinach_sy69db2nz5,900x1200,4723738567691406089|4723738567691414639|5516653525597064781|652484403087773257|8010794515400461889|651631249300360769|5300322842986352137|5588437371186548556
dataset\_work\final\spinach\train\saudavel\Healthy-Leaf(1399)__Healthy-Leaf (1331).jpg,saudavel,train,spinach_sy69db2nz5,900x1200,4835774713484418178|2415626089101461024|5336086704889503245|3264993826242463310|2307548519806240289|9375384035471072323|5658216680218054445|981396692472827210
dataset\_work\final\spinach\test\saudavel\Healthy-Leaf(1399)__Healthy-Leaf (1332).jpg,saudavel,test,spinach_sy69db2nz5,900x1200,1603305893479226434|1297342438981436961|147500062665559552|2309396210393189632|2379738003465961746|4799744456646869014|39721088575278112|22104064322309122
dataset\_work\final\spinach\train\saudavel\Healthy-Leaf(1399)__Healthy-Leaf (1333).jpg,saudavel,train,spinach_sy69db2nz5,900x1200,432501828283223041|486404183237234016|5568285906068982784|5592800164194356480|6957250049249034246|93598191291596806|3814266480008525|21408107846846029
dataset\_work\final\spinach\train\saudavel\Healthy-Leaf(1399)__Healthy-Leaf (1334).jpg,saudavel,train,spinach_sy69db2nz5,900x1200,3911532501899103960|1317731799712369988|3550674355145098017|4798618655644335218|4939629754241665298|15586420748305975350|8231522655977510978|2396904027561870897
dataset\_work\final\spinach\test\saudavel\Healthy-Leaf(1399)__Healthy-Leaf (1336).jpg,saudavel,test,spinach_sy69db2nz5,900x1200,4687155650634419789|4687692109835112009|78416151706312193|4653931691338270272|5300208098773241409|5588411932431289409|4649445683895899712|116560409105208833
dataset\_work\final\spinach\test\saudavel\Healthy-Leaf(1399)__Healthy-Leaf (1337).jpg,saudavel,test,spinach_sy69db2nz5,1200x900,10600417112059944242|2596047159884072738|742423352706797334|2904124837443079956|2469957425327965988|3611128458031078547|1445425850622561576|1589501370180717834
dataset\_work\final\spinach\train\saudavel\Healthy-Leaf(1399)__Healthy-Leaf (1338).jpg,saudavel,train,spinach_sy69db2nz5,1200x900,874063980071456257|883282831621983808|73833902506443785|4655892081764274212|4651663398160646668|112061209599811852|2598609069171121472|649722361155618305
dataset\_work\final\spinach\test\saudavel\Healthy-Leaf(1399)__Healthy-Leaf (1339).jpg,saudavel,test,spinach_sy69db2nz5,900x1200,1172209271448768065|2475183223840673345|2417877914088850977|4723184311088356674|4723720940551035170|4723747329231176720|4800026034233642049|2397752299230826017
dataset\_work\final\spinach\train\saudavel\Healthy-Leaf(1399)__Healthy-Leaf (134).jpg,saudavel,train,spinach_sy69db2nz5,900x1200,10387565795311765235|17792542968218786864|15591680247136127120|16499390468117753846|3466802526052936694|17529854859322075280|17793616120274287076|10378552585069420760
dataset\_work\final\spinach\train\saudavel\Healthy-Leaf(1399)__Healthy-Leaf (1340).jpg,saudavel,train,spinach_sy69db2nz5,900x1200,586110745063626826|869842918633784877|441711236540212241|594647908324579876|3262451795880645132|5375202314343162376|2637452684434423816|1235190825894682886
dataset\_work\final\spinach\val\saudavel\Healthy-Leaf(1399)__Healthy-Leaf (1342).jpg,saudavel,val,spinach_sy69db2nz5,900x1200,297312924492842528|1450893683537648962|1235762332496699654|4942715078460653596|4800025995637432852|2325695325282770948|2035799780206942276|441711510479119889
dataset\_work\final\spinach\train\saudavel\Healthy-Leaf(1399)__Healthy-Leaf (1343).jpg,saudavel,train,spinach_sy69db2nz5,900x1200,2685859667119148632|5952657250388250180|5516657768847853088|9875874185399901506|4939898001315765330|6381089464090314277|4764023608918347401|2325708036168716108
dataset\_work\final\spinach\test\saudavel\Healthy-Leaf(1399)__Healthy-Leaf (1344).jpg,saudavel,test,spinach_sy69db2nz5,900x1200,1009120876229494819|450366659582430259|3264844329287306788|5336078941449260314|3678340538211647494|2524293030620299534|1913333329043590474|2616062100154240813
dataset\_work\final\spinach\train\saudavel\Healthy-Leaf(1399)__Healthy-Leaf (1345).jpg,saudavel,train,spinach_sy69db2nz5,1200x900,580845177822056204|9803833664042569356|11387135238885802027|9664481993739927563|10092081084770946696|869077757275082504|792641433585786758|3098510676461291422
dataset\_work\final\spinach\train\saudavel\Healthy-Leaf(1399)__Healthy-Leaf (1347).jpg,saudavel,train,spinach_sy69db2nz5,900x1200,883424189189360970|1017899855743700520|441711786430760465|2035799784518687808|2904406790757031950|5372124300265210380|4655610606527528988|1226755409193607430
dataset\_work\final\spinach\train\saudavel\Healthy-Leaf(1399)__Healthy-Leaf (1348).jpg,saudavel,train,spinach_sy69db2nz5,900x1200,874274532035038720|874275081948728832|1226746046097860368|4906703809748474372|40117947570332172|40002458047226380|295580878176589892|1163977656786945553
dataset\_work\final\spinach\train\saudavel\Healthy-Leaf(1399)__Healthy-Leaf (1349).jpg,saudavel,train,spinach_sy69db2nz5,900x1200,441430374449847832|1441888100759078404|218511456285697552|3461030870305806852|326119081220309524|1773897319121821702|295616058772752432|1163691233941325827
dataset\_work\final\spinach\train\saudavel\Healthy-Leaf(1399)__Healthy-Leaf (135).jpg,saudavel,train,spinach_sy69db2nz5,900x1200,5228140592118961043|14523712060519298870|7458252504687675206|1764407454075395741|3906678386039688905|10597828835780496968|11321547206436027416|5082051814862979431
dataset\_work\final\spinach\train\saudavel\Healthy-Leaf(1399)__Healthy-Leaf (1350).jpg,saudavel,train,spinach_sy69db2nz5,900x1200,586184894311143460|879130531529696274|297884390087134753|297463100332641344|1307178053470532364|2636889734194668040|4615095729039155204|2381919624373215748
dataset\_work\final\spinach\test\saudavel\Healthy-Leaf(1399)__Healthy-Leaf (1351).jpg,saudavel,test,spinach_sy69db2nz5,900x1200,596601636788833793|1013606919171149632|2667836337020946212|6601167918119918866|4615929476701622542|76058824352352008|1305267904074194011|2614061969938777637
dataset\_work\final\spinach\val\saudavel\Healthy-Leaf(1399)__Healthy-Leaf (1352).jpg,saudavel,val,spinach_sy69db2nz5,1200x900,2471221803170858830|13415429696735354764|2598325322005562916|11100008894010694738|10096827575351258554|5622518782729341730|5916656079540259738|2613788887765159716
dataset\_work\final\spinach\test\saudavel\Healthy-Leaf(1399)__Healthy-Leaf (1353).jpg,saudavel,test,spinach_sy69db2nz5,900x1200,432361161321029510|1369251564682938268|2307975587471492868|9375410814510309144|11242976027402502163|9664504327570325510|1738176659697572994|290345362224514848
dataset\_work\final\spinach\train\saudavel\Healthy-Leaf(1399)__Healthy-Leaf (1354).jpg,saudavel,train,spinach_sy69db2nz5,900x1200,2742708868396030083|1946697479035488032|3190385371477935876|764941329689878040|2307829874155258907|9446316913737011238|1737877247334718730|326382929666524716
dataset\_work\final\spinach\test\saudavel\Healthy-Leaf(1399)__Healthy-Leaf (1355).jpg,saudavel,test,spinach_sy69db2nz5,900x1200,1156455360850958374|290636793169511442|1298169318760981520|2745119375304170244|1298311712235849732|2744976984110926864|295843461362292774|1163071161371067410
dataset\_work\final\spinach\train\saudavel\Healthy-Leaf(1399)__Healthy-Leaf (1356).jpg,saudavel,train,spinach_sy69db2nz5,900x1200,2327671674060020762|2471718149126833700|748870798907754023|2617047264334355738|2613943310935280930|1881403028323257632|1917704442235212068|2830106779265164298
dataset\_work\final\spinach\val\saudavel\Healthy-Leaf(1399)__Healthy-Leaf (1357).jpg,saudavel,val,spinach_sy69db2nz5,900x1200,2533384840954912|1689288058002690|218146436727317506|4331403035224447520|206494908247180800|2325131325507373312|2313331358182415420|154290369444644611
dataset\_work\final\spinach\train\saudavel\Healthy-Leaf(1399)__Healthy-Leaf (1358).jpg,saudavel,train,spinach_sy69db2nz5,900x1200,5335699266601917698|652621258110223904|1315488727473296897|1603719207109236288|2325695338374172169|188340389922868298|4653967992006000918|114299881716072722
dataset\_work\final\spinach\train\saudavel\Healthy-Leaf(1399)__Healthy-Leaf (1359).jpg,saudavel,train,spinach_sy69db2nz5,900x1200,1441165204662914568|432361539670248968|649718478634961921|4904487331612790048|580566958052605958|580566561153875988|2309554093929861188|93462420458243081
dataset\_work\final\spinach\train\saudavel\Healthy-Leaf(1399)__Healthy-Leaf (136).jpg,saudavel,train,spinach_sy69db2nz5,900x1200,5227586369313541724|17135782233884755653|2343564105539357792|17986883485391621873|14233105484520869613|6669438656083561544|17405879551044591353|6956943371873256992
dataset\_work\final\spinach\test\saudavel\Healthy-Leaf(1399)__Healthy-Leaf (1360).jpg,saudavel,test,spinach_sy69db2nz5,900x1200,432369853059243525|1297202817908049756|1842246891538176|43960803255000064|6667309915613626386|368784098788245510|7896821866077184|2128137027257856
dataset\_work\final\spinach\train\saudavel\Healthy-Leaf(1399)__Healthy-Leaf (1362).jpg,saudavel,train,spinach_sy69db2nz5,900x1200,144412690186440201|306258201366924872|91773018694942739|4651424800648790068|5228122978609020932|652634486551216386|3747027043006451008|1369172365250610689
dataset\_work\final\spinach\train\saudavel\Healthy-Leaf(1399)__Healthy-Leaf (1364).jpg,saudavel,train,spinach_sy69db2nz5,900x1200,306401000709606690|1603578986498575394|1317591596879268897|3767435043968879904|2471499363483795734|2507693785170722820|2345565298634934324|2399301031889881362
dataset\_work\final\spinach\test\saudavel\Healthy-Leaf(1399)__Healthy-Leaf (1366).jpg,saudavel,test,spinach_sy69db2nz5,900x1200,1317318378767862308|1299726749337005330|288965529053318178|1306050514903764258|1309789513984117010|2615057590921349138|2453773532803768338|2471506561975714308
dataset\_work\final\spinach\train\saudavel\Healthy-Leaf(1399)__Healthy-Leaf (1367).jpg,saudavel,train,spinach_sy69db2nz5,900x1200,1444050803530533922|1452425785771953186|1307458445980861458|2619577786445928484|2453492644224772116|2453351352689756692|2601001537494604324|1298240140489401618
dataset\_work\final\spinach\train\saudavel\Healthy-Leaf(1399)__Healthy-Leaf (1368).jpg,saudavel,train,spinach_sy69db2nz5,900x1200,873995864070094855|883281698271166468|3264351368781824004|5353950502345048076|324274935802118668|504420293491433740|864776399075757386|288315374734036269
dataset\_work\final\spinach\train\saudavel\Healthy-Leaf(1399)__Healthy-Leaf (1369).jpg,saudavel,train,spinach_sy69db2nz5,900x1200,2904406726755697688|5371701569846677542|2489388909164120086|2327964769229621522|2778753981711551562|1748671674569870888|1317741182211018272|1605680627587648546
dataset\_work\final\spinach\train\saudavel\Healthy-Leaf(1399)__Healthy-Leaf (137).jpg,saudavel,train,spinach_sy69db2nz5,900x1200,6956943235407747986|16270976860344494006|7386918474931210086|11042305200398212761|13125581982197075681|10528018848996101216|11033308067875143321|7387885959609287526
dataset\_work\final\spinach\val\saudavel\Healthy-Leaf(1399)__Healthy-Leaf (1370).jpg,saudavel,val,spinach_sy69db2nz5,900x1200,1318727403064724993|2470523007760830272|1244830828522062608|5087130442096580870|4651940305573988642|76067579886521618|439450811020253510|1171924411507754513
dataset\_work\final\spinach\test\saudavel\Healthy-Leaf(1399)__Healthy-Leaf (1371).jpg,saudavel,test,spinach_sy69db2nz5,900x1200,4759185667148631306|2382016743605161262|1875052287900392450|2760739587848816160|3336497290119417377|742397011990809666|2325570666002010150|152161496301176090
dataset\_work\final\spinach\train\saudavel\Healthy-Leaf(1399)__Healthy-Leaf (1372).jpg,saudavel,train,spinach_sy69db2nz5,900x1200,579584016468872195|586598344638795296|2670439189279869440|6488153438081100800|2309791519047164936|219585234949638920|48428114963663450|2901917391785765
dataset\_work\final\spinach\test\saudavel\Healthy-Leaf(1399)__Healthy-Leaf (1373).jpg,saudavel,test,spinach_sy69db2nz5,900x1200,2738221791356782630|1873646513017523218|1587675645818047746|1299445267906317856|1300431553272676378|2740455930534428710|2327971911609223186|147922279677691926
dataset\_work\final\spinach\test\saudavel\Healthy-Leaf(1399)__Healthy-Leaf (1374).jpg,saudavel,test,spinach_sy69db2nz5,900x1200,633963398798849|1690044516206144|443128815389451795|1196283000726034980|4613387130788447744|116582435889611264|2601423676650658320|1379798373050033670
dataset\_work\final\spinach\train\saudavel\Healthy-Leaf(1399)__Healthy-Leaf (1375).jpg,saudavel,train,spinach_sy69db2nz5,900x1200,1603719172478436928|1603719172478410241|19988690202740257|8232207404408130|80518521092456726|4649420343059824918|4800008334860033280|2397621012616398592
dataset\_work\final\spinach\test\saudavel\Healthy-Leaf(1399)__Healthy-Leaf (1376).jpg,saudavel,test,spinach_sy69db2nz5,900x1200,1760378635623937|1760378631685696|298933328472909316|1772758115668367888|4613378265845925376|80571211595187712|1196297363364944408|298969612354463236
dataset\_work\final\spinach\train\saudavel\Healthy-Leaf(1399)__Healthy-Leaf (1377).jpg,saudavel,train,spinach_sy69db2nz5,900x1200,2471507676729904910|2453633019277938444|38006900907001632|8477471464103170|868978309966204194|1013067109368810530|152337487276940800|2325989580132026112
dataset\_work\final\spinach\val\saudavel\Healthy-Leaf(1399)__Healthy-Leaf (1378).jpg,saudavel,val,spinach_sy69db2nz5,900x1200,2312613935416479240|145398348873404168|2399468157868380928|4795496007320613888|580831478654370818|580434503811340320|14678506907012418|5519134236298273
dataset\_work\final\spinach\train\saudavel\Healthy-Leaf(1399)__Healthy-Leaf (1379).jpg,saudavel,train,spinach_sy69db2nz5,900x1200,4795504722361128886|2327955541419038610|2614210988660196192|10528622284254428801|10526934448011693600|13120968302087015746|9312950602875936146|6954405698642593572
dataset\_work\final\spinach\train\saudavel\Healthy-Leaf(1399)__Healthy-Leaf (138).jpg,saudavel,train,spinach_sy69db2nz5,900x1200,5228159524808629018|17117649167140595623|5082051747185267526|11321547241836721821|12044645675558473453|1881180047925546568|11328377673311788701|5085445105315448646
dataset\_work\final\spinach\test\saudavel\Healthy-Leaf(1399)__Healthy-Leaf (1380).jpg,saudavel,test,spinach_sy69db2nz5,900x1200,4615079309670288904|76156071061458700|1226811997464792840|4798653844327697932|904971786524757505|580444485566991424|868692522912618562|616732577637795345
dataset\_work\final\spinach\train\saudavel\Healthy-Leaf(1399)__Healthy-Leaf (1381).jpg,saudavel,train,spinach_sy69db2nz5,900x1200,2307548399179863693|188040880194262798|1973627692074784|9231886102988463362|1015345297654455298|10166351739172619808|152417048461254272|2325969573872076544
dataset\_work\final\spinach\train\saudavel\Healthy-Leaf(1399)__Healthy-Leaf (1382).jpg,saudavel,train,spinach_sy69db2nz5,900x1200,2458294897038794644|2325693640109393812|2758330539886478176|10528587168667872385|10666524114141201952|10673292708327333154|9307866478555307410|6954414357162706726
dataset\_work\final\spinach\train\saudavel\Healthy-Leaf(1399)__Healthy-Leaf (1383).jpg,saudavel,train,spinach_sy69db2nz5,900x1200,4800025965780993812|2397752333658169110|2325971815878593347|152346335043857977|1594009470663869985|1443130087651056962|4120265065326583042|4866987133916890912
dataset\_work\final\spinach\train\saudavel\Healthy-Leaf(1399)__Healthy-Leaf (1384).jpg,saudavel,train,spinach_sy69db2nz5,900x1200,1196847054502891021|434192260838920012|3098501879963520768|3062473238168145408|5480748322191771142|940722417881226256|3983767640703018|4251893255045163
dataset\_work\final\spinach\train\saudavel\Healthy-Leaf(1399)__Healthy-Leaf (1385).jpg,saudavel,train,spinach_sy69db2nz5,900x1200,15608982675363605640|16466852590468844526|17336657598601728966|17358714797279098524|17207020073953494756|9812294748625411800|11256223081335351024|14308845850136058096
dataset\_work\final\spinach\train\saudavel\Healthy-Leaf(1399)__Healthy-Leaf (1386).jpg,saudavel,train,spinach_sy69db2nz5,900x1200,14451512629209793506|17045727851170971576|16629463814074240740|10960743496400932568|13276338074148114156|16285895016488275656|15604451751374232728|16469131069077702630
dataset\_work\final\spinach\train\saudavel\Healthy-Leaf(1399)__Healthy-Leaf (1387).jpg,saudavel,train,spinach_sy69db2nz5,900x1200,14451513970081608592|17045587174450082806|16635060328261848006|10962929325518827164|17740537965284134636|10390736096506384072|11254006397167608984|14306596206403116006
dataset\_work\final\spinach\train\saudavel\Healthy-Leaf(1399)__Healthy-Leaf (1388).jpg,saudavel,train,spinach_sy69db2nz5,900x1200,17927869775624963820|16198487119282740936|17928424651240697592|16180323104781666528|14456157000609221856|17043474988093852920|16179337805452709088|17937430768096628472
dataset\_work\final\spinach\train\saudavel\Healthy-Leaf(1399)__Healthy-Leaf (1389).jpg,saudavel,train,spinach_sy69db2nz5,900x1200,14739761696791539628|14739748494062062538|2596069167665221580|14492327531054567116|14558777684778520268|12407182962836606668|14703724026100391881|14740008107586815780
dataset\_work\final\spinach\train\saudavel\Healthy-Leaf(1399)__Healthy-Leaf (139).jpg,saudavel,train,spinach_sy69db2nz5,900x1200,5227586507213868620|17135782217174716109|2361578564447866464|17409860023518465761|14811819256341581549|5516376534784314440|16252953614971018481|6957523982967096864
dataset\_work\final\spinach\test\saudavel\Healthy-Leaf(1399)__Healthy-Leaf (1390).jpg,saudavel,test,spinach_sy69db2nz5,900x1200,16901180400205248310|12127225260296573842|2468969935112865766|12915530120585682584|10525790938269174952|3906598997251231210|10961302014049271219|16611392153457476386
dataset\_work\final\spinach\val\saudavel\Healthy-Leaf(1399)__Healthy-Leaf (1391).jpg,saudavel,val,spinach_sy69db2nz5,900x1200,12848081559430598300|12848081610970992326|3478625108779028144|17482144889844960738|14307416166863097266|11280984022929264050|16324737377795743218|12704240149354989104
dataset\_work\final\spinach\train\saudavel\Healthy-Leaf(1399)__Healthy-Leaf (1393).jpg,saudavel,train,spinach_sy69db2nz5,900x1200,10996716131722931102|11873189627183180678|2450805985601883078|11186166384846646936|9667850845291267748|11397246193264204952|10965758660424187291|14306584823991567138
dataset\_work\final\spinach\test\saudavel\Healthy-Leaf(1399)__Healthy-Leaf (1394).jpg,saudavel,test,spinach_sy69db2nz5,900x1200,15608947628714696333|11855170950818662222|5480325524360496868|14812091919013748440|5658512464221275812|10168625650015903448|15608983027699388365|16466852682532326988
dataset\_work\final\spinach\train\saudavel\Healthy-Leaf(1399)__Healthy-Leaf (1395).jpg,saudavel,train,spinach_sy69db2nz5,1200x900,8231522608749715419|12809226020289185316|17027721132400656188|14451354230144566211|2595769945556239281|15825401971906329714|14052105031206211016|4341231683649818348
dataset\_work\final\spinach\val\saudavel\Healthy-Leaf(1399)__Healthy-Leaf (1396).jpg,saudavel,val,spinach_sy69db2nz5,900x1200,12848072797427535756|12848099289190043598|3910961911407527858|10636691134662712754|14848120835727576498|10092293137461824946|12834447752819547539|12846385047087302198
dataset\_work\final\spinach\test\saudavel\Healthy-Leaf(1399)__Healthy-Leaf (1397).jpg,saudavel,test,spinach_sy69db2nz5,900x1200,14811801672368459320|5516372274511319011|5516380691976389574|14811784192089079324|16397341601784368716|4039182464929205965|2035124671779147469|14304297899735879244
dataset\_work\final\spinach\train\saudavel\Healthy-Leaf(1399)__Healthy-Leaf (1398).jpg,saudavel,train,spinach_sy69db2nz5,1200x900,5083168764091008998|11326041855889448600|11972567929029365448|11104512630203584236|10961338572139867805|16611247009257196358|17045595893738707866|14451496067245221798
dataset\_work\final\spinach\train\saudavel\Healthy-Leaf(1399)__Healthy-Leaf (1399).jpg,saudavel,train,spinach_sy69db2nz5,900x1200,14451522490253916084|14739726580601000898|4939898121373845478|15964749590857977496|13984551002964463308|12985891133952331464|10956737838001917661|16611275639978954308
dataset\_work\final\spinach\train\saudavel\Healthy-Leaf(1399)__Healthy-Leaf (14).jpg,saudavel,train,spinach_sy69db2nz5,900x1200,14137869671988170725|14714188030663855704|10387063924033259144|8546491951939952622|6345015548091053004|16541615464016327620|17194493956306344822|9801599822913021584
dataset\_work\final\spinach\val\saudavel\Healthy-Leaf(1399)__Healthy-Leaf (140).JPG,saudavel,val,spinach_sy69db2nz5,900x1200,2904291859728437505|7749998998174004575|6955981346906460160|18009550262412703231|6878627271289572715|76891111831785000|18443830932881731321|22687589997512800
dataset\_work\final\spinach\val\saudavel\Healthy-Leaf(1399)__Healthy-Leaf (141).JPG,saudavel,val,spinach_sy69db2nz5,900x1200,7659521281513493509|12235602474205648671|6971739616266862849|18013526062099037311|2240518341730487721|365961510420630634|9186401523224476921|126411119183577184
dataset\_work\final\spinach\train\saudavel\Healthy-Leaf(1399)__Healthy-Leaf (142).JPG,saudavel,train,spinach_sy69db2nz5,900x1200,669934801725650441|3444575432347652463|6973417367796599840|17914350182260002299|8039239825709583663|681880927102979081|18144316337744157944|2327250733181617760
dataset\_work\final\spinach\train\saudavel\Healthy-Leaf(1399)__Healthy-Leaf (143).JPG,saudavel,train,spinach_sy69db2nz5,900x1200,5191548685729614080|7912709779721514487|6972871911127419488|18004412809501191929|17828923059606114157|20564230500912200|17991545207803796729|6956385970692211808
dataset\_work\final\spinach\test\saudavel\Healthy-Leaf(1399)__Healthy-Leaf (144).JPG,saudavel,test,spinach_sy69db2nz5,900x1200,3480173169907045944|17531685482782234275|13890396742745736224|15914778268610780667|11787639083878010355|4077489587110235184|18148845569469504732|2325152873989194944
dataset\_work\final\spinach\train\saudavel\Healthy-Leaf(1399)__Healthy-Leaf (145).JPG,saudavel,train,spinach_sy69db2nz5,900x1200,5516354354821024005|5588438339304648031|6960344209322448992|18007299560133093113|6876272667266092621|380915968220040780|18007299021081143033|6960344350502721632
dataset\_work\final\spinach\train\saudavel\Healthy-Leaf(1399)__Healthy-Leaf (146).JPG,saudavel,train,spinach_sy69db2nz5,900x1200,2957745747089163778|7768585761196836287|11583425488631796064|18085583949268481145|13800519163486130027|145852481241746473|8751804435201981690|6958371744744259744
dataset\_work\final\spinach\train\saudavel\Healthy-Leaf(1399)__Healthy-Leaf (147).JPG,saudavel,train,spinach_sy69db2nz5,900x1200,3534206538046971488|8345063487207868409|16198495949081306112|17927852117333563903|17980369788666367859|6926016222840884273|18435879591068749048|28314676028689632
dataset\_work\final\spinach\test\saudavel\Healthy-Leaf(1399)__Healthy-Leaf (148).JPG,saudavel,test,spinach_sy69db2nz5,900x1200,2957913942740238848|7768434545532307455|4665887656274214913|18013543809440808063|18412777320806272875|621400425434153|9222430458287422713|126129626422493248
dataset\_work\final\spinach\train\saudavel\Healthy-Leaf(1399)__Healthy-Leaf (149).JPG,saudavel,train,spinach_sy69db2nz5,900x1200,652624017488638208|8038809437551292927|6976106807464597537|18011240211920970875|18406578426863849327|31890295760489993|8927479763514684665|2420715784379355232
dataset\_work\final\spinach\test\saudavel\Healthy-Leaf(1399)__Healthy-Leaf (15).jpg,saudavel,test,spinach_sy69db2nz5,1200x900,15176874605660276496|12972081267706109655|2165966623333584588|9732013997927665356|15500861151890572980|1154899624995561426|14739889257318387591|14739760459839115038
dataset\_work\final\spinach\train\saudavel\Healthy-Leaf(1399)__Healthy-Leaf (151).JPG,saudavel,train,spinach_sy69db2nz5,900x1200,2398180061449815045|8353419812061044063|2369061183011964937|18012400589075836271|6907848433605799283|361453787774994465|8065356391376156921|668951776071311392
dataset\_work\final\spinach\val\saudavel\Healthy-Leaf(1399)__Healthy-Leaf (153).JPG,saudavel,val,spinach_sy69db2nz5,900x1200,2381291554198668288|8921436589940985335|56453429112391681|18441386049459907711|17856098029305581435|19323135393008673|9217996266405293311|128519973257660416
dataset\_work\final\spinach\train\saudavel\Healthy-Leaf(1399)__Healthy-Leaf (154).JPG,saudavel,train,spinach_sy69db2nz5,900x1200,1236251356540311040|8641227939272890365|16204171965261964480|17354881537051253244|18273225810239286135|6383829187831825|18219854140483098864|13863426058936180960
dataset\_work\final\spinach\train\saudavel\Healthy-Leaf(1399)__Healthy-Leaf (155).JPG,saudavel,train,spinach_sy69db2nz5,900x1200,4619581668485825280|18286663218421514231|4638866049418695744|18300930036081088253|17816019593522038781|845838193335360|18291057367161698813|4653406008302919744
dataset\_work\final\spinach\train\saudavel\Healthy-Leaf(1399)__Healthy-Leaf (157).JPG,saudavel,train,spinach_sy69db2nz5,900x1200,3624287253653881857|3732797512916655727|2648283956786022400|15851798379473841407|8061121792675138867|73187952356641842|18423283534864514267|56462379790680100
dataset\_work\final\spinach\train\saudavel\Healthy-Leaf(1399)__Healthy-Leaf (158).JPG,saudavel,train,spinach_sy69db2nz5,900x1200,2976323616316392704|7750007824290897919|6956966577473848320|18000544129454889983|18401526714096127339|1448398515752489|18436583244155047673|1293146975407200
dataset\_work\final\spinach\test\saudavel\Healthy-Leaf(1399)__Healthy-Leaf (159).JPG,saudavel,test,spinach_sy69db2nz5,900x1200,5196342663808880920|7874129462897293095|16197367773672281152|17936929993303512829|2825848302028146285|1734318029553933640|18291061489857391864|4653370970296076512
dataset\_work\final\spinach\train\saudavel\Healthy-Leaf(1399)__Healthy-Leaf (16).jpg,saudavel,train,spinach_sy69db2nz5,900x1200,14740029908909791205|14703732865413355096|14704027688608433792|14703746033851014894|6347316985191665356|16543748016400207820|17194249898933030604|9261093030708056012
dataset\_work\final\spinach\train\saudavel\Healthy-Leaf(1399)__Healthy-Leaf (160).JPG,saudavel,train,spinach_sy69db2nz5,900x1200,5228141023263532313|17117784186436803431|16198352948137072708|17925671270251751133|7447648723608702701|1811930907969752648|15989687184735585528|4942731429694721248
dataset\_work\final\spinach\train\saudavel\Healthy-Leaf(1399)__Healthy-Leaf (161).JPG,saudavel,train,spinach_sy69db2nz5,900x1200,2309233964496257289|13533263619658227567|5215335598349915136|17147709464311748351|8007244339938840507|648818843963886624|18435176953283016941|41684942942920776
dataset\_work\final\spinach\val\saudavel\Healthy-Leaf(1399)__Healthy-Leaf (162).JPG,saudavel,val,spinach_sy69db2nz5,900x1200,3624278423203747333|12956187210675885647|7259969786234814976|15703179505871273455|5734994993221717427|366528858419514418|17275147104526200025|18744732173254756
dataset\_work\final\spinach\train\saudavel\Healthy-Leaf(1399)__Healthy-Leaf (163).JPG,saudavel,train,spinach_sy69db2nz5,900x1200,3767556922642466576|15234918942090403831|13853239683118031904|17653238518256163291|17806999061615504851|1154939439408826676|15841946910499208436|2334157753323897024
dataset\_work\final\spinach\val\saudavel\Healthy-Leaf(1399)__Healthy-Leaf (165).JPG,saudavel,val,spinach_sy69db2nz5,900x1200,2327391916918509573|18108286384231925595|16195676664399155208|17923383718125663727|6613306596423257595|364803722939616288|17254951034290617592|599146074289652448
dataset\_work\final\spinach\train\saudavel\Healthy-Leaf(1399)__Healthy-Leaf (166).JPG,saudavel,train,spinach_sy69db2nz5,900x1200,1452496156655167745|15558614060463123327|4640058429011697810|18291876274060982966|9181516992384723927|83612428562933780|13185075737374022141|10565528969695487040
dataset\_work\final\spinach\train\saudavel\Healthy-Leaf(1399)__Healthy-Leaf (167).JPG,saudavel,train,spinach_sy69db2nz5,900x1200,10962895188398000660|16634923834940403031|16183856950386903232|17935240935320243708|6281762400934812646|1462065717586633880|18216442629921892088|13855478800061339872
dataset\_work\final\spinach\train\saudavel\Healthy-Leaf(1399)__Healthy-Leaf (168).JPG,saudavel,train,spinach_sy69db2nz5,900x1200,3462790956660361987|8326747857110118151|6955840600190525440|17937494043909348093|517715070357966451|219318789946084912|18292186582310448888|45203225860409440
dataset\_work\final\spinach\train\saudavel\Healthy-Leaf(1399)__Healthy-Leaf (169).JPG,saudavel,train,spinach_sy69db2nz5,900x1200,2327408925156994071|18144306457239013655|16196244085547093040|17932355200560844275|1714057365168770555|1687739452683602976|17567854483646897400|3480312975428863200
dataset\_work\final\spinach\train\saudavel\Healthy-Leaf(1399)__Healthy-Leaf (17).jpg,saudavel,train,spinach_sy69db2nz5,900x1200,12703967419258867684|11550904077048022744|11963274779308789280|11141648326461984763|15566145702224350624|16469399057116122544|18126732550701752218|2309809029378410150
dataset\_work\final\spinach\train\saudavel\Healthy-Leaf(1399)__Healthy-Leaf (170).JPG,saudavel,train,spinach_sy69db2nz5,900x1200,2381435116780722727|8921505543519315739|6975121705183793184|17927922759823193338|1992602106599493499|2817664639533190177|18083331891758812408|2364557128722336864
dataset\_work\final\spinach\train\saudavel\Healthy-Leaf(1399)__Healthy-Leaf (171).JPG,saudavel,train,spinach_sy69db2nz5,900x1200,1020715709204789199|10352382591177068556|16785136325782986992|16776089545216944368|869207982855793551|14985674500456000014|17359349951228072168|17357097867948912872
dataset\_work\final\spinach\train\saudavel\Healthy-Leaf(1399)__Healthy-Leaf (172).JPG,saudavel,train,spinach_sy69db2nz5,900x1200,3471164831849320960|15261449675863205883|2910623041112908976|14688990204352977906|18133553819916684243|5124853863427120|17499764291430439371|12692439078723675176
dataset\_work\final\spinach\train\saudavel\Healthy-Leaf(1399)__Healthy-Leaf (174).JPG,saudavel,train,spinach_sy69db2nz5,900x1200,5592937590277549384|5586195436521671589|13946817017292822624|4343386537061770993|11910833606918374989|5200931956817894989|17430838275220653628|6960344075640540609
dataset\_work\final\spinach\train\saudavel\Healthy-Leaf(1399)__Healthy-Leaf (175).JPG,saudavel,train,spinach_sy69db2nz5,900x1200,2903843207312721968|12379443469659007409|8128027726449494064|17351399711165033713|12819792237854379179|3479116504174578728|17414520406237170928|3479184846298729584
dataset\_work\final\spinach\train\saudavel\Healthy-Leaf(1399)__Healthy-Leaf (176).JPG,saudavel,train,spinach_sy69db2nz5,900x1200,7606042193317218341|7606042346178604379|7029006549571637344|8777180404500641529|6624105787844693609|2686483519774363241|17993788211596349049|6958092413400026209
dataset\_work\final\spinach\train\saudavel\Healthy-Leaf(1399)__Healthy-Leaf (177).JPG,saudavel,train,spinach_sy69db2nz5,900x1200,3480313389351119872|17567854496574196543|12809801082781585928|8240617632781743599|4596782200968367603|12472377100094512|17272930246480256114|599713422708229553
dataset\_work\final\spinach\train\saudavel\Healthy-Leaf(1399)__Healthy-Leaf (178).JPG,saudavel,train,spinach_sy69db2nz5,900x1200,2623360621568002306|15846425009431867323|3486011092953228944|15256450088840370550|13506028717869099483|146735386931783716|8546088329698654675|10405158533263548464
dataset\_work\final\spinach\train\saudavel\Healthy-Leaf(1399)__Healthy-Leaf (179).JPG,saudavel,train,spinach_sy69db2nz5,900x1200,868780397139077200|5444603644811799477|6961452520801355808|17421839854878565625|13108796605423587147|5775950150141152780|17988721661881337585|2362168993534221408
dataset\_work\final\spinach\val\saudavel\Healthy-Leaf(1399)__Healthy-Leaf (18).jpg,saudavel,val,spinach_sy69db2nz5,900x1200,16346676001629489127|12692286224235109640|10521256552443092226|13132265710913275839|584656542361396400|16665437445525855202|13782992997508333494|152312215150723986
dataset\_work\final\spinach\train\saudavel\Healthy-Leaf(1399)__Healthy-Leaf (180).JPG,saudavel,train,spinach_sy69db2nz5,900x1200,2614635379395400194|15811381413463177151|16172651164068275344|17938343978208762102|13814703404780318171|149190868858652964|17769205800754803192|10440637093130301664
dataset\_work\final\spinach\train\saudavel\Healthy-Leaf(1399)__Healthy-Leaf (181).JPG,saudavel,train,spinach_sy69db2nz5,900x1200,2613925684389024786|15824837711365002167|6956968776764807312|18000473760776234230|13245962875230395867|1302744874130818596|17772557402991218425|10437246258079763552
dataset\_work\final\spinach\test\saudavel\Healthy-Leaf(1399)__Healthy-Leaf (183).JPG,saudavel,test,spinach_sy69db2nz5,900x1200,2309589071738045445|18108707605842485087|7084329598302053408|13398708909973625339|6908424640239849467|361433824620383520|18147772172318732729|2334153484730388578
dataset\_work\final\spinach\test\saudavel\Healthy-Leaf(1399)__Healthy-Leaf (185).JPG,saudavel,test,spinach_sy69db2nz5,900x1200,5514133289663491124|14816344968411367891|16327831712353263056|13323555389355804276|15224927164298927821|3777548144907355724|8378607422218430136|15032219576032860386
dataset\_work\final\spinach\train\saudavel\Healthy-Leaf(1399)__Healthy-Leaf (186).JPG,saudavel,train,spinach_sy69db2nz5,900x1200,868943056346171402|5696533627791142311|15176055934262450368|12990223081498470268|12100484072626130511|740998385772465932|9000385877830747828|13841862165946866898
dataset\_work\final\spinach\test\saudavel\Healthy-Leaf(1399)__Healthy-Leaf (187).JPG,saudavel,test,spinach_sy69db2nz5,900x1200,3471235204887419410|17567289936298354615|8091996684718580880|17423809890793348086|13233646219282992115|1304395754194742320|17788001122985627121|10386508606258039920
dataset\_work\final\spinach\test\saudavel\Healthy-Leaf(1399)__Healthy-Leaf (188).JPG,saudavel,test,spinach_sy69db2nz5,900x1200,14487242268392300544|7804632152423717887|16269425375494048944|8713557681770581746|18436556581330964332|9161260101144009|17496149817813298296|12721556302465911009
dataset\_work\final\spinach\val\saudavel\Healthy-Leaf(1399)__Healthy-Leaf (189).JPG,saudavel,val,spinach_sy69db2nz5,900x1200,16792822481324821272|5246437616287362471|6959924199637683360|17912651949913624306|12046300071157288776|1750650209430867177|17460120451706951416|11568634939609880160
dataset\_work\final\spinach\train\saudavel\Healthy-Leaf(1399)__Healthy-Leaf (19).jpg,saudavel,train,spinach_sy69db2nz5,900x1200,16396935674568069030|2327382472319175960|12739731263772855424|17495506635652026102|1733056889321049120|11983954428573945315|17748271648190418162|9262811652466592944
dataset\_work\final\spinach\train\saudavel\Healthy-Leaf(1399)__Healthy-Leaf (190).JPG,saudavel,train,spinach_sy69db2nz5,900x1200,8092139560075335200|17387711546553767931|2327969847710344228|16396980087756872082|18129041346484194801|2312085276262813040|10581742578427137507|2622388061393931808
dataset\_work\final\spinach\test\saudavel\Healthy-Leaf(1399)__Healthy-Leaf (191).JPG,saudavel,test,spinach_sy69db2nz5,900x1200,14775909723648510005|5516406130916322643|13951039104362516608|8991101970949842686|6047504297769733708|3839406126182633165|18349572593030252156|9263935559767465153
dataset\_work\final\spinach\train\saudavel\Healthy-Leaf(1399)__Healthy-Leaf (193).JPG,saudavel,train,spinach_sy69db2nz5,900x1200,2345264929434962962|18144597312282545079|8125775784852602944|17427961474986737133|13243708880981053179|1300457337899617312|17149081533954317553|4629872129839383664
dataset\_work\final\spinach\test\saudavel\Healthy-Leaf(1399)__Healthy-Leaf (194).JPG,saudavel,test,spinach_sy69db2nz5,900x1200,2976182289326931980|7732010504760852367|9385655675538653216|13744360199291338235|10376253476238675307|864730771112742185|18157887868339928510|2324028983555670146
dataset\_work\final\spinach\train\saudavel\Healthy-Leaf(1399)__Healthy-Leaf (195).JPG,saudavel,train,spinach_sy69db2nz5,900x1200,17117784742583280643|5228281273790616375|8181947737971677344|8182626590287914234|4022590976090869320|226384545876184813|18078793381626482289|11590185354335784049
dataset\_work\final\spinach\val\saudavel\Healthy-Leaf(1399)__Healthy-Leaf (196).JPG,saudavel,val,spinach_sy69db2nz5,900x1200,10566583845730976256|13176071944305094591|2621249045960102080|15850927446192673532|13812341731121683126|612453847966866|18217849729592523227|13875670218573635620
dataset\_work\final\spinach\train\saudavel\Healthy-Leaf(1399)__Healthy-Leaf (197).JPG,saudavel,train,spinach_sy69db2nz5,900x1200,12506082317447930899|5372264554294008631|7029589290146123968|8759086844442834168|4024842638591954506|1379306067997462189|17939191704016359033|13893618097041870433
dataset\_work\final\spinach\test\saudavel\Healthy-Leaf(1399)__Healthy-Leaf (198).JPG,saudavel,test,spinach_sy69db2nz5,900x1200,6001344565981618208|3849749300717157371|4638862228950108196|18012584893351914969|18157262004888169781|2314865696490604883|15703434621608720889|2614494162221555776
dataset\_work\final\spinach\val\saudavel\Healthy-Leaf(1399)__Healthy-Leaf (199).JPG,saudavel,val,spinach_sy69db2nz5,900x1200,14523694349080725527|7822222653075091223|7173396611258423520|4057355768214578904|1724752342548385388|1659662804674121417|15629407205464165944|16183698657865272675
dataset\_work\final\spinach\train\saudavel\Healthy-Leaf(1399)__Healthy-Leaf (2).jpg,saudavel,train,spinach_sy69db2nz5,900x1200,15825102801393930188|2631807573154008268|2596196659139872484|15789389564488425176|14703134833627858468|14758048739756056283|15609079604469178331|16466873496288036644
dataset\_work\final\spinach\val\saudavel\Healthy-Leaf(1399)__Healthy-Leaf (20).jpg,saudavel,val,spinach_sy69db2nz5,1200x900,14311097434999035782|11251719395397015182|10383909923186249676|17737162214775393996|10238374149410203292|9662225813532810182|14703737177088403446|14740047449084074896
dataset\_work\final\spinach\val\saudavel\Healthy-Leaf(1399)__Healthy-Leaf (200).JPG,saudavel,val,spinach_sy69db2nz5,900x1200,2318243327376164352|18143753437111361535|2330766936571126912|18150850701999135734|18419523531442211835|1738392409615392|17788038544028525819|9233659119964805152
dataset\_work\final\spinach\train\saudavel\Healthy-Leaf(1399)__Healthy-Leaf (201).JPG,saudavel,train,spinach_sy69db2nz5,900x1200,17045573798948719124|14451539996004298071|14271412842749398240|905086657909214944|6317757593996463816|1461993188339977964|16199059867431046924|16180314189951012550
dataset\_work\final\spinach\train\saudavel\Healthy-Leaf(1399)__Healthy-Leaf (202).JPG,saudavel,train,spinach_sy69db2nz5,900x1200,14305423696973489174|11249489457437399447|14559079173850959064|12452245185869074144|10941792330595114652|1613571912885307334|16163079927808380844|15603895249170926794
dataset\_work\final\spinach\train\saudavel\Healthy-Leaf(1399)__Healthy-Leaf (203).JPG,saudavel,train,spinach_sy69db2nz5,900x1200,16757479762180392966|16756801364084813207|5228422114239629536|17081757094477032688|10911393063173524712|452769040218689256|17360478312234159853|16197209422388694856
dataset\_work\final\spinach\train\saudavel\Healthy-Leaf(1399)__Healthy-Leaf (204).JPG,saudavel,train,spinach_sy69db2nz5,900x1200,12748720874869102849|17494388982216877951|3515213537940661488|17576650595918846192|9180459262354049266|79145110810324144|17336860231309651187|17358166668543313968
dataset\_work\final\spinach\train\saudavel\Healthy-Leaf(1399)__Healthy-Leaf (205).JPG,saudavel,train,spinach_sy69db2nz5,900x1200,17360407438605752834|12738588323587270591|3479184841550622832|17576650545601901041|13810107523338782896|151474247696313584|17433934227234024691|8102129713587963952
dataset\_work\final\spinach\train\saudavel\Healthy-Leaf(1399)__Healthy-Leaf (206).JPG,saudavel,train,spinach_sy69db2nz5,900x1200,16847424331503258641|7533456935574489431|7029017471522475232|8777119416233479920|6325761145763761256|1246518545040527081|17352025335693561465|16180338511408696417
dataset\_work\final\spinach\test\saudavel\Healthy-Leaf(1399)__Healthy-Leaf (207).JPG,saudavel,test,spinach_sy69db2nz5,900x1200,16829413231579498501|7534125440253751135|7045894906288327904|8209164468434750704|6912900767319297640|362695927147171561|17351471113050254449|16198335317463058529
dataset\_work\final\spinach\train\saudavel\Healthy-Leaf(1399)__Healthy-Leaf (208).JPG,saudavel,train,spinach_sy69db2nz5,900x1200,5516349939611687208|14811836899727861227|6960625882135042240|17881058282052773624|16962048299172859597|2907439761448996428|17935250189741139704|13877855855448988000
dataset\_work\final\spinach\train\saudavel\Healthy-Leaf(1399)__Healthy-Leaf (209).JPG,saudavel,train,spinach_sy69db2nz5,900x1200,2399598378704835588|8884923870667986783|16269407783854332064|8713566477795902706|6906144268433706363|293945663414488353|17493325155262196856|11590185363201378529
dataset\_work\final\spinach\val\saudavel\Healthy-Leaf(1399)__Healthy-Leaf (21).jpg,saudavel,val,spinach_sy69db2nz5,900x1200,12847800170268495333|12703966304119180312|12703966353435331985|17459767560342736758|1750931082985754032|16540892597930839218|8507051340014177778|10452018037238156720
dataset\_work\final\spinach\val\saudavel\Healthy-Leaf(1399)__Healthy-Leaf (210).JPG,saudavel,val,spinach_sy69db2nz5,900x1200,2886409353224456494|16973950718145555851|16196384818472999076|13284642034519827674|10046700698580979691|3317270076194164264|15772950166321454264|11878415704986142176
dataset\_work\final\spinach\train\saudavel\Healthy-Leaf(1399)__Healthy-Leaf (211).JPG,saudavel,train,spinach_sy69db2nz5,900x1200,3480172580991144964|8344483593620264927|6976243550071047312|18011274585687119078|16111573857932922227|293868738452540464|16633173103989945593|10395601019543801952
dataset\_work\final\spinach\test\saudavel\Healthy-Leaf(1399)__Healthy-Leaf (212).JPG,saudavel,test,spinach_sy69db2nz5,900x1200,5516353287523935233|5588579660897835887|16267032911207241792|8713558197168236281|8060257572375989837|82310050710195788|18007334761517280376|4654496664354865377
dataset\_work\final\spinach\test\saudavel\Healthy-Leaf(1399)__Healthy-Leaf (213).JPG,saudavel,test,spinach_sy69db2nz5,900x1200,7570013394286939205|7606323820907581277|7032401806548046016|8711869380591875832|6759842632892387177|4975470500338142825|17939745307990943352|13875621294879053921
dataset\_work\final\spinach\train\saudavel\Healthy-Leaf(1399)__Healthy-Leaf (214).JPG,saudavel,train,spinach_sy69db2nz5,900x1200,2309227922583729165|15839053297213231951|16270412736944195728|8704481213283233014|5752186400550146011|951390435908389920|17792823343750564984|10432742529334955233
dataset\_work\final\spinach\train\saudavel\Healthy-Leaf(1399)__Healthy-Leaf (215).JPG,saudavel,train,spinach_sy69db2nz5,900x1200,2315983040688227074|13536587983432400831|3768541592207011856|15262082065498952438|13780820310848691131|144973968095716384|17785538251282370003|1202681606755339316
dataset\_work\final\spinach\train\saudavel\Healthy-Leaf(1399)__Healthy-Leaf (217).JPG,saudavel,train,spinach_sy69db2nz5,900x1200,2958451054807352324|7750446529437749087|7032397473143899280|8711905081838458102|6903960010714156907|289404996280585769|17786094435539871352|10431489137886926945
dataset\_work\final\spinach\train\saudavel\Healthy-Leaf(1399)__Healthy-Leaf (218).JPG,saudavel,train,spinach_sy69db2nz5,900x1200,7072989278651089667|13387950025109876527|2333032405315101840|18156797114673044214|3400036907479845817|217058225161119842|17769775755667372539|10386506460922667040
dataset\_work\final\spinach\train\saudavel\Healthy-Leaf(1399)__Healthy-Leaf (219).JPG,saudavel,train,spinach_sy69db2nz5,900x1200,3543503939651962370|3696205214028242879|17351397527186632832|17351470547037122814|13807782535017483059|145846983566699825|18370408067458059504|9291080564701187312
dataset\_work\final\spinach\val\saudavel\Healthy-Leaf(1399)__Healthy-Leaf (22).jpg,saudavel,val,spinach_sy69db2nz5,1200x900,10385729576340161538|17760963962135895862|1298310537138801808|4026110927291928562|3954054059104566262|145247766766297488|17496358793789759287|10379757031250068498
dataset\_work\final\spinach\train\saudavel\Healthy-Leaf(1399)__Healthy-Leaf (220).JPG,saudavel,train,spinach_sy69db2nz5,900x1200,2458997888194905614|11239655696694615951|7534742682838287504|16786865033912962294|10349040287359695771|1010577687965409314|17783816381849728744|10431617240901652584
dataset\_work\final\spinach\val\saudavel\Healthy-Leaf(1399)__Healthy-Leaf (221).JPG,saudavel,val,spinach_sy69db2nz5,900x1200,3678331518648605188|3733219242196837855|8128043080405012672|17351461749886727420|16115510107421265715|313611567110229043|18209397513126333680|13893776434895047792
dataset\_work\final\spinach\train\saudavel\Healthy-Leaf(1399)__Healthy-Leaf (222).JPG,saudavel,train,spinach_sy69db2nz5,900x1200,2381990337941079056|8903368068420983799|6961470181656549600|8774919743095678200|17860089809605660539|1154157972399001121|17916664892342388345|16201730635828337760
dataset\_work\final\spinach\train\saudavel\Healthy-Leaf(1399)__Healthy-Leaf (223).JPG,saudavel,train,spinach_sy69db2nz5,900x1200,5480321144591232016|14811845697959709559|16255808959088990432|8711864964291749624|8596185926281957069|1165425726548282956|17935241433418294904|16183716112230029537
dataset\_work\final\spinach\train\saudavel\Healthy-Leaf(1399)__Healthy-Leaf (224).JPG,saudavel,train,spinach_sy69db2nz5,900x1200,5626987266364419346|10166655324720548791|13986276429104191696|4055424415944140532|13207875797160236941|1309786694397138766|17647015446689564472|15030812475492407746
dataset\_work\final\spinach\train\saudavel\Healthy-Leaf(1399)__Healthy-Leaf (225).JPG,saudavel,train,spinach_sy69db2nz5,900x1200,10274737386441417736|10238426959836699627|15716467927059011776|11873677804619687548|16959387480563586702|586668683606333326|9000104969726576548|13841862298418552026
dataset\_work\final\spinach\val\saudavel\Healthy-Leaf(1399)__Healthy-Leaf (226).JPG,saudavel,val,spinach_sy69db2nz5,900x1200,14848129579814176768|10092315024137448823|11249480043542093008|5082183541153581044|8641576484384477068|20489533118681038|17638289722340771654|14995909579184676508
dataset\_work\final\spinach\train\saudavel\Healthy-Leaf(1399)__Healthy-Leaf (227).JPG,saudavel,train,spinach_sy69db2nz5,900x1200,7155391957497156612|4128973162527184863|6975121635893103760|17927922795322199286|16129515686938496313|293945702337170787|17783816420451601656|10433868420626566240
dataset\_work\final\spinach\train\saudavel\Healthy-Leaf(1399)__Healthy-Leaf (228).JPG,saudavel,train,spinach_sy69db2nz5,900x1200,3550542514879142916|8186716353767262175|4727686960714139344|7603914019984284916|16124906533909667185|296194205897672241|17626181361310598761|15043883190263389249
dataset\_work\final\spinach\train\saudavel\Healthy-Leaf(1399)__Healthy-Leaf (229).JPG,saudavel,train,spinach_sy69db2nz5,900x1200,5588416348935291909|5300225553446329183|7605486917208807616|7624180270719297264|6907287205932142153|361491415983427149|17358777058440236649|13877873296002681961
dataset\_work\final\spinach\train\saudavel\Healthy-Leaf(1399)__Healthy-Leaf (23).jpg,saudavel,train,spinach_sy69db2nz5,900x1200,14739783687091490767|14739757298206051852|14812100885795016396|5480347608546250444|868643920725380812|14956224767155998412|14739735282506731084|14739735240262520781
dataset\_work\final\spinach\train\saudavel\Healthy-Leaf(1399)__Healthy-Leaf (230).JPG,saudavel,train,spinach_sy69db2nz5,900x1200,3532668252834915858|8330830309052291511|6961455853553503458|17998089537720863920|13229638395909545331|1325894608270329393|12739705446522144505|16342611034790403168
dataset\_work\final\spinach\train\saudavel\Healthy-Leaf(1399)__Healthy-Leaf (231).JPG,saudavel,train,spinach_sy69db2nz5,900x1200,7142038440317422612|4127414948392194007|17423455119655881968|8128097957155163376|15550803134023878457|1444615407341018467|17351471110634261616|17351256860867218673
dataset\_work\final\spinach\train\saudavel\Healthy-Leaf(1399)__Healthy-Leaf (232).JPG,saudavel,train,spinach_sy69db2nz5,900x1200,330754104444594182|16075096561117924255|14994801333993511104|17647288643284625144|11496433240688236255|443723341070833412|17935237587241527284|13877908284150388944
dataset\_work\final\spinach\train\saudavel\Healthy-Leaf(1399)__Healthy-Leaf (233).JPG,saudavel,train,spinach_sy69db2nz5,900x1200,5282324354830183432|7858102124822907887|7104441804657576036|13395622339912658137|17279132673915620717|588859421004025417|15703145402894116537|7262067791615531106
dataset\_work\final\spinach\test\saudavel\Healthy-Leaf(1399)__Healthy-Leaf (234).JPG,saudavel,test,spinach_sy69db2nz5,900x1200,974614279697601549|5593082156715464527|8253988908046258208|12812195083009390185|5753235886680481357|942490434599814669|7635509895278612145|2346406381936938098
dataset\_work\final\spinach\val\saudavel\Healthy-Leaf(1399)__Healthy-Leaf (235).JPG,saudavel,val,spinach_sy69db2nz5,900x1200,3534206984727695910|3733377567572998043|16198495880361074756|17927852151700125916|11220605286834229043|2743367339897916465|15922703873362808056|4963120773311941856
dataset\_work\final\spinach\train\saudavel\Healthy-Leaf(1399)__Healthy-Leaf (236).JPG,saudavel,train,spinach_sy69db2nz5,900x1200,7014812743916456972|6441562122489941967|13863362294231655604|18219750511461259474|14974362235601053017|868075730299214177|15193143806343961084|13034604985538471104
dataset\_work\final\spinach\train\saudavel\Healthy-Leaf(1399)__Healthy-Leaf (237).JPG,saudavel,train,spinach_sy69db2nz5,900x1200,3172385283864538114|14672505648081128379|15030830135825453280|16494085112804668664|13532130567972626379|156619451097351724|17939182340756727524|16199478840848586960
dataset\_work\final\spinach\train\saudavel\Healthy-Leaf(1399)__Healthy-Leaf (238).JPG,saudavel,train,spinach_sy69db2nz5,900x1200,5586195384974051333|5592937641819369311|7029024136927948992|8777172158230287068|6912899049257147981|362625596790376013|15911994905124654713|13884663687213255777
dataset\_work\final\spinach\val\saudavel\Healthy-Leaf(1399)__Healthy-Leaf (239).JPG,saudavel,val,spinach_sy69db2nz5,900x1200,3462157632591692546|17567292685078708159|7557207421171033120|16859478951324867066|13780855566388677619|144969538776992816|18075730263570577641|2334228104955355240
dataset\_work\final\spinach\val\saudavel\Healthy-Leaf(1399)__Healthy-Leaf (24).jpg,saudavel,val,spinach_sy69db2nz5,900x1200,16901338833094680559|12127778211296118280|10542512272507866626|13154186094954123199|578157328936095400|17266553714896702954|13803285723577486774|148063684898803346
dataset\_work\final\spinach\train\saudavel\Healthy-Leaf(1399)__Healthy-Leaf (240).JPG,saudavel,train,spinach_sy69db2nz5,900x1200,2848129888098198788|1990052478877260639|16291785044460886049|13323846221925180539|6871329263523896859|298719777404716583|8927480038393112504|2438730174297807074
dataset\_work\final\spinach\test\saudavel\Healthy-Leaf(1399)__Healthy-Leaf (241).JPG,saudavel,test,spinach_sy69db2nz5,900x1200,7083052832643487236|13388374443079735199|7522304524155415716|16850753225369241810|11499852655141834169|294433885281799266|15188643196975897065|11884040771820086376
dataset\_work\final\spinach\test\saudavel\Healthy-Leaf(1399)__Healthy-Leaf (242).JPG,saudavel,test,spinach_sy69db2nz5,900x1200,7389011755756626949|11028804416639589215|14271413706827930720|1769636595554043633|6907131011393326745|370437626635455334|17421761274412502808|6961472341943455430
dataset\_work\final\spinach\train\saudavel\Healthy-Leaf(1399)__Healthy-Leaf (243).JPG,saudavel,train,spinach_sy69db2nz5,900x1200,227727579992687111|1975759856625237791|17359349736444549328|17359349917944833268|2287722091745602331|504972735471757571|17646456627438348528|15012903893393533168
dataset\_work\final\spinach\train\saudavel\Healthy-Leaf(1399)__Healthy-Leaf (244).JPG,saudavel,train,spinach_sy69db2nz5,900x1200,6946887389437298182|11090480896721002399|2319578712394753200|16992869532494518514|11501999511695124889|434049009566181472|17498987894672249579|12746551012254036000
dataset\_work\final\spinach\train\saudavel\Healthy-Leaf(1399)__Healthy-Leaf (246).JPG,saudavel,train,spinach_sy69db2nz5,900x1200,3685083890120397314|3736808591463262143|3521969512600211648|17580028498707085044|13810230600043322163|149221381379990579|17651486893135558899|13875672419710853168
dataset\_work\final\spinach\train\saudavel\Healthy-Leaf(1399)__Healthy-Leaf (249).JPG,saudavel,train,spinach_sy69db2nz5,900x1200,5009862141802343571|6745871309907740982|17337748364481841248|17349711954508246265|3947840579704364637|10623092219568686661|18008997240643766000|6973837450243120368
dataset\_work\final\spinach\train\saudavel\Healthy-Leaf(1399)__Healthy-Leaf (25).jpg,saudavel,train,spinach_sy69db2nz5,900x1200,14451645549059739598|14451503712655249036|16431131671527099906|15573209137258925999|10092019410262724296|14884272571151257288|12650381758075183064|148067980479760356
dataset\_work\final\spinach\train\saudavel\Healthy-Leaf(1399)__Healthy-Leaf (250).JPG,saudavel,train,spinach_sy69db2nz5,900x1200,2606471504487785508|15837980798797732827|5792980002073788609|16562493982925322364|15842479931927808987|2604254923269614628|9005174566469556709|13961313389025977424
dataset\_work\final\spinach\val\saudavel\Healthy-Leaf(1399)__Healthy-Leaf (251).JPG,saudavel,val,spinach_sy69db2nz5,900x1200,12865806182327947922|12866395520558085814|3514100864924042240|17572173315801521375|13165862905546968754|10561696003437006002|16113020213559483635|55362876283077680
dataset\_work\final\spinach\val\saudavel\Healthy-Leaf(1399)__Healthy-Leaf (252).JPG,saudavel,val,spinach_sy69db2nz5,900x1200,5282044614101518665|7875975607311232365|3512979293537357952|16425972060823942206|7885078425568169325|5280832644263136585|4536504228935824611|9282086018152710192
dataset\_work\final\spinach\train\saudavel\Healthy-Leaf(1399)__Healthy-Leaf (253).JPG,saudavel,train,spinach_sy69db2nz5,900x1200,5281962627471067465|7876036668859182445|8129151321544102017|17434787173431768692|7885043243498163565|5280837039872101705|8428187148247561457|9335971433761525872
dataset\_work\final\spinach\test\saudavel\Healthy-Leaf(1399)__Healthy-Leaf (254).JPG,saudavel,test,spinach_sy69db2nz5,900x1200,15658328811065166296|7227166994075512036|5206315302858311840|17148808028293623024|16459614327172648036|15621242865690037721|17360477296343842029|11585664003900981320
dataset\_work\final\spinach\train\saudavel\Healthy-Leaf(1399)__Healthy-Leaf (255).JPG,saudavel,train,spinach_sy69db2nz5,900x1200,3174482651546266660|14523861524647234523|5232070229396065376|17133609547715300977|15837909878340292553|2606473708223008300|8200719686825920237|6956948886678969416
dataset\_work\final\spinach\train\saudavel\Healthy-Leaf(1399)__Healthy-Leaf (256).JPG,saudavel,train,spinach_sy69db2nz5,900x1200,5552418422128403556|5588715534352767449|6961453483931998416|17421699102324549620|15697803441208004429|7233990529361841741|17647297454268204785|14994783810540641376
dataset\_work\final\spinach\train\saudavel\Healthy-Leaf(1399)__Healthy-Leaf (257).JPG,saudavel,train,spinach_sy69db2nz5,900x1200,5280766465120618825|7885045414331510125|5792980002333804672|17715415487398014332|7884972880793922925|5280838964432685385|9002079406877628917|9243652110586504272
dataset\_work\final\spinach\train\saudavel\Healthy-Leaf(1399)__Healthy-Leaf (259).JPG,saudavel,train,spinach_sy69db2nz5,900x1200,4687419443432533008|9029452936690781143|5795160851569481792|17422683234253137529|15549679469975261053|1165321896167673153|8783936388259039729|4654483572630776912
dataset\_work\final\spinach\train\saudavel\Healthy-Leaf(1399)__Healthy-Leaf (26).jpg,saudavel,train,spinach_sy69db2nz5,900x1200,16739465346760544229|14451239966631923288|16180887051225664544|16180887205988782074|6345015552936676808|16541614894861471464|18072838717223964384|2309227336254328544
dataset\_work\final\spinach\train\saudavel\Healthy-Leaf(1399)__Healthy-Leaf (260).JPG,saudavel,train,spinach_sy69db2nz5,900x1200,5586490037073552412|5556935148649307079|14847873565509589056|10128458215810647801|14401138761011502669|2027753536568395597|17998292429727567756|4654501165885427406
dataset\_work\final\spinach\train\saudavel\Healthy-Leaf(1399)__Healthy-Leaf (261).JPG,saudavel,train,spinach_sy69db2nz5,900x1200,7858230679371723801|5300507148422189927|4944448840935446624|15962608242984478457|7463343157492551497|1816084311465201261|18007308427391633117|6960326581553634884
dataset\_work\final\spinach\val\saudavel\Healthy-Leaf(1399)__Healthy-Leaf (262).JPG,saudavel,val,spinach_sy69db2nz5,900x1200,670357495091170325|8020231532910858071|2363435557899260032|17423519341710144766|6327426699375299951|1516708187763789065|18371527632287616241|9281949816418257952
dataset\_work\final\spinach\train\saudavel\Healthy-Leaf(1399)__Healthy-Leaf (263).JPG,saudavel,train,spinach_sy69db2nz5,900x1200,1268902552578827268|8594785204844862431|27188853021116448|18445027218981383931|16112629663927322231|298376725925764113|18153671016837478911|2344172148280025088
dataset\_work\final\spinach\train\saudavel\Healthy-Leaf(1399)__Healthy-Leaf (264).JPG,saudavel,train,spinach_sy69db2nz5,900x1200,940719175201933874|5732843899375693235|6961470452021105184|17998292317830100731|12947018862492618575|3623795776470846989|18137938568709392121|2346964879352306784
dataset\_work\final\spinach\train\saudavel\Healthy-Leaf(1399)__Healthy-Leaf (266).JPG,saudavel,train,spinach_sy69db2nz5,900x1200,1156314692215112963|17568418552511158047|3490444246493437952|17433943020156156911|2258501953779650547|217593411636431888|17292642581847405041|9161734536065072
dataset\_work\final\spinach\train\saudavel\Healthy-Leaf(1399)__Healthy-Leaf (267).JPG,saudavel,train,spinach_sy69db2nz5,900x1200,7858225216173648137|5300630328095689575|7027880606563077184|8786187571812093689|7443269373845802825|660072079806565997|18000553025471508089|4651105873270966369
dataset\_work\final\spinach\train\saudavel\Healthy-Leaf(1399)__Healthy-Leaf (268).JPG,saudavel,train,spinach_sy69db2nz5,900x1200,3696695591905527817|3696696143836467023|90226113926447104|9222750587497479422|5751076449998949683|650849371361725747|18373788779091262847|54056587983863809
dataset\_work\final\spinach\train\saudavel\Healthy-Leaf(1399)__Healthy-Leaf (269).JPG,saudavel,train,spinach_sy69db2nz5,900x1200,2381576369643208740|8308876431393291739|8090870714377997536|8209445069653528312|15852054476888166259|2612101038530825505|17928486638561717617|16180338510980204656
dataset\_work\final\spinach\val\saudavel\Healthy-Leaf(1399)__Healthy-Leaf (27).jpg,saudavel,val,spinach_sy69db2nz5,900x1200,16775501978128031638|16756783891570427798|11963545396313524004|11105400710120742874|10810621573121084648|10817416709607968488|15717314618375216794|2596192149222262694
dataset\_work\final\spinach\train\saudavel\Healthy-Leaf(1399)__Healthy-Leaf (270).jpg,saudavel,train,spinach_sy69db2nz5,900x1200,11583430994409950515|15609553856710528819|13880312319974000176|18226239482978278899|3697331717246722264|3678612027516764320|17554220140887601404|3478616829831061696
dataset\_work\final\spinach\train\saudavel\Healthy-Leaf(1399)__Healthy-Leaf (271).jpg,saudavel,train,spinach_sy69db2nz5,900x1200,11585666391828533055|12703684999321685763|11587346874764840480|18053978823935299067|220402788894395568|4543884819449170080|18126168363655662842|2327964184979361440
dataset\_work\final\spinach\test\saudavel\Healthy-Leaf(1399)__Healthy-Leaf (272).jpg,saudavel,test,spinach_sy69db2nz5,900x1200,16199032326381767967|4651266474354102023|2345265067284385824|18144034310997865979|526796942586317888|2237460116507381472|18155564923664452859|2328534898346724384
dataset\_work\final\spinach\train\saudavel\Healthy-Leaf(1399)__Healthy-Leaf (273).jpg,saudavel,train,spinach_sy69db2nz5,900x1200,17063742267063746557|5227577504157074240|16466870129301604128|15608974085780807163|4612560177602137160|18248347298743963372|18094687233242537688|2325971953855465188
dataset\_work\final\spinach\train\saudavel\Healthy-Leaf(1399)__Healthy-Leaf (276).jpg,saudavel,train,spinach_sy69db2nz5,900x1200,17349712478489530099|16184826649422760992|13875034249763406848|16181045587335896318|2345282723600309472|17568128264324499184|18364709610945744608|55316529365290688
dataset\_work\final\spinach\train\saudavel\Healthy-Leaf(1399)__Healthy-Leaf (277).jpg,saudavel,train,spinach_sy69db2nz5,900x1200,14739779530569748219|5516367729798123264|14739743004959147844|14739884842361233117|40263193348771404|18090448891466452684|15933202472631766732|4937954150388764364
dataset\_work\final\spinach\train\saudavel\Healthy-Leaf(1399)__Healthy-Leaf (28).jpg,saudavel,train,spinach_sy69db2nz5,900x1200,16490665738250362783|14998190206958896902|13836833831238190852|13589907708895501791|434464905224398032|11465916291020085988|16077022802134014396|308231656853931712
dataset\_work\final\spinach\val\saudavel\Healthy-Leaf(1399)__Healthy-Leaf (280).jpg,saudavel,val,spinach_sy69db2nz5,900x1200,16342452726658960943|11586793322391768843|11587347544444210784|18053838211672084217|832892303588707488|3390681908442483938|17982334822833360122|6957664514339229344
dataset\_work\final\spinach\train\saudavel\Healthy-Leaf(1399)__Healthy-Leaf (281).jpg,saudavel,train,spinach_sy69db2nz5,900x1200,16198478327273917943|11550763356874821136|11586783444310836768|17351417303482146043|1174910719583210656|17837920464589999328|18130540004791733488|2325693829027908768
dataset\_work\final\spinach\val\saudavel\Healthy-Leaf(1399)__Healthy-Leaf (282).jpg,saudavel,val,spinach_sy69db2nz5,900x1200,13874488978425437663|16199051017886057476|16198478322912889952|17351399677607005945|307519190570880736|16131082662807243968|18000491040633441520|6956959864875568352
dataset\_work\final\spinach\train\saudavel\Healthy-Leaf(1399)__Healthy-Leaf (283).jpg,saudavel,train,spinach_sy69db2nz5,900x1200,11586793425538035199|16198337503694899712|16180472638698605600|16198487140219669754|21004087177694432|18423388416215338144|18071966821893197024|2363420134495128800
dataset\_work\final\spinach\test\saudavel\Healthy-Leaf(1399)__Healthy-Leaf (284).jpg,saudavel,test,spinach_sy69db2nz5,900x1200,14161036002206354917|15032495500905369176|14450984829133950536|17063737920631312109|6363057627477810896|16504856125932013252|17117785479980502764|5228140626313645256
dataset\_work\final\spinach\train\saudavel\Healthy-Leaf(1399)__Healthy-Leaf (285).jpg,saudavel,train,spinach_sy69db2nz5,900x1200,14475849094939942271|16181660540686255872|15043296623722480848|16201873615137594612|20142037392068832|9159492842476594376|17643990867114907872|15043376888066524368
dataset\_work\final\spinach\train\saudavel\Healthy-Leaf(1399)__Healthy-Leaf (286).jpg,saudavel,train,spinach_sy69db2nz5,900x1200,17359281575213067775|17350274273281722368|13889249236434733056|18226241511820815615|20423009836648688|18441552757988976880|18441271349451092220|56451772780560576
dataset\_work\final\spinach\train\saudavel\Healthy-Leaf(1399)__Healthy-Leaf (287).jpg,saudavel,train,spinach_sy69db2nz5,900x1200,15053438534542675451|17647509166825557024|17349139650165793808|16202999379225532660|2327259516121180404|18144324721587448016|17643023708662455520|1217316149386462448
dataset\_work\final\spinach\train\saudavel\Healthy-Leaf(1399)__Healthy-Leaf (288).jpg,saudavel,train,spinach_sy69db2nz5,900x1200,15053506703793229311|17647579535107837440|15054564436130276352|17638501967093094655|22111278001350900|18414530683370006736|18435656693322664180|10351453546671312
dataset\_work\final\spinach\train\saudavel\Healthy-Leaf(1399)__Healthy-Leaf (29).jpg,saudavel,train,spinach_sy69db2nz5,900x1200,13879001231866650519|16160753398017557510|9569179499154508800|15477902764458102783|433619449774819040|10943639437231168704|18433109096846511318|3393123192327300
dataset\_work\final\spinach\test\saudavel\Healthy-Leaf(1399)__Healthy-Leaf (290).jpg,saudavel,test,spinach_sy69db2nz5,900x1200,16198486970636098559|16198487054371128320|16198495915174840352|17351391430736014587|1282125711461600|18436486279091113184|18153102019765128432|2362309696789859552
dataset\_work\final\spinach\train\saudavel\Healthy-Leaf(1399)__Healthy-Leaf (291).jpg,saudavel,train,spinach_sy69db2nz5,900x1200,15303386112195435831|15015228303819622163|9270746241628514320|18368648606435503095|1389236887005061328|3971346486344310996|17864529674073074430|1164196547899861120
dataset\_work\final\spinach\test\saudavel\Healthy-Leaf(1399)__Healthy-Leaf (292).jpg,saudavel,test,spinach_sy69db2nz5,900x1200,10406849069305495039|12738587775780995072|16198478737166976512|17351400241765453311|18171710671866032|18445915278560619664|18414390491321650416|19860025791925472
dataset\_work\final\spinach\train\saudavel\Healthy-Leaf(1399)__Healthy-Leaf (293).jpg,saudavel,train,spinach_sy69db2nz5,900x1200,14475358231189250047|14744869320954610688|13880318964334994432|18226292604751698935|1141943862862028|18437612726794445512|17860024425048240380|10219507709419712
dataset\_work\final\spinach\train\saudavel\Healthy-Leaf(1399)__Healthy-Leaf (294).jpg,saudavel,train,spinach_sy69db2nz5,900x1200,14150536559112162841|15879846351535574887|10414229456486270096|17770250020849573874|7462199768283635932|1805397109391646916|17500879567649021174|10377496972033951376
dataset\_work\final\spinach\train\saudavel\Healthy-Leaf(1399)__Healthy-Leaf (297).jpg,saudavel,train,spinach_sy69db2nz5,675x1200,11874037522378991167|10397842952114117379|1172772169249590792|17770533662116712429|259818064010235024|4550341083066714532|17118066319218875894|580566354818909712
dataset\_work\final\spinach\train\saudavel\Healthy-Leaf(1399)__Healthy-Leaf (298).jpg,saudavel,train,spinach_sy69db2nz5,675x1200,2327955507426594624|18126159689375223424|14305568987530381028|11249453328374340824|9227373654446083579|4651958042136366624|15608374817715527324|16485029732200974278
dataset\_work\final\spinach\train\saudavel\Healthy-Leaf(1399)__Healthy-Leaf (299).jpg,saudavel,train,spinach_sy69db2nz5,675x1200,7101067597097930043|12793617294065356547|14469104728960110156|17063178114719682253|238426060563123377|4255074004899957858|14775771870503816428|5516512770550844616
dataset\_work\final\spinach\train\saudavel\Healthy-Leaf(1399)__Healthy-Leaf (3).jpg,saudavel,train,spinach_sy69db2nz5,900x1200,14740043155061808028|14703719636679599042|9517798191215118278|16039076525825531548|13989087664714485452|11248693651538677708|11249467535793297118|14305467642734122628
dataset\_work\final\spinach\train\saudavel\Healthy-Leaf(1399)__Healthy-Leaf (30).jpg,saudavel,train,spinach_sy69db2nz5,1200x900,18059187386746574558|11530911605521094276|14432518505508605933|12406332885191560776|9553967725651887776|16039075426850545658|5192112756536781996|17117926199786162888
dataset\_work\final\spinach\train\saudavel\Healthy-Leaf(1399)__Healthy-Leaf (300).jpg,saudavel,train,spinach_sy69db2nz5,900x1200,1156315276196446336|17820617859874684926|11531620874382549120|18079646379425135550|18374633288759070711|9223385259415833616|13761680560211552250|9232394140024309920
dataset\_work\final\spinach\train\saudavel\Healthy-Leaf(1399)__Healthy-Leaf (301).jpg,saudavel,train,spinach_sy69db2nz5,900x1200,9232744886108444672|18332972720436667902|10387636750331486352|17792540797091834806|18367242333080873982|24853938747220352|13180713425125108726|10385386088533076112
dataset\_work\final\spinach\train\saudavel\Healthy-Leaf(1399)__Healthy-Leaf (302).jpg,saudavel,train,spinach_sy69db2nz5,900x1200,1165603916361389216|17819494225408873978|10397692468950164610|17495815581366933950|18074526499373796343|11553006379972046096|13752055989402586610|9395783222002338960
dataset\_work\final\spinach\train\saudavel\Healthy-Leaf(1399)__Healthy-Leaf (303).jpg,saudavel,train,spinach_sy69db2nz5,900x1200,15712098795054319762|11875875695560224182|12685679306476390528|17496368585127227134|13181349077865385892|10540690989353667802|18369847836215267314|9261665952894160048
dataset\_work\final\spinach\train\saudavel\Healthy-Leaf(1399)__Healthy-Leaf (304).jpg,saudavel,train,spinach_sy69db2nz5,900x1200,11819300448988187280|15753334465147874790|16180877172809813410|17910427620907830450|16621957430071697370|10397278902590834340|12847800066544471800|11695159968319049440
dataset\_work\final\spinach\train\saudavel\Healthy-Leaf(1399)__Healthy-Leaf (305).jpg,saudavel,train,spinach_sy69db2nz5,900x1200,9821953913451925128|16901189368349101550|16180885968903919776|17910410063215256730|17189410909904604650|9821945733418798728|11161193244494106360|11590187394192543456
dataset\_work\final\spinach\val\saudavel\Healthy-Leaf(1399)__Healthy-Leaf (306).jpg,saudavel,val,spinach_sy69db2nz5,900x1200,2613923998678305480|15824978522563652844|16180314291709593248|17928433223124032754|17054172151954709979|14468401023867569700|17482021623754641144|11585094490960334048
dataset\_work\final\spinach\train\saudavel\Healthy-Leaf(1399)__Healthy-Leaf (309).jpg,saudavel,train,spinach_sy69db2nz5,900x1200,12683972765813721224|17482866134919146990|11568654691760229536|17496070702566919666|17216574297164652530|9820114548274103984|17495813951635050226|11550754578280385696
dataset\_work\final\spinach\train\saudavel\Healthy-Leaf(1399)__Healthy-Leaf (31).jpg,saudavel,train,spinach_sy69db2nz5,900x1200,16013725034486642672|9566643102729704384|17782339138254486494|10384190384884097924|13840446998925001604|17309403830306094302|9521466282731248784|16013444831494785014
dataset\_work\final\spinach\test\saudavel\Healthy-Leaf(1399)__Healthy-Leaf (310).jpg,saudavel,test,spinach_sy69db2nz5,900x1200,11530920436034148936|15176865964590868205|14451491789365546692|17045595807034019544|17124417716729389010|5231523651388376736|15604451776871239404|14163428384956452552
dataset\_work\final\spinach\test\saudavel\Healthy-Leaf(1399)__Healthy-Leaf (311).jpg,saudavel,test,spinach_sy69db2nz5,900x1200,7497391837013314632|16775793280189714157|12701433027240560352|17500300059807817464|17135659174824759272|5227578707217353832|17914922459204607474|16178642965249279152
dataset\_work\final\spinach\train\saudavel\Healthy-Leaf(1399)__Healthy-Leaf (312).jpg,saudavel,train,spinach_sy69db2nz5,900x1200,11855188439925982154|15753054072236097196|16324162229599438528|13271605689992060640|12411400672461168346|14556508223689950884|16185381940796796600|13872809817339562978
dataset\_work\final\spinach\train\saudavel\Healthy-Leaf(1399)__Healthy-Leaf (313).jpg,saudavel,train,spinach_sy69db2nz5,900x1200,13991641733235869696|13027732432543018487|9250549827787038882|18372872902061980346|17865093208297294772|2267768607747266|13473307247409822206|11682421606412345472
dataset\_work\final\spinach\val\saudavel\Healthy-Leaf(1399)__Healthy-Leaf (314).jpg,saudavel,val,spinach_sy69db2nz5,900x1200,12127075142337959472|16883325495450441715|12703676146731411104|17495524245950601722|17552671929060511210|3465104330464840872|18057497439460838642|11558073941293943984
dataset\_work\final\spinach\train\saudavel\Healthy-Leaf(1399)__Healthy-Leaf (316).jpg,saudavel,train,spinach_sy69db2nz5,900x1200,3622590883390753608|12942533972012249068|14991963223719659172|17622333584861732050|17018882226539896243|5191263968723158578|15176038100382748660|11873325915086196432
dataset\_work\final\spinach\val\saudavel\Healthy-Leaf(1399)__Healthy-Leaf (317).jpg,saudavel,val,spinach_sy69db2nz5,900x1200,10377435466018786464|17787968615842500346|12719860962388502160|17482022792120408562|18072406677999574006|11532758804576732304|17481177216340434162|10405151388723480240
dataset\_work\final\spinach\train\saudavel\Healthy-Leaf(1399)__Healthy-Leaf (32).jpg,saudavel,train,spinach_sy69db2nz5,900x1200,16054917258833465036|9551182680021765836|17496088279787228920|12721567331798912224|14739875908032564356|14739734226253827806|16180331914070494384|17928433861127556850
dataset\_work\final\spinach\train\saudavel\Healthy-Leaf(1399)__Healthy-Leaf (320).jpg,saudavel,train,spinach_sy69db2nz5,900x1200,5191558602741712676|17063865412366573531|11566953734581751456|18058932282798345976|15789390698283257836|2596055852261510216|17910260581638053626|11569218728534181536
dataset\_work\final\spinach\train\saudavel\Healthy-Leaf(1399)__Healthy-Leaf (321).jpg,saudavel,train,spinach_sy69db2nz5,900x1200,3191942243569307296|14685550151632588794|11566953699893274274|18058932196699183546|18054717837339971019|11533299815770115116|13445811212922625786|11702189180717336224
dataset\_work\final\spinach\val\saudavel\Healthy-Leaf(1399)__Healthy-Leaf (322).jpg,saudavel,val,spinach_sy69db2nz5,900x1200,3192636550727535560|14667553417584389868|11873462271244224160|15716506203051695330|17018591766701313483|14414627191508061740|16328959605394578650|11585091140483008420
dataset\_work\final\spinach\train\saudavel\Healthy-Leaf(1399)__Healthy-Leaf (323).jpg,saudavel,train,spinach_sy69db2nz5,900x1200,5516353341624290476|14811951300682436298|16180323121953672904|17928424513735200488|14613775187991039693|12397299435498278476|16757497543613468408|14451512457074478304
dataset\_work\final\spinach\train\saudavel\Healthy-Leaf(1399)__Healthy-Leaf (324).jpg,saudavel,train,spinach_sy69db2nz5,900x1200,5045745802940188356|11285483242287505372|17297770962856150982|17334090185564429976|15897472760148369052|14125024573499311686|10961241489233907696|14305432492789141232
dataset\_work\final\spinach\test\saudavel\Healthy-Leaf(1399)__Healthy-Leaf (325).jpg,saudavel,test,spinach_sy69db2nz5,900x1200,904667336065571016|14956066903223166444|15027401476215835880|17640194703982792424|17070216657204383439|14436312958638657036|16721477407463165684|16756775078213881040
dataset\_work\final\spinach\val\saudavel\Healthy-Leaf(1399)__Healthy-Leaf (326).jpg,saudavel,val,spinach_sy69db2nz5,900x1200,3462298391756101760|17568417004835038718|12685661714197696160|17496377380411706530|18367120977181986803|9248149613184945200|11712910554780585970|11587346325125336240
dataset\_work\final\spinach\train\saudavel\Healthy-Leaf(1399)__Healthy-Leaf (327).jpg,saudavel,train,spinach_sy69db2nz5,900x1200,2615920707901294120|15730377091657469673|10395023787263215266|17779417546073480610|16829440721936600538|2920033687818882340|11717537246150049270|11693190914801091216
dataset\_work\final\spinach\val\saudavel\Healthy-Leaf(1399)__Healthy-Leaf (328).jpg,saudavel,val,spinach_sy69db2nz5,900x1200,5191531235277348804|17136089977018320860|11548244410362464228|18031610432999857864|15854727939219247085|14132028514442284104|14420014987993300474|16467142807918429088
dataset\_work\final\spinach\train\saudavel\Healthy-Leaf(1399)__Healthy-Leaf (33).jpg,saudavel,train,spinach_sy69db2nz5,900x1200,15608972934794154696|16467010763166824132|18216954112669355756|13838442365242805960|14174542213401511652|14452639645608353496|14451491625878555840|17045631421045002236
dataset\_work\final\spinach\train\saudavel\Healthy-Leaf(1399)__Healthy-Leaf (330).jpg,saudavel,train,spinach_sy69db2nz5,900x1200,3910979434740911268|10564624727015870426|14451513727789223074|17045587113624358066|15766845178131160466|11820989264489301558|12847800101499277036|11730907273652309704
dataset\_work\final\spinach\train\saudavel\Healthy-Leaf(1399)__Healthy-Leaf (331).jpg,saudavel,train,spinach_sy69db2nz5,900x1200,14701485497868815980|14744551169709805513|14739744121514561228|14739743967098671052|14523861662280949708|7786168653399656140|14740034357957201612|14703697646746832588
dataset\_work\final\spinach\val\saudavel\Healthy-Leaf(1399)__Healthy-Leaf (334).jpg,saudavel,val,spinach_sy69db2nz5,900x1200,5371991944271251464|12488089874954366439|1171090002904255810|17828007215744110113|16694226544144109229|596880977652256074|2400004201935432183|4795522331735506960
dataset\_work\final\spinach\train\saudavel\Healthy-Leaf(1399)__Healthy-Leaf (336).jpg,saudavel,train,spinach_sy69db2nz5,900x1200,5478104630864053964|14816626287618531276|14737523151783301070|14744278731111206540|14744564535112998861|14701459152541255244|10092068881107754700|14884154099471976140
dataset\_work\final\spinach\val\saudavel\Healthy-Leaf(1399)__Healthy-Leaf (337).jpg,saudavel,val,spinach_sy69db2nz5,900x1200,6348973858540636296|16485311086582492654|10397841801197555146|17495514916417130156|17216573214698227684|9820255144272862296|12416027296736922866|14595346358623685776
dataset\_work\final\spinach\train\saudavel\Healthy-Leaf(1399)__Healthy-Leaf (338).jpg,saudavel,train,spinach_sy69db2nz5,900x1200,10387636748036738048|17756512002510867950|9233582166645286018|18364444593679620782|17207584125159828470|3525131289503888|12599555629894196222|9377697388946662528
dataset\_work\final\spinach\val\saudavel\Healthy-Leaf(1399)__Healthy-Leaf (339).jpg,saudavel,val,spinach_sy69db2nz5,900x1200,11551062437256695488|13424534047547166716|9819688934933481396|17193949595188469202|18198816346060770746|13839010967467216288|15140308319122398702|12990504701593863816
dataset\_work\final\spinach\train\saudavel\Healthy-Leaf(1399)__Healthy-Leaf (34).jpg,saudavel,train,spinach_sy69db2nz5,900x1200,17045293556880174308|14433702053954439384|18370407306020953848|9291150638786709216|15620954692514696904|16495586053051944428|16178766609778536576|17914930357351543038
dataset\_work\final\spinach\test\saudavel\Healthy-Leaf(1399)__Healthy-Leaf (340).jpg,saudavel,test,spinach_sy69db2nz5,900x1200,5516358838847409160|14811823757803900875|14450940865647382220|16775503008457264840|14686123173350182605|579862723472100940|14451654362601082600|14739742987845012680
dataset\_work\final\spinach\train\saudavel\Healthy-Leaf(1399)__Healthy-Leaf (341).jpg,saudavel,train,spinach_sy69db2nz5,900x1200,3479046681152326664|15271019752464044014|10377576238201324698|17789093347661372838|17208138966076747219|579862725133223984|12023940471136903158|11116157233389241488
dataset\_work\final\spinach\val\saudavel\Healthy-Leaf(1399)__Healthy-Leaf (342).jpg,saudavel,val,spinach_sy69db2nz5,900x1200,10388975403318266880|17747436631252520447|10379686735532926104|17784026733236575206|18432546147010563062|21407556187336080|16635062332473396726|10962964973307694224
dataset\_work\final\spinach\test\saudavel\Healthy-Leaf(1399)__Healthy-Leaf (343).jpg,saudavel,test,spinach_sy69db2nz5,900x1200,3479325441625294976|15163003735922175486|9225709663126176922|18332900704724589990|18369496301869952466|9225639290196478256|11969897240862682110|11116157145136892032
dataset\_work\final\spinach\train\saudavel\Healthy-Leaf(1399)__Healthy-Leaf (344).jpg,saudavel,train,spinach_sy69db2nz5,900x1200,9234644840267254792|13180856944147025902|10953957793245562520|16635062504122063334|17208007024685607862|579845133081258112|16616484984531573734|10954450357346239640
dataset\_work\final\spinach\val\saudavel\Healthy-Leaf(1399)__Healthy-Leaf (346).jpg,saudavel,val,spinach_sy69db2nz5,900x1200,2904407291342507008|7749883721919942139|2345555389758459056|18108577397129235874|18144332433596517739|21539514585927208|11695159968932515579|12703684913557572896
dataset\_work\final\spinach\train\saudavel\Healthy-Leaf(1399)__Healthy-Leaf (347).jpg,saudavel,train,spinach_sy69db2nz5,900x1200,10397833073354214472|17459785152669929197|12703676202768369312|17495814069536857826|17135782234161040882|5191548741706206352|16329495961252318706|11567098784492440752
dataset\_work\final\spinach\test\saudavel\Healthy-Leaf(1399)__Healthy-Leaf (348).jpg,saudavel,test,spinach_sy69db2nz5,900x1200,5480470676102646476|14812108479634845644|17043612398851950240|14420023853209067202|14749059184363212749|14702576075570613836|14023698238569651912|11566936005123737580
dataset\_work\final\spinach\train\saudavel\Healthy-Leaf(1399)__Healthy-Leaf (349).jpg,saudavel,train,spinach_sy69db2nz5,900x1200,1773307776759040970|16701193631715504044|16342324100708665284|13271094400109190864|12407253211127203559|14558775364924906520|14996475671111675064|14161299833399921634
dataset\_work\final\spinach\train\saudavel\Healthy-Leaf(1399)__Healthy-Leaf (35).jpg,saudavel,train,spinach_sy69db2nz5,900x1200,17351399644455210216|17351399793613000424|16775510705171844336|14451090399228251376|16775370118326570224|16756934902629190896|17351259025682369736|17351392014848413416
dataset\_work\final\spinach\train\saudavel\Healthy-Leaf(1399)__Healthy-Leaf (350).jpg,saudavel,train,spinach_sy69db2nz5,900x1200,10675866505436200960|15486697829108277247|9232465644648936132|18229038119507506124|18437683683965922262|4423921969300|14750217379863460604|14137446355560177792
dataset\_work\final\spinach\train\saudavel\Healthy-Leaf(1399)__Healthy-Leaf (351).jpg,saudavel,train,spinach_sy69db2nz5,900x1200,12271339275712399308|12307650101760434124|10396422348604656548|17734399279360781778|14708539846034378154|14701758056149961898|15144829322495139318|11838700214833858448
dataset\_work\final\spinach\train\saudavel\Healthy-Leaf(1399)__Healthy-Leaf (353).jpg,saudavel,train,spinach_sy69db2nz5,900x1200,14415052732833959496|17027985495689760493|12701152755323227808|17455123378049354978|17117644623776206828|5228141605353819336|16324492204218138098|11587202375085933488
dataset\_work\final\spinach\train\saudavel\Healthy-Leaf(1399)__Healthy-Leaf (354).jpg,saudavel,train,spinach_sy69db2nz5,900x1200,5516367566220756940|14811836934756966348|14307657921774192332|11244994825702579916|14708531220257935053|14701740481219628620|14744252085302136476|14737509827853127622
dataset\_work\final\spinach\train\saudavel\Healthy-Leaf(1399)__Healthy-Leaf (357).jpg,saudavel,train,spinach_sy69db2nz5,900x1200,14451531457808797256|17045591520389336813|14739744035349890764|14739744087432466124|17117679875081866988|5228137225369652936|14739880443978944204|14737526251943595724
dataset\_work\final\spinach\test\saudavel\Healthy-Leaf(1399)__Healthy-Leaf (358).jpg,saudavel,test,spinach_sy69db2nz5,900x1200,6385549117243463624|16538940866403178476|14737769252401678278|14708254245735833240|17012109303699441381|14418022475084832344|10961259081959415500|14305423696730490828
dataset\_work\final\spinach\train\saudavel\Healthy-Leaf(1399)__Healthy-Leaf (36).jpg,saudavel,train,spinach_sy69db2nz5,900x1200,14883999430676500184|10128197567043243236|17639631325130324218|15045415998683603104|16468703508486852236|15622589731061534414|11592409490347969744|18084272745009368308
dataset\_work\final\spinach\train\saudavel\Healthy-Leaf(1399)__Healthy-Leaf (361).jpg,saudavel,train,spinach_sy69db2nz5,900x1200,5192112825591074376|17117644690609901293|16755087276476174048|14456017310430236384|17117662282794897133|5192117223637323336|16180895865036578504|16180878272648152808
dataset\_work\final\spinach\train\saudavel\Healthy-Leaf(1399)__Healthy-Leaf (362).jpg,saudavel,train,spinach_sy69db2nz5,900x1200,7497374107119586248|14542007881591893996|12737027654948458208|17454895710688677600|17018882089310212041|14414636004772547688|16180894954573217010|16181019096304042928
dataset\_work\final\spinach\train\saudavel\Healthy-Leaf(1399)__Healthy-Leaf (363).jpg,saudavel,train,spinach_sy69db2nz5,900x1200,3192637839285636908|14667412766731996619|11857708658158128298|15568432858955959466|14631376290244890059|3192796032065293868|12307377062702681816|12307376959621140388
dataset\_work\final\spinach\train\saudavel\Healthy-Leaf(1399)__Healthy-Leaf (364).jpg,saudavel,train,spinach_sy69db2nz5,900x1200,4063961084440480768|16400163944458080254|11568645936469396656|18072548428564319458|18361060469216025059|3401970901018168|16342610965341654778|12703676632793517216
dataset\_work\final\spinach\train\saudavel\Healthy-Leaf(1399)__Healthy-Leaf (365).jpg,saudavel,train,spinach_sy69db2nz5,900x1200,14739744138636175368|14739744138636217327|16184824523295332544|17926243081864079088|17279060625629613772|587875981664423628|17358789460364347128|13877855648400317664
dataset\_work\final\spinach\train\saudavel\Healthy-Leaf(1399)__Healthy-Leaf (366).jpg,saudavel,train,spinach_sy69db2nz5,900x1200,2597880062779297388|15730965862684266185|11587202254826358432|18053874340870397154|14523571253511344090|7822197467537345828|16328959587946302714|11585095676102692512
dataset\_work\final\spinach\train\saudavel\Healthy-Leaf(1399)__Healthy-Leaf (369).jpg,saudavel,train,spinach_sy69db2nz5,900x1200,3624428577271590016|12848082089518484470|9243792231608639650|18369565021476151730|17783534734128598450|9235770708021103666|12889731591874473470|11700505858286569600
dataset\_work\final\spinach\val\saudavel\Healthy-Leaf(1399)__Healthy-Leaf (37).jpg,saudavel,val,spinach_sy69db2nz5,900x1200,18360197318095900392|9280966702370885344|17926190462672029428|16183691871079275728|16180882653256273024|16757383143199526142|15031905092419098848|17637942973492610808
dataset\_work\final\spinach\train\saudavel\Healthy-Leaf(1399)__Healthy-Leaf (370).jpg,saudavel,train,spinach_sy69db2nz5,900x1200,1156735188714548368|17746661512314800630|9394524246048663986|13761186400732858802|17782919007755454710|10406840751287438608|12846973268561689022|12855953976047067266
dataset\_work\final\spinach\train\saudavel\Healthy-Leaf(1399)__Healthy-Leaf (371).jpg,saudavel,train,spinach_sy69db2nz5,900x1200,18369848214310347984|9261665845242550516|11567090093009992446|18058887067190730880|17642864794560923776|15052384070347517694|9268632909480107770|18373222540732499616
dataset\_work\final\spinach\train\saudavel\Healthy-Leaf(1399)__Healthy-Leaf (372).jpg,saudavel,train,spinach_sy69db2nz5,900x1200,5516379695073659876|14811924826833235736|2522872736139675232|4269182894687624953|1742663460388835021|16432239807718919756|17986821929888071483|6955280773927338787
dataset\_work\final\spinach\train\saudavel\Healthy-Leaf(1399)__Healthy-Leaf (373).jpg,saudavel,train,spinach_sy69db2nz5,900x1200,11695010430443277080|13424561020006247911|11836334066012390450|15725768385262182323|16657978358249770426|1750509437363572130|12961252074337025498|3604153035667489700
dataset\_work\final\spinach\train\saudavel\Healthy-Leaf(1399)__Healthy-Leaf (374).jpg,saudavel,train,spinach_sy69db2nz5,900x1200,17045573774151978732|14451540409898209224|14739757127014256520|14703754837927071468|14451821876318539464|17009545250937212652|17009553781114474188|9840144385883475660
dataset\_work\final\spinach\train\saudavel\Healthy-Leaf(1399)__Healthy-Leaf (375).jpg,saudavel,train,spinach_sy69db2nz5,900x1200,2471515252523208612|13460579921959456730|10524797013648165920|13118728459932552635|15712819608754245050|11821838018545077282|13496468118256881590|2327401147114393490
dataset\_work\final\spinach\val\saudavel\Healthy-Leaf(1399)__Healthy-Leaf (376).jpg,saudavel,val,spinach_sy69db2nz5,900x1200,16180900348545435428|17910295903784083163|14704001043102338696|14703732916691111660|15789109360948907768|2632084658272833248|17045727782654906060|9839826592796970956
dataset\_work\final\spinach\train\saudavel\Healthy-Leaf(1399)__Healthy-Leaf (377).jpg,saudavel,train,spinach_sy69db2nz5,900x1200,3462157667086831432|17568417416481279724|9944822205001977376|11979336583343934963|17009575790411436019|5192398646855732272|17549698987335303078|2327955300899554186
dataset\_work\final\spinach\train\saudavel\Healthy-Leaf(1399)__Healthy-Leaf (378).jpg,saudavel,train,spinach_sy69db2nz5,900x1200,7243762009187782540|15572954016335204044|14415784307229953700|17009835350578138842|14703732951313489624|10128343856119514980|15748550369427525612|11857440189677244360
dataset\_work\final\spinach\train\saudavel\Healthy-Leaf(1399)__Healthy-Leaf (379).jpg,saudavel,train,spinach_sy69db2nz5,900x1200,6380486948435741900|16559224793679678796|11532617103321238560|18072829974222458555|5498083839507943141|14721289746421353560|13532911757921079290|2345265097340226720
dataset\_work\final\spinach\train\saudavel\Healthy-Leaf(1399)__Healthy-Leaf (38).jpg,saudavel,train,spinach_sy69db2nz5,900x1200,15176866444027070204|12972064048997506240|17358705966257649876|13877910589088719572|13878998991762818740|18196451038961049554|15339896978779576512|15328068535570392816
dataset\_work\final\spinach\val\saudavel\Healthy-Leaf(1399)__Healthy-Leaf (380).jpg,saudavel,val,spinach_sy69db2nz5,900x1200,5516367497500528200|14811836969115422316|14739721976263675468|14739788102584471245|7822223924933398221|5228123995661110860|14811797386564701900|5480378282765684428
dataset\_work\final\spinach\train\saudavel\Healthy-Leaf(1399)__Healthy-Leaf (381).jpg,saudavel,train,spinach_sy69db2nz5,900x1200,14703714293705019215|14740166145202392589|9441540462755679904|4476321976996040442|940697236312395724|5696806255529955020|18054402157521084222|11569192219526498179
dataset\_work\final\spinach\test\saudavel\Healthy-Leaf(1399)__Healthy-Leaf (382).jpg,saudavel,test,spinach_sy69db2nz5,900x1200,9531458506562143780|15752797920522378970|16178630853374920368|17914808247166344690|15753098018744606170|2595765581064652420|17482294389201936120|12702004756039304928
dataset\_work\final\spinach\train\saudavel\Healthy-Leaf(1399)__Healthy-Leaf (383).jpg,saudavel,train,spinach_sy69db2nz5,900x1200,12990717266102258600|15162931230272270314|10386152995624452096|17742809272142527423|16874721750373199314|12108929904071690420|13833807975105379318|15458107859856
dataset\_work\final\spinach\train\saudavel\Healthy-Leaf(1399)__Healthy-Leaf (384).jpg,saudavel,train,spinach_sy69db2nz5,900x1200,11569057218243325940|18036510251327293648|10378130855574767648|17734926976630648827|14990246849561906938|17649483344440495520|18153885986782584822|2308110232381228688
dataset\_work\final\spinach\train\saudavel\Healthy-Leaf(1399)__Healthy-Leaf (385).jpg,saudavel,train,spinach_sy69db2nz5,900x1200,3624727094972270608|12920130889472470518|9242668496776349696|18360487519852686847|17793033930493283763|1173344482500693298|18441623695833091582|20279594452927616
dataset\_work\final\spinach\train\saudavel\Healthy-Leaf(1399)__Healthy-Leaf (386).jpg,saudavel,train,spinach_sy69db2nz5,900x1200,2326265398838627400|18045236026893389545|10377566857581774480|17789111013256175094|16847419781187268090|5191541096513947680|17770394061050404854|10396004499625215120
dataset\_work\final\spinach\train\saudavel\Healthy-Leaf(1399)__Healthy-Leaf (387).jpg,saudavel,train,spinach_sy69db2nz5,900x1200,3623583639176891672|12857088672189599075|12685520946569561088|17496377999422905855|7155532677675642290|1751071271053838642|18437049916307001330|19155773569764528
dataset\_work\final\spinach\val\saudavel\Healthy-Leaf(1399)__Healthy-Leaf (388).jpg,saudavel,val,spinach_sy69db2nz5,900x1200,6380490281523285512|16559330278479204334|11533303181077810720|18054242865917169402|17189992624443870949|580409180617083992|18054542947026636282|2345819169536478880
dataset\_work\final\spinach\train\saudavel\Healthy-Leaf(1399)__Healthy-Leaf (389).jpg,saudavel,train,spinach_sy69db2nz5,900x1200,2886119131542394756|16955364367450183646|11837591829669431216|15716777988584250866|16003311542616346091|9518088496784215336|17446168973135977946|12702265323157669796
dataset\_work\final\spinach\test\saudavel\Healthy-Leaf(1399)__Healthy-Leaf (39).jpg,saudavel,test,spinach_sy69db2nz5,300x400,10164104716103393196|5660773188575102922|5154091834970150791|1737895857606039326|14557625293781831502|12402692609827868301|2168266758845046296|9734288028616329031
dataset\_work\final\spinach\train\saudavel\Healthy-Leaf(1399)__Healthy-Leaf (390).jpg,saudavel,train,spinach_sy69db2nz5,900x1200,6924597882705904418|17971130077859495483|11539145367258303520|17454576899503148794|4268892616508532473|2486861188027980128|18072557414164282354|2345256187098244000
dataset\_work\final\spinach\train\saudavel\Healthy-Leaf(1399)__Healthy-Leaf (391).jpg,saudavel,train,spinach_sy69db2nz5,900x1200,7786327000184752712|14523851628700741357|14737487786349643440|14744282768613547506|17126678157682184137|5227002580312723052|17482163667040968396|12701847646203250380
dataset\_work\final\spinach\train\saudavel\Healthy-Leaf(1399)__Healthy-Leaf (392).jpg,saudavel,train,spinach_sy69db2nz5,900x1200,12703685426326938660|17495796904827476954|10388825857237862564|17783323185598426522|15770372889776147954|2604354465856113840|11163736948127747062|11837727177242455184
dataset\_work\final\spinach\train\saudavel\Healthy-Leaf(1399)__Healthy-Leaf (393).jpg,saudavel,train,spinach_sy69db2nz5,900x1200,2904142888592952968|16955373331564891630|12701856442303792256|17482146074861690366|17189410944390155755|9821945082848628008|18365008643739327986|9242659734841935536
dataset\_work\final\spinach\test\saudavel\Healthy-Leaf(1399)__Healthy-Leaf (394).jpg,saudavel,test,spinach_sy69db2nz5,900x1200,292748329660842241|14985533763375562623|9223377010666311808|18374650876798040062|9187237272512100303|72345692089946116|18372256076308414462|9227951565162414208
dataset\_work\final\spinach\test\saudavel\Healthy-Leaf(1399)__Healthy-Leaf (395).jpg,saudavel,test,spinach_sy69db2nz5,900x1200,9803781183447435140|17045877401532178398|16321629066411313028|13312138482315628508|16005563325779775468|9513585034519842440|15856957956562599608|9513611234324480738
dataset\_work\final\spinach\train\saudavel\Healthy-Leaf(1399)__Healthy-Leaf (396).jpg,saudavel,train,spinach_sy69db2nz5,900x1200,11244968351455446564|14307684482390400987|14451496093719334536|17045596253818687468|15825437139230494662|2595765684674170524|17046009404935081708|9803797916404911816
dataset\_work\final\spinach\test\saudavel\Healthy-Leaf(1399)__Healthy-Leaf (397).jpg,saudavel,test,spinach_sy69db2nz5,900x1200,1156455361143523072|17856647861493439871|11548504358753029298|18076637596076658098|9159633449253785591|20140952891821072|12884128480859446778|12847791268302374048
dataset\_work\final\spinach\train\saudavel\Healthy-Leaf(1399)__Healthy-Leaf (398).jpg,saudavel,train,spinach_sy69db2nz5,900x1200,2619014801720739364|15773231624454381531|9233522225742038688|18076058220682513658|15825525531212178906|2595777654537607204|18053821770251623418|11548926006237537408
dataset\_work\final\spinach\train\saudavel\Healthy-Leaf(1399)__Healthy-Leaf (399).jpg,saudavel,train,spinach_sy69db2nz5,900x1200,5480359728373763854|14740170784172871567|11566940557083641548|18058905757685882572|10308518816796872652|1013049345377177164|14744256585956040442|14737474540737627808
dataset\_work\final\spinach\train\saudavel\Healthy-Leaf(1399)__Healthy-Leaf (4).jpg,saudavel,train,spinach_sy69db2nz5,900x1200,17459697670482162686|12703965835879526528|20421427141025920|13523551617652030462|9236966976806276528|18371253385716190706|18373506289420381627|9232533194288220160
dataset\_work\final\spinach\test\saudavel\Healthy-Leaf(1399)__Healthy-Leaf (40).jpg,saudavel,test,spinach_sy69db2nz5,300x400,4336482213996989388|14090383788644708300|14305445786858497550|11249459271970954127|14713004721541057475|14702870785719479868|10347878920901828252|1019589567007131590
dataset\_work\final\spinach\val\saudavel\Healthy-Leaf(1399)__Healthy-Leaf (400).jpg,saudavel,val,spinach_sy69db2nz5,900x1200,2309535216807838756|18108841263545966027|11550755591362596000|18072134138317425914|14690063822828818427|2595223552023989536|18071993811526929914|11550754504685604000
dataset\_work\final\spinach\train\saudavel\Healthy-Leaf(1399)__Healthy-Leaf (401).jpg,saudavel,train,spinach_sy69db2nz5,900x1200,2613925115369312036|15824837853785820635|15028282326235106480|17586005806050889202|15784288998691610075|2616326482997757476|17495813983839129332|12703676014185648080
dataset\_work\final\spinach\train\saudavel\Healthy-Leaf(1399)__Healthy-Leaf (402).jpg,saudavel,train,spinach_sy69db2nz5,900x1200,9516136893776809480|14913608143338376687|10423095935772826816|17481457656145037052|17261468578713434062|598572013113315460|18214401968600619762|13879124933109786256
dataset\_work\final\spinach\train\saudavel\Healthy-Leaf(1399)__Healthy-Leaf (403).jpg,saudavel,train,spinach_sy69db2nz5,900x1200,2886392875578265380|16901761045290225370|16610132130580123296|10970257605043064058|15712512707563261930|2634340864260247080|18053838245697896088|11587347476386644966
dataset\_work\final\spinach\train\saudavel\Healthy-Leaf(1399)__Healthy-Leaf (404).jpg,saudavel,train,spinach_sy69db2nz5,900x1200,17647863760679783670|15017407534380928144|10377989564308152419|17771098155980290361|10433727899663886544|17783816093145426420|4177595630692048886|7160807071435589264
dataset\_work\final\spinach\val\saudavel\Healthy-Leaf(1399)__Healthy-Leaf (405).jpg,saudavel,val,spinach_sy69db2nz5,900x1200,11551044934797299596|17459767646511370190|12700857957199071140|17491205107586309338|14848133978058018290|10092332616935951776|15716487907029990898|11837583119509308080
dataset\_work\final\spinach\train\saudavel\Healthy-Leaf(1399)__Healthy-Leaf (407).jpg,saudavel,train,spinach_sy69db2nz5,900x1200,1165744104085539592|17747435536171085287|9251105119633016464|17778274089205407222|16658145520389082102|597578071789153552|17770533694186895862|10378130288915473024
dataset\_work\final\spinach\train\saudavel\Healthy-Leaf(1399)__Healthy-Leaf (409).jpg,saudavel,train,spinach_sy69db2nz5,900x1200,3480304063027285576|17567871612438941676|9281504397924697760|16612677551732465146|17045868571556498931|5192112825598102576|18058623268962077926|11531052377570791040
dataset\_work\final\spinach\train\saudavel\Healthy-Leaf(1399)__Healthy-Leaf (41).jpg,saudavel,train,spinach_sy69db2nz5,300x400,5514415222638186294|14780316213576011667|10274720017390473159|10238435851211836956|10596729586651438797|3895432985937413964|2021583240824559246|14379755030853162894
dataset\_work\final\spinach\train\saudavel\Healthy-Leaf(1399)__Healthy-Leaf (410).jpg,saudavel,train,spinach_sy69db2nz5,900x1200,2886409368252403240|16901892986687688139|11566962427124157600|18058914639149780730|14667431303416549354|2904270968880238120|18072557310968307450|11568628170128852640
dataset\_work\final\spinach\test\saudavel\Healthy-Leaf(1399)__Healthy-Leaf (411).jpg,saudavel,test,spinach_sy69db2nz5,900x1200,9368079432438124196|13744887409743990746|9223414125504627856|18372042279274667766|15748955471373320126|11821419119991456386|17788830529854633726|10377426619452489856
dataset\_work\final\spinach\train\saudavel\Healthy-Leaf(1399)__Healthy-Leaf (413).jpg,saudavel,train,spinach_sy69db2nz5,900x1200,6348973858758814884|16485311636732561882|10396153139914738882|17482004203634937528|15765147602516428772|11848002031842630744|13316734079946628338|13982601620262635152
dataset\_work\final\spinach\val\saudavel\Healthy-Leaf(1399)__Healthy-Leaf (416).jpg,saudavel,val,spinach_sy69db2nz5,900x1200,9516119269152009216|16066536212391775222|9236960383640801408|18082688206538405630|17783465464782780382|12400867899347076|18372114851336942330|9227950985362944128
dataset\_work\final\spinach\train\saudavel\Healthy-Leaf(1399)__Healthy-Leaf (42).jpg,saudavel,train,spinach_sy69db2nz5,300x400,10316451257086057164|1020937881843378124|875482174854735516|14955211472464616390|14746758982028307214|14707137256597302159|14311059855821343695|11251794275389023756
dataset\_work\final\spinach\train\saudavel\Healthy-Leaf(1399)__Healthy-Leaf (420).jpg,saudavel,train,spinach_sy69db2nz5,900x1200,5227577470199205420|17135799930020925387|16466874389900988064|15608938918594973416|14667959258513395437|3174491430392859720|16757506271583117016|11569191274566616804
dataset\_work\final\spinach\train\saudavel\Healthy-Leaf(1399)__Healthy-Leaf (422).jpg,saudavel,train,spinach_sy69db2nz5,900x1200,10397841869454593544|17495796357772774893|12703685960799243392|17495655757319687666|17117511718160748018|598563217044556944|17495796392123092466|9244920296128859312
dataset\_work\final\spinach\test\saudavel\Healthy-Leaf(1399)__Healthy-Leaf (426).jpg,saudavel,test,spinach_sy69db2nz5,900x1200,5227867844214721388|17099753437402705865|11549352803647786624|18022611908847701754|14496848774649302765|7785346184073088328|18054534047042772474|9263365738025666464
dataset\_work\final\spinach\test\saudavel\Healthy-Leaf(1399)__Healthy-Leaf (427).jpg,saudavel,test,spinach_sy69db2nz5,900x1200,2922281055242112044|16829418798268206539|16180886071973678272|17910410114755448508|14685409487223492329|3192083496714079784|13604968888101998328|13874479975904480992
dataset\_work\final\spinach\train\saudavel\Healthy-Leaf(1399)__Healthy-Leaf (429).jpg,saudavel,train,spinach_sy69db2nz5,900x1200,15603871097501394308|16467015212693609438|16180340748549134530|17928415650604115644|16022556260412393188|9522173251327266008|13611795205774102264|14021970660517907680
dataset\_work\final\spinach\train\saudavel\Healthy-Leaf(1399)__Healthy-Leaf (43).jpg,saudavel,train,spinach_sy69db2nz5,300x400,14704019021583059912|14704018973451562220|10276998274806617806|10233905828350105228|17018029745426337740|14450656028752809932|10130454952638875278|14886127569332838286
dataset\_work\final\spinach\train\saudavel\Healthy-Leaf(1399)__Healthy-Leaf (430).jpg,saudavel,train,spinach_sy69db2nz5,900x1200,10971910015795808264|16635609962270158319|11530937083535707552|18059301512488570362|17288491136533388774|596743542203630744|18036228312317534202|11551036053408056992
dataset\_work\final\spinach\val\saudavel\Healthy-Leaf(1399)__Healthy-Leaf (431).jpg,saudavel,val,spinach_sy69db2nz5,900x1200,3174482548735037064|14667413711088487918|14161030366613605536|15897309859966013434|17189429536641486283|9821795632959393324|18072828821225578204|11532740145158981316
dataset\_work\final\spinach\train\saudavel\Healthy-Leaf(1399)__Healthy-Leaf (432).jpg,saudavel,train,spinach_sy69db2nz5,900x1200,5228137258653535752|17117679961014963661|14451512594513956064|17045727919765704440|14811527937697222381|598423544901373512|17928433309828222700|16180331918583566024
dataset\_work\final\spinach\val\saudavel\Healthy-Leaf(1399)__Healthy-Leaf (433).jpg,saudavel,val,spinach_sy69db2nz5,900x1200,2886391793715711080|16973959446006845417|16180894851221818528|17910419048422690810|16847719001359290347|7497375361123356200|18072838820513419000|11532599459411562208
dataset\_work\final\spinach\train\saudavel\Healthy-Leaf(1399)__Healthy-Leaf (436).jpg,saudavel,train,spinach_sy69db2nz5,900x1200,10961223880068779692|16611271241799536074|14451513710669598088|17045587044905734124|14595356203352033254|12415869172877565592|17027999274011954924|9803533776017919688
dataset\_work\final\spinach\train\saudavel\Healthy-Leaf(1399)__Healthy-Leaf (437).jpg,saudavel,train,spinach_sy69db2nz5,900x1200,5196616425158887880|17115392890534522348|11573140703471898048|13458601885112946428|17036429195503699693|14432222710775357000|18180626624906512058|13874761515305704608
dataset\_work\final\spinach\train\saudavel\Healthy-Leaf(1399)__Healthy-Leaf (438).jpg,saudavel,train,spinach_sy69db2nz5,900x1200,14419988736951127756|17043616763145064396|12145675125204913804|16757374467629092814|14740043154486429676|14703719637717556936|14884180436512640744|10092042311532514984
dataset\_work\final\spinach\test\saudavel\Healthy-Leaf(1399)__Healthy-Leaf (439).jpg,saudavel,test,spinach_sy69db2nz5,900x1200,10090054393938267180|14852650840603217355|14703740751423868040|14739871521024495596|14685410655523512270|3191942775869474700|17064015417829985996|9803226184017645260
dataset\_work\final\spinach\train\saudavel\Healthy-Leaf(1399)__Healthy-Leaf (44).jpg,saudavel,train,spinach_sy69db2nz5,300x400,14848149577069465229|10092394147636285006|10098854112518934158|14887656876455726982|5660487512823631756|10200115603779948494|9695980664852421582|10236170883300730508
dataset\_work\final\spinach\test\saudavel\Healthy-Leaf(1399)__Healthy-Leaf (440).jpg,saudavel,test,spinach_sy69db2nz5,900x1200,11533172373286751084|14451786269965365193|16757616308242319020|16721371749047312072|14496848808531431368|7785346115621031584|14456052443063979752|12431644880684683240
dataset\_work\final\spinach\test\saudavel\Healthy-Leaf(1399)__Healthy-Leaf (442).jpg,saudavel,test,spinach_sy69db2nz5,900x1200,10396715931094959248|15487191438546886134|10386997935808072832|17769267986793647542|17788389528819396054|10395591203428911248|13136312502031718902|9244920294039561872
dataset\_work\final\spinach\train\saudavel\Healthy-Leaf(1399)__Healthy-Leaf (443).jpg,saudavel,train,spinach_sy69db2nz5,900x1200,2885689308195786696|16991834258414440428|16575383130736887716|10961222986718650074|17009844275990482923|14415783826662296616|15717059377591885464|11819577526187395046
dataset\_work\final\spinach\train\saudavel\Healthy-Leaf(1399)__Healthy-Leaf (444).jpg,saudavel,train,spinach_sy69db2nz5,900x1200,5516371964132205604|14739744156219857883|6957232560260680864|17892395718124490426|15842431139342421708|2604213129161707084|13460845384969441016|11568654588941602144
dataset\_work\final\spinach\test\saudavel\Healthy-Leaf(1399)__Healthy-Leaf (445).jpg,saudavel,test,spinach_sy69db2nz5,900x1200,14703737297414097964|14740047569948233419|14451495071583176384|17045736681533054968|14685709739529834444|3209948413318336204|17915212790472085228|13836753808010940104
dataset\_work\final\spinach\train\saudavel\Healthy-Leaf(1399)__Healthy-Leaf (447).jpg,saudavel,train,spinach_sy69db2nz5,900x1200,5192090749224160072|17045631026172735469|14304306592816008908|11258479064374546124|17090992700351549164|5191270539217538632|14739779236967956124|14739739551469372358
dataset\_work\final\spinach\train\saudavel\Healthy-Leaf(1399)__Healthy-Leaf (448).jpg,saudavel,train,spinach_sy69db2nz5,900x1200,14703728467230821420|14740065230987431627|14451496239749271244|17045595987530977228|14667686579556552652|3209966074089115340|14740170792727711468|14703731903740481224
dataset\_work\final\spinach\train\saudavel\Healthy-Leaf(1399)__Healthy-Leaf (45).jpg,saudavel,train,spinach_sy69db2nz5,300x400,10243238672250424876|10239827988289915979|10094315208380394637|14886388068097542990|5443760595300850574|3228525856843048846|5641763019077949390|10172600449110513292
dataset\_work\final\spinach\train\saudavel\Healthy-Leaf(1399)__Healthy-Leaf (450).jpg,saudavel,train,spinach_sy69db2nz5,900x1200,5516350060344855720|14811845610387197418|14415466102230256832|17045736664318070512|16919194953404354253|12127225312102813260|17351954965137952492|13874497705059159752
dataset\_work\final\spinach\train\saudavel\Healthy-Leaf(1399)__Healthy-Leaf (454).jpg,saudavel,train,spinach_sy69db2nz5,900x1200,9525127018166618112|14894476604100964351|9227959811516928642|18372379215167174590|18442185079989973966|2335940606177412|13706651721077225470|9372567550858891392
dataset\_work\final\spinach\train\saudavel\Healthy-Leaf(1399)__Healthy-Leaf (455).jpg,saudavel,train,spinach_sy69db2nz5,900x1200,5480330041660214280|14811827984982331375|14737500001556401864|14744370851287109352|17280047264981552845|579854983941000780|16757497921838489292|14451512676185966284
dataset\_work\final\spinach\test\saudavel\Healthy-Leaf(1399)__Healthy-Leaf (456).jpg,saudavel,test,spinach_sy69db2nz5,900x1200,15568106149106126472|11839575357901475564|12701856373509688992|17482144958700293858|17045613501636103844|9839814515414666712|16325046375191322098|11569205431046719152
dataset\_work\final\spinach\train\saudavel\Healthy-Leaf(1399)__Healthy-Leaf (457).jpg,saudavel,train,spinach_sy69db2nz5,900x1200,18297437638234124254|20422973731900036|13468469978333051902|11556384629200920704|9514571225776408576|16046271074791255549|9232465580379234464|18373434230796380602
dataset\_work\final\spinach\train\saudavel\Healthy-Leaf(1399)__Healthy-Leaf (458).jpg,saudavel,train,spinach_sy69db2nz5,900x1200,3480312807581239424|12884110304707341822|11549083354586828210|18058755037896527266|18369346319460257202|9243672436263504944|11695177594740055546|12848072711470466720
dataset\_work\final\spinach\train\saudavel\Healthy-Leaf(1399)__Healthy-Leaf (46).jpg,saudavel,train,spinach_sy69db2nz5,300x400,10096634172409857906|14881917839619268016|14307432866226511000|11281115990127790054|12690315162376308686|8234707782439476876|16629413106725129884|10960686477255020230
dataset\_work\final\spinach\train\saudavel\Healthy-Leaf(1399)__Healthy-Leaf (461).jpg,saudavel,train,spinach_sy69db2nz5,900x1200,11549916780567399360|17468845609580441340|10386152961206077092|17742809341390396626|18171513410495081970|13838166559849990560|15176020439745903606|11837305948383683472
dataset\_work\final\spinach\train\saudavel\Healthy-Leaf(1399)__Healthy-Leaf (462).jpg,saudavel,train,spinach_sy69db2nz5,900x1200,11695159985297645072|12848081645531530743|10395581819075825328|17500318094510165490|17835696255511973298|1179387862077820322|17477799553043193330|12686224636217017488
dataset\_work\final\spinach\train\saudavel\Healthy-Leaf(1399)__Healthy-Leaf (463).jpg,saudavel,train,spinach_sy69db2nz5,900x1200,3480453609676999688|17531825637505880046|20423596452046480|17792893212592871874|17208148191548952051|579845212806729008|14022254475915226614|10405161335876700160
dataset\_work\final\spinach\train\saudavel\Healthy-Leaf(1399)__Healthy-Leaf (464).jpg,saudavel,train,spinach_sy69db2nz5,900x1200,5228131795456462408|16253085520864186093|11566936142462224068|18058941009912893144|17117662317229608673|5228145952204688968|15604575833111371514|14161030435660072608
dataset\_work\final\spinach\train\saudavel\Healthy-Leaf(1399)__Healthy-Leaf (466).jpg,saudavel,train,spinach_sy69db2nz5,900x1200,9808854883873212560|17181600702339149302|9223449614819413136|18374577688663805158|17793025620650652142|10396733593820668040|16630842475415470078|10397692818968936576
dataset\_work\final\spinach\train\saudavel\Healthy-Leaf(1399)__Healthy-Leaf (467).jpg,saudavel,train,spinach_sy69db2nz5,900x1200,9232477700894894208|16040525885749521406|11533725268636862470|18084098336374124446|18368932212652743646|9234787847550607488|11452600588896827386|434610584051650720
dataset\_work\final\spinach\train\saudavel\Healthy-Leaf(1399)__Healthy-Leaf (468).jpg,saudavel,train,spinach_sy69db2nz5,900x1200,14996034681120361516|17638213899222699722|12685670394520079362|17495796392190267063|14613765240241178612|3174085625047293136|13244540300750147058|147509530854296752
dataset\_work\final\spinach\train\saudavel\Healthy-Leaf(1399)__Healthy-Leaf (47).jpg,saudavel,train,spinach_sy69db2nz5,300x400,4332272940509497816|14053259906164158404|9769190651326836492|2176992595360156623|14154575461836195779|15567003519840100156|14919045907012597278|878034059130016647
dataset\_work\final\spinach\train\saudavel\Healthy-Leaf(1399)__Healthy-Leaf (470).jpg,saudavel,train,spinach_sy69db2nz5,900x1200,5516363099589545772|14739735394344439496|6955276408966254220|17914799450939166412|14415502506774728396|3210814862167871052|14739884756261379832|10128056900229236320
dataset\_work\final\spinach\train\saudavel\Healthy-Leaf(1399)__Healthy-Leaf (471).jpg,saudavel,train,spinach_sy69db2nz5,900x1200,1750948108906679944|16703154061555174636|12703677165569707058|17495673349573954995|17045172632099933671|9821935391070899224|12956186676612222450|3606264252417395888
dataset\_work\final\spinach\val\saudavel\Healthy-Leaf(1399)__Healthy-Leaf (472).jpg,saudavel,val,spinach_sy69db2nz5,900x1200,9389176286042033536|12848083190913388282|10377566841006327328|17788547890907422715|18036370117307092402|9263075466528312706|18131367971205864950|2307547420000912528
dataset\_work\final\spinach\val\saudavel\Healthy-Leaf(1399)__Healthy-Leaf (473).jpg,saudavel,val,spinach_sy69db2nz5,900x1200,2308109265997154448|15739322703037771254|9234646524498414880|18080703008041029563|17775090489201946074|10396713697820870688|13497181514748652538|2309509017573927040
dataset\_work\final\spinach\train\saudavel\Healthy-Leaf(1399)__Healthy-Leaf (474).jpg,saudavel,train,spinach_sy69db2nz5,900x1200,5228132757796490178|17117635928877117356|5516642598678660876|10092090758260526799|12407187343768784621|13982281678879428168|14919896765133950604|902698012240613196
dataset\_work\final\spinach\train\saudavel\Healthy-Leaf(1399)__Healthy-Leaf (475).jpg,saudavel,train,spinach_sy69db2nz5,900x1200,3480585516453072004|17531843298343178206|12703544278553382066|17495515964455144610|16055207978334047731|9515136338245340464|11694869731685158130|12883846422185528496
dataset\_work\final\spinach\train\saudavel\Healthy-Leaf(1399)__Healthy-Leaf (476).jpg,saudavel,train,spinach_sy69db2nz5,900x1200,12703685423911030472|17459768107959487980|9251667998786602128|18363724482416139702|17045454572930092530|14433621218622852272|13176844349072136702|10395581204627154048
dataset\_work\final\spinach\train\saudavel\Healthy-Leaf(1399)__Healthy-Leaf (477).jpg,saudavel,train,spinach_sy69db2nz5,900x1200,9813423361128008848|14336054164277610486|9367493850291907730|13762892295018761142|17782329565103125446|10379828052808446088|13171777213237690302|10532880034765865090
dataset\_work\final\spinach\train\saudavel\Healthy-Leaf(1399)__Healthy-Leaf (479).jpg,saudavel,train,spinach_sy69db2nz5,900x1200,2313880469329644395|17998510700664139304|12701153262398590640|17455123562595585266|2895294762511681529|7749317283646676000|17477360898628533746|12740137144531502000
dataset\_work\final\spinach\train\saudavel\Healthy-Leaf(1399)__Healthy-Leaf (48).jpg,saudavel,train,spinach_sy69db2nz5,300x400,14704012287828899782|14704001396200379288|10233030644467472334|10240938210324846220|10958207172921200588|14282890538299756492|10094294239625027470|14886414901232206734
dataset\_work\final\spinach\test\saudavel\Healthy-Leaf(1399)__Healthy-Leaf (480).jpg,saudavel,test,spinach_sy69db2nz5,900x1200,9803665803110715204|16883861030752423645|12739292683118808736|17450339368527957242|15928685592897277930|4904155128331636104|18053839259442294002|11569192306163567536
dataset\_work\final\spinach\train\saudavel\Healthy-Leaf(1399)__Healthy-Leaf (481).jpg,saudavel,train,spinach_sy69db2nz5,900x1200,14703697577556250568|14740034393057726444|14161044644085302916|15861180045811490716|17009883823848001484|14415744312560520908|11285769072227851996|9513334466263877316
dataset\_work\final\spinach\train\saudavel\Healthy-Leaf(1399)__Healthy-Leaf (482).jpg,saudavel,train,spinach_sy69db2nz5,900x1200,2618997725066058785|15845297975661675643|1203482434881048|12672879822790172007|8918402212746421723|2403829348978939940|7466298674325086127|1749092753293575168
dataset\_work\final\spinach\train\saudavel\Healthy-Leaf(1399)__Healthy-Leaf (483).jpg,saudavel,train,spinach_sy69db2nz5,900x1200,2327391401941567050|18036228881670708909|9395783204580314784|13463825611228614130|12510612305560358394|5369986366611278880|17477650034368371130|11551336288204842114
dataset\_work\final\spinach\train\saudavel\Healthy-Leaf(1399)__Healthy-Leaf (485).jpg,saudavel,train,spinach_sy69db2nz5,900x1200,5227561029634559880|17135667783039651822|14161027050789898182|15572945272720793244|17153981582409715437|9804067305041661000|11249463481746267864|14305410476921816772
dataset\_work\final\spinach\train\saudavel\Healthy-Leaf(1399)__Healthy-Leaf (486).jpg,saudavel,train,spinach_sy69db2nz5,900x1200,7533966970783469256|16829423145180434412|16466861366890172108|15608965221301325516|17045903824773943017|14415480429769887336|14739744190505131736|14739743932804728548
dataset\_work\final\spinach\train\saudavel\Healthy-Leaf(1399)__Healthy-Leaf (487).jpg,saudavel,train,spinach_sy69db2nz5,900x1200,615883789149349828|17135650327520549852|11999703987403328398|10961266932623289998|15860317994368356077|14134313281955793928|10245195674270178968|10271306721792329638
dataset\_work\final\spinach\test\saudavel\Healthy-Leaf(1399)__Healthy-Leaf (488).jpg,saudavel,test,spinach_sy69db2nz5,900x1200,5516358735633256326|14811828104169721758|14307666812087535558|11244977456987709084|11389373862344888013|9659951867790855756|11249436819461181084|14305436874159394758
dataset\_work\final\spinach\train\saudavel\Healthy-Leaf(1399)__Healthy-Leaf (49).jpg,saudavel,train,spinach_sy69db2nz5,300x400,10236447857146530776|10235321956133973924|10245433341049251598|10235299957310163854|11830708887209315214|15567544573208760206|10235286728945896334|1019835858432765838
dataset\_work\final\spinach\train\saudavel\Healthy-Leaf(1399)__Healthy-Leaf (491).jpg,saudavel,train,spinach_sy69db2nz5,900x1200,14883850513835069165|10128049152108236360|17045594759196282604|14451636718464634568|5228145951667883660|17117662317288328910|14451509158010654408|17045604791702425324
dataset\_work\final\spinach\train\saudavel\Healthy-Leaf(1399)__Healthy-Leaf (493).jpg,saudavel,train,spinach_sy69db2nz5,900x1200,5191539911312706632|17135791064881286893|12703535396349775520|17495815204215164602|17135791030655766253|5227568776782679112|13442716294191238642|11569192202815294640
dataset\_work\final\spinach\test\saudavel\Healthy-Leaf(1399)__Healthy-Leaf (494).jpg,saudavel,test,spinach_sy69db2nz5,900x1200,6671545303189130988|14237592728907975880|16180913628617542720|16180900279869230840|14450993642205583045|17045705792085792348|17928442053702422240|4651099177586495200
dataset\_work\final\spinach\train\saudavel\Healthy-Leaf(1399)__Healthy-Leaf (495).jpg,saudavel,train,spinach_sy69db2nz5,900x1200,5191680717654527496|17136071406315868143|11551177958656707760|18054120682954936306|17262067827847647213|580413647391427656|17496360544198692346|12685529725817802400
dataset\_work\final\spinach\train\saudavel\Healthy-Leaf(1399)__Healthy-Leaf (496).jpg,saudavel,train,spinach_sy69db2nz5,900x1200,14455453157818322476|17061490329809522123|11551336167871253696|18054110872847503100|14631367459196094188|3192505726024457416|18216663702950022650|13874488771536703136
dataset\_work\final\spinach\val\saudavel\Healthy-Leaf(1399)__Healthy-Leaf (497).jpg,saudavel,val,spinach_sy69db2nz5,900x1200,579871605271777060|16919890875474906587|12845254680406576290|12843490119273925818|15784287761412378602|2616467238128847880|13460290870796238258|11730766673207313330
dataset\_work\final\spinach\train\saudavel\Healthy-Leaf(1399)__Healthy-Leaf (498).jpg,saudavel,train,spinach_sy69db2nz5,900x1200,1156594520214081040|17748632902169431475|9233521693367862402|18364288462893337526|12938171674117754870|1157010135601384720|13171778830015126526|9368628582677423232
dataset\_work\final\spinach\val\saudavel\Healthy-Leaf(1399)__Healthy-Leaf (499).jpg,saudavel,val,spinach_sy69db2nz5,900x1200,2631798982951504940|15825120376533274059|13872835295487364832|18203148591593131752|14685410637872340699|3173928515737716260|16757488610484395772|16180877276621473472
dataset\_work\final\spinach\val\saudavel\Healthy-Leaf(1399)__Healthy-Leaf (5).jpg,saudavel,val,spinach_sy69db2nz5,900x1200,16452017292118042029|15579513577732397578|10416349366859866762|17766292674627746734|745940703213598168|12512485787269222884|12590885632798985974|9953531993000939152
dataset\_work\final\spinach\train\saudavel\Healthy-Leaf(1399)__Healthy-Leaf (50).jpg,saudavel,train,spinach_sy69db2nz5,300x400,1024411882717408813|10309708815256225867|10103287305420553276|14885407894316843971|5442617018353259407|3273570494073353998|14052230386303865806|4340430277623297676
dataset\_work\final\spinach\train\saudavel\Healthy-Leaf(1399)__Healthy-Leaf (500).jpg,saudavel,train,spinach_sy69db2nz5,900x1200,2904124837038853960|16883324417136332524|11549088835300705968|18058632030762999282|17009558196280249834|5192394249236532520|17482162567930879482|12701988383901828768
dataset\_work\final\spinach\train\saudavel\Healthy-Leaf(1399)__Healthy-Leaf (501).jpg,saudavel,train,spinach_sy69db2nz5,900x1200,5516371895413787820|14811801784616996298|11568645797680942240|16775511753178468088|14613502595064893133|12415322509305941580|17928433317679976168|11568646037259586720
dataset\_work\final\spinach\train\saudavel\Healthy-Leaf(1399)__Healthy-Leaf (502).jpg,saudavel,train,spinach_sy69db2nz5,900x1200,12685661718493141136|12884127862274058198|3462173094482103442|17495859579280346550|15485502073299979698|10383205170866949296|13172217606167842290|10541947093249690672
dataset\_work\final\spinach\train\saudavel\Healthy-Leaf(1399)__Healthy-Leaf (503).jpg,saudavel,train,spinach_sy69db2nz5,900x1200,3479466763371302360|17468845675824172516|9377628068111600784|13140130625306414518|16450979387761651186|15586261316972333360|13172358410619804598|10397833021679412354
dataset\_work\final\spinach\val\saudavel\Healthy-Leaf(1399)__Healthy-Leaf (504).jpg,saudavel,val,spinach_sy69db2nz5,900x1200,868365744014560812|14794200733618474954|11873185435160022048|15752499694775816186|14559899169567231949|3174504590306315532|18072821158660512986|2309236201938732708
dataset\_work\final\spinach\train\saudavel\Healthy-Leaf(1399)__Healthy-Leaf (505).jpg,saudavel,train,spinach_sy69db2nz5,900x1200,10396573509689887252|15199032597361274326|9232463413392515712|18355490167622384638|15433076777308646866|1462065753808980112|18355350807736335358|9232956537952804992
dataset\_work\final\spinach\train\saudavel\Healthy-Leaf(1399)__Healthy-Leaf (506).jpg,saudavel,train,spinach_sy69db2nz5,900x1200,10379686681775380112|17784590882032818166|3462713096626644624|17478222846246165478|17768731530597748726|10382506929100295312|16617049209494802418|10387137007662337584
dataset\_work\final\spinach\val\saudavel\Healthy-Leaf(1399)__Healthy-Leaf (507).jpg,saudavel,val,spinach_sy69db2nz5,900x1200,5191821435463421016|17027705122229030373|9242668616365545634|18364991240069965498|16541034848992579308|6362476376985832776|13467600303911001598|11716147446614475904
dataset\_work\final\spinach\train\saudavel\Healthy-Leaf(1399)__Healthy-Leaf (508).jpg,saudavel,train,spinach_sy69db2nz5,900x1200,12701987159482976344|17482303736936033701|11549494464427216034|18081054886321900978|11920340604948487666|6361490630191236784|12884110375453191418|11694869697098696864
dataset\_work\final\spinach\train\saudavel\Healthy-Leaf(1399)__Healthy-Leaf (51).jpg,saudavel,train,spinach_sy69db2nz5,300x400,2026359717907107656|14341492326554078957|9664486272872680988|11387099934086107079|17081660089375852487|5228401426556985116|14379733030486607774|2021614301590527878
dataset\_work\final\spinach\train\saudavel\Healthy-Leaf(1399)__Healthy-Leaf (510).jpg,saudavel,train,spinach_sy69db2nz5,900x1200,308510415108573584|15721309382544158198|9268494375108485248|13761466771637795326|17757006817081109978|10378842787457812484|18372943818678729406|9232392496943636608
dataset\_work\final\spinach\train\saudavel\Healthy-Leaf(1399)__Healthy-Leaf (511).jpg,saudavel,train,spinach_sy69db2nz5,900x1200,580567510156790792|17262040323138211311|16180595870159768736|17892413274005163770|17243472870279385071|597860629047873032|18072539701140475640|11568628308304629216
dataset\_work\final\spinach\val\saudavel\Healthy-Leaf(1399)__Healthy-Leaf (512).jpg,saudavel,val,spinach_sy69db2nz5,900x1200,2885688105603108388|16919916250814975947|11548926055629589666|18058624230908481458|14667994459797377002|2598026142737108008|12884674491210243578|11676723374524417696
dataset\_work\final\spinach\train\saudavel\Healthy-Leaf(1399)__Healthy-Leaf (513).jpg,saudavel,train,spinach_sy69db2nz5,900x1200,5228146020355117004|17045604689967255244|14161009527960864332|15897213257486671564|14703755181995560684|14740038627423391304|14744256363156709084|5514102692794042052
dataset\_work\final\spinach\train\saudavel\Healthy-Leaf(1399)__Healthy-Leaf (514).jpg,saudavel,train,spinach_sy69db2nz5,900x1200,579862723010907400|17136081370176441838|11676723392241077506|13460853631039262399|17171537218961395693|598290486546271240|13785130379282206394|147781161958902946
dataset\_work\final\spinach\train\saudavel\Healthy-Leaf(1399)__Healthy-Leaf (515).jpg,saudavel,train,spinach_sy69db2nz5,900x1200,1174467629333563016|17820056080152436198|9233095082998369282|17202393844027412414|16617444898463698423|9819710954744335376|13749382009261571054|147640321399530112
dataset\_work\final\spinach\train\saudavel\Healthy-Leaf(1399)__Healthy-Leaf (516).jpg,saudavel,train,spinach_sy69db2nz5,900x1200,12703544261766712488|17495797577072742122|11551326393069866624|18053961253300113402|16901603798560001522|12145097856634473648|18054823270415240442|9227460189254209184
dataset\_work\final\spinach\train\saudavel\Healthy-Leaf(1399)__Healthy-Leaf (517).jpg,saudavel,train,spinach_sy69db2nz5,900x1200,2885705835815034264|16991965992921810150|12847791270374345760|12884127931590234106|16592561831287443435|11014967024619490344|18072698168320904626|2309228418795195570
dataset\_work\final\spinach\train\saudavel\Healthy-Leaf(1399)__Healthy-Leaf (518).jpg,saudavel,train,spinach_sy69db2nz5,900x1200,10092046743333736164|14884145183958470360|14737527386619711116|14744243357757706188|15604461896283688910|16469113020810202764|14740016792278900428|10092020630103230156
dataset\_work\final\spinach\train\saudavel\Healthy-Leaf(1399)__Healthy-Leaf (519).jpg,saudavel,train,spinach_sy69db2nz5,900x1200,9226341369173126288|16045707643667270646|10376309548922964098|13186415524790136766|17783464294521679326|10388694446027573888|13758443118935408566|9369752251348680848
dataset\_work\final\spinach\train\saudavel\Healthy-Leaf(1399)__Healthy-Leaf (52).jpg,saudavel,train,spinach_sy69db2nz5,300x400,14704019065827428070|14704018627537117080|10094297737608763278|14886537573990340494|10997530088188874700|16574996387380006860|10238708494905350094|10238708882552002188
dataset\_work\final\spinach\train\saudavel\Healthy-Leaf(1399)__Healthy-Leaf (520).jpg,saudavel,train,spinach_sy69db2nz5,900x1200,11533167838069988298|18054701310716356524|16324166799375665030|13271570523340349082|12404891563492085754|14563268021042482848|11105383271277997752|9657691238263393250
dataset\_work\final\spinach\train\saudavel\Healthy-Leaf(1399)__Healthy-Leaf (521).jpg,saudavel,train,spinach_sy69db2nz5,900x1200,9243952794818252360|17756997438763601901|10395028184638033058|17770375162791628730|17117907336187833846|5192262376285424000|13443137268958010870|11676855298748793488
dataset\_work\final\spinach\train\saudavel\Healthy-Leaf(1399)__Healthy-Leaf (522).jpg,saudavel,train,spinach_sy69db2nz5,900x1200,9803648159519214756|17171537150308503258|10397833073085254658|17784044325975347134|15766696829297511918|11820838665688321416|13749365619807931894|147508294238751888
dataset\_work\final\spinach\val\saudavel\Healthy-Leaf(1399)__Healthy-Leaf (523).jpg,saudavel,val,spinach_sy69db2nz5,900x1200,5497916678842781420|14793654172998143688|12702419374867730080|17459627854183501042|14451636787528748493|17045594724171664460|17477378609479896562|11587206601258256560
dataset\_work\final\spinach\train\saudavel\Healthy-Leaf(1399)__Healthy-Leaf (524).jpg,saudavel,train,spinach_sy69db2nz5,900x1200,10378131457340801894|15465112863683059609|9407746045095904912|13550802461967491062|11033580747345534934|7350748856411686544|17770939418071207612|10377990101577207682
dataset\_work\final\spinach\train\saudavel\Healthy-Leaf(1399)__Healthy-Leaf (525).jpg,saudavel,train,spinach_sy69db2nz5,900x1200,11839011360041831329|15766405372742938216|11674204496808332960|13420488549935779322|7506980557734464986|11640427551009950884|18054119720942518202|11551318679234479010
dataset\_work\final\spinach\val\saudavel\Healthy-Leaf(1399)__Healthy-Leaf (526).jpg,saudavel,val,spinach_sy69db2nz5,900x1200,15608937715323080140|16467015230805724876|12001819259266633344|11100844349972778750|14721738587827046116|14739444865575591640|18342606145394249370|9263349347750743974
dataset\_work\final\spinach\train\saudavel\Healthy-Leaf(1399)__Healthy-Leaf (528).jpg,saudavel,train,spinach_sy69db2nz5,900x1200,5516370864487763532|14811942488006692557|11569201221979573920|17477923779075608314|14811819376937242317|5516376293594533452|18054411073671368434|11569214262103477920
dataset\_work\final\spinach\train\saudavel\Healthy-Leaf(1399)__Healthy-Leaf (529).jpg,saudavel,train,spinach_sy69db2nz5,900x1200,14996148991925628300|17601931632419163086|9243653727360649218|18369494686962282430|14864990970459408116|10100886898508963280|13758443600122670590|146380242545428608
dataset\_work\final\spinach\test\saudavel\Healthy-Leaf(1399)__Healthy-Leaf (53).jpg,saudavel,test,spinach_sy69db2nz5,300x400,11252063251922407015|14275044573445065753|14850098904788512268|10130736986035948495|1840863086922505158|7479932944310282140|14955210976404412300|877733893043001038
dataset\_work\final\spinach\train\saudavel\Healthy-Leaf(1399)__Healthy-Leaf (530).jpg,saudavel,train,spinach_sy69db2nz5,900x1200,9803780048972124076|16901903020268129994|11531219623924336256|18023132046768906234|14559626525312782314|12434169238116503176|18059326870033735674|9225067651944875936
dataset\_work\final\spinach\train\saudavel\Healthy-Leaf(1399)__Healthy-Leaf (531).jpg,saudavel,train,spinach_sy69db2nz5,900x1200,12433328111721877320|14613775273880915692|17349843953738286752|17301738070065782522|17009549589500382922|5228414198145256620|18058905842981215472|11566940437428553712
dataset\_work\final\spinach\train\saudavel\Healthy-Leaf(1399)__Healthy-Leaf (532).jpg,saudavel,train,spinach_sy69db2nz5,900x1200,12686230080164974536|16325317954296548588|16181181857789249152|17874267037247643646|17009012941920309218|14469813930736422576|18347557263635844856|9225208252061159392
dataset\_work\final\spinach\train\saudavel\Healthy-Leaf(1399)__Healthy-Leaf (533).jpg,saudavel,train,spinach_sy69db2nz5,900x1200,2614493644543839110|15847409008052678042|9232393074889215360|18373507348335316474|11109622268510006747|9676983350476949540|18036228314654309374|9245199642991009920
dataset\_work\final\spinach\test\saudavel\Healthy-Leaf(1399)__Healthy-Leaf (534).jpg,saudavel,test,spinach_sy69db2nz5,900x1200,10092156694498610126|14884166074746220172|14161334888342980256|15861153761182326522|10101058770771546062|14883036711424298636|18058905981292846812|11566940445584623556
dataset\_work\final\spinach\test\saudavel\Healthy-Leaf(1399)__Healthy-Leaf (535).jpg,saudavel,test,spinach_sy69db2nz5,900x1200,5191557550542131172|17100034843255705288|10396448702113156800|17446142584058515180|14415476014753206253|16469398919787187272|17045736596196171250|13875034129170122640
dataset\_work\final\spinach\test\saudavel\Healthy-Leaf(1399)__Healthy-Leaf (537).jpg,saudavel,test,spinach_sy69db2nz5,900x1200,12702855842673413036|17468836881871285706|9251395345664886946|18318688692300934322|14568351048478911986|12415169729056754096|12892837197887977982|11729640652941517696
dataset\_work\final\spinach\val\saudavel\Healthy-Leaf(1399)__Healthy-Leaf (538).jpg,saudavel,val,spinach_sy69db2nz5,900x1200,7515529242916654752|16847295637432536826|11819158526021258912|15753476112507636962|18054410936443129321|11569214209766345832|16324596536834498522|11587346290506598052
dataset\_work\final\spinach\train\saudavel\Healthy-Leaf(1399)__Healthy-Leaf (539).jpg,saudavel,train,spinach_sy69db2nz5,900x1200,12127225174329020072|16775079782983372266|11568769114520866464|17928423379193203938|16901322443766812136|12127646321516432552|16324596554080898808|11587346462983752864
dataset\_work\final\spinach\val\saudavel\Healthy-Leaf(1399)__Healthy-Leaf (54).jpg,saudavel,val,spinach_sy69db2nz5,300x400,10236447951066705900|10236448071695666120|10238691153061287814|10238717308304037790|14414658202273255310|17018851397701668750|11391603560089851790|9662234781691352974
dataset\_work\final\spinach\train\saudavel\Healthy-Leaf(1399)__Healthy-Leaf (540).jpg,saudavel,train,spinach_sy69db2nz5,900x1200,5192244663906702104|17045577304047564516|16180896002474411680|17910278104566177506|16444391731091115756|1770780085231488584|16329523499902668536|11566939458311261920
dataset\_work\final\spinach\val\saudavel\Healthy-Leaf(1399)__Healthy-Leaf (541).jpg,saudavel,val,spinach_sy69db2nz5,900x1200,5480325540709879432|14812090887583993326|14737473629801843872|14739893500151582450|17189463759477706701|9821931955154259532|17496096454989549260|11568628205091194572
dataset\_work\final\spinach\train\saudavel\Healthy-Leaf(1399)__Healthy-Leaf (542).jpg,saudavel,train,spinach_sy69db2nz5,900x1200,2904151191158755020|16739182755286322892|12701988453023205024|17482162533770894562|14739770475106684392|14739730841552702760|16328941962002341362|11585104541527787184
dataset\_work\final\spinach\val\saudavel\Healthy-Leaf(1399)__Healthy-Leaf (543).jpg,saudavel,val,spinach_sy69db2nz5,900x1200,16901189247905764179|12127797109692249653|12701148373987593952|17455158424442474208|3834312774328471208|5986149336710811114|16180887051563843058|16180887068951135152
dataset\_work\final\spinach\train\saudavel\Healthy-Leaf(1399)__Healthy-Leaf (545).jpg,saudavel,train,spinach_sy69db2nz5,900x1200,14415471702539702156|17045613571019771598|17045864114377690338|14415520373738032816|14847864632331177708|10092447000362159816|12740137135096925896|16324439667608096748
dataset\_work\final\spinach\train\saudavel\Healthy-Leaf(1399)__Healthy-Leaf (546).jpg,saudavel,train,spinach_sy69db2nz5,900x1200,10378842787277646864|17757005715820366839|10395581269035213442|17788548472946735542|17855379641520254454|1165393864250231184|13166782170416471542|9395225730423866512
dataset\_work\final\spinach\val\saudavel\Healthy-Leaf(1399)__Healthy-Leaf (548).jpg,saudavel,val,spinach_sy69db2nz5,900x1200,14440805425468558496|17035375347708120570|10404589059132812466|17499191576111270064|18072265907917253100|11550772169928370376|12738605363454990834|12892827819029456016
dataset\_work\final\spinach\test\saudavel\Healthy-Leaf(1399)__Healthy-Leaf (549).jpg,saudavel,test,spinach_sy69db2nz5,900x1200,2903852038106091084|16955364505291230924|12738012756768181408|17481916328730086626|14739760580173647339|5516517134035733544|16342452675322748146|11586793202040161968
dataset\_work\final\spinach\train\saudavel\Healthy-Leaf(1399)__Healthy-Leaf (55).jpg,saudavel,train,spinach_sy69db2nz5,300x400,10240949601080036168|10234193865629183148|10246537165209472396|10246603111000657870|12406377948224489358|5245300756967923598|14866271977433150350|10091764560659952526
dataset\_work\final\spinach\train\saudavel\Healthy-Leaf(1399)__Healthy-Leaf (550).jpg,saudavel,train,spinach_sy69db2nz5,900x1200,10388975919108082856|17747436599242575338|9252793420211463314|17791925620341267110|16919353766049696758|12127215396752076176|12023093705182210550|10566789014462294144
dataset\_work\final\spinach\train\saudavel\Healthy-Leaf(1399)__Healthy-Leaf (552).jpg,saudavel,train,spinach_sy69db2nz5,900x1200,16162748455408504236|16739183375646346954|9250549778810326240|18084642180245212320|14577737029485219304|12397739166926786016|11586793254150928890|16198337520471007360
dataset\_work\final\spinach\train\saudavel\Healthy-Leaf(1399)__Healthy-Leaf (553).jpg,saudavel,train,spinach_sy69db2nz5,900x1200,9532586652662122640|16045567426155163126|9236960379619134642|18370919132306525618|17775020120256458206|10396715896449878660|12884110336778433278|12847800618425135232
dataset\_work\final\spinach\val\saudavel\Healthy-Leaf(1399)__Healthy-Leaf (554).jpg,saudavel,val,spinach_sy69db2nz5,900x1200,10398123310197722248|17459767526116281838|12701996045786565792|17482285627207503282|17207426411691658738|9821237098241215888|12884127965621689842|11550754509383681712
dataset\_work\final\spinach\train\saudavel\Healthy-Leaf(1399)__Healthy-Leaf (557).jpg,saudavel,train,spinach_sy69db2nz5,900x1200,16144452552267009192|16775774536147651818|12701441806430555808|17500308787047075040|16918932032489705448|12109060297287666912|16180472518574267890|11587363951286305968
dataset\_work\final\spinach\train\saudavel\Healthy-Leaf(1399)__Healthy-Leaf (559).jpg,saudavel,train,spinach_sy69db2nz5,900x1200,10541957040477275720|12848081679490195180|12701983951158986400|17482197666269928930|17050125880846601650|5225885424623176850|16329258535252565490|11549071157080835760
dataset\_work\final\spinach\val\saudavel\Healthy-Leaf(1399)__Healthy-Leaf (56).jpg,saudavel,val,spinach_sy69db2nz5,300x400,14848138307009187820|10092297415845153736|10238387390292399758|10274698216336496270|14414627432018153356|17009857289272627150|10274420557572183950|10274460137826489998
dataset\_work\final\spinach\train\saudavel\Healthy-Leaf(1399)__Healthy-Leaf (560).jpg,saudavel,train,spinach_sy69db2nz5,900x1200,9524284244807851152|15441593042209261302|11549066275909487792|18058764448010521826|17781906840474307542|10384349727835434372|16342470161466301946|12703537030911903392
dataset\_work\final\spinach\train\saudavel\Healthy-Leaf(1399)__Healthy-Leaf (561).jpg,saudavel,train,spinach_sy69db2nz5,900x1200,16720895694811319432|16775783469888753134|17333244661397900514|17351963691839311024|17207574777578835944|9821389913110482152|12739713606834179824|16342593412405300464
dataset\_work\final\spinach\train\saudavel\Healthy-Leaf(1399)__Healthy-Leaf (566).jpg,saudavel,train,spinach_sy69db2nz5,900x1200,5228159283179179400|16829418729557150186|16180323122558180800|17928424513197262560|16882182042204999401|9821521786316492360|16160752863361879800|13879282780133559520
dataset\_work\final\spinach\train\saudavel\Healthy-Leaf(1399)__Healthy-Leaf (567).jpg,saudavel,train,spinach_sy69db2nz5,900x1200,10377566875038469768|17789110875682409966|12740127263925620144|17477510293453950450|17189419778618351606|9821936353410417808|17459767559880936690|12703966354374839984
dataset\_work\final\spinach\test\saudavel\Healthy-Leaf(1399)__Healthy-Leaf (57).jpg,saudavel,test,spinach_sy69db2nz5,300x400,10090081152927472584|14850386009692514284|10238422874303174542|10274693329286797198|17016612758607304654|14419148711108741004|10238712974949455758|10238674076338951822
dataset\_work\final\spinach\train\saudavel\Healthy-Leaf(1399)__Healthy-Leaf (570).jpg,saudavel,train,spinach_sy69db2nz5,900x1200,12145106532066381384|16775511890776788205|11551318644807337632|18054119634178120930|17117081740798054120|5246156020850789544|16329092405915454970|11566957015809347232
dataset\_work\final\spinach\train\saudavel\Healthy-Leaf(1399)__Healthy-Leaf (571).jpg,saudavel,train,spinach_sy69db2nz5,900x1200,16738778272243355208|16775230329900732140|11551336236598120108|18054110838479817930|17045587096378002920|5228141622811053288|14595073611549543930|12416009687304457888
dataset\_work\final\spinach\train\saudavel\Healthy-Leaf(1399)__Healthy-Leaf (572).jpg,saudavel,train,spinach_sy69db2nz5,900x1200,5191671835267583016|16775519518781787626|12703693640729283744|17495523644058619040|16919353300331974376|2903843241676115016|11586793287705873650|11586651502245465264
dataset\_work\final\spinach\train\saudavel\Healthy-Leaf(1399)__Healthy-Leaf (574).jpg,saudavel,train,spinach_sy69db2nz5,900x1200,15153924512339660524|11839275740645789384|10395309694108812960|17743353599110323424|14451513644238654884|17009558230420835794|16184844211022872054|11585095590346703760
dataset\_work\final\spinach\val\saudavel\Healthy-Leaf(1399)__Healthy-Leaf (576).jpg,saudavel,val,spinach_sy69db2nz5,900x1200,2319718908737497216|18046853410636950526|9236957665044541824|18370989434340143806|18368933313253307386|9234647107930698016|13723115189717299966|9237249583233642624
dataset\_work\final\spinach\train\saudavel\Healthy-Leaf(1399)__Healthy-Leaf (578).jpg,saudavel,train,spinach_sy69db2nz5,900x1200,5480465144184800940|14812231693656628936|16178639786897557152|17914817026071698658|14456043733883195341|12431635963334495820|16328960567668088568|11584954818826045152
dataset\_work\final\spinach\test\saudavel\Healthy-Leaf(1399)__Healthy-Leaf (579).jpg,saudavel,test,spinach_sy69db2nz5,900x1200,14135829525678220944|14756200374945618422|12701997714356751586|17482144750114884784|17769266992240314572|10405152470661475524|12739714255281888754|16342453119186060976
dataset\_work\final\spinach\train\saudavel\Healthy-Leaf(1399)__Healthy-Leaf (58).jpg,saudavel,train,spinach_sy69db2nz5,300x400,14845882358221575130|10096836603309655972|9662243663415843726|11391586053936326286|11819538030768365452|15713913503530813390|10242921875462887326|10275854577696708486
dataset\_work\final\spinach\train\saudavel\Healthy-Leaf(1399)__Healthy-Leaf (583).jpg,saudavel,train,spinach_sy69db2nz5,900x1200,2605348355639756816|11235231606699453942|9232386479958780082|18373453472240363698|17793035579878796187|1173203742586972196|12891568324015487998|12891571077079507072
dataset\_work\final\spinach\train\saudavel\Healthy-Leaf(1399)__Healthy-Leaf (584).jpg,saudavel,train,spinach_sy69db2nz5,900x1200,9514149528699029648|15884142656437087734|10385387153697728642|17792469878864505022|17793035579748741084|10396575779710044548|13720372490303040502|9432805463768834192
dataset\_work\final\spinach\train\saudavel\Healthy-Leaf(1399)__Healthy-Leaf (587).jpg,saudavel,train,spinach_sy69db2nz5,900x1200,10396714249455283856|15469247475614714870|10386504186652944530|17787983905799694774|17765468624351309270|10389248633962514576|13144193217406557174|10549838358820299920
dataset\_work\final\spinach\train\saudavel\Healthy-Leaf(1399)__Healthy-Leaf (59).jpg,saudavel,train,spinach_sy69db2nz5,300x400,14271690947588984812|11245245608809926600|10238726268378093454|10238719542091782030|14415779575351152540|17009870784832409542|10238717343068657550|10238691049782581134
dataset\_work\final\spinach\train\saudavel\Healthy-Leaf(1399)__Healthy-Leaf (590).jpg,saudavel,train,spinach_sy69db2nz5,900x1200,8091998890700443352|17387710447013040100|12701988246730491552|17482162516456807650|16469539641998855665|15568396540225408112|16328941927575494130|11585103406851114672
dataset\_work\final\spinach\train\saudavel\Healthy-Leaf(1399)__Healthy-Leaf (592).jpg,saudavel,train,spinach_sy69db2nz5,900x1200,12127224126566518728|14613492595442978284|11566962565108878514|18058351671948234162|17009301975643114954|14433908296401177768|12848081559297170682|12847800135859275424
dataset\_work\final\spinach\train\saudavel\Healthy-Leaf(1399)__Healthy-Leaf (595).jpg,saudavel,train,spinach_sy69db2nz5,900x1200,10396713732054863496|17793104818660609518|9232456266474736800|18373451793067592882|17189552065627483638|9821944097085868176|12883828898057288702|11550763305270648960
dataset\_work\final\spinach\train\saudavel\Healthy-Leaf(1399)__Healthy-Leaf (597).jpg,saudavel,train,spinach_sy69db2nz5,900x1200,9228030719531292688|17614508671328315382|9236960379610252944|18371200607284336870|17791346732983809012|1159692391910543488|16616205744682693630|10432032834712907904
dataset\_work\final\spinach\train\saudavel\Healthy-Leaf(1399)__Healthy-Leaf (598).jpg,saudavel,train,spinach_sy69db2nz5,900x1200,10386721404599289864|17752009502394674668|9252801666406057104|18368368785022115046|17072468439757380598|596751234741577104|16635343841809852926|10413525853136644224
dataset\_work\final\spinach\train\saudavel\Healthy-Leaf(1399)__Healthy-Leaf (599).jpg,saudavel,train,spinach_sy69db2nz5,900x1200,1174329640774159496|17747998481560030702|12701433113281997968|17499173988235921654|17207565914494356982|9821381153700858896|17782619358234597874|10424863467420665008
dataset\_work\final\spinach\train\saudavel\Healthy-Leaf(1399)__Healthy-Leaf (6).jpg,saudavel,train,spinach_sy69db2nz5,900x1200,10431831590149509028|11987470662035705178|11533163405259450626|16901762283055573951|6488858057279102118|11839839860847265168|13793293377743065066|155662272126455456
dataset\_work\final\spinach\train\saudavel\Healthy-Leaf(1399)__Healthy-Leaf (60).jpg,saudavel,train,spinach_sy69db2nz5,300x400,14305408615323144137|11249533463966715756|4187309109344442246|11801415853308843678|7786612945925906076|14487841009255679942|11391330958713931683|9698285311650372666
dataset\_work\final\spinach\val\saudavel\Healthy-Leaf(1399)__Healthy-Leaf (600).jpg,saudavel,val,spinach_sy69db2nz5,900x1200,11837865647038416016|15775492220227870198|9232527150597721232|18373452959152262326|17788548477107498458|10395581269303642276|13172077416402582526|10433861799312236672
dataset\_work\final\spinach\train\saudavel\Healthy-Leaf(1399)__Healthy-Leaf (601).jpg,saudavel,train,spinach_sy69db2nz5,900x1200,10396643914802408576|17648988527165164022|9233582684314706048|18364444659966341884|17782920106998623732|9235764110812792976|18226802741775031294|9268626417305134208
dataset\_work\final\spinach\train\saudavel\Healthy-Leaf(1399)__Healthy-Leaf (604).jpg,saudavel,train,spinach_sy69db2nz5,900x1200,892922792822712320|14977228322974395390|9227959777287252112|18372097810788838070|18369002652270713295|11272839806870540|13180572172374898430|10423806250059567232
dataset\_work\final\spinach\train\saudavel\Healthy-Leaf(1399)__Healthy-Leaf (605).jpg,saudavel,train,spinach_sy69db2nz5,900x1200,12707077967300140624|17466585084210939893|9232457916538635952|18364303851820914914|17692258746304456178|5773084852553013424|16327834615733410814|12701847734253461632
dataset\_work\final\spinach\train\saudavel\Healthy-Leaf(1399)__Healthy-Leaf (606).jpg,saudavel,train,spinach_sy69db2nz5,900x1200,2903843220260523528|16847296187597819885|10397841869924372128|17766012265957330146|17118058143362764265|580416842494266408|16324596519519817206|11569332029578169488
dataset\_work\final\spinach\train\saudavel\Healthy-Leaf(1399)__Healthy-Leaf (61).jpg,saudavel,train,spinach_sy69db2nz5,300x400,10092126158051018358|14884125571659308944|5480360090827951774|14812228197183098758|10421064638531211214|8504501676398284428|9696002715282018253|11389048648628571724
dataset\_work\final\spinach\train\saudavel\Healthy-Leaf(1399)__Healthy-Leaf (610).jpg,saudavel,train,spinach_sy69db2nz5,900x1200,10397692473640357384|17495515964657602539|12685679242428993188|17496086594415660250|16973951663130791154|580425759660067984|15748135939149844210|11875576821285522608
dataset\_work\final\spinach\val\saudavel\Healthy-Leaf(1399)__Healthy-Leaf (611).jpg,saudavel,val,spinach_sy69db2nz5,900x1200,10378552582842770560|16640694615012268510|10404597854941129872|17787404362357558006|16058023243480559590|9251534994630117520|17747154090972862966|10424863946309526672
dataset\_work\final\spinach\test\saudavel\Healthy-Leaf(1399)__Healthy-Leaf (612).jpg,saudavel,test,spinach_sy69db2nz5,900x1200,16720904537854839844|16775792714939617243|9250400382601299616|18372891231586327778|15839036330091139048|2597466504397458664|16329092629597780478|11566957033114984576
dataset\_work\final\spinach\train\saudavel\Healthy-Leaf(1399)__Healthy-Leaf (617).jpg,saudavel,train,spinach_sy69db2nz5,900x1200,2904142356486508460|14433357956196994506|10395305304518479266|17743388852477643954|14559343780501540296|12416295663322942760|12847800101433654774|11731188765514482576
dataset\_work\final\spinach\train\saudavel\Healthy-Leaf(1399)__Healthy-Leaf (62).jpg,saudavel,train,spinach_sy69db2nz5,300x400,10234271193188994661|10235284788394037065|10096549703786577566|14882034541070746502|5300507252473006990|7281770005961574286|9692763530404267982|11402628510568029836
dataset\_work\final\spinach\train\saudavel\Healthy-Leaf(1399)__Healthy-Leaf (620).jpg,saudavel,train,spinach_sy69db2nz5,900x1200,18359925122134921202|12400318008921392|13425096999855644150|11675755851662902400|3462430311458941952|17460349788264254462|9242668560790980770|17788530884916694970
dataset\_work\final\spinach\train\saudavel\Healthy-Leaf(1399)__Healthy-Leaf (623).jpg,saudavel,train,spinach_sy69db2nz5,900x1200,14708839974171510304|14766121884270370298|9233029663931412608|18346271861318218430|18058606120897735628|2307689733587476684|13759232563980639230|9272989180794708608
dataset\_work\final\spinach\test\saudavel\Healthy-Leaf(1399)__Healthy-Leaf (624).jpg,saudavel,test,spinach_sy69db2nz5,900x1200,10383062779657883372|17791276361157414600|9236961483425261208|18371059320031713766|14451654931596175350|17045585925906372752|16616345380503548926|10963599427759452288
dataset\_work\final\spinach\val\saudavel\Healthy-Leaf(1399)__Healthy-Leaf (625).jpg,saudavel,val,spinach_sy69db2nz5,900x1200,15297615840822037664|15298111720566214138|10405723151555519632|17782900970785528054|18072266453092879828|11532758319161429204|17787140516493576694|10404588438443419792
dataset\_work\final\spinach\train\saudavel\Healthy-Leaf(1399)__Healthy-Leaf (628).jpg,saudavel,train,spinach_sy69db2nz5,900x1200,10091474014251666472|14721853332172754410|12737312411540688034|17500037191232900786|16919335624325418700|2903852158541499532|12884393033623133426|11712752343744693424
dataset\_work\final\spinach\train\saudavel\Healthy-Leaf(1399)__Healthy-Leaf (63).jpg,saudavel,train,spinach_sy69db2nz5,417x598,5480664319502028361|10092042621812149321|10161848449724976704|5521196768023514688|5263642998450884236|5300194878967975756|4651676618727333708|4615686330886850189
dataset\_work\final\spinach\test\saudavel\Healthy-Leaf(1399)__Healthy-Leaf (630).jpg,saudavel,test,spinach_sy69db2nz5,900x1200,11857426976748277704|15748576895514644460|14163547200194578116|11244959658646413020|17009835445605863130|14415801487031242404|15897204410659311260|14161027016866369476
dataset\_work\final\spinach\test\saudavel\Healthy-Leaf(1399)__Healthy-Leaf (632).jpg,saudavel,test,spinach_sy69db2nz5,900x1200,14455453243659455464|17061490518519066600|12702137797348662432|17446116058801882354|16730597871918237420|16720624098452348104|17493141191398399474|11573132989459023792
dataset\_work\final\spinach\train\saudavel\Healthy-Leaf(1399)__Healthy-Leaf (634).jpg,saudavel,train,spinach_sy69db2nz5,900x1200,14703741850552831944|14740012256054152908|14744533646714285788|10089795046803180484|14703693179409633228|14415810404660743884|14126440822054782604|15865674987019673548
dataset\_work\final\spinach\train\saudavel\Healthy-Leaf(1399)__Healthy-Leaf (635).jpg,saudavel,train,spinach_sy69db2nz5,900x1200,10397839666065122432|17784097651744955374|10405152504870095010|17769267029020159410|17211382353735110134|9233583266144734352|12875174092941990390|11693750390192826000
dataset\_work\final\spinach\train\saudavel\Healthy-Leaf(1399)__Healthy-Leaf (636).jpg,saudavel,train,spinach_sy69db2nz5,900x1200,14451494899113937096|17045736663983058412|12738444839193840834|17504593549634555576|17072459023457947372|14431800532400508616|13316738443167919346|14018595198071523504
dataset\_work\final\spinach\train\saudavel\Healthy-Leaf(1399)__Healthy-Leaf (64).jpg,saudavel,train,spinach_sy69db2nz5,408x612,10238690920326171663|10238717531742211087|10961522243329724296|434345683606245132|1084258220425025422|1084258271090644878|868934234442237702|9804114662829465496
dataset\_work\final\spinach\train\saudavel\Healthy-Leaf(1399)__Healthy-Leaf (640).jpg,saudavel,train,spinach_sy69db2nz5,900x1200,14702085156639231624|14766684763919977966|10422533071844074640|17787702464898586866|17189570413710929356|9821794518403123404|17498910101402934006|10440477118726317200
dataset\_work\final\spinach\train\saudavel\Healthy-Leaf(1399)__Healthy-Leaf (642).jpg,saudavel,train,spinach_sy69db2nz5,900x1200,16919353231460490214|12127215263759082648|13171215979122773238|10532809653154106512|10962903434755722408|16599018176786648554|10397701065386372242|17783746392532961718
dataset\_work\final\spinach\train\saudavel\Healthy-Leaf(1399)__Healthy-Leaf (643).jpg,saudavel,train,spinach_sy69db2nz5,900x1200,10981049255298272808|16598472204963188682|10432041235958910128|17482005234410507490|14595891684179859942|2886278612527768728|16342593373557726450|12739714226106320528
dataset\_work\final\spinach\train\saudavel\Healthy-Leaf(1399)__Healthy-Leaf (644).jpg,saudavel,train,spinach_sy69db2nz5,900x1200,12721549846608824448|17496096472229146110|11550772200018316448|18071984911829356208|18369389097268530930|9243791132507671728|12740347030691826938|11568775505013787808
dataset\_work\final\spinach\train\saudavel\Healthy-Leaf(1399)__Healthy-Leaf (645).jpg,saudavel,train,spinach_sy69db2nz5,900x1200,10378629514415442960|17793385190098718708|9233591546728130192|17787966279112235750|17640467350439194358|1156332286552836240|16616624626265349110|10423237257372509312
dataset\_work\final\spinach\test\saudavel\Healthy-Leaf(1399)__Healthy-Leaf (648).jpg,saudavel,test,spinach_sy69db2nz5,900x1200,12109060121310414864|16775801527809797622|12703684913355721890|17495796288582569650|17793034415893303272|1173343928171498664|12884392930207256050|11712752292079750320
dataset\_work\final\spinach\test\saudavel\Healthy-Leaf(1399)__Healthy-Leaf (649).jpg,saudavel,test,spinach_sy69db2nz5,900x1200,16720746212894903944|16775520583253200622|12737884191343412960|17482005131214425824|17189693350855298792|9803790065036823784|16181036602063035634|16178642965844903600
dataset\_work\final\spinach\val\saudavel\Healthy-Leaf(1399)__Healthy-Leaf (65).jpg,saudavel,val,spinach_sy69db2nz5,383x652,9657726844281425254|11249775648599395865|11105144782013728397|2758341612555968334|1823565569744117660|7353575974906300294|5665408557841467174|10161869495403421082
dataset\_work\final\spinach\train\saudavel\Healthy-Leaf(1399)__Healthy-Leaf (650).jpg,saudavel,train,spinach_sy69db2nz5,900x1200,10396716517148199936|17757005681603366910|10397842386797349042|17784026694849326514|18361051670429724150|3393726769416336|12893117567976001014|12846674649954536592
dataset\_work\final\spinach\train\saudavel\Healthy-Leaf(1399)__Healthy-Leaf (654).jpg,saudavel,train,spinach_sy69db2nz5,900x1200,9532023258175376528|16045708210871324662|9233582679898475186|18364445207846366642|17784589165850963422|10379757581408946308|12875173506267864062|12847235469448455296
dataset\_work\final\spinach\train\saudavel\Healthy-Leaf(1399)__Healthy-Leaf (655).jpg,saudavel,train,spinach_sy69db2nz5,900x1200,9821372235292821120|16487007804951797246|11551317682322558114|18053978882060504242|18346888795269287396|9243219437271010440|12883847040334728442|11694869693700918944
dataset\_work\final\spinach\val\saudavel\Healthy-Leaf(1399)__Healthy-Leaf (656).jpg,saudavel,val,spinach_sy69db2nz5,900x1200,5191548690493804232|12452056179849268972|12701988246453978816|17482162585111863008|17045595909718003372|14415467338643409992|16185434752518364658|13872796708905633456
dataset\_work\final\spinach\test\saudavel\Healthy-Leaf(1399)__Healthy-Leaf (658).jpg,saudavel,test,spinach_sy69db2nz5,900x1200,1309437631591762952|13243837006146883055|9252660860207115280|18368087344403991543|17279624122712705975|598009627947183122|17819490377268127998|1165533551635884160
dataset\_work\final\spinach\train\saudavel\Healthy-Leaf(1399)__Healthy-Leaf (659).jpg,saudavel,train,spinach_sy69db2nz5,900x1200,5192095267897446216|17117653572939353836|16178903635530319584|15572954085053140704|17009602366252486381|5228401141846838856|16180887241080381144|16178635286241314784
dataset\_work\final\spinach\val\saudavel\Healthy-Leaf(1399)__Healthy-Leaf (660).jpg,saudavel,val,spinach_sy69db2nz5,900x1200,2904407858002200264|16973255617168219884|14737769243886184088|14708254108968458726|17014097186211663339|14413228563459690024|16616380706896420556|10981608859202979788
dataset\_work\final\spinach\train\saudavel\Healthy-Leaf(1399)__Healthy-Leaf (662).jpg,saudavel,train,spinach_sy69db2nz5,900x1200,3174481569282591690|14668117519194599340|16321923744115427044|13276056633860919000|12407213766349918155|14558762154208923180|15604479299422731960|16466852399670068194
dataset\_work\final\spinach\train\saudavel\Healthy-Leaf(1399)__Healthy-Leaf (665).jpg,saudavel,train,spinach_sy69db2nz5,900x1200,14414912001590382296|17064013743203913188|12701988315375376544|17482162550560204474|16468833869618925548|15586482819181710536|13413627459872398834|11572030196685424304
dataset\_work\final\spinach\train\saudavel\Healthy-Leaf(1399)__Healthy-Leaf (666).jpg,saudavel,train,spinach_sy69db2nz5,900x1200,17045858710437990120|5192244697998528200|12737902746273292024|13878975912975238880|14451517988531015240|16757374347098623980|16178644081999060160|17914781892970792624
dataset\_work\final\spinach\val\saudavel\Healthy-Leaf(1399)__Healthy-Leaf (668).jpg,saudavel,val,spinach_sy69db2nz5,900x1200,10378630615939164304|17775511528931322870|9236966424634466434|18371253390170586046|17792542964037038070|10387566346942351504|13761820202617402366|9376648416048459904
dataset\_work\final\spinach\train\saudavel\Healthy-Leaf(1399)__Healthy-Leaf (669).jpg,saudavel,train,spinach_sy69db2nz5,900x1200,14739725412302032424|14739884841890713322|12740135957200539368|17477501600506810088|16901463078117805772|2922289731671068364|16757479813988453618|16757364417000033968
dataset\_work\final\spinach\train\saudavel\Healthy-Leaf(1399)__Healthy-Leaf (67).jpg,saudavel,train,spinach_sy69db2nz5,411x607,1017570683226377261|10090098753165756682|10957018506262351106|436597500600340000|759153660285093772|3264141211046453006|2327827834893700870|147816519070781336
dataset\_work\final\spinach\train\saudavel\Healthy-Leaf(1399)__Healthy-Leaf (670).jpg,saudavel,train,spinach_sy69db2nz5,900x1200,1166517028262914064|15542852018221607927|45113578806325248|18373170313649058557|17864530258067043287|1164196472603619344|18298913730577955582|13595012709654528
dataset\_work\final\spinach\val\saudavel\Healthy-Leaf(1399)__Healthy-Leaf (671).jpg,saudavel,val,spinach_sy69db2nz5,900x1200,9965786507436037764|12559859996351240142|11837574220371182512|15716786921578314930|14886410142283615662|9517824596680002954|12843190949899017690|12737177033474525092
dataset\_work\final\spinach\train\saudavel\Healthy-Leaf(1399)__Healthy-Leaf (672).jpg,saudavel,train,spinach_sy69db2nz5,900x1200,16738901279837982344|16775238043798310890|12700871185261809312|17491152260772564466|16901788602078252520|9803794376923958504|17477799586202303986|11551317459102286512
dataset\_work\final\spinach\test\saudavel\Healthy-Leaf(1399)__Healthy-Leaf (675).jpg,saudavel,test,spinach_sy69db2nz5,900x1200,10109611991377610472|14613492694896844520|11549062343673996944|18058377047077460454|16761860354531577290|16755104802031946892|16616345522793258234|10405152504819173024
dataset\_work\final\spinach\train\saudavel\Healthy-Leaf(1399)__Healthy-Leaf (678).jpg,saudavel,train,spinach_sy69db2nz5,900x1200,5209967708813889356|17099497216431034061|11548226748986937008|17455149577146436834|14775790373357637101|5516657819916848456|16324456967569817074|12740128122717553568
dataset\_work\final\spinach\val\saudavel\Healthy-Leaf(1399)__Healthy-Leaf (680).jpg,saudavel,val,spinach_sy69db2nz5,900x1200,7515817414015520296|16811320063647256555|10404026604912559792|17778274226661137634|16973810910412819945|2886269799255264616|16329100343283464694|12738015943834690192
dataset\_work\final\spinach\val\saudavel\Healthy-Leaf(1399)__Healthy-Leaf (681).jpg,saudavel,val,spinach_sy69db2nz5,900x1200,16165827087772322852|17322399525646618331|9233653652278642336|18364305128104631522|15838754374077015536|2633495322890754272|16329083833429187582|11566948236761965696
dataset\_work\final\spinach\train\saudavel\Healthy-Leaf(1399)__Healthy-Leaf (683).jpg,saudavel,train,spinach_sy69db2nz5,900x1200,14739730910162782464|14739770493890949118|14016067438489013996|13564322245728243400|18333915932108230348|2560870677450444|14451645704409923260|17045577252170073026
dataset\_work\final\spinach\train\saudavel\Healthy-Leaf(1399)__Healthy-Leaf (684).jpg,saudavel,train,spinach_sy69db2nz5,900x1200,10145912964977675336|14577200465664986605|1174320230232378658|17856103053347671483|17135525981379775690|5209686302681124236|13496599853905464823|2471787965689777168
dataset\_work\final\spinach\train\saudavel\Healthy-Leaf(1399)__Healthy-Leaf (685).jpg,saudavel,train,spinach_sy69db2nz5,900x1200,9803798846173498632|17189983759614496239|8109890234034821506|17424012661918492602|17243594842787254254|598291122335714952|13431861760647220977|9374539660872551536
dataset\_work\final\spinach\train\saudavel\Healthy-Leaf(1399)__Healthy-Leaf (686).jpg,saudavel,train,spinach_sy69db2nz5,900x1200,2615621713223968264|10506209735953226223|3478616295422708768|17554220009235828155|17228870221462162833|605315283590990884|13496600437878332915|2327391332978869808
dataset\_work\final\spinach\train\saudavel\Healthy-Leaf(1399)__Healthy-Leaf (688).jpg,saudavel,train,spinach_sy69db2nz5,900x1200,5822184682473540616|17711687595652468203|1174469832667450722|17567853951272766905|16991393198700940533|598009080498277456|13352484700054015475|7083474018754251792
dataset\_work\final\spinach\train\saudavel\Healthy-Leaf(1399)__Healthy-Leaf (689).jpg,saudavel,train,spinach_sy69db2nz5,900x1200,1156455360934333976|12920139720345160935|1181217483852762256|17859338984788758006|16684875850785377715|1751361541704125456|17766029893098723831|10397833038867686416
dataset\_work\final\spinach\val\saudavel\Healthy-Leaf(1399)__Healthy-Leaf (69).jpg,saudavel,val,spinach_sy69db2nz5,482x518,4410769207000371103|4869292124044069638|544704043580720910|2021627437349412622|435513675503342403|11461517536285374013|1017643604484754972|1010874572816092935
dataset\_work\final\spinach\train\saudavel\Healthy-Leaf(1399)__Healthy-Leaf (690).jpg,saudavel,train,spinach_sy69db2nz5,900x1200,9838126642785830920|14909957731976670703|1166518643325799744|17794722262659451901|17288631321854208718|596883725758531720|18251837008778228726|4615431571465187344
dataset\_work\final\spinach\train\saudavel\Healthy-Leaf(1399)__Healthy-Leaf (692).jpg,saudavel,train,spinach_sy69db2nz5,900x1200,5912124682081814915|13100856103649766718|3480310776397072578|17495867258357370556|4498406664949977013|9460178353279863890|13569001579852254706|14017484829294873648
dataset\_work\final\spinach\train\saudavel\Healthy-Leaf(1399)__Healthy-Leaf (693).jpg,saudavel,train,spinach_sy69db2nz5,900x1200,14415325467559488896|17027721217770932734|11550763305384414626|18072257094505942714|18323350381555240684|9254200243254595016|13424825418268986874|11677004896620399776
dataset\_work\final\spinach\train\saudavel\Healthy-Leaf(1399)__Healthy-Leaf (694).jpg,saudavel,train,spinach_sy69db2nz5,900x1200,10432604093832171080|17792753024659853037|10395015042507949736|17779435242010873322|17117649039069736182|5192130469500471440|16901198181641928182|12125527631596831376
dataset\_work\final\spinach\test\saudavel\Healthy-Leaf(1399)__Healthy-Leaf (695).jpg,saudavel,test,spinach_sy69db2nz5,900x1200,12685538538755147848|16343447698715700461|11548520370408935080|18076769505259195882|17144112202972123106|5208420747627072688|16901330002515516922|12127795872479462560
dataset\_work\final\spinach\train\saudavel\Healthy-Leaf(1399)__Healthy-Leaf (698).jpg,saudavel,train,spinach_sy69db2nz5,900x1200,11838993746120559744|15622299461736648190|10404588489781693602|17787422093878414778|18360496215211036120|9244929195351362724|13460571057020656118|11694878493552043152
dataset\_work\final\spinach\train\saudavel\Healthy-Leaf(1399)__Healthy-Leaf (70).jpg,saudavel,train,spinach_sy69db2nz5,460x542,2817871431059606339|1956558105808416313|1017566259605610013|1010784368199960391|4120264928086402843|4866991549538835239|5154109236632291086|2098175151926353678
dataset\_work\final\spinach\train\saudavel\Healthy-Leaf(1399)__Healthy-Leaf (700).jpg,saudavel,train,spinach_sy69db2nz5,900x1200,10992314748280130648|16630191021369511397|1165313118881844530|17855540138005712819|16559065778961173222|6362607802724945048|12920703215625817079|3606554850030398480
dataset\_work\final\spinach\train\saudavel\Healthy-Leaf(1399)__Healthy-Leaf (701).jpg,saudavel,train,spinach_sy69db2nz5,900x1200,14433067062338145664|17027422582385626622|10395581200332113066|17788548492270935466|18324460374579891692|9245061029104078024|12294156416383376886|12269078649596429456
dataset\_work\final\spinach\train\saudavel\Healthy-Leaf(1399)__Healthy-Leaf (703).jpg,saudavel,train,spinach_sy69db2nz5,900x1200,16306564576464292360|13316456452513574383|12701424368392521394|17500317635082886322|17270467875224604088|597324118962883810|12870335691831041522|12882131132313126064
dataset\_work\final\spinach\train\saudavel\Healthy-Leaf(1399)__Healthy-Leaf (704).jpg,saudavel,train,spinach_sy69db2nz5,900x1200,10092160611726022912|14884271589884913151|11531480272470410394|18081899259310890918|18403264535576088526|25084355375140492|12024504384995979258|11098002112868255904
dataset\_work\final\spinach\train\saudavel\Healthy-Leaf(1399)__Healthy-Leaf (705).jpg,saudavel,train,spinach_sy69db2nz5,900x1200,15320136572965096750|15295929743850819339|11532748924676639944|18072820128412061420|815027884993234644|3318324056999042260|17063724623210663930|14450958543270841504
dataset\_work\final\spinach\train\saudavel\Healthy-Leaf(1399)__Healthy-Leaf (706).jpg,saudavel,train,spinach_sy69db2nz5,900x1200,12415472624913500360|14577455550331547116|11567511200196380838|18081547450150022298|17072458574212779466|14431941714545364140|11163454890721668858|12017871235662645408
dataset\_work\final\spinach\train\saudavel\Healthy-Leaf(1399)__Healthy-Leaf (707).jpg,saudavel,train,spinach_sy69db2nz5,900x1200,5232091068377042796|17061332103081692872|16467147205552606924|15572901308630273740|14415502506371565292|7822500880998964296|14739752986864459480|14739726340484728804
dataset\_work\final\spinach\val\saudavel\Healthy-Leaf(1399)__Healthy-Leaf (708).jpg,saudavel,val,spinach_sy69db2nz5,900x1200,9685075139612265856|11162678130769808894|10388762654113934754|17783533050635570106|18324458686645070234|9245202391505856646|13423978824434830326|11686082948067241104
dataset\_work\final\spinach\train\saudavel\Healthy-Leaf(1399)__Healthy-Leaf (71).jpg,saudavel,train,spinach_sy69db2nz5,451x553,4124795037158293279|4864753065435529991|5156365597602041614|1805406285446188303|505326134440985411|2251550710870523449|1084601697983467033|1031074730646933319
dataset\_work\final\spinach\val\saudavel\Healthy-Leaf(1399)__Healthy-Leaf (710).jpg,saudavel,val,spinach_sy69db2nz5,900x1200,15611741880202446992|16495084127881457142|9232456779987594690|18373452407096822428|17793034514722712292|10396716448210528472|11261968946483297278|14027954827028734080
dataset\_work\final\spinach\train\saudavel\Healthy-Leaf(1399)__Healthy-Leaf (711).jpg,saudavel,train,spinach_sy69db2nz5,900x1200,2327400064439176200|16991402029824331244|12703684844636786338|17495796322942749874|17063443199639866859|597885883254197280|12865823278459964914|11731338436367240368
dataset\_work\final\spinach\train\saudavel\Healthy-Leaf(1399)__Healthy-Leaf (715).jpg,saudavel,train,spinach_sy69db2nz5,900x1200,16198478155477323368|17351399659890511592|11584391851431937776|18076357343278177504|16757501804019633392|7534001175844015328|16184844314707221754|17349703164576122016
dataset\_work\final\spinach\train\saudavel\Healthy-Leaf(1399)__Healthy-Leaf (716).jpg,saudavel,train,spinach_sy69db2nz5,900x1200,15008419575917070472|17648910500375752174|10406849103002488242|17782900764626013602|17216573732240682484|9820255213001263312|11695160002553498102|12848081507562974352
dataset\_work\final\spinach\train\saudavel\Healthy-Leaf(1399)__Healthy-Leaf (718).jpg,saudavel,train,spinach_sy69db2nz5,900x1200,14433067681618235080|17063451340549623532|10386575088576611984|17787844409750887670|17045737095878856172|14451495085802409160|17770111366428810230|10432174274382341264
dataset\_work\final\spinach\train\saudavel\Healthy-Leaf(1399)__Healthy-Leaf (719).jpg,saudavel,train,spinach_sy69db2nz5,900x1200,7226041571057028232|15703365384731086318|10386583387988452498|17787967344390166966|17207426311011691993|9821241446736218212|13175737101931437046|10548563475226829968
dataset\_work\final\spinach\train\saudavel\Healthy-Leaf(1399)__Healthy-Leaf (72).jpg,saudavel,train,spinach_sy69db2nz5,425x587,517717476170239814|2236966634155347613|2163736789092077085|9736566182720147271|11317048073874377503|5084321216161722119|5156372316442795911|2093689273434965790
dataset\_work\final\spinach\val\saudavel\Healthy-Leaf(1399)__Healthy-Leaf (720).jpg,saudavel,val,spinach_sy69db2nz5,900x1200,7515546900071648936|16811258559782096842|12701988280955489458|17482162516734692530|14595900429001182697|12109773846091287656|12883846611030941170|12883820119075538608
dataset\_work\final\spinach\train\saudavel\Healthy-Leaf(1399)__Healthy-Leaf (721).jpg,saudavel,train,spinach_sy69db2nz5,900x1200,15603871080112393448|16451252752234303464|12704238946353125096|17477518248396166888|16775652662901690084|16720764887211871448|16759599827630591218|16759599568924331696
dataset\_work\final\spinach\val\saudavel\Healthy-Leaf(1399)__Healthy-Leaf (722).jpg,saudavel,val,spinach_sy69db2nz5,900x1200,14152575635562579976|15918482534876245485|9232456784412061072|18373451857073752822|17144516133627357660|596883727906007236|17747172130239151102|10424995994671652992
dataset\_work\final\spinach\test\saudavel\Healthy-Leaf(1399)__Healthy-Leaf (724).jpg,saudavel,test,spinach_sy69db2nz5,900x1200,16739200411626802856|16738919486414360298|12701425365361870480|17500176949594463478|16901612579134524648|12145669533483814376|17770093877187763698|10432174171571569840
dataset\_work\final\spinach\train\saudavel\Healthy-Leaf(1399)__Healthy-Leaf (725).jpg,saudavel,train,spinach_sy69db2nz5,900x1200,3768543800059710472|15262011419043810799|10377566892285905042|17788266518942764214|17279484003431140819|597870011587906612|13172059240251972854|10540831157757805712
dataset\_work\final\spinach\train\saudavel\Healthy-Leaf(1399)__Healthy-Leaf (726).jpg,saudavel,train,spinach_sy69db2nz5,900x1200,16178635251480480936|17914773063055429098|14739760674119781608|14739889342756146920|16919222458707320568|12127097630846060256|16775498559676714700|16756818956524097228
dataset\_work\final\spinach\train\saudavel\Healthy-Leaf(1399)__Healthy-Leaf (727).jpg,saudavel,train,spinach_sy69db2nz5,900x1200,15009527884048893632|17639912094865268716|10395577906360731280|17788442406436117734|17050503994198117876|13836762500547103952|16617189809747582454|10432174119830373520
dataset\_work\final\spinach\train\saudavel\Healthy-Leaf(1399)__Healthy-Leaf (728).jpg,saudavel,train,spinach_sy69db2nz5,900x1200,6669275996779941868|14235349606134648520|14161062218957033152|15897199875209268952|14415502815141007045|17045872840878296668|15604474892319432412|13875066272899892932
dataset\_work\final\spinach\test\saudavel\Healthy-Leaf(1399)__Healthy-Leaf (729).jpg,saudavel,test,spinach_sy69db2nz5,900x1200,12703544158092479656|17351400863076634090|11530497210233818274|17500862838364098234|16919203835603307760|12127233936196521136|13460843838445641714|11712910570214524064
dataset\_work\final\spinach\train\saudavel\Healthy-Leaf(1399)__Healthy-Leaf (73).jpg,saudavel,train,spinach_sy69db2nz5,436x572,10238673174229230343|10094598110345771807|9728656218795345806|2035481264902053646|2250530382400657292|514326598616553358|1017658542317584156|10234202894821819271
dataset\_work\final\spinach\val\saudavel\Healthy-Leaf(1399)__Healthy-Leaf (731).jpg,saudavel,val,spinach_sy69db2nz5,900x1200,5192112773849402888|17117926062103170285|16178643051543432930|17914922648385064608|17117072841080541165|634461154857913928|11569350773420039928|16325010039432972000
dataset\_work\final\spinach\train\saudavel\Healthy-Leaf(1399)__Healthy-Leaf (732).jpg,saudavel,train,spinach_sy69db2nz5,900x1200,12703544274928946216|17459769192236895722|10386574023021972874|17787422094617628074|16919344385925008882|2903861023621401776|12271638536559450614|9965769035516093584
dataset\_work\final\spinach\train\saudavel\Healthy-Leaf(1399)__Healthy-Leaf (733).jpg,saudavel,train,spinach_sy69db2nz5,1200x900,11837292926311237348|15752815460839562960|16466874613181173476|15572909932319509720|15032627545381969370|16466855852964529828|15603862318379114200|16487272684440749796
dataset\_work\final\spinach\train\saudavel\Healthy-Leaf(1399)__Healthy-Leaf (735).jpg,saudavel,train,spinach_sy69db2nz5,900x1200,5228140502093106888|14811942899584306924|11566940540172144360|17914790706914758376|17045587012559015629|14451513779639717448|16757365585567784696|16757337942754035360
dataset\_work\final\spinach\train\saudavel\Healthy-Leaf(1399)__Healthy-Leaf (736).jpg,saudavel,train,spinach_sy69db2nz5,900x1200,6362616586143764430|16521893075785027212|12702269712714387104|17446134063238647258|10092046933092616677|14884145062229199960|15748294287875251698|11551323007998183344
dataset\_work\final\spinach\train\saudavel\Healthy-Leaf(1399)__Healthy-Leaf (737).jpg,saudavel,train,spinach_sy69db2nz5,900x1200,11875312749305891820|15730112625019662024|12737040814728496816|17454843002851597810|14424518587359579354|17044729322353905060|17482180160450936050|12701992782073414576
dataset\_work\final\spinach\train\saudavel\Healthy-Leaf(1399)__Healthy-Leaf (739).jpg,saudavel,train,spinach_sy69db2nz5,900x1200,5191531252390495948|17136090114992611276|11584950566102730470|18058369540684750488|14744564380769177581|14701458972284947528|10997297156577533178|16610967579120617120
dataset\_work\final\spinach\val\saudavel\Healthy-Leaf(1399)__Healthy-Leaf (74).jpg,saudavel,val,spinach_sy69db2nz5,428x583,2176220988249283335|9742202236312037151|10310808131937047310|1015391588835211023|2244874304837727111|512101309294129950|1096469486424626958|1014244446773516175
dataset\_work\final\spinach\test\saudavel\Healthy-Leaf(1399)__Healthy-Leaf (740).jpg,saudavel,test,spinach_sy69db2nz5,900x1200,12685951951034518600|17460331059648909037|9242659785852536472|18076760778548878566|17135658953566212082|5191548793229544880|16617189981685734906|10972605989551228032
dataset\_work\final\spinach\train\saudavel\Healthy-Leaf(1399)__Healthy-Leaf (741).jpg,saudavel,train,spinach_sy69db2nz5,900x1200,7803786037814823712|14541426720707653626|11547936461282494112|18067665583408586226|18027670746813615561|2308969054160702572|17482303167847644666|11549065796626104992
dataset\_work\final\spinach\train\saudavel\Healthy-Leaf(1399)__Healthy-Leaf (743).jpg,saudavel,train,spinach_sy69db2nz5,900x1200,5496799609655627340|14838672508426620620|10378126432068912800|17482198045432909282|14739752831381597645|5516354458189973580|16324720061967146482|11549075632000534160
dataset\_work\final\spinach\val\saudavel\Healthy-Leaf(1399)__Healthy-Leaf (744).jpg,saudavel,val,spinach_sy69db2nz5,900x1200,12738585641626799648|17504452281650614009|9232385898199862944|18373453992552730082|17982468191905836274|2345828047284652208|16324728667208940542|11551318678897565824
dataset\_work\final\spinach\train\saudavel\Healthy-Leaf(1399)__Healthy-Leaf (745).jpg,saudavel,train,spinach_sy69db2nz5,900x1200,7515529414790040712|16847295551934221806|12702004842391325856|17482294425380900002|17207425346473741801|9821382165592951912|11730925518614601202|11586642702058800816
dataset\_work\final\spinach\train\saudavel\Healthy-Leaf(1399)__Healthy-Leaf (746).jpg,saudavel,train,spinach_sy69db2nz5,900x1200,14451222237352512072|17027704536376454636|12701987233713265858|17482303081652668080|17054294128756477676|5209150857572945352|12738043474375253490|14023090276491740848
dataset\_work\final\spinach\train\saudavel\Healthy-Leaf(1399)__Healthy-Leaf (749).jpg,saudavel,train,spinach_sy69db2nz5,900x1200,5209976569339481672|17027422545610444524|9252231103829233328|17769266975790238882|17045726633355267564|5228281208970825032|11712752378173102582|12740277777094633088
dataset\_work\final\spinach\train\saudavel\Healthy-Leaf(1399)__Healthy-Leaf (75).jpg,saudavel,train,spinach_sy69db2nz5,423x589,13348136080557677323|4792717511589308204|5298787392076056092|7597070160448397190|3181532634876969794|800294068337458873|9664512968510369385|2019304871904381257
dataset\_work\final\spinach\train\saudavel\Healthy-Leaf(1399)__Healthy-Leaf (750).jpg,saudavel,train,spinach_sy69db2nz5,900x1200,7786186245054615048|14451513797241638382|16178648446088940770|17914799451005767344|17189463725318835912|598559884343447148|12740277742795726584|16324438310164072160
dataset\_work\final\spinach\train\saudavel\Healthy-Leaf(1399)__Healthy-Leaf (751).jpg,saudavel,train,spinach_sy69db2nz5,900x1200,6385020338552376840|16485034095744618223|11587214418299489992|18053962266644025064|17261751099847329508|580418080059333720|16757506133212499194|14451495036552924832
dataset\_work\final\spinach\train\saudavel\Healthy-Leaf(1399)__Healthy-Leaf (752).jpg,saudavel,train,spinach_sy69db2nz5,900x1200,14739730910330193508|14739770493153812185|16466861333203554016|15608965289693384440|15681031679817780940|7243498092438982348|17910414581984894680|16180930070088222436
dataset\_work\final\spinach\train\saudavel\Healthy-Leaf(1399)__Healthy-Leaf (753).jpg,saudavel,train,spinach_sy69db2nz5,900x1200,5192253494157740004|17117925100034662104|14018064296963180192|13595851960815689426|15572971488126865389|16467144920773627464|15176628333244559036|11566953631805311682
dataset\_work\final\spinach\test\saudavel\Healthy-Leaf(1399)__Healthy-Leaf (754).jpg,saudavel,test,spinach_sy69db2nz5,900x1200,5192253597716024264|17117925152041348844|13874208396464850480|13559800950962495219|17018582008996466669|14450814438931369544|17554502736321916604|3496490007724002240
dataset\_work\final\spinach\train\saudavel\Healthy-Leaf(1399)__Healthy-Leaf (755).jpg,saudavel,train,spinach_sy69db2nz5,900x1200,5228122965407637454|17117794310424299404|11710217918912628716|12843227215696174792|10090045839178174189|14852641924049178184|14420019377251237042|17043647815756907426
dataset\_work\final\spinach\train\saudavel\Healthy-Leaf(1399)__Healthy-Leaf (757).jpg,saudavel,train,spinach_sy69db2nz5,900x1200,7515397318834539688|16811250416331247082|12703685016434429152|17495796340123192544|16919336670486023657|12127083354374687848|16162468101366926834|16198328725250395312
dataset\_work\final\spinach\test\saudavel\Healthy-Leaf(1399)__Healthy-Leaf (758).jpg,saudavel,test,spinach_sy69db2nz5,900x1200,5210250266323158728|16829131843050118892|14737487829366982372|14744282870886341848|17050125880972971497|14449257461209058888|15608365849624682188|16484880146635130572
dataset\_work\final\spinach\train\saudavel\Healthy-Leaf(1399)__Healthy-Leaf (759).jpg,saudavel,train,spinach_sy69db2nz5,900x1200,5516398309429284332|14811788797706194888|14378594195211521996|2030594854835654344|14433864661001277133|17009278894247743052|14415519987359755804|14740021336454171591
dataset\_work\final\spinach\train\saudavel\Healthy-Leaf(1399)__Healthy-Leaf (76).jpg,saudavel,train,spinach_sy69db2nz5,400x624,5082051625415020295|11321547120060600095|10308580423532645191|1010786662253538845|2238024166168534685|508641805774063430|2102709520664430350|5155272658453991311
dataset\_work\final\spinach\train\saudavel\Healthy-Leaf(1399)__Healthy-Leaf (760).jpg,saudavel,train,spinach_sy69db2nz5,900x1200,5480325575197035500|14812092021185392328|16178930135682418380|16725849234944007884|14424509705896300493|17044747017811070540|14744383889458274024|14737526338413627360
dataset\_work\final\spinach\train\saudavel\Healthy-Leaf(1399)__Healthy-Leaf (762).jpg,saudavel,train,spinach_sy69db2nz5,900x1200,2885705813803279492|16811822628651129822|9243654793183660450|18369353914908634802|16058604404178636777|9521742135646620712|12857371779245469182|11711905732274112640
dataset\_work\final\spinach\train\saudavel\Healthy-Leaf(1399)__Healthy-Leaf (763).jpg,saudavel,train,spinach_sy69db2nz5,900x1200,12127232871582338764|16919344504298246092|12701997154760640160|17482145027216809154|14740043137482673642|14703719773822667944|14023116476589710834|11585095779425928880
dataset\_work\final\spinach\train\saudavel\Healthy-Leaf(1399)__Healthy-Leaf (764).jpg,saudavel,train,spinach_sy69db2nz5,900x1200,14414903117312904876|17064032606987193802|11584963777591151848|18058325421444288168|14595365085621768172|12415890922456616136|12163825872952859898|16756792550795232928
dataset\_work\final\spinach\train\saudavel\Healthy-Leaf(1399)__Healthy-Leaf (765).jpg,saudavel,train,spinach_sy69db2nz5,900x1200,14415606873733352584|17046017076760595950|11568637173117668786|18071976716826266786|17207566668815831020|9821381095676317384|11694879644469677306|12883969739286547616
dataset\_work\final\spinach\train\saudavel\Healthy-Leaf(1399)__Healthy-Leaf (766).jpg,saudavel,train,spinach_sy69db2nz5,900x1200,14451797410538557132|17009646415771569868|11244933038571232992|14307689034382018272|14739735463672090348|14739735179695853512|16178644083342806982|16185399635891130012
dataset\_work\final\spinach\test\saudavel\Healthy-Leaf(1399)__Healthy-Leaf (767).jpg,saudavel,test,spinach_sy69db2nz5,900x1200,7515395133082061992|16847349996760059370|9251666951687032034|17787422162934484128|16919337273396284905|12127083453209136232|11586809815411644918|16342584736109454464
dataset\_work\final\spinach\train\saudavel\Healthy-Leaf(1399)__Healthy-Leaf (768).jpg,saudavel,train,spinach_sy69db2nz5,900x1200,5480334457129299108|14811792833435847114|16180314206473326050|17928442191153155760|14612384270875856589|11847992153702600268|12704319280169078520|16324717654835629280
dataset\_work\final\spinach\train\saudavel\Healthy-Leaf(1399)__Healthy-Leaf (769).jpg,saudavel,train,spinach_sy69db2nz5,900x1200,5478091384345275620|14814334887835716568|14451547658091202252|17045723401519079116|15621614079705585613|16441524049476519500|14744252050545282796|14737509741755797192
dataset\_work\final\spinach\train\saudavel\Healthy-Leaf(1399)__Healthy-Leaf (77).jpg,saudavel,train,spinach_sy69db2nz5,900x1200,2471664988562820704|12703958089994309361|10981613257652915750|16616064047745830296|17406006889716010416|6957514070268202274|10992450216390465766|2760177857136649880
dataset\_work\final\spinach\train\saudavel\Healthy-Leaf(1399)__Healthy-Leaf (770).jpg,saudavel,train,spinach_sy69db2nz5,900x1200,5192253494367571108|14451794103849897434|16180331900932885664|17928433446797954722|15766273431883386824|11838994866771529288|11731489035839327992|11568628170531179744
dataset\_work\final\spinach\test\saudavel\Healthy-Leaf(1399)__Healthy-Leaf (771).jpg,saudavel,test,spinach_sy69db2nz5,900x1200,15608964120916463180|16466861230190989260|16755104852355026636|16761860251697778380|14740051984502195940|5480329939153493720|14739770569857146600|14739731013208344296
dataset\_work\final\spinach\train\saudavel\Healthy-Leaf(1399)__Healthy-Leaf (772).jpg,saudavel,train,spinach_sy69db2nz5,900x1200,14721869172137921736|14739602353779887852|17333244490060648096|17351963778200079554|17063733522786061772|14414912050852941516|14018596383625301744|11587215637466746096
dataset\_work\final\spinach\train\saudavel\Healthy-Leaf(1399)__Healthy-Leaf (773).jpg,saudavel,train,spinach_sy69db2nz5,900x1200,12703685355459988652|17459768142185024970|10404588403881856410|17787422025428389026|14613510739924504050|12415445704058490032|11694896188751796726|11154719216815727760
dataset\_work\final\spinach\val\saudavel\Healthy-Leaf(1399)__Healthy-Leaf (774).jpg,saudavel,val,spinach_sy69db2nz5,900x1200,7515538073435999980|16847277976930717384|11549066862449378976|18058623096425716930|14451548929542508009|17045582577870457960|14023116372437802490|11585095727919351456
dataset\_work\final\spinach\test\saudavel\Healthy-Leaf(1399)__Healthy-Leaf (776).jpg,saudavel,test,spinach_sy69db2nz5,900x1200,5480329904656944808|14812109648066219498|14451512645784080096|17045727713272237792|16901199315914952653|12109624295002148428|16181045363796840172|16180877207832792776
dataset\_work\final\spinach\train\saudavel\Healthy-Leaf(1399)__Healthy-Leaf (777).jpg,saudavel,train,spinach_sy69db2nz5,900x1200,2604855312469412744|15824396910566780396|12719026432995894928|17455405815172078566|17018292785554234331|9820951139515770404|16617049175268212466|10387136973034718128
dataset\_work\final\spinach\val\saudavel\Healthy-Leaf(1399)__Healthy-Leaf (779).jpg,saudavel,val,spinach_sy69db2nz5,900x1200,10398123344558497416|17459767560477575118|12700866813186525104|17491187205020720322|14881906542521503218|9808306841632787856|13987087764666891762|12738298587042759344
dataset\_work\final\spinach\val\saudavel\Healthy-Leaf(1399)__Healthy-Leaf (78).jpg,saudavel,val,spinach_sy69db2nz5,900x1200,9309588379656965296|6823883126613134576|1739592972812826634|16562723299815940911|17351400241601819486|12739714222134211201|3414746176067328741|736416117312332824
dataset\_work\final\spinach\val\saudavel\Healthy-Leaf(1399)__Healthy-Leaf (780).jpg,saudavel,val,spinach_sy69db2nz5,900x1200,5191689445297032904|17135798761658224620|12740123948269145760|17477413674130837218|17045903807601889005|14415480567218179144|16325019952220179698|11569192306296999600
dataset\_work\final\spinach\train\saudavel\Healthy-Leaf(1399)__Healthy-Leaf (781).jpg,saudavel,train,spinach_sy69db2nz5,900x1200,6385553498645958508|16538958596095807176|14737778186134720204|14708236636769980108|14415511457354450661|7822483365986803288|14739735291869208268|14739735239825524684
dataset\_work\final\spinach\val\saudavel\Healthy-Leaf(1399)__Healthy-Leaf (782).jpg,saudavel,val,spinach_sy69db2nz5,900x1200,6920922151311085256|17387992575354310380|12701987233311657632|17482303150472269536|17045595909717446385|14451496135661849696|16181036619445214706|11569208918635071152
dataset\_work\final\spinach\train\saudavel\Healthy-Leaf(1399)__Healthy-Leaf (783).jpg,saudavel,train,spinach_sy69db2nz5,900x1200,7497973513274657836|14523857060096888779|16184826636419894984|17926172833375293160|14686132432493318089|3173918649998577256|16757497337924798200|14451512645717499104
dataset\_work\final\spinach\train\saudavel\Healthy-Leaf(1399)__Healthy-Leaf (784).jpg,saudavel,train,spinach_sy69db2nz5,900x1200,8091998929221553384|17423738780972994280|12701987267679866540|17482303081744338122|16775371204634529265|16756793753293704304|14595064763388960242|12452056282733889200
dataset\_work\final\spinach\test\saudavel\Healthy-Leaf(1399)__Healthy-Leaf (785).jpg,saudavel,test,spinach_sy69db2nz5,900x1200,5516354355303763628|14811810357295680970|14163300858503007424|15892669921097141920|14595338644922273485|12415877900317199948|11587347441692413660|13874480108781670084
dataset\_work\final\spinach\train\saudavel\Healthy-Leaf(1399)__Healthy-Leaf (786).jpg,saudavel,train,spinach_sy69db2nz5,1200x900,11249507358526115528|14305434718053043916|5516349940450139788|14811845697663240142|14739744087055632326|14451513626114596508|14881895917169905357|10096585759294459468
dataset\_work\final\spinach\train\saudavel\Healthy-Leaf(1399)__Healthy-Leaf (787).jpg,saudavel,train,spinach_sy69db2nz5,900x1200,12127215313092299720|16919353335086984684|12737040900359605736|17454842830992067752|17018309381594205674|14432782344887094440|12127224263796014322|16739191603185304496
dataset\_work\final\spinach\train\saudavel\Healthy-Leaf(1399)__Healthy-Leaf (789).jpg,saudavel,train,spinach_sy69db2nz5,900x1200,7212525828877207688|15701675989820952046|11532749559458352352|18072819986544413856|17207566049936926681|9820255234214729828|11550764490535391226|16198337385649278112
dataset\_work\final\spinach\train\saudavel\Healthy-Leaf(1399)__Healthy-Leaf (79).jpg,saudavel,train,spinach_sy69db2nz5,888x1184,17567854500692577832|3480312838115724522|3480867133179981170|16324878029124684209|16900916723565087792|2904407259197918707|12774898047777672674|8245393927059164720
dataset\_work\final\spinach\val\saudavel\Healthy-Leaf(1399)__Healthy-Leaf (790).jpg,saudavel,val,spinach_sy69db2nz5,900x1200,5516358735911144584|14811828104034962926|14739760665460116962|14739889205721124528|17207451700989759181|9821395427839938124|12704266589308686028|16324710869594705612
dataset\_work\final\spinach\train\saudavel\Healthy-Leaf(1399)__Healthy-Leaf (791).jpg,saudavel,train,spinach_sy69db2nz5,900x1200,5191548913832890056|14542007899107332072|11567094540655103972|17914815961054514896|16757673396889178057|14415480533655358536|14991963258879385336|16469412165960566432
dataset\_work\final\spinach\test\saudavel\Healthy-Leaf(1399)__Healthy-Leaf (792).jpg,saudavel,test,spinach_sy69db2nz5,900x1200,3192655379797053028|14667403867360038873|16180891449750963872|16757356754845474018|15676800690084548043|7209712196003515948|16328941927575031528|11585104472129638112
dataset\_work\final\spinach\train\saudavel\Healthy-Leaf(1399)__Healthy-Leaf (793).jpg,saudavel,train,spinach_sy69db2nz5,900x1200,12703535345079652040|17495515982298844908|11549066930632511144|18058341638694931690|17045587165029846258|14451513625036606640|16900898959388482810|12163816938958964384
dataset\_work\final\spinach\train\saudavel\Healthy-Leaf(1399)__Healthy-Leaf (794).jpg,saudavel,train,spinach_sy69db2nz5,900x1200,5520883226453940617|14737615467006093166|16249294421580023782|8682402469361163928|7955383458627815116|9878983500397190732|10961268254866636408|16611249157278499297
dataset\_work\final\spinach\train\saudavel\Healthy-Leaf(1399)__Healthy-Leaf (796).jpg,saudavel,train,spinach_sy69db2nz5,900x1200,17045587165299314376|5228141588248956108|14451522403615870194|14739726392359358128|14739162393830985288|14451663245055332076|12722113930424979148|17477378351917141704
dataset\_work\final\spinach\train\saudavel\Healthy-Leaf(1399)__Healthy-Leaf (797).jpg,saudavel,train,spinach_sy69db2nz5,900x1200,14595655580493254601|12433887892559040108|16180878461562756812|16180904746760242892|7786164263907462828|14523896985165991626|14737487820710973152|14744282802971709152
dataset\_work\final\spinach\train\saudavel\Healthy-Leaf(1399)__Healthy-Leaf (798).jpg,saudavel,train,spinach_sy69db2nz5,900x1200,12271339263564860588|12307649689785191882|9244921482269052576|18072116423255002594|14613502543264665002|12415322715606371498|16288849163579215354|11551176962366983296
dataset\_work\final\spinach\train\saudavel\Healthy-Leaf(1399)__Healthy-Leaf (799).jpg,saudavel,train,spinach_sy69db2nz5,1200x900,12856808391473810938|12846815110283349152|5353801973689110152|12523839990987132398|11550764405718141362|18072116406510382258|17189569204942982573|9821935753994062922
dataset\_work\final\spinach\train\saudavel\Healthy-Leaf(1399)__Healthy-Leaf (8).jpg,saudavel,train,spinach_sy69db2nz5,900x1200,1156456551511721923|13244820589838278204|16433515206720065168|15568722081978683126|4331925193884618679|14089237926878579728|17766170802655727576|10416411503888633828
dataset\_work\final\spinach\train\saudavel\Healthy-Leaf(1399)__Healthy-Leaf (80).jpg,saudavel,train,spinach_sy69db2nz5,900x1200,2691636479994481078|5883186036117236882|14749513695122869555|14767527538977557554|10550894366724367697|13171213745723890213|3624428012630241484|3732796035446911180
dataset\_work\final\spinach\train\saudavel\Healthy-Leaf(1399)__Healthy-Leaf (802).jpg,saudavel,train,spinach_sy69db2nz5,900x1200,5514388522364767116|14780303096494895054|10237591579926169542|10247698292320181916|14857145765136899789|10091171506777982796|11249463413394585486|14305410460717618062
dataset\_work\final\spinach\val\saudavel\Healthy-Leaf(1399)__Healthy-Leaf (804).jpg,saudavel,val,spinach_sy69db2nz5,900x1200,10960695199595208280|16629422408978368229|10396158552410361548|17770419110196252620|16538927656365967334|6385597633883675800|14740017066353794550|14703706640148022928
dataset\_work\final\spinach\test\saudavel\Healthy-Leaf(1399)__Healthy-Leaf (806).jpg,saudavel,test,spinach_sy69db2nz5,900x1200,5227612809929104344|17063737782547458020|11547822146427522764|17491179456431361740|16440151901990014700|15572070163337874504|14739774821674499570|14739774873280397984
dataset\_work\final\spinach\train\saudavel\Healthy-Leaf(1399)__Healthy-Leaf (808).jpg,saudavel,train,spinach_sy69db2nz5,900x1200,12127215399251150532|16919353214896152540|12738294189264192416|17445887463464508642|15897494732740152810|14124980730815990952|16292965975970422002|11584246853201545136
dataset\_work\final\spinach\train\saudavel\Healthy-Leaf(1399)__Healthy-Leaf (809).jpg,saudavel,train,spinach_sy69db2nz5,900x1200,11694878627024014976|13460571657839546360|9234212238678970016|18346325844980370914|17910594766069747130|9227333779759975586|16324879231978740734|11551176876466841216
dataset\_work\final\spinach\train\saudavel\Healthy-Leaf(1399)__Healthy-Leaf (81).jpg,saudavel,train,spinach_sy69db2nz5,900x1200,4608954340001786646|76609908497983893|1445765464017613068|15544131357718115023|10748205884899069953|1597596500677621311|14948234474198513623|878567579501989908
dataset\_work\final\spinach\train\saudavel\Healthy-Leaf(1399)__Healthy-Leaf (810).jpg,saudavel,train,spinach_sy69db2nz5,900x1200,12433901095389728456|14595628916529925868|16180887205912741536|17910269308808175330|17045613502096969418|14451500534312963756|16329514789708467960|11566958029749325536
dataset\_work\final\spinach\train\saudavel\Healthy-Leaf(1399)__Healthy-Leaf (811).jpg,saudavel,train,spinach_sy69db2nz5,900x1200,10238677752368582309|10238677751351905368|10668529907883969778|14307693338383339424|6380481382754752398|11947661955115194254|11587637790910943174|17441331174017011348
dataset\_work\final\spinach\val\saudavel\Healthy-Leaf(1399)__Healthy-Leaf (812).jpg,saudavel,val,spinach_sy69db2nz5,900x1200,5514137825225412300|14744252171065724876|17331556910572211916|17338312156399472332|14740043189215534796|14703719568059631180|14703697800761155312|14739752728965121776
dataset\_work\final\spinach\train\saudavel\Healthy-Leaf(1399)__Healthy-Leaf (813).jpg,saudavel,train,spinach_sy69db2nz5,900x1200,11532766683753483552|16919890430954721258|11554141142828600738|18079012526227410354|16883879106331463658|2309667205993598112|12848100250733176314|11695010572588177568
dataset\_work\final\spinach\train\saudavel\Healthy-Leaf(1399)__Healthy-Leaf (814).jpg,saudavel,train,spinach_sy69db2nz5,900x1200,873446657987382472|14917934240541102060|16144294445263521954|17928706134269750968|17063881934970947535|14415063165376864012|13325732517635936248|11711679031887662304
dataset\_work\final\spinach\train\saudavel\Healthy-Leaf(1399)__Healthy-Leaf (815).jpg,saudavel,train,spinach_sy69db2nz5,900x1200,3480453577264487440|17531825637689837046|9242659734380562608|18365008643269520882|17781784345725259251|1178842053515038000|17504662853227830782|12702560009486484608
dataset\_work\final\spinach\train\saudavel\Healthy-Leaf(1399)__Healthy-Leaf (816).jpg,saudavel,train,spinach_sy69db2nz5,900x1200,10564933621206470382|11819146482858494984|16181028012119530746|16180877121934050976|615891485997074084|17207857455005933202|11584981378231865056|18058316350741253856
dataset\_work\final\spinach\train\saudavel\Healthy-Leaf(1399)__Healthy-Leaf (817).jpg,saudavel,train,spinach_sy69db2nz5,900x1200,6529117831095323564|11945401324782694346|12881296842895039680|12843155781369448160|14568906368956745381|12397032202365738074|16196781677686439090|13879001168061907890
dataset\_work\final\spinach\train\saudavel\Healthy-Leaf(1399)__Healthy-Leaf (819).jpg,saudavel,train,spinach_sy69db2nz5,900x1200,12109632026212273740|16901885342317514444|11855171019705126624|15753062783301684928|14739779340523769834|5516367566623084200|13875061978266836698|16180878367674304164
dataset\_work\final\spinach\test\saudavel\Healthy-Leaf(1399)__Healthy-Leaf (82).jpg,saudavel,test,spinach_sy69db2nz5,900x1200,11915007968976660556|6531845115786094861|914314901815347380|14407803618324278482|1002416567096878426|5505876556890528421|15162720643877565127|13026815954985463820
dataset\_work\final\spinach\train\saudavel\Healthy-Leaf(1399)__Healthy-Leaf (820).jpg,saudavel,train,spinach_sy69db2nz5,900x1200,9821653722802826408|17027440174554860522|9243794533585438880|17504522098558561458|16918773237081329132|12118216853877575048|12892836028792892658|11585525499661535360
dataset\_work\final\spinach\train\saudavel\Healthy-Leaf(1399)__Healthy-Leaf (824).jpg,saudavel,train,spinach_sy69db2nz5,900x1200,14451505018395135693|7822201711158857292|17910260684680564716|13875061807004454600|5516367703390785132|14811836917708984008|14415485034647490240|17045851056871280376
dataset\_work\final\spinach\test\saudavel\Healthy-Leaf(1399)__Healthy-Leaf (825).jpg,saudavel,test,spinach_sy69db2nz5,900x1200,5232645170461772780|17043335194354855624|14304306592882329320|11258479064641412840|14424589041860577004|17044727166406205000|16761869150097718940|16755087207758005190
dataset\_work\final\spinach\train\saudavel\Healthy-Leaf(1399)__Healthy-Leaf (826).jpg,saudavel,train,spinach_sy69db2nz5,900x1200,15604416438147190440|16469275946904424168|11569192408840048352|18054402260742409952|16757365602688929508|12145653092289253080|16181027909712973562|16180886021171809952
dataset\_work\final\spinach\val\saudavel\Healthy-Leaf(1399)__Healthy-Leaf (827).jpg,saudavel,val,spinach_sy69db2nz5,900x1200,12127241752684170440|16883297945382801132|11549637388927979168|18081264480784125154|17063751543528246762|14450931927695117480|16324429497771159034|11551345170063444128
dataset\_work\final\spinach\train\saudavel\Healthy-Leaf(1399)__Healthy-Leaf (828).jpg,saudavel,train,spinach_sy69db2nz5,900x1200,2631815368368604324|15753195379015802330|11568638255180451008|17928283741350776544|15770919472230538970|11836592533026539044|16199059848330989304|13874471317451803808
dataset\_work\final\spinach\train\saudavel\Healthy-Leaf(1399)__Healthy-Leaf (829).jpg,saudavel,train,spinach_sy69db2nz5,900x1200,11857726147096691876|15712539200128474586|14703758222949256384|14740144362814426848|15770777306322636506|11836743058628251556|16199033941632716748|13874497735798689484
dataset\_work\final\spinach\train\saudavel\Healthy-Leaf(1399)__Healthy-Leaf (83).jpg,saudavel,train,spinach_sy69db2nz5,900x1200,12739713809016349872|3660457361430992946|10442877900138925217|16629697787324189810|3663835009813236786|12746469105780837552|8272143394890762470|11658849761025256592
dataset\_work\final\spinach\train\saudavel\Healthy-Leaf(1399)__Healthy-Leaf (830).jpg,saudavel,train,spinach_sy69db2nz5,1200x900,16327833602338209458|12747024346016351154|9821382783591091176|17207425308551491304|12863282358828656304|12843718697090455778|16730387967915249134|16756510012520483976
dataset\_work\final\spinach\test\saudavel\Healthy-Leaf(1399)__Healthy-Leaf (831).jpg,saudavel,test,spinach_sy69db2nz5,1200x900,16180323174701763776|17928424616511393504|17063188164675342053|14468946450815880792|16199033520726724344|13874497860349627616|6381045569523469512|16541192751922793708
dataset\_work\final\spinach\train\saudavel\Healthy-Leaf(1399)__Healthy-Leaf (832).jpg,saudavel,train,spinach_sy69db2nz5,900x1200,14415061447866797740|17045726837291781578|11873211634527145120|15608358341961567968|14595355035397689068|12416009893060152520|16199059883294170328|11568628256162694820
dataset\_work\final\spinach\train\saudavel\Healthy-Leaf(1399)__Healthy-Leaf (834).jpg,saudavel,train,spinach_sy69db2nz5,900x1200,10379687199318625416|17784028000787746286|11586800932881309824|18071984396294879742|17207564981010157046|9821240879750188176|18372872384531582202|9232535465806449824
dataset\_work\final\spinach\train\saudavel\Healthy-Leaf(1399)__Healthy-Leaf (835).jpg,saudavel,train,spinach_sy69db2nz5,900x1200,11533172219010305928|18054665988369944046|16466873462263516320|15609079569647062770|17153399571390369786|9822213481603993248|17496095373194141400|11532740282933479140
dataset\_work\final\spinach\val\saudavel\Healthy-Leaf(1399)__Healthy-Leaf (837).jpg,saudavel,val,spinach_sy69db2nz5,900x1200,5516363202803501028|14811792885640007384|16466870197745323720|14456052546746683112|15568446087110823629|16467169196188339788|16757391904994729672|14451509261820462820
dataset\_work\final\spinach\test\saudavel\Healthy-Leaf(1399)__Healthy-Leaf (838).jpg,saudavel,test,spinach_sy69db2nz5,900x1200,12702577118757669066|17504795305572224428|10404588468298498176|17787141100206553342|12451764703695662578|14576057010062510256|18372592045708466422|9277430655988688016
dataset\_work\final\spinach\test\saudavel\Healthy-Leaf(1399)__Healthy-Leaf (839).jpg,saudavel,test,spinach_sy69db2nz5,900x1200,5191592756456623816|17135777699211742956|12740269050587160268|17333262270328440524|17045723504202469101|14451512525595741256|14737637277251308784|14744264420385869488
dataset\_work\final\spinach\train\saudavel\Healthy-Leaf(1399)__Healthy-Leaf (84).jpg,saudavel,train,spinach_sy69db2nz5,675x1200,5022442734362347142|950907750301932702|589980950927545548|17290427065917347532|11429266752858305037|9711564605805671237|14742196718362686447|14741487248772444168
dataset\_work\final\spinach\train\saudavel\Healthy-Leaf(1399)__Healthy-Leaf (841).jpg,saudavel,train,spinach_sy69db2nz5,900x1200,14701740584566933632|14708535566837739006|10960684483650915480|16629483423292706788|18369495939404996556|9243653779387254732|16487567267031926758|10956174013150010520
dataset\_work\final\spinach\val\saudavel\Healthy-Leaf(1399)__Healthy-Leaf (842).JPG,saudavel,val,spinach_sy69db2nz5,675x1200,16256903059333900418|3496490076451268798|5227724843596422220|17135852226897495756|13720372426356262448|9432945684180344033|14755709428519325421|5520300635169000520
dataset\_work\final\spinach\test\saudavel\Healthy-Leaf(1399)__Healthy-Leaf (843).JPG,saudavel,test,spinach_sy69db2nz5,675x1200,16401017091778405506|4091106413702453278|2328533210281839724|18011239090867850953|2204528027550336568|9431820810552515811|14541787328303002873|7821780715973660704
dataset\_work\final\spinach\train\saudavel\Healthy-Leaf(1399)__Healthy-Leaf (844).JPG,saudavel,train,spinach_sy69db2nz5,675x1200,11802982545292379074|3660448032893974716|2362292606712175724|17360478015683216585|13562709639657081906|14034141188691250339|14538963783517138160|7808287509243021344
dataset\_work\final\spinach\test\saudavel\Healthy-Leaf(1399)__Healthy-Leaf (845).JPG,saudavel,test,spinach_sy69db2nz5,675x1200,15752481073655466080|11873326140565875961|6973978153221396556|18008996108556560077|18008990691321431716|6937879364693302490|14836800574591003897|5519187998690560096
dataset\_work\final\spinach\train\saudavel\Healthy-Leaf(1399)__Healthy-Leaf (846).JPG,saudavel,train,spinach_sy69db2nz5,675x1200,12094872096288458757|1901792376394837087|3516339987468275252|17567643392635997651|6876028060429607962|416598457875093927|15244067459889548531|3769104516554476592
dataset\_work\final\spinach\val\saudavel\Healthy-Leaf(1399)__Healthy-Leaf (847).JPG,saudavel,val,spinach_sy69db2nz5,675x1200,1471142804667098895|1668670070362937359|13880318964343393900|17940314028413586825|1087706753770858519|1145899055215045140|9911732933181110520|7804402350315839680
dataset\_work\final\spinach\train\saudavel\Healthy-Leaf(1399)__Healthy-Leaf (848).JPG,saudavel,train,spinach_sy69db2nz5,675x1200,7177646210158462733|3586562069405113871|6957107100474186320|17928485762387912437|1089528196195927601|975007360015637603|17701055063604514552|5807985644963400800
dataset\_work\final\spinach\train\saudavel\Healthy-Leaf(1399)__Healthy-Leaf (849).JPG,saudavel,train,spinach_sy69db2nz5,675x1200,3732373769290179843|3732515606291699775|6975104534173355112|17999988887820619497|4564572010332539955|280777951485545523|16847551155500141817|7533570268469185632
dataset\_work\final\spinach\train\saudavel\Healthy-Leaf(1399)__Healthy-Leaf (85).jpg,saudavel,train,spinach_sy69db2nz5,675x1200,2168106965541691908|546988122138327263|1166476611653472256|17866883415860180839|16120750919616468743|333874732206724638|7491643206542291959|4618276531875856
dataset\_work\final\spinach\val\saudavel\Healthy-Leaf(1399)__Healthy-Leaf (850).JPG,saudavel,val,spinach_sy69db2nz5,675x1200,2871500093663396615|1973849901578927135|3515214111050717736|17504593203889087947|2250829009468679195|559376605586053415|14674282912930524402|2907810295014279216
dataset\_work\final\spinach\train\saudavel\Healthy-Leaf(1399)__Healthy-Leaf (851).JPG,saudavel,train,spinach_sy69db2nz5,675x1200,11873756042901620227|15162651909376745007|17357097945489250928|17363853242560063217|3431264145642581202|254114790401558692|17412832361335027952|8113952282968383728
dataset\_work\final\spinach\train\saudavel\Healthy-Leaf(1399)__Healthy-Leaf (852).JPG,saudavel,train,spinach_sy69db2nz5,675x1200,1055612107871948559|10309422921949187855|9272995524410881028|18226856925743403735|1085101009730867855|1085173474819417614|15551718751363527420|302951240399892608
dataset\_work\final\spinach\train\saudavel\Healthy-Leaf(1399)__Healthy-Leaf (853).JPG,saudavel,train,spinach_sy69db2nz5,675x1200,2686551169996557591|6532979815967772423|4674961317504502832|18012371898139069938|526796394175834458|1661140097313818661|17495867480672631033|3480311216055574592
dataset\_work\final\spinach\train\saudavel\Healthy-Leaf(1399)__Healthy-Leaf (854).JPG,saudavel,train,spinach_sy69db2nz5,675x1200,9754952953995594005|2045071969993256727|4669331860546669620|18288217134126190035|1688724615252042012|1515898979149045895|15262080793247010045|3768471129141595200
dataset\_work\final\spinach\test\saudavel\Healthy-Leaf(1399)__Healthy-Leaf (855).JPG,saudavel,test,spinach_sy69db2nz5,675x1200,3732373820700265998|1426672494266027535|3515214113431899186|17576650798854491313|1084958625342934035|1049002293607713843|12811842393096514803|3624426404395665456
dataset\_work\final\spinach\val\saudavel\Healthy-Leaf(1399)__Healthy-Leaf (856).JPG,saudavel,val,spinach_sy69db2nz5,675x1200,532143348323553039|554029128331300367|4656801783460939302|18010718232652455321|1084919517430067207|1121230618358538759|11069257200696095481|2758059619946897472
dataset\_work\final\spinach\train\saudavel\Healthy-Leaf(1399)__Healthy-Leaf (857).JPG,saudavel,train,spinach_sy69db2nz5,675x1200,2794657318670225159|1399500798897753103|45274163393894938|18228571033636873895|1084291971180555283|562747969810384934|12080596654443788540|1917012381223395328
dataset\_work\final\spinach\train\saudavel\Healthy-Leaf(1399)__Healthy-Leaf (858).JPG,saudavel,train,spinach_sy69db2nz5,675x1200,12883828848651455239|3660456966415461407|16201871855954184754|17358217419760250131|2246395225340562482|561767489123306674|1418016535947437296|3623863463033231584
dataset\_work\final\spinach\val\saudavel\Healthy-Leaf(1399)__Healthy-Leaf (859).JPG,saudavel,val,spinach_sy69db2nz5,675x1200,1363691381321402127|3911530858943094287|16197346266064898090|17936973953416089001|1089387941430315062|1119122577681214482|12235660916748643576|3046910120929315040
dataset\_work\final\spinach\train\saudavel\Healthy-Leaf(1399)__Healthy-Leaf (86).jpg,saudavel,train,spinach_sy69db2nz5,675x1200,11082493154925851149|7407445623308136527|2314850261285474304|18157387590651344895|5742174524657945702|986866171060735129|18444452475923594235|4543508664819744
dataset\_work\final\spinach\train\saudavel\Healthy-Leaf(1399)__Healthy-Leaf (860).JPG,saudavel,train,spinach_sy69db2nz5,675x1200,2619015935740446478|1397319332431142415|9087043176535558|18373257693434909855|1089405533343343635|1047057287192860708|11499069493220276990|474734059416199168
dataset\_work\final\spinach\train\saudavel\Healthy-Leaf(1399)__Healthy-Leaf (861).JPG,saudavel,train,spinach_sy69db2nz5,675x1200,1094459984118925071|1131333206070336527|4674820579743507028|18300603373936556757|1088865668957057807|1136958307555946511|15400848163863394557|6062492214927089728
dataset\_work\final\spinach\train\saudavel\Healthy-Leaf(1399)__Healthy-Leaf (862).JPG,saudavel,train,spinach_sy69db2nz5,675x1200,1578666281982084879|6190424764055100431|13898346548499636818|18228571068533487777|1088825811534800981|1136997881657223189|11653317777370183932|5972503853992042688
dataset\_work\final\spinach\train\saudavel\Healthy-Leaf(1399)__Healthy-Leaf (863).JPG,saudavel,train,spinach_sy69db2nz5,675x1200,353687146861266439|425676573327825950|6980799928675919444|17433694530393905361|2169725181613762565|542201132148910084|15103046504634183921|6117802116578336864
dataset\_work\final\spinach\val\saudavel\Healthy-Leaf(1399)__Healthy-Leaf (864).JPG,saudavel,val,spinach_sy69db2nz5,675x1200,1686612998586205959|1722994741004279327|4656946918986640906|18300602274290633101|2242350127946590487|542482607117264919|10198907985402329341|751552054334103616
dataset\_work\final\spinach\train\saudavel\Healthy-Leaf(1399)__Healthy-Leaf (865).JPG,saudavel,train,spinach_sy69db2nz5,675x1200,317658349844415299|1939308260606163997|6980799997425502760|17435946294775819681|2106674791133931802|4882861932375992324|11650221277614766321|2903300716796371040
dataset\_work\final\spinach\test\saudavel\Healthy-Leaf(1399)__Healthy-Leaf (867).JPG,saudavel,test,spinach_sy69db2nz5,675x1200,5075641498509764391|1004387719928352795|6836684740331356224|9581668545850047741|1950085367563415565|2875520930343120966|18301763358571690116|4665949719938785374
dataset\_work\final\spinach\train\saudavel\Healthy-Leaf(1399)__Healthy-Leaf (868).JPG,saudavel,train,spinach_sy69db2nz5,675x1200,2298320728571102991|385231003739298831|4629868215072727580|18301756727276450757|1088843678729721861|1136989093746894111|14245991518659083517|2027262551029989440
dataset\_work\final\spinach\test\saudavel\Healthy-Leaf(1399)__Healthy-Leaf (87).jpg,saudavel,test,spinach_sy69db2nz5,433x577,3495690784035773569|223072222897473312|2307609131160653646|4620303015828327821|2343858885762422787|9303327711737971504|10163811876213694016|5642807263942280736
dataset\_work\final\spinach\train\saudavel\Healthy-Leaf(1399)__Healthy-Leaf (870).JPG,saudavel,train,spinach_sy69db2nz5,675x1200,3947699940323067916|1399721782519049935|2333019140146383974|18156770759291620505|14965017975580486675|903192788027099446|11082451104004241915|7407467073419108384
dataset\_work\final\spinach\train\saudavel\Healthy-Leaf(1399)__Healthy-Leaf (871).JPG,saudavel,train,spinach_sy69db2nz5,675x1200,12955886590865706000|3660457361569271671|4674907988774636592|18300595681666977203|8633343927720528946|1156523565744311475|12956239094954260733|3480310595429654592
dataset\_work\final\spinach\train\saudavel\Healthy-Leaf(1399)__Healthy-Leaf (872).JPG,saudavel,train,spinach_sy69db2nz5,675x1200,3304126578665899911|5450558993033141278|4656806190096600605|18229108454839979335|2169624099289474123|9783874505823607341|5156004500603796220|2111779879313514560
dataset\_work\final\spinach\train\saudavel\Healthy-Leaf(1399)__Healthy-Leaf (873).JPG,saudavel,train,spinach_sy69db2nz5,675x1200,3660316224623511046|12955888091950587551|13889269049254009381|18229699132028003417|11501750957479283891|470142986736290866|6459506047721078012|2727664729372278976
dataset\_work\final\spinach\train\saudavel\Healthy-Leaf(1399)__Healthy-Leaf (875).JPG,saudavel,train,spinach_sy69db2nz5,675x1200,6957532626006052366|8758946088677576335|6960480401577515110|18007333939771319961|10344324751509917305|1012826741181222496|11071791476230252281|7392685219768735840
dataset\_work\final\spinach\train\saudavel\Healthy-Leaf(1399)__Healthy-Leaf (876).JPG,saudavel,train,spinach_sy69db2nz5,675x1200,7101066307730935300|4165423985184247455|6973978144328685680|18008996384640845489|11497351813469818425|292395387116751970|12810154664306601209|8113248112573466720
dataset\_work\final\spinach\test\saudavel\Healthy-Leaf(1399)__Healthy-Leaf (877).JPG,saudavel,test,spinach_sy69db2nz5,675x1200,7177786262714894980|4091104742955855006|6978499748510355556|18006735798397301977|11433738464622200376|9568685271036107875|15705396654075471097|7264337189496739936
dataset\_work\final\spinach\train\saudavel\Healthy-Leaf(1399)__Healthy-Leaf (878).JPG,saudavel,train,spinach_sy69db2nz5,675x1200,2582847507193713543|4090542821649232926|6937949759124315148|18009277871495235279|2176625164421678136|9787246194745858083|14971872332192083449|908632073635121248
dataset\_work\final\spinach\train\saudavel\Healthy-Leaf(1399)__Healthy-Leaf (879).JPG,saudavel,train,spinach_sy69db2nz5,675x1200,2512058146116964231|4234516381020261918|6942466621853944356|18006770951563685075|2165749345952384058|9768146026163592226|15252784599334839545|2615074180342241376
dataset\_work\final\spinach\test\saudavel\Healthy-Leaf(1399)__Healthy-Leaf (88).jpg,saudavel,test,spinach_sy69db2nz5,433x577,1154689034225126445|331046518832171083|4651662159213102608|76032977483536388|5406605502180071428|3245977194836985360|295019957477903873|1154617600446467648
dataset\_work\final\spinach\train\saudavel\Healthy-Leaf(1399)__Healthy-Leaf (880).JPG,saudavel,train,spinach_sy69db2nz5,675x1200,3732373734930941263|3696486877991165453|6939075693666880622|17927931637438794889|963363566378765363|5730142296562650163|9929318458939329784|7983913600925060192
dataset\_work\final\spinach\val\saudavel\Healthy-Leaf(1399)__Healthy-Leaf (881).JPG,saudavel,val,spinach_sy69db2nz5,675x1200,1468750782496608015|5017378937872584207|4656942520952474826|18229142814580329644|1084923924083351877|1121195156952670740|12451587408391895804|14613275465612828736
dataset\_work\final\spinach\test\saudavel\Healthy-Leaf(1399)__Healthy-Leaf (882).JPG,saudavel,test,spinach_sy69db2nz5,675x1200,10729980138577839879|1506681225694682142|16204176432297430056|17940314269740731883|2169688902050179092|560677323394574484|16973438928647158008|2903934026904297696
dataset\_work\final\spinach\val\saudavel\Healthy-Leaf(1399)__Healthy-Leaf (883).JPG,saudavel,val,spinach_sy69db2nz5,675x1200,2655044700536931847|6549437374847097871|6980799928705239092|17940349487399496915|1124894466126570586|542201679758350372|15270807514899085560|3767415700890116192
dataset\_work\final\spinach\train\saudavel\Healthy-Leaf(1399)__Healthy-Leaf (884).JPG,saudavel,train,spinach_sy69db2nz5,675x1200,2799160436187700764|1865623389355214535|4674974578216852584|18228571034190529705|14377228955147494425|2062168196820883494|12233156233554884860|7556081523478814784
dataset\_work\final\spinach\train\saudavel\Healthy-Leaf(1399)__Healthy-Leaf (886).JPG,saudavel,train,spinach_sy69db2nz5,675x1200,1114937837327588894|387467415741433479|63218193125608540|18300630827771809733|9765579486783299589|2206356225250982159|14253865224504801533|6632844132439613440
dataset\_work\final\spinach\train\saudavel\Healthy-Leaf(1399)__Healthy-Leaf (887).JPG,saudavel,train,spinach_sy69db2nz5,675x1200,3660316209612508429|3552371655555566671|6973978153230060776|17936938514516462824|5714098223166999601|994607288651009074|16775000980336864504|16774954502931138656
dataset\_work\final\spinach\train\saudavel\Healthy-Leaf(1399)__Healthy-Leaf (888).JPG,saudavel,train,spinach_sy69db2nz5,675x1200,7173142559106894365|3570799369501060679|6960484808809811044|17935240884803522249|5165150000158051889|2128739234555595875|14541778274662934264|7245337617864890464
dataset\_work\final\spinach\test\saudavel\Healthy-Leaf(1399)__Healthy-Leaf (889).JPG,saudavel,test,spinach_sy69db2nz5,675x1200,3983729734035541532|1399861471900700359|4620913240746757220|18300918903591062745|14379542293274062099|2057680065508755767|15694137362834323965|7209308748069216320
dataset\_work\final\spinach\train\saudavel\Healthy-Leaf(1399)__Healthy-Leaf (89).jpg,saudavel,train,spinach_sy69db2nz5,433x577,11317052522685664290|5084285858820328482|4800043422072575630|2397756748675389326|2453484361362935622|2453369016832429725|10274847230234674721|10238395572204510530
dataset\_work\final\spinach\val\saudavel\Healthy-Leaf(1399)__Healthy-Leaf (890).JPG,saudavel,val,spinach_sy69db2nz5,675x1200,3660738847268717828|12847800614289693919|6944717871911554660|17940342861357026392|16094959687347096754|343940493963349298|6380728517803833592|7227881698482479200
dataset\_work\final\spinach\train\saudavel\Healthy-Leaf(1399)__Healthy-Leaf (891).JPG,saudavel,train,spinach_sy69db2nz5,675x1200,2579883115244152326|2543573501836761246|2328528391765661708|18155671201826383565|11427905622160854051|497127990582758691|14818715121083676155|907644891240615968
dataset\_work\final\spinach\train\saudavel\Healthy-Leaf(1399)__Healthy-Leaf (892).JPG,saudavel,train,spinach_sy69db2nz5,675x1200,3885847875764567847|6001202151191937819|4638875345613281372|18228573267690972356|1946429767356860499|2828022032335039797|14187718502032799996|6690264975880511552
dataset\_work\final\spinach\train\saudavel\Healthy-Leaf(1399)__Healthy-Leaf (893).JPG,saudavel,train,spinach_sy69db2nz5,675x1200,2871359287438661664|1973849938090386683|3479185324785900572|17360759213743572678|18150858412534424603|2366725227450128679|14305198294594153968|2061695969594722352
dataset\_work\final\spinach\train\saudavel\Healthy-Leaf(1399)__Healthy-Leaf (894).JPG,saudavel,train,spinach_sy69db2nz5,675x1200,3984998020426850127|1390924637227648269|9241554162906841104|18374095830532946423|938239177454931219|5719339592462519607|17868566742413278718|1171103151501623424
dataset\_work\final\spinach\val\saudavel\Healthy-Leaf(1399)__Healthy-Leaf (895).JPG,saudavel,val,spinach_sy69db2nz5,675x1200,1327873690528458285|3983590652006798147|11585660178649598004|18081089175985908947|4869357185119701047|3253438474422742290|15270805625113603322|3767485992320682144
dataset\_work\final\spinach\train\saudavel\Healthy-Leaf(1399)__Healthy-Leaf (896).JPG,saudavel,train,spinach_sy69db2nz5,675x1200,3983590645553466649|1435960633511923271|13898276248205675532|18228573233329654223|5138304326326742291|1841347787645405239|14972725823665535228|886237762235719872
dataset\_work\final\spinach\train\saudavel\Healthy-Leaf(1399)__Healthy-Leaf (898).JPG,saudavel,train,spinach_sy69db2nz5,675x1200,7177636192225730077|3514663237472126791|13889268480430609486|18229699273713768073|5154271704785602096|2098284402857909347|9932380581929614588|5662177217771782336
dataset\_work\final\spinach\test\saudavel\Healthy-Leaf(1399)__Healthy-Leaf (90).jpg,saudavel,test,spinach_sy69db2nz5,577x433,5354092307289114176|3264422082351898176|1963577147050657313|2774250627451034691|4656307050371763501|4649577485158993226|4871803253410398246|2415625959647952923
dataset\_work\final\spinach\train\saudavel\Healthy-Leaf(1399)__Healthy-Leaf (901).JPG,saudavel,train,spinach_sy69db2nz5,675x1200,7104461494667564005|11053530665623827544|6980804324731296780|17940314303240849103|6355816602793371289|16560608421538076770|14971803080139274488|908634375741825120
dataset\_work\final\spinach\train\saudavel\Healthy-Leaf(1399)__Healthy-Leaf (902).JPG,saudavel,train,spinach_sy69db2nz5,675x1200,1004880021955612431|5269299041993099023|4611770185225374732|18302010748687601357|1082920605307576393|1085241401602339341|14830045464036769277|904124685842382912
dataset\_work\final\spinach\train\saudavel\Healthy-Leaf(1399)__Healthy-Leaf (903).JPG,saudavel,train,spinach_sy69db2nz5,675x1200,11040092481894815294|2779685819698157443|4661344691429321806|18010679745549552013|9482131715476263718|4473989292263814809|10216923509176267513|5632961674272878656
dataset\_work\final\spinach\val\saudavel\Healthy-Leaf(1399)__Healthy-Leaf (904).JPG,saudavel,val,spinach_sy69db2nz5,675x1200,3771919231789731101|6045042975097769543|15033253706136574504|17650421569449002443|5138234228027090003|2129440166363551796|14665381503553565428|2907804307767730384
dataset\_work\final\spinach\train\saudavel\Healthy-Leaf(1399)__Healthy-Leaf (905).JPG,saudavel,train,spinach_sy69db2nz5,675x1200,3696345438256678414|3624429127165648015|12738586158877512268|17504592929936029641|10348226918403230770|1064657721595153459|14535269693957008626|5481613693928917168
dataset\_work\final\spinach\train\saudavel\Healthy-Leaf(1399)__Healthy-Leaf (906).JPG,saudavel,train,spinach_sy69db2nz5,675x1200,3455137285330954117|806222980847048798|13880173820349388825|17650431360896525895|6780210537386422283|9648780842589090607|5181011519263863540|1808365256138334400
dataset\_work\final\spinach\train\saudavel\Healthy-Leaf(1399)__Healthy-Leaf (907).JPG,saudavel,train,spinach_sy69db2nz5,675x1200,3445848613504411524|807348913889745102|5814244531421223528|17650422668954347241|14850675049887118347|9576820619754721839|16836292445806654196|7537511321765982288
dataset\_work\final\spinach\train\saudavel\Healthy-Leaf(1399)__Healthy-Leaf (908).JPG,saudavel,train,spinach_sy69db2nz5,675x1200,7105868835993390606|1821292148844695175|5791796916987147798|17652393956423733909|9767771358917772825|1049030631115103586|10777927442864994804|1636557192953356368
dataset\_work\final\spinach\train\saudavel\Healthy-Leaf(1399)__Healthy-Leaf (909).JPG,saudavel,train,spinach_sy69db2nz5,675x1200,6961613494513512239|3586702135476030209|16204118689100370028|17940342998192092873|75206374526993969|3399949217016224864|14553073937050695928|7822779190542393568
dataset\_work\final\spinach\test\saudavel\Healthy-Leaf(1399)__Healthy-Leaf (91).jpg,saudavel,test,spinach_sy69db2nz5,433x577,1302449773835165261|3762233207028942413|1814509940033949249|5083166824245956161|5586191056113972788|5592972843835659026|4687749671455132486|4723751822000336409
dataset\_work\final\spinach\val\saudavel\Healthy-Leaf(1399)__Healthy-Leaf (911).JPG,saudavel,val,spinach_sy69db2nz5,675x1200,874277831745324686|1059207446587317390|13880173270551497292|18226892114277869260|10240140525073052430|10287960203451113996|14746727771420881660|5479218955149680832
dataset\_work\final\spinach\train\saudavel\Healthy-Leaf(1399)__Healthy-Leaf (912).JPG,saudavel,train,spinach_sy69db2nz5,675x1200,12094573576586800766|1361369764658482049|4665949788688631828|18229705729234103747|9298646314815251474|9092284474956109991|14118193907773537532|1461585817364906048
dataset\_work\final\spinach\train\saudavel\Healthy-Leaf(1399)__Healthy-Leaf (913).JPG,saudavel,train,spinach_sy69db2nz5,675x1200,3696767646432861469|3696767646426728007|11583426040006468614|17939216957138454919|5117897386220211507|2134083412691930419|9784605406854051064|460660860308209824
dataset\_work\final\spinach\train\saudavel\Healthy-Leaf(1399)__Healthy-Leaf (919).JPG,saudavel,train,spinach_sy69db2nz5,675x1200,8344473701188210073|3552370915694627942|11583425471460201484|18083332269718017229|7371381917738748977|11064756924561411443|14813718803344979194|924531207395917984
dataset\_work\final\spinach\train\saudavel\Healthy-Leaf(1399)__Healthy-Leaf (92).jpg,saudavel,train,spinach_sy69db2nz5,433x577,9851758320683042|7599855023623219|733328412558894592|741560727761689088|3678322842677549824|2452243236375241472|43520377704237578|10773351250144522
dataset\_work\final\spinach\train\saudavel\Healthy-Leaf(1399)__Healthy-Leaf (920).JPG,saudavel,train,spinach_sy69db2nz5,675x1200,3839896539271928635|6029562948698908451|4656819444299338756|18301192678213604575|2533009037387083091|4259154886111611445|16128770044374416125|294027656911429696
dataset\_work\final\spinach\val\saudavel\Healthy-Leaf(1399)__Healthy-Leaf (921).JPG,saudavel,val,spinach_sy69db2nz5,675x1200,3839473191335097060|1363832704980332696|5832399684632241876|17721916075016624340|11002409929453530386|16497293939692030005|15319177230293463285|15341119186711146576
dataset\_work\final\spinach\train\saudavel\Healthy-Leaf(1399)__Healthy-Leaf (922).JPG,saudavel,train,spinach_sy69db2nz5,675x1200,6154323435744382479|351718955512597518|5827896084975379164|17652110281870194692|1048241179492016388|1138961884033869909|340273314258024692|15916522200238710864
dataset\_work\final\spinach\train\saudavel\Healthy-Leaf(1399)__Healthy-Leaf (923).JPG,saudavel,train,spinach_sy69db2nz5,675x1200,3696344886351336717|3732796997511239243|11590167624685209628|17934687007901412805|5428611677812673843|978773216934644787|14262274156439463160|2038046077622212768
dataset\_work\final\spinach\train\saudavel\Healthy-Leaf(1399)__Healthy-Leaf (924).JPG,saudavel,train,spinach_sy69db2nz5,675x1200,1327592754568267268|3659612537190194847|16201871855921678964|17358217420833467856|11501852110988691762|326067382647680018|15036893287900701936|8379682253132585184
dataset\_work\final\spinach\train\saudavel\Healthy-Leaf(1399)__Healthy-Leaf (925).JPG,saudavel,train,spinach_sy69db2nz5,675x1200,1417594323578723871|3875503192525375239|16199615658056004684|17939216957138850445|506477716028901429|2242376777950211091|10219490842941781240|5527122480169799904
dataset\_work\final\spinach\val\saudavel\Healthy-Leaf(1399)__Healthy-Leaf (927).JPG,saudavel,val,spinach_sy69db2nz5,675x1200,2686569828102807939|6621776479277906492|4656960181854947332|18226319233282141653|4357907523249300827|9484960473282332709|15415160197351796988|308666571911897152
dataset\_work\final\spinach\test\saudavel\Healthy-Leaf(1399)__Healthy-Leaf (928).JPG,saudavel,test,spinach_sy69db2nz5,675x1200,10096559120859335708|14881876205905039303|13884624152642991308|17938654972999095176|14397813174206957518|2021146240199106188|9859478707916763896|14714412657790202048
dataset\_work\final\spinach\train\saudavel\Healthy-Leaf(1399)__Healthy-Leaf (929).JPG,saudavel,train,spinach_sy69db2nz5,675x1200,3660597528877711626|3696487240861056175|11583425488036076616|17941468761800754892|12645062721802292275|775021342650977586|14755735112291646712|5232224096424083616
dataset\_work\final\spinach\train\saudavel\Healthy-Leaf(1399)__Healthy-Leaf (93).jpg,saudavel,train,spinach_sy69db2nz5,433x577,2453632967199370307|2543565167755987505|2307679258183863808|152170275215412992|3533679940636462115|4840273434364480802|40415981819796482|4105606743328288
dataset\_work\final\spinach\train\saudavel\Healthy-Leaf(1399)__Healthy-Leaf (930).JPG,saudavel,train,spinach_sy69db2nz5,675x1200,1614696145259906509|1650937146915707980|4674961386224772676|17940314269742963160|5502387797766367510|14827372584685627414|15607759725042399480|4928794640616579136
dataset\_work\final\spinach\train\saudavel\Healthy-Leaf(1399)__Healthy-Leaf (931).JPG,saudavel,train,spinach_sy69db2nz5,675x1200,6230957230494877069|1504356853810224718|6980799997118539516|17363888701944142016|5647171497505906708|10197641106549536854|13878067440214931696|18187308311991869536
dataset\_work\final\spinach\train\saudavel\Healthy-Leaf(1399)__Healthy-Leaf (932).JPG,saudavel,train,spinach_sy69db2nz5,675x1200,3696487292436597130|3732655224918666286|16183852645437986924|17935276294529270984|3345128398590496051|10000644906815540275|14466941631500576504|7843186135547812064
dataset\_work\final\spinach\train\saudavel\Healthy-Leaf(1399)__Healthy-Leaf (934).JPG,saudavel,train,spinach_sy69db2nz5,675x1200,3660457373323595533|12703685426157260303|13853239700834801244|17939216961383077060|1084920612785114288|977115421827058738|14165200456533865720|6689701680450650304
dataset\_work\final\spinach\train\saudavel\Healthy-Leaf(1399)__Healthy-Leaf (935).JPG,saudavel,train,spinach_sy69db2nz5,675x1200,8186575674256713099|8198246990183159854|16183857043206883552|17935241110289900792|3339639636762216049|10080723436433284209|17934688090166060792|16197209443972978912
dataset\_work\final\spinach\test\saudavel\Healthy-Leaf(1399)__Healthy-Leaf (937).JPG,saudavel,test,spinach_sy69db2nz5,675x1200,3624710084565569054|3696486103814770311|4638875414600403152|18300912302210084052|9731729930249456691|2201783083937451314|15342865383680309757|15044429159501160512
dataset\_work\final\spinach\train\saudavel\Healthy-Leaf(1399)__Healthy-Leaf (938).JPG,saudavel,train,spinach_sy69db2nz5,675x1200,3952206737545104910|1397258927995653903|13862229788671645796|18228582063731566297|1121234191914066963|1012826741297633590|15701455729526241532|7248715315403055296
dataset\_work\final\spinach\val\saudavel\Healthy-Leaf(1399)__Healthy-Leaf (939).JPG,saudavel,val,spinach_sy69db2nz5,675x1200,2799160985976881925|1973850522182753310|16197346263679424612|17936973952358720729|2169728480169059355|415254815994468390|15682878088871341304|7266729585331980512
dataset\_work\final\spinach\train\saudavel\Healthy-Leaf(1399)__Healthy-Leaf (94).jpg,saudavel,train,spinach_sy69db2nz5,433x577,2309809167356337689|183547193080383300|4687705166031572772|4723773804880727450|4937936523977264130|1809944741749919264|11100588542327754305|2616330872312499777
dataset\_work\final\spinach\train\saudavel\Healthy-Leaf(1399)__Healthy-Leaf (940).JPG,saudavel,train,spinach_sy69db2nz5,675x1200,3732787647350411021|3552388575560207951|4665755791425065028|18228574354332361948|5696609938338368561|977080520922287411|15899051180306200828|4958634765828276288
dataset\_work\final\spinach\train\saudavel\Healthy-Leaf(1399)__Healthy-Leaf (942).JPG,saudavel,train,spinach_sy69db2nz5,675x1200,3624428579557526023|12956167930567797791|16197367704693033196|17936929976255696072|2246396328593509811|561344729116986418|14469158006489017592|17062058910155589856
dataset\_work\final\spinach\val\saudavel\Healthy-Leaf(1399)__Healthy-Leaf (944).JPG,saudavel,val,spinach_sy69db2nz5,675x1200,2511898270269032897|1928823955524512892|6939075736634170572|17928212766683219660|8965625685738505242|13963776847181175842|14755698964754779640|14743830939722075232
dataset\_work\final\spinach\train\saudavel\Healthy-Leaf(1399)__Healthy-Leaf (945).JPG,saudavel,train,spinach_sy69db2nz5,675x1200,4531216190014261517|9381075571855666703|4623029158397398732|18296662518238448844|1093967407086973058|975394417820951102|14739383101659409149|14757887598475880512
dataset\_work\final\spinach\val\saudavel\Healthy-Leaf(1399)__Healthy-Leaf (949).JPG,saudavel,val,spinach_sy69db2nz5,675x1200,17495515429585308748|12739714223484751053|6973978084207544544|17936938498545083608|14829452654527040688|5497994123536157938|15628843980434631928|16197350180956981344
dataset\_work\final\spinach\val\saudavel\Healthy-Leaf(1399)__Healthy-Leaf (95).jpg,saudavel,val,spinach_sy69db2nz5,577x433,5552831269674327040|5552523302935070208|2489381422977482803|2524284166478954547|1836762200936013|44084500470042445|3674971651697477667|3710973803343350818
dataset\_work\final\spinach\test\saudavel\Healthy-Leaf(1399)__Healthy-Leaf (950).JPG,saudavel,test,spinach_sy69db2nz5,675x1200,17358155645381568229|16201855887003392024|6978494802310258840|17934713395224180966|1772422150331750624|16566183978454672624|16643270739623339256|11015976822458865760
dataset\_work\final\spinach\train\saudavel\Healthy-Leaf(1399)__Healthy-Leaf (951).JPG,saudavel,train,spinach_sy69db2nz5,675x1200,12742950667896653876|12746470657757146835|13891507661118954700|15054634729578349772|15271299034054124720|3785361309345700016|14755136049161104592|14761845269512112320
dataset\_work\final\spinach\val\saudavel\Healthy-Leaf(1399)__Healthy-Leaf (952).JPG,saudavel,val,spinach_sy69db2nz5,675x1200,3912658990085736719|10650324850478771727|16197350595388820680|17360477776222014668|1111910884936961427|1119509612363402294|14757388635088022768|14469111899021428960
dataset\_work\final\spinach\train\saudavel\Healthy-Leaf(1399)__Healthy-Leaf (953).JPG,saudavel,train,spinach_sy69db2nz5,675x1200,6624037022603332878|2614494847000464399|16162447706601337548|17927931329405301452|1102411100983216164|1066595065315388763|14750076917123042552|14750076633650842848
dataset\_work\final\spinach\train\saudavel\Healthy-Leaf(1399)__Healthy-Leaf (954).JPG,saudavel,train,spinach_sy69db2nz5,675x1200,302389399521104671|11399540356749735431|4659057978900229272|18224605130241461190|519827788372194206|2275246377548984836|14324769332193520380|10965222809517467712
dataset\_work\final\spinach\train\saudavel\Healthy-Leaf(1399)__Healthy-Leaf (956).JPG,saudavel,train,spinach_sy69db2nz5,675x1200,3983869923645888798|1400002205215106567|4677213091279980756|17935810498449565904|515271343609900307|2204871070799644983|15053509141308696824|15332659466567739456
dataset\_work\final\spinach\test\saudavel\Healthy-Leaf(1399)__Healthy-Leaf (958).JPG,saudavel,test,spinach_sy69db2nz5,675x1200,7173123931833404942|4165424569301896839|16199615655914019036|17939216957153142468|9768004743213338169|1048995726585924707|14188246237415142648|15895626531504443616
dataset\_work\final\spinach\test\saudavel\Healthy-Leaf(1399)__Healthy-Leaf (959).JPG,saudavel,test,spinach_sy69db2nz5,675x1200,3947421042188491583|1362496798719870723|13898333354094813404|18228544680388522180|218229554417756178|4547382208407455798|14191094002728368380|15915941589110546624
dataset\_work\final\spinach\train\saudavel\Healthy-Leaf(1399)__Healthy-Leaf (96).jpg,saudavel,train,spinach_sy69db2nz5,433x577,2325976214331395724|9375683187124145996|10961241643122116388|4937945423084920218|5480637922734382466|10092068802327430944|11105100628607338308|2614202158478204568
dataset\_work\final\spinach\test\saudavel\Healthy-Leaf(1399)__Healthy-Leaf (960).JPG,saudavel,test,spinach_sy69db2nz5,675x1200,8317179386990988814|3551526558450355855|16197345647317011652|17936973992070925532|10344430306899937585|1049000126251428979|15910318936880508152|14180863859816450272
dataset\_work\final\spinach\train\saudavel\Healthy-Leaf(1399)__Healthy-Leaf (961).JPG,saudavel,train,spinach_sy69db2nz5,675x1200,8145901865801402119|8200368373308857374|16201866974724675800|17934713377928955076|2169728480152898929|560496455870975089|14178710997785044216|15625406162526591200
dataset\_work\final\spinach\test\saudavel\Healthy-Leaf(1399)__Healthy-Leaf (964).JPG,saudavel,test,spinach_sy69db2nz5,675x1200,3516482374053973646|8164058106690047118|13898275696840317160|18226321437760087784|10271840824128916593|10290277149462940976|16782319639977193724|16760317726531576000
dataset\_work\final\spinach\test\saudavel\Healthy-Leaf(1399)__Healthy-Leaf (967).JPG,saudavel,test,spinach_sy69db2nz5,675x1200,6956952236365483534|8776969435774226063|16201871372996876504|17934678194696218340|10344425361723346553|1049035313249225824|16494099159495140600|15607237892519024864
dataset\_work\final\spinach\train\saudavel\Healthy-Leaf(1399)__Healthy-Leaf (969).JPG,saudavel,train,spinach_sy69db2nz5,675x1200,2652652676491824654|6477380841686993935|13880314557804371144|18226328064810730700|1120460139875787865|1067010126572802084|14755136836350046460|14473615498652721344
dataset\_work\final\spinach\test\saudavel\Healthy-Leaf(1399)__Healthy-Leaf (97).jpg,saudavel,test,spinach_sy69db2nz5,433x577,589985351134414884|577032834553613330|432352463124046864|1729554457678387716|1300500460562022920|2596339537031213064|295722025825861656|1163131871404883974
dataset\_work\final\spinach\train\saudavel\Healthy-Leaf(1399)__Healthy-Leaf (970).JPG,saudavel,train,spinach_sy69db2nz5,675x1200,4933849548437788447|1468330259041752839|13898346617222253772|18228571034174147788|510917006993547284|2240500188631169092|14757430417470847228|14757390653958185152
dataset\_work\final\spinach\train\saudavel\Healthy-Leaf(1399)__Healthy-Leaf (971).JPG,saudavel,train,spinach_sy69db2nz5,675x1200,8181975315456461326|3588826927798726287|16201871373005266144|17934678194696144632|10353437508243803697|1011845427658984561|17926242741487330552|16184965282217646304
dataset\_work\final\spinach\test\saudavel\Healthy-Leaf(1399)__Healthy-Leaf (975).JPG,saudavel,test,spinach_sy69db2nz5,675x1200,3660456826829065871|12919857662850239502|16197350661692377636|17936938219438779611|1012408926904143027|10362444153522932786|15829245383848946936|2651102908640970976
dataset\_work\final\spinach\train\saudavel\Healthy-Leaf(1399)__Healthy-Leaf (976).JPG,saudavel,train,spinach_sy69db2nz5,675x1200,2511898319652717835|1820738013274857231|6937949832650463468|17936938219371685576|1107688208601138201|794266919976754210|14476476628597665016|17048548104846723168
dataset\_work\final\spinach\train\saudavel\Healthy-Leaf(1399)__Healthy-Leaf (977).JPG,saudavel,train,spinach_sy69db2nz5,675x1200,3732514383248297759|3660457343273797383|13889269057743015124|17941468482611104980|506459578130418738|2238162897627696179|15333884709069847800|15333798612552958144
dataset\_work\final\spinach\train\saudavel\Healthy-Leaf(1399)__Healthy-Leaf (978).JPG,saudavel,train,spinach_sy69db2nz5,675x1200,3660456959972546319|12883829398416660239|6973974237528246500|17936973678674111704|1087439606758952114|1087554499868806194|15631122181397605624|16485594165712308320
dataset\_work\final\spinach\test\saudavel\Healthy-Leaf(1399)__Healthy-Leaf (979).JPG,saudavel,test,spinach_sy69db2nz5,675x1200,1650726045009649430|1362495114809444103|16199686026804381924|17939214758115732696|506492840622090258|1594073669889353750|15631130944203977976|16485576642217431264
dataset\_work\final\spinach\train\saudavel\Healthy-Leaf(1399)__Healthy-Leaf (98).jpg,saudavel,train,spinach_sy69db2nz5,433x577,5371956713803689601|3264721787546471232|2325989511748095814|147552515282374301|4650862876882325037|9308389966013173066|11317017115446610946|5084290369006552864
dataset\_work\final\spinach\train\saudavel\Healthy-Leaf(1399)__Healthy-Leaf (980).JPG,saudavel,train,spinach_sy69db2nz5,675x1200,12094570894249987096|1937900907204103911|8135977676504353892|17359349161980251353|16703515184153420826|1768942711694219431|15694146173135546608|7263334422195005552
dataset\_work\final\spinach\train\saudavel\Healthy-Leaf(1399)__Healthy-Leaf (984).JPG,saudavel,train,spinach_sy69db2nz5,675x1200,6913673652643663625|301826449701867119|13884818157158016082|18226891014898768773|8002417763040440324|688995280167498335|9645528215551013628|5918939976812769472
dataset\_work\final\spinach\test\saudavel\Healthy-Leaf(1399)__Healthy-Leaf (985).JPG,saudavel,test,spinach_sy69db2nz5,675x1200,10874096976985949961|1650655671937932879|4656942572488909852|17650421569449007553|5701091539138045974|686628856405026966|13950435062708499188|2045927929078652992
dataset\_work\final\spinach\test\saudavel\Healthy-Leaf(1399)__Healthy-Leaf (987).JPG,saudavel,test,spinach_sy69db2nz5,675x1200,8308453664862340610|3552368784350682175|2369060650503136836|17940342861357029845|4583653482376743985|182089633575619955|15391586947242064120|4928794088709873696
dataset\_work\final\spinach\train\saudavel\Healthy-Leaf(1399)__Healthy-Leaf (988).JPG,saudavel,train,spinach_sy69db2nz5,675x1200,16847419884243334963|7533412801810469683|6958088010883143788|18011838347322255305|3680368393867725928|3690468508083146473|14548850883143661305|7789142871056617568
dataset\_work\final\spinach\train\saudavel\Healthy-Leaf(1399)__Healthy-Leaf (99).jpg,saudavel,train,spinach_sy69db2nz5,433x577,5588429661259383817|5300199285701644586|5227851433597898050|2976333495888465441|3067239620872212041|667833515074096717|2400004719198031401|4795522396269284680
dataset\_work\final\spinach\test\saudavel\Healthy-Leaf(1399)__Healthy-Leaf (990).JPG,saudavel,test,spinach_sy69db2nz5,675x1200,16346973827527853711|3514082694266461198|10439513863070734444|17649790346775209161|1052744517411128368|10360081303010729186|14529922791591309556|7843045330682306704
dataset\_work\final\spinach\test\saudavel\Healthy-Leaf(1399)__Healthy-Leaf (991).JPG,saudavel,test,spinach_sy69db2nz5,675x1200,12018011831018292879|11163454357942115342|5791783723223243372|17724425160637195721|1016808079369366682|10342033919159748774|14530238076418980341|7807724628009050192
dataset\_work\final\spinach\test\saudavel\Healthy-Leaf(1399)__Healthy-Leaf (992).JPG,saudavel,test,spinach_sy69db2nz5,675x1200,15161452355059031831|1182350579956712983|9091366056125516|17869102234504845772|1659097688027523088|1702164458971621586|14761054407928708087|5504608879805997056
dataset\_work\final\spinach\train\saudavel\Healthy-Leaf(1399)__Healthy-Leaf (993).JPG,saudavel,train,spinach_sy69db2nz5,675x1200,17351391446618179471|12738605915453266958|8129164711348950748|17434813786004819972|1016767384538499248|10342355803335740656|329016518457619697|15877044783384416368
dataset\_work\final\spinach\test\saudavel\Healthy-Leaf(1399)__Healthy-Leaf (995).JPG,saudavel,test,spinach_sy69db2nz5,675x1200,16757497905214768653|7533983479450213383|6958088053488928360|18011838725749185769|548395494902500968|992671312219967208|16833584490351163129|7549748317632630880
dataset\_work\final\spinach\val\saudavel\Healthy-Leaf(1399)__Healthy-Leaf (996).JPG,saudavel,val,spinach_sy69db2nz5,675x1200,17649763753463714591|1198113659689907971|10414799042311382148|17793384366392465876|231755670897991696|2239350106330427636|15337518493126684406|9539763708474722448
dataset\_work\final\spinach\val\saudavel\Healthy-Leaf(1399)__Healthy-Leaf (998).JPG,saudavel,val,spinach_sy69db2nz5,675x1200,11878417219505954623|6405322182442747651|4656946918995810412|18301165224245781705|218264657046463576|4548505668782250148|14548006437860997885|7807157752191295552
dataset\_work\final\spinach\test\saudavel\Healthy-Leaf(1399)__Healthy-Leaf (999).JPG,saudavel,test,spinach_sy69db2nz5,675x1200,16414668595909201695|3516333326909050375|11587929629164886628|17505745355648967896|508423859813665840|2274297522910317795|15610855970725884146|7267288266055405728
dataset\_work\final\spinach\train\anomala\Anthracnose(102)__Anthracnose (1).jpg,anomala,train,spinach_sy69db2nz5,3060x4080,5086594893879838260|11319255774277900306|1232868193728892736|2523738827375709697|1339996377867032221|3748690500567668550|76164918895642147|4651961224228445201
dataset\_work\final\spinach\test\anomala\Anthracnose(102)__Anthracnose (10).jpg,anomala,test,spinach_sy69db2nz5,3060x4080,2100466860575097665|5087701027827695472|4654790461662629660|9324205212721549190|8088199979076000582|4684604665283421725|9659971874590516865|2021913111927429440
dataset\_work\final\spinach\val\anomala\Anthracnose(102)__Anthracnose (100).jpg,anomala,val,spinach_sy69db2nz5,3060x4080,4723729772573568141|4723729703650397000|5588428614024988486|5552400761286430365|5191255472942845505|10172557770017967681|11317007184809102925|5082195868402486861
dataset\_work\final\spinach\test\anomala\Anthracnose(102)__Anthracnose (101).jpg,anomala,test,spinach_sy69db2nz5,3060x4080,4798618556346157614|3532518770314980618|2596761275205586178|1309437010716872224|733248924739372593|3335650131635509314|2327946521633238034|183836280961632548
dataset\_work\final\spinach\train\anomala\Anthracnose(102)__Anthracnose (102).jpg,anomala,train,spinach_sy69db2nz5,3060x4080,4651953704076281410|76014749859946033|1737891631859732045|326268131289304653|3575320593321364993|4793526735705444160|5588411897669191428|5588438544050495000
dataset\_work\final\spinach\test\anomala\Anthracnose(102)__Anthracnose (11).jpg,anomala,test,spinach_sy69db2nz5,3060x4080,4723166788360802048|4687700940187963136|290371242246770508|1737868455746932237|4269580466720321|4269863934594113|940732404101160472|5516658009232312068
dataset\_work\final\spinach\train\anomala\Anthracnose(102)__Anthracnose (12).jpg,anomala,train,spinach_sy69db2nz5,3060x4080,5300181685328875392|5300208356371139456|5084343197366980422|11317004024250830493|9226484880624291401|9227610959810891337|11317021616435826333|5084347595413229382
dataset\_work\final\spinach\train\anomala\Anthracnose(102)__Anthracnose (13).jpg,anomala,train,spinach_sy69db2nz5,3060x4080,1084573830943313216|887080602162908673|2385530162003774989|8296799497197160268|94029766718082828|4651390646684093711|5514397379293815923|940749927097244449
dataset\_work\final\spinach\train\anomala\Anthracnose(102)__Anthracnose (14).jpg,anomala,train,spinach_sy69db2nz5,433x577,2471664804283422245|2471779307414492250|2399458917724396576|2453642435321332738|6490982413089787170|2672365515462036770|145284534984117538|2313754253821692961
dataset\_work\final\spinach\test\anomala\Anthracnose(102)__Anthracnose (15).jpg,anomala,test,spinach_sy69db2nz5,433x577,940986305521518634|5480756566313864203|2345564237316688905|93598139877396296|796159715713158988|3028703936871534349|5228405556544752641|651930247945424160
dataset\_work\final\spinach\train\anomala\Anthracnose(102)__Anthracnose (16).jpg,anomala,train,spinach_sy69db2nz5,433x577,945236467084003124|5514406017501044243|5116999002352070665|1818929924906648392|1377658846882531148|3785074317233430029|5225129038160543257|662092141576258375
dataset\_work\final\spinach\train\anomala\Anthracnose(102)__Anthracnose (17).jpg,anomala,train,spinach_sy69db2nz5,300x400,10243289010308256323|10239884929589818929|11109261283203364510|2793251143345869574|3582071552107158414|4832949982119667598|473886862073643814|11400394160415845530
dataset\_work\final\spinach\val\anomala\Anthracnose(102)__Anthracnose (18).jpg,anomala,val,spinach_sy69db2nz5,300x400,11389440632373609995|9657733453329698857|11104756584330702477|2794306657395641166|2994928032082888582|830359203916484510|5659779651076081446|10173128146304703642
dataset\_work\final\spinach\train\anomala\Anthracnose(102)__Anthracnose (19).jpg,anomala,train,spinach_sy69db2nz5,1533x2044,2507834937249188877|2327383088500181070|2617044438792016170|731138188839896072|5622830474730032160|958155795506056482|595748502576178442|3031375715743060260
dataset\_work\final\spinach\test\anomala\Anthracnose(102)__Anthracnose (2).jpg,anomala,test,spinach_sy69db2nz5,3060x4080,147658996512919340|2309808085224852490|290371242111141408|1161689178688134145|723996741020814880|3174768576319392770|79973197946429200|2307538675650201348
dataset\_work\final\spinach\train\anomala\Anthracnose(102)__Anthracnose (20).jpg,anomala,train,spinach_sy69db2nz5,3060x4080,5588464984404496192|5300194896080735745|4937936832544605709|1233484066691194444|76063274567962185|4651975815107939917|5520915267212221969|974504901186127684
dataset\_work\final\spinach\train\anomala\Anthracnose(102)__Anthracnose (21).jpg,anomala,train,spinach_sy69db2nz5,3060x4080,5371965353938066969|3264704143986231108|2400012998150391620|4795504739879427601|4937927813455892013|1809935824659057994|1233484075143957826|4901907760923233825
dataset\_work\final\spinach\train\anomala\Anthracnose(102)__Anthracnose (22).JPG,anomala,train,spinach_sy69db2nz5,5712x4284,6971739603381817536|17941468055748474620|17811012289933332463|1173268023483960328|18228011092257733880|13875617107495403616|579862735991949328|17280196971372293623
dataset\_work\final\spinach\train\anomala\Anthracnose(102)__Anthracnose (23).JPG,anomala,train,spinach_sy69db2nz5,5712x4284,6973991415249904768|18009022463616670206|3273352824612703218|666934406149975216|18363962700165737721|9233672314373589088|12694536908570444041|17495234472261020973
dataset\_work\final\spinach\train\anomala\Anthracnose(102)__Anthracnose (24).JPG,anomala,train,spinach_sy69db2nz5,5712x4284,11655487970115112112|8718061294215679218|1714692298774040443|1525607628420287777|17495585751218715768|12739711577513312417|2381733595511008277|8885468575336221463
dataset\_work\final\spinach\val\anomala\Anthracnose(102)__Anthracnose (25).JPG,anomala,val,spinach_sy69db2nz5,8064x6048,8131280111591243776|17430275860998839551|11504263955796643691|439703801362254889|18436864719265981681|18181645309630576|2957904077702568454|7768593458014168991
dataset\_work\final\spinach\train\anomala\Anthracnose(102)__Anthracnose (26).JPG,anomala,train,spinach_sy69db2nz5,8064x6048,8097639928186798208|17436221172817002238|2240522739508039671|222092613083073552|18374377030614972913|9223539775134785648|1156314657855116547|17856648894305212191
dataset\_work\final\spinach\train\anomala\Anthracnose(102)__Anthracnose (27).jpg,anomala,train,spinach_sy69db2nz5,3060x4080,4727688048086584394|7027312116051708973|4652101965744344648|4615791694159744585|3282014872032216673|5371685202615573569|5264311174238178880|5228140437140049728
dataset\_work\final\spinach\test\anomala\Anthracnose(102)__Anthracnose (28).jpg,anomala,test,spinach_sy69db2nz5,3060x4080,4723738550847082240|4723738395221364480|5514379580813577806|945262512063352457|4234232349560385|4238888698089025|9911867643495652877|5660478441879996236
dataset\_work\final\spinach\val\anomala\Anthracnose(102)__Anthracnose (29).jpg,anomala,val,spinach_sy69db2nz5,3060x4080,4687155927393963139|2417877888814223136|5516652477708470094|940855618323291789|2310077370780323361|9442974726082202689|10168590517325467149|5658516965482205004
dataset\_work\final\spinach\train\anomala\Anthracnose(102)__Anthracnose (3).jpg,anomala,train,spinach_sy69db2nz5,3060x4080,5514397318462246788|9880395498073690000|1015323633973431110|10238400563023654557|10380530369315675785|9515911421172614988|11326041871821248142|5083168937267894030
dataset\_work\final\spinach\train\anomala\Anthracnose(102)__Anthracnose (30).jpg,anomala,train,spinach_sy69db2nz5,3060x4080,3996910038256713|40307182437600841|4723157956835085837|4723743000097951560|5264170557337997056|5299618709138247168|5228418768796618305|940750030577830977
dataset\_work\final\spinach\train\anomala\Anthracnose(102)__Anthracnose (31).jpg,anomala,train,spinach_sy69db2nz5,2296x4080,760279542388361011|2903853171842422835|2470379663638547968|2507746411489954816|3681850007470689320|3676923246786022666|39580335864728866|22102551177283618
dataset\_work\final\spinach\test\anomala\Anthracnose(102)__Anthracnose (32).jpg,anomala,test,spinach_sy69db2nz5,3000x4000,2976182293503614472|742423370088810248|2307539723218536224|255613480737840386|614485296601255178|584930320563195177|152328810973334531|2325980578216085024
dataset\_work\final\spinach\train\anomala\Anthracnose(102)__Anthracnose (33).jpg,anomala,train,spinach_sy69db2nz5,3000x4000,2471498777363352842|2453650559325849646|2471788068777889058|2471788017640950818|3335071685574266146|724391379065064482|2471506559777000738|2453773533366340898
dataset\_work\final\spinach\train\anomala\Anthracnose(102)__Anthracnose (34).jpg,anomala,train,spinach_sy69db2nz5,3000x4000,2471497729124027434|2453791193860279594|2328226966639873058|147948184722672674|3030084786180721954|3047985934990986274|2453493209173462274|2453351526790745888
dataset\_work\final\spinach\train\anomala\Anthracnose(102)__Anthracnose (35).jpg,anomala,train,spinach_sy69db2nz5,3000x4000,2758470816010030106|1300853192402013478|1172490711729064210|151325884510259494|2741863236169043218|1895047424453265446|2758892476572768514|1317599858324292880
dataset\_work\final\spinach\val\anomala\Anthracnose(102)__Anthracnose (36).jpg,anomala,val,spinach_sy69db2nz5,3000x4000,5518900858458676243|943001744627926055|616454418436426817|580567561897709153|2811406337319573005|1376983433360938828|6993535101608332808|4723184224248958472
dataset\_work\final\spinach\train\anomala\Anthracnose(102)__Anthracnose (38).jpg,anomala,train,spinach_sy69db2nz5,3000x4000,2327382639671920674|2471806093010816274|2776766275032337698|1390643697113517346|1318867081782775074|2470239815325862944|2471796796352842771|2471796796948384038
dataset\_work\final\spinach\train\anomala\Anthracnose(102)__Anthracnose (39).jpg,anomala,train,spinach_sy69db2nz5,3000x4000,5371956697437769289|2976491342824116045|2400021863232084290|4795513553014965809|5588701253784784425|5264302842260655434|3550533272575839554|4798900083063475745
dataset\_work\final\spinach\train\anomala\Anthracnose(102)__Anthracnose (4).jpg,anomala,train,spinach_sy69db2nz5,3060x4080,9659971805800795721|2021913146824822381|2093697030782127769|5156495289171808070|7894299300338274076|5300186151659573126|5084299190902558535|11028769353805729309
dataset\_work\final\spinach\train\anomala\Anthracnose(102)__Anthracnose (41).jpg,anomala,train,spinach_sy69db2nz5,3000x4000,2453791125543521320|2471497763676720138|2307819995864108322|152171375130201122|760016638472244258|2885689325450562850|2471524254842035202|2453624050912986912
dataset\_work\final\spinach\train\anomala\Anthracnose(102)__Anthracnose (42).jpg,anomala,train,spinach_sy69db2nz5,3000x4000,2614917403189349888|1309789509689740800|729590883787687440|3171128076736010502|4107327125728530|39993732687022628|439415661007733292|1172773268835737610
dataset\_work\final\spinach\test\anomala\Anthracnose(102)__Anthracnose (43).jpg,anomala,test,spinach_sy69db2nz5,3000x4000,22112326179032075|39703567733296175|4651943705333616416|76173182479764738|3390101366370110720|796027877329948160|147807464549453313|2328227035090423616
dataset\_work\final\spinach\test\anomala\Anthracnose(102)__Anthracnose (44).jpg,anomala,test,spinach_sy69db2nz5,3000x4000,5588706721605291529|5552435979883089740|5550153617485565760|5304720348870544897|5516635812834774605|652493283394817869|76058970475175497|4651957982468965965
dataset\_work\final\spinach\train\anomala\Anthracnose(102)__Anthracnose (45).jpg,anomala,train,spinach_sy69db2nz5,3000x4000,5300181658954587163|5264179353698108709|4651679822535167041|76164386385759777|2667572693542309449|1971458584374382153|2381857862026989057|4723166770038738496
dataset\_work\final\spinach\test\anomala\Anthracnose(102)__Anthracnose (46).JPG,anomala,test,spinach_sy69db2nz5,3213x5712,7033512332656217887|3586711602693213703|11590180965315024996|17358252317394593497|508428531329386033|2274121614277647457|15701491977791399152|7248570229831817376
dataset\_work\final\spinach\train\anomala\Anthracnose(102)__Anthracnose (47).JPG,anomala,train,spinach_sy69db2nz5,3213x5712,3552362174259502397|3732532079886157379|16201866974624011428|17934713379539571930|4847664982745074739|4439781251960163377|15768482078563689720|11877285346877692128
dataset\_work\final\spinach\train\anomala\Anthracnose(102)__Anthracnose (48).JPG,anomala,train,spinach_sy69db2nz5,2268x4032,74324815139669766|9182716081756249759|13898276248474914952|18228573233197020910|11465700445306974079|470456338154915841|17219203966712609020|9840532984214118592
dataset\_work\final\spinach\test\anomala\Anthracnose(102)__Anthracnose (49).jpg,anomala,test,spinach_sy69db2nz5,3000x4000,2471788552297778728|2471787996275706890|2400004184416343082|4795522262882456874|760006789961764130|2886410006197849378|3032494984379927874|3050227804840349217
dataset\_work\final\spinach\train\anomala\Anthracnose(102)__Anthracnose (5).jpg,anomala,train,spinach_sy69db2nz5,3060x4080,1125352513999883565|1118739455672274250|5345805808116829504|649229795251932673|5354093361786488335|3264280887693319695|94178784701776393|4615351957951754314
dataset\_work\final\spinach\train\anomala\Anthracnose(102)__Anthracnose (50).jpg,anomala,train,spinach_sy69db2nz5,3000x4000,1165673220197420362|291130366445424169|432360987913299473|450375489682250308|2958389534620715524|5371964390038646032|4943277998373486598|1235762125260849158
dataset\_work\final\spinach\train\anomala\Anthracnose(102)__Anthracnose (51).jpg,anomala,train,spinach_sy69db2nz5,3000x4000,152451780365946190|2325834980780363273|1317731799913137697|2470538955579169858|670640089034278688|5660204659518610690|4799728014975715618|2379606096504834322
dataset\_work\final\spinach\test\anomala\Anthracnose(102)__Anthracnose (52).jpg,anomala,test,spinach_sy69db2nz5,3000x4000,3048266272313576750|3048240474013781002|2470512567367108128|2471647262762998786|742125902540197162|3318324125643984170|152011962577734946|2307547488846235938
dataset\_work\final\spinach\train\anomala\Anthracnose(102)__Anthracnose (53).jpg,anomala,train,spinach_sy69db2nz5,3000x4000,2470382238178416660|1300711872945587734|1441869956459202593|1594360679057197090|1586971958485847314|1447924419510880290|2452225525948489750|2380168926182834708
dataset\_work\final\spinach\train\anomala\Anthracnose(102)__Anthracnose (54).jpg,anomala,train,spinach_sy69db2nz5,3000x4000,5354109349709453060|3264413290547058196|2331601298971919937|154598065264598081|1447379066188877101|330740889085168970|4691641452256437506|4721477954008472352
dataset\_work\final\spinach\train\anomala\Anthracnose(102)__Anthracnose (55).jpg,anomala,train,spinach_sy69db2nz5,3000x4000,2904134077651946759|742406256509996568|306820983766322211|9665162471381272610|1751423679277714698|508217976379297064|2452243236116111750|2525401338205716996
dataset\_work\final\spinach\train\anomala\Anthracnose(102)__Anthracnose (56).jpg,anomala,train,spinach_sy69db2nz5,3000x4000,5371981911764639050|3264625496231397165|450366590728244290|1009120910857178145|3262733219602583085|5340581096081689930|2417323812230922510|4795224415078334470
dataset\_work\final\spinach\train\anomala\Anthracnose(102)__Anthracnose (57).jpg,anomala,train,spinach_sy69db2nz5,3000x4000,1443418582188624912|1299374590724540422|874275088517302292|874274532310648854|434683462269405202|1156454843423721492|1587672895000945164|1443417525651776012
dataset\_work\final\spinach\train\anomala\Anthracnose(102)__Anthracnose (58).jpg,anomala,train,spinach_sy69db2nz5,3000x4000,688073325261327434|5516379781643767341|4795522434671710016|2399300411066878977|3246539198284336716|5371843497131740169|75460612641475617|4615914874350767426
dataset\_work\final\spinach\train\anomala\Anthracnose(102)__Anthracnose (59).jpg,anomala,train,spinach_sy69db2nz5,2296x4080,4723167028441186841|7029572807826026563|5732693365856575053|976866068591248973|4841430576031305313|1802024041176861761|5586296988670266893|5592941039928118863
dataset\_work\final\spinach\train\anomala\Anthracnose(102)__Anthracnose (6).jpg,anomala,train,spinach_sy69db2nz5,3060x4080,2325693652515360034|188481098837019682|4763715654786632722|2379034868003506466|2471366305272208642|2453774662522783264|2452665846058124321|1318576220599622722
dataset\_work\final\spinach\train\anomala\Anthracnose(102)__Anthracnose (60).jpg,anomala,train,spinach_sy69db2nz5,2296x4080,4687701087223491201|4687701087022164800|5516362047373088334|976876015802881677|4623837104970862145|9307299293999074881|10202491022153321997|5662746695898664524
dataset\_work\final\spinach\train\anomala\Anthracnose(102)__Anthracnose (61).jpg,anomala,train,spinach_sy69db2nz5,2296x4080,5588446446586120968|5588574650755853711|5046027605070744907|10456820695228698157|10316917761944292941|597588071959400013|3264563319894646417|5444023121182394182
dataset\_work\final\spinach\test\anomala\Anthracnose(102)__Anthracnose (62).jpg,anomala,test,spinach_sy69db2nz5,2296x4080,4687710003172187713|4723721208003495489|5660496069167910477|976725913196793421|4685440491381558849|4728251076121660993|5588407533577932301|5588473659499974222
dataset\_work\final\spinach\train\anomala\Anthracnose(102)__Anthracnose (64).jpg,anomala,train,spinach_sy69db2nz5,2296x4080,4613391865404658785|9303890721583371297|981291274648067661|5586155770482165325|2419566808199536257|6995250701958841920|5586317963402905165|5593072809401097741
dataset\_work\final\spinach\train\anomala\Anthracnose(102)__Anthracnose (65).jpg,anomala,train,spinach_sy69db2nz5,2296x4080,4723738663390086226|4687710019886192801|5664980976809713229|10197854948353869389|11608128307389206081|5909889788094680641|5586318976881755789|5592932106135051854
dataset\_work\final\spinach\train\anomala\Anthracnose(102)__Anthracnose (66).jpg,anomala,train,spinach_sy69db2nz5,2296x4080,4867282319596784192|2417886686049939073|5045886695918505550|11357258106478759437|9308420795121241633|4614530804965411907|976743539878043037|5660487307574576710
dataset\_work\final\spinach\train\anomala\Anthracnose(102)__Anthracnose (67).jpg,anomala,train,spinach_sy69db2nz5,2296x4080,2379614961712107328|4870668504997498369|5515530925725077000|661649930181315848|76014784488118339|4615923738961446433|616181838681419273|598563715521612620
dataset\_work\final\spinach\train\anomala\Anthracnose(102)__Anthracnose (68).jpg,anomala,train,spinach_sy69db2nz5,2296x4080,4937941042987733888|1233448719478109824|434363404406687310|10961245904192315021|9238614863223660049|9228750148582475588|10204618128389512856|5622206504576419590
dataset\_work\final\spinach\train\anomala\Anthracnose(102)__Anthracnose (69).jpg,anomala,train,spinach_sy69db2nz5,2296x4080,2598611096136336408|1802574132601557254|576487748540537344|288236210026325504|437137818390037529|1748689810045734948|10702982501171204|43381839231451144
dataset\_work\final\spinach\train\anomala\Anthracnose(102)__Anthracnose (7).jpg,anomala,train,spinach_sy69db2nz5,3060x4080,4937927667923095308|11033308154583256968|9661122091827562310|11400637215971155481|9804155258458283673|868949799201376068|1809900657972557726|5082047263139894150
dataset\_work\final\spinach\train\anomala\Anthracnose(102)__Anthracnose (70).jpg,anomala,train,spinach_sy69db2nz5,2296x4080,2471384652691998275|2525681576399838753|3262443565335924260|5376486769760308506|2422390249671232803|4829564586516499490|1913227418179378506|2616199077490542125
dataset\_work\final\spinach\val\anomala\Anthracnose(102)__Anthracnose (71).jpg,anomala,val,spinach_sy69db2nz5,2296x4080,2758892407642063889|1318866530408011875|2325693687009791008|188481133339872514|7140491479269395730|1226112742504417574|147939940601076994|2327400129055049248
dataset\_work\final\spinach\train\anomala\Anthracnose(102)__Anthracnose (73).jpg,anomala,train,spinach_sy69db2nz5,2296x4080,5299627678134900608|5300190498635323264|5046163755601465166|11321546106786483853|9229862768282144329|9229862923404282953|10164122102063832733|5660764367257536326
dataset\_work\final\spinach\train\anomala\Anthracnose(102)__Anthracnose (74).jpg,anomala,train,spinach_sy69db2nz5,2296x4080,5587858156831317896|688504531817006988|5658231023536932678|10168624636137250461|10090089896909704713|9808614920903691341|11321555899446075021|5082034171137984078
dataset\_work\final\spinach\train\anomala\Anthracnose(102)__Anthracnose (75).jpg,anomala,train,spinach_sy69db2nz5,2296x4080,292469025203522880|1733612212243615233|1154907304664960525|441228755546902348|94029380229467928|4651390908138196740|5516644729662414598|940705981125232400
dataset\_work\final\spinach\train\anomala\Anthracnose(102)__Anthracnose (76).jpg,anomala,train,spinach_sy69db2nz5,2296x4080,2703865269868758565|1268905942079970387|4613382767665089864|116564772523495181|5988678351564282897|2667832074803578405|959150185468894721|5191971109184407104
dataset\_work\final\spinach\train\anomala\Anthracnose(102)__Anthracnose (77).jpg,anomala,train,spinach_sy69db2nz5,2296x4080,5588425272903536520|5300234607883653004|5082087325854566214|11321542592832151197|10092324070482218569|9804120116463636045|11321547033660300957|5082051799229368134
dataset\_work\final\spinach\test\anomala\Anthracnose(102)__Anthracnose (78).jpg,anomala,test,spinach_sy69db2nz5,2296x4080,5156374352187301248|1805388313520981760|92066881160056646|4619874103850372765|20001306668633625|9231551678172335943|11316990829338762560|5084316809689450241
dataset\_work\final\spinach\train\anomala\Anthracnose(102)__Anthracnose (79).jpg,anomala,train,spinach_sy69db2nz5,2296x4080,10092016043279977547|14740051812635872813|5191865658878924432|2904420459504179012|3282564507119882188|5407766655462477452|4942453231081180712|10382493822003580232
dataset\_work\final\spinach\train\anomala\Anthracnose(102)__Anthracnose (8).jpg,anomala,train,spinach_sy69db2nz5,3060x4080,616759207368035913|868679208040631881|76040176065809997|4651685406328196685|5300181658956926476|5300208150717894408|5588420934682512960|5588420831201332737
dataset\_work\final\spinach\train\anomala\Anthracnose(102)__Anthracnose (80).jpg,anomala,train,spinach_sy69db2nz5,2296x4080,4973679670911504157|6457615464863174471|6417949672457213767|7239029952603690525|5120378539275689561|2093966136320132677|2095963055932536420|5158632774338548057
dataset\_work\final\spinach\train\anomala\Anthracnose(102)__Anthracnose (81).jpg,anomala,train,spinach_sy69db2nz5,2296x4080,2381295049973304610|2525410134374435891|39853135616167432|22120056860577032|3696486706519673891|2453633002363620385|580284935677824512|598580964386835712
dataset\_work\final\spinach\train\anomala\Anthracnose(102)__Anthracnose (82).jpg,anomala,train,spinach_sy69db2nz5,2296x4080,2922016142826080000|796036743242915584|2596073479083872070|1809364268129586329|8768936801143819|2000343220522280|11028231537394392089|5066438646402058020
dataset\_work\final\spinach\train\anomala\Anthracnose(102)__Anthracnose (83).jpg,anomala,train,spinach_sy69db2nz5,2296x4080,5371974270726118144|2976324355252496128|2614219956821394242|11105091849696001585|11025194924068393|7647262873652554|3548334249456573850|4792695539081889572
dataset\_work\final\spinach\train\anomala\Anthracnose(102)__Anthracnose (84).jpg,anomala,train,spinach_sy69db2nz5,2296x4080,2417314826857166592|4867281924427027328|5082060576068420422|11033299203801890201|9228763282189290563|15510866485546017|11042041506317147801|5063052047911978822
dataset\_work\final\spinach\train\anomala\Anthracnose(102)__Anthracnose (85).jpg,anomala,train,spinach_sy69db2nz5,2296x4080,9657700455967033220|11249762386807037848|10236452477927884430|10236412766660269708|10961532216008449948|9513585250778417030|10094272292911255438|10233883881865416590
dataset\_work\final\spinach\val\anomala\Anthracnose(102)__Anthracnose (86).jpg,anomala,val,spinach_sy69db2nz5,3000x4000,183836313232803361|2327383658468449345|2325703621403903488|188322184912346624|4727670455371516960|2379606096766471426|44480223329033474|37891499094918688
dataset\_work\final\spinach\val\anomala\Anthracnose(102)__Anthracnose (87).jpg,anomala,val,spinach_sy69db2nz5,3000x4000,5371983118728375941|2976464851283708760|2397770012079916876|4763988200201330313|6380249522576510505|9596664185259724106|9880377526454721858|5514406226665358881
dataset\_work\final\spinach\val\anomala\Anthracnose(102)__Anthracnose (88).jpg,anomala,val,spinach_sy69db2nz5,3000x4000,2471507111680361746|2471506452578981926|2327971913890940982|2453342526402086930|2762973927873334306|1316616364635343906|1317459597300468770|3911532536401907232
dataset\_work\final\spinach\train\anomala\Anthracnose(102)__Anthracnose (89).jpg,anomala,train,spinach_sy69db2nz5,3000x4000,1299586046145464338|1605689424216983574|2327690990825900304|147921723211008006|1587534425129633814|1299445291535960338|452767919081131266|1155470858137783584
dataset\_work\final\spinach\test\anomala\Anthracnose(102)__Anthracnose (9).jpg,anomala,test,spinach_sy69db2nz5,3060x4080,9518986051896151936|10387310069647347584|1053731859989733134|10233909183115364238|9227641824789866384|9227641875928390276|10234204973133334158|1017588337287601934
dataset\_work\final\spinach\train\anomala\Anthracnose(102)__Anthracnose (90).jpg,anomala,train,spinach_sy69db2nz5,3000x4000,5228131739940822192|5480475608813618978|3927154397332541005|1387125208229809737|2470091936800640588|12690050964725337672|5264293513055387667|5588437237890973750
dataset\_work\final\spinach\train\anomala\Anthracnose(102)__Anthracnose (91).jpg,anomala,train,spinach_sy69db2nz5,3000x4000,2453632882174799624|2543424549786159880|2614211091479594764|1305250298869980936|579560289122339875|589759616478219554|585219699146366226|866809969562568484
dataset\_work\final\spinach\train\anomala\Anthracnose(102)__Anthracnose (92).jpg,anomala,train,spinach_sy69db2nz5,3000x4000,1318726307644146440|2614778384375823880|2468969883237827601|2467178882472483110|593937760588351780|613359278439157010|2745258669954186530|1244267912861795106
dataset\_work\final\spinach\train\anomala\Anthracnose(102)__Anthracnose (93).jpg,anomala,train,spinach_sy69db2nz5,3000x4000,5588447236123209614|5588433991452265230|5730556898480194374|945227310782955033|1011967683498577485|10245446173739945549|1818951958319275533|5080925880596268879
dataset\_work\final\spinach\train\anomala\Anthracnose(102)__Anthracnose (94).jpg,anomala,train,spinach_sy69db2nz5,3000x4000,5300470865040581414|5552532806704245530|2775091564665311046|11042306454392344093|1885688053256621645|2748054685273198409|2093627589416926873|5048270419343934246
dataset\_work\final\spinach\train\anomala\Anthracnose(102)__Anthracnose (95).jpg,anomala,train,spinach_sy69db2nz5,3060x4080,4721477937566991666|4727661590963181858|4799728032682478850|2379606029866782240|2475183412819237953|3622449029613323841|2327963615821235745|147921930183220290
dataset\_work\final\spinach\train\anomala\Anthracnose(102)__Anthracnose (96).jpg,anomala,train,spinach_sy69db2nz5,3060x4080,5916620723234772820|2667832142985631253|2614228580981775945|1305241416675821125|1519409634606777893|6095374976969284690|4973688312585133330|5304702884734781220
dataset\_work\final\spinach\train\anomala\Anthracnose(102)__Anthracnose (98).jpg,anomala,train,spinach_sy69db2nz5,3060x4080,5228422342714009472|652625199992871808|5046031848616988494|11033299170848083597|9230984373163462153|9234401622041726792|10164065339506630297|5660777574408324934
dataset\_work\final\spinach\train\anomala\Anthracnose(102)__Anthracnose (99).jpg,anomala,train,spinach_sy69db2nz5,3060x4080,883423568566574114|441438557996205346|586671429702855698|3193787219828377636|2469527953903329286|2476027712717537804|2632368372731105836|1309509104003589128
dataset\_work\final\spinach\test\anomala\Bacterial-Spot(752)__Bacterial-Spot (1).jpg,anomala,test,spinach_sy69db2nz5,675x1200,5588434189185387406|5588447538550091662|14309914231503554374|11247211526843997853|10245459824320417357|10235286987516644941|11321547103619978908|5082051763491018694
dataset\_work\final\spinach\train\anomala\Bacterial-Spot(752)__Bacterial-Spot (10).jpg,anomala,train,spinach_sy69db2nz5,675x1200,5588433913303084819|5588447546638011191|4867033725849015107|4408543794353878589|3966337905276194381|1382373144636657229|4410773595379936829|4869256596106873667
dataset\_work\final\spinach\train\anomala\Bacterial-Spot(752)__Bacterial-Spot (100).jpg,anomala,train,spinach_sy69db2nz5,451x553,3244288325579116334|5376206342687494027|5660750966111175502|940723729749458441|10020253187344145482|3318896786592433709|666109979393986061|5657366660764897102
dataset\_work\final\spinach\train\anomala\Bacterial-Spot(752)__Bacterial-Spot (101).jpg,anomala,train,spinach_sy69db2nz5,417x599,5586160097652320142|5592942143072049934|5048303732101448518|1805462970655522333|1016440325605924429|10243163672893949517|2107134375895961113|5080956818791665478
dataset\_work\final\spinach\train\anomala\Bacterial-Spot(752)__Bacterial-Spot (102).jpg,anomala,train,spinach_sy69db2nz5,403x619,5551828964470752014|976733697061371790|5083166607718975302|11326112601979686553|10250051314848271885|1009652120264051789|11028773666156392093|5082091259674856262
dataset\_work\final\spinach\test\anomala\Bacterial-Spot(752)__Bacterial-Spot (103).jpg,anomala,test,spinach_sy69db2nz5,433x577,580134281000128512|598432358914065664|594489509677964352|432712865721288193|1456092950253064|4514650813959432|73762984074019078|4619581813542436872
dataset\_work\final\spinach\train\anomala\Bacterial-Spot(752)__Bacterial-Spot (104).jpg,anomala,train,spinach_sy69db2nz5,433x577,297814879242161158|297884155345047056|729941612758959616|3189284238819957760|1157020067600015876|435738683116429828|44082849055064620|1766395616829706
dataset\_work\final\spinach\test\anomala\Bacterial-Spot(752)__Bacterial-Spot (105).jpg,anomala,test,spinach_sy69db2nz5,433x577,1443417555565674500|1443417452620677132|1443418000501646352|1443417555565613572|864707133752215572|288246347491706900|293311797560870932|1163140494625933332
dataset\_work\final\spinach\train\anomala\Bacterial-Spot(752)__Bacterial-Spot (106).jpg,anomala,train,spinach_sy69db2nz5,433x577,1153089294393022976|144121948994414336|11017716108562|39927048783908|11019469380255746|7488338203770896|2614497077188886528|1300711548390080512
dataset\_work\final\spinach\train\anomala\Bacterial-Spot(752)__Bacterial-Spot (107).jpg,anomala,train,spinach_sy69db2nz5,433x577,586041476092169290|869841269231652361|581253006000334353|595627568889961028|652608078730760716|5371701538035671560|4943295693622625288|1235753777991389448
dataset\_work\final\spinach\train\anomala\Bacterial-Spot(752)__Bacterial-Spot (108).jpg,anomala,train,spinach_sy69db2nz5,433x577,874275047513981989|874275151197183058|10774144627385360|43379161613277700|5916620707647463948|2667273421478175244|295721478226024960|1163131599769249280
dataset\_work\final\spinach\val\anomala\Bacterial-Spot(752)__Bacterial-Spot (109).jpg,anomala,val,spinach_sy69db2nz5,445x560,5664708194864144278|956618096020752150|2346119534811907910|9370890683607883289|1587245120713344525|10817399048359025998|1810015463654493314|5082049814046674720
dataset\_work\final\spinach\train\anomala\Bacterial-Spot(752)__Bacterial-Spot (11).jpg,anomala,train,spinach_sy69db2nz5,675x1200,5516693279193897879|14703728374018942742|10342255973575528264|1017311302768070381|1596309941073940172|10888335046989287244|17081726137181609486|5228434152429422479
dataset\_work\final\spinach\train\anomala\Bacterial-Spot(752)__Bacterial-Spot (110).jpg,anomala,train,spinach_sy69db2nz5,436x572,5665276797264007046|938476205769428764|580688379631077196|10092390290957999753|2021846900174685709|9659991605634637646|9880378009509105548|5514406166022917896
dataset\_work\final\spinach\train\anomala\Bacterial-Spot(752)__Bacterial-Spot (111).jpg,anomala,train,spinach_sy69db2nz5,446x560,5588438388960074510|5588412051816392590|5082053824504628036|1809979857338056217|10243163604778454605|1016440359361678925|1818960770991857177|4936792962426570566
dataset\_work\final\spinach\train\anomala\Bacterial-Spot(752)__Bacterial-Spot (112).jpg,anomala,train,spinach_sy69db2nz5,411x607,380140249882238734|6528282180581263118|5407436741617468176|2967370190729132290|1010793198703778138|1017548600248845829|160298313314676265|1171922238347348811
dataset\_work\final\spinach\train\anomala\Bacterial-Spot(752)__Bacterial-Spot (113).jpg,anomala,train,spinach_sy69db2nz5,413x604,5081774721295656750|1845938234307713931|4901947412491895622|11033277110828613145|10023668329985056281|3325735990040430150|1819000507957714585|5080967705259345732
dataset\_work\final\spinach\train\anomala\Bacterial-Spot(752)__Bacterial-Spot (114).jpg,anomala,train,spinach_sy69db2nz5,415x602,289931368339541772|1737878385776332556|5624722186373138182|940723590693592600|868921117982531096|868947454115644932|1737860724738166285|470352412847574862
dataset\_work\final\spinach\train\anomala\Bacterial-Spot(752)__Bacterial-Spot (115).jpg,anomala,train,spinach_sy69db2nz5,424x588,5082091346888691615|2098135483507347206|9656565328842949446|2035415375573630617|436595284497341981|11461488871371933510|11042386479501229852|5080914700225676166
dataset\_work\final\spinach\train\anomala\Bacterial-Spot(752)__Bacterial-Spot (116).jpg,anomala,train,spinach_sy69db2nz5,438x569,3244288343227696926|5448263798951452423|4756682125922895622|4124870044437388824|513163083621833803|2163706010312050221|1737922642402033209|470367815306642242
dataset\_work\final\spinach\train\anomala\Bacterial-Spot(752)__Bacterial-Spot (117).jpg,anomala,train,spinach_sy69db2nz5,430x580,5084066326933081868|11064820062702866190|10096577161242975046|902693587959096861|1013034064252472985|869018013317959238|2100457651795363596|5087718647531511436
dataset\_work\final\spinach\val\anomala\Bacterial-Spot(752)__Bacterial-Spot (119).jpg,anomala,val,spinach_sy69db2nz5,433x577,304043750480960008|1153778621283050760|864707672787586050|288245834260090656|586879756885754640|601960759893571588|2310081759935332356|147509410737881100
dataset\_work\final\spinach\test\anomala\Bacterial-Spot(752)__Bacterial-Spot (12).jpg,anomala,test,spinach_sy69db2nz5,675x1200,5228149593937873707|17117767827594227499|17564895561720366927|3475704901622504973|3111808358970527469|3101648717810142792|945275869783342128|5730598913057735667
dataset\_work\final\spinach\val\anomala\Bacterial-Spot(752)__Bacterial-Spot (120).jpg,anomala,val,spinach_sy69db2nz5,300x400,10234187580029077442|10240969472540483516|9733188620875143046|2177247569921120158|13555665478319021966|13981242010475104142|11391638761573136158|9662230452902761351
dataset\_work\final\spinach\train\anomala\Bacterial-Spot(752)__Bacterial-Spot (121).jpg,anomala,train,spinach_sy69db2nz5,300x400,4115735138520468972|7171735348947931080|5088529072094905934|11278868494031101837|14433798663964690275|17009281506726059577|10204894140443362972|5622312143657803334
dataset\_work\final\spinach\train\anomala\Bacterial-Spot(752)__Bacterial-Spot (122).jpg,anomala,train,spinach_sy69db2nz5,300x400,10090125235401211830|14852644045832651666|14886426926673238926|10094417419891845006|10521302800283017166|13132297619673122700|10243203359038445196|10239825505800329166
dataset\_work\final\spinach\val\anomala\Bacterial-Spot(752)__Bacterial-Spot (123).jpg,anomala,val,spinach_sy69db2nz5,300x400,10090081093031761905|14852635371106146160|11386831946549761942|9700502037584353174|8076976585488015310|17372366634465560460|10815160503318060934|10815160632671143582
dataset\_work\final\spinach\test\anomala\Bacterial-Spot(752)__Bacterial-Spot (124).jpg,anomala,test,spinach_sy69db2nz5,300x400,1017559558985297126|10306317457002318744|10168589331573646854|5658657513253739423|11009901647368619919|16585665694282620686|11500809193357018958|443118712822046349
dataset\_work\final\spinach\train\anomala\Bacterial-Spot(752)__Bacterial-Spot (125).jpg,anomala,train,spinach_sy69db2nz5,300x400,2021851443779148044|14343700153523201999|9769158639893552007|2177102976591406878|14945044864739250119|871746725391306524|2172755199592969758|9735457573158949767
dataset\_work\final\spinach\test\anomala\Bacterial-Spot(752)__Bacterial-Spot (126).jpg,anomala,test,spinach_sy69db2nz5,300x400,8754495306488548300|7025918227703599052|14880886195386275631|10105547716206466315|14704032019480019297|14702866381229489785|798614040608652940|3411198554839417806
dataset\_work\final\spinach\train\anomala\Bacterial-Spot(752)__Bacterial-Spot (127).jpg,anomala,train,spinach_sy69db2nz5,300x400,1810010790058069964|7459985610601598924|5155226462323160846|2030612275421844367|14704093755274790759|14703981501309197849|10309602771509128732|1024418725170481991
dataset\_work\final\spinach\test\anomala\Bacterial-Spot(752)__Bacterial-Spot (128).jpg,anomala,test,spinach_sy69db2nz5,300x400,11254306014286043800|14270558608181667046|10096549635872796044|14305573823230856142|16619425066739108806|11014132536200867740|14865200504901437382|10100813546241007244
dataset\_work\final\spinach\train\anomala\Bacterial-Spot(752)__Bacterial-Spot (129).jpg,anomala,train,spinach_sy69db2nz5,300x400,11245322307966537499|9660055239130550055|11472650787600668559|437745434093360910|2814476053394296710|1949811313218228124|1015332111972766470|10310722289092212639
dataset\_work\final\spinach\train\anomala\Bacterial-Spot(752)__Bacterial-Spot (13).jpg,anomala,train,spinach_sy69db2nz5,900x1200,3767839008854202404|1307466961810498586|874345450806586642|874346552486611492|1883707811784697106|2619016483586263604|2615058215708992012|1309788925418283532
dataset\_work\final\spinach\val\anomala\Bacterial-Spot(752)__Bacterial-Spot (130).jpg,anomala,val,spinach_sy69db2nz5,300x400,472628574924214979|11461176214502225468|12915247649104823820|3657849841949056719|4374841374223568543|14092341917251374854|14960420399946122034|902434164214414515
dataset\_work\final\spinach\train\anomala\Bacterial-Spot(752)__Bacterial-Spot (132).jpg,anomala,train,spinach_sy69db2nz5,300x400,11249450158758272114|14305463717335385777|15608700119479162508|16448978790154737614|12809929572207790022|8258545323506605724|14886396956464334564|10094298955568291288
dataset\_work\final\spinach\test\anomala\Bacterial-Spot(752)__Bacterial-Spot (133).jpg,anomala,test,spinach_sy69db2nz5,300x400,11317026091154738971|5084312590690488103|14384285267800823687|2019304794763237150|2814511204710190918|1949806907483426461|2168231539840845340|9734292443947311047
dataset\_work\final\spinach\train\anomala\Bacterial-Spot(752)__Bacterial-Spot (134).jpg,anomala,train,spinach_sy69db2nz5,300x400,4124830624888329970|7170598560156063664|5588410953384797982|904835513949166471|12724647129366496099|17444164684941311545|9735402632299646476|2172818900524633677
dataset\_work\final\spinach\train\anomala\Bacterial-Spot(752)__Bacterial-Spot (135).jpg,anomala,train,spinach_sy69db2nz5,300x400,10092348363284352211|14848125276143472436|10960686615229826702|16629413089620762510|3805268015266861006|15207546978343391116|10276954032120252390|10233910648571305112
dataset\_work\final\spinach\train\anomala\Bacterial-Spot(752)__Bacterial-Spot (136).jpg,anomala,train,spinach_sy69db2nz5,300x400,514366036049336019|2250490342631774004|1260561096780486414|8611244476471252751|3789500923065744159|15210414332101075719|1087369850697384311|1015358888883093009
dataset\_work\final\spinach\train\anomala\Bacterial-Spot(752)__Bacterial-Spot (137).jpg,anomala,train,spinach_sy69db2nz5,300x400,4345493210756751320|14090968628536477668|14305445825786881847|11249458653360954131|16431127592451280323|15573174012447772220|1376700729822748316|3974320427339581382
dataset\_work\final\spinach\train\anomala\Bacterial-Spot(752)__Bacterial-Spot (138).jpg,anomala,train,spinach_sy69db2nz5,300x400,2021838268715486152|14055522726831394028|14309672400136324684|11247224551304961485|17009030784356388803|14468679634797137692|14816162834071361180|5496175392331634374
dataset\_work\final\spinach\train\anomala\Bacterial-Spot(752)__Bacterial-Spot (139).jpg,anomala,train,spinach_sy69db2nz5,300x400,10164078241116555204|5660759805659127516|5084285988401519245|11317052368403277646|15861149155869036366|14161295281262366349|5667546154837937821|10167486607507296070
dataset\_work\final\spinach\train\anomala\Bacterial-Spot(752)__Bacterial-Spot (14).jpg,anomala,train,spinach_sy69db2nz5,675x1200,2363421388515903287|16990971038845050643|7479239982713884422|1813937153832258969|1377907177948105963|3965152416127503392|11028486538263931929|454739554370964327
dataset\_work\final\spinach\val\anomala\Bacterial-Spot(752)__Bacterial-Spot (140).jpg,anomala,val,spinach_sy69db2nz5,300x400,9658852598292098348|11398394315765926603|11389065479263229588|9696135176536168406|14648537407771324318|3183217464983096198|15462998388325715846|10670758319101447838
dataset\_work\final\spinach\train\anomala\Bacterial-Spot(752)__Bacterial-Spot (141).jpg,anomala,train,spinach_sy69db2nz5,300x400,1022052464310830918|10307348996746583452|10240964718427508382|10234169616717549446|11249164243151293327|5064032924522721038|9696121488198010766|11389091115924135822
dataset\_work\final\spinach\train\anomala\Bacterial-Spot(752)__Bacterial-Spot (142).jpg,anomala,train,spinach_sy69db2nz5,300x400,14775808232274992027|5514397492909647654|5157504666986518158|2023870139452855950|2749218475952277324|11176539245281480397|10274570286912968220|10274441669820781383
dataset\_work\final\spinach\train\anomala\Bacterial-Spot(752)__Bacterial-Spot (143).jpg,anomala,train,spinach_sy69db2nz5,300x400,11028839748552703880|7390140242750276590|14307706422158887822|11244937462019338126|17150678702461128550|9817620041096433305|10245448501140590236|10235375162760335302
dataset\_work\final\spinach\train\anomala\Bacterial-Spot(752)__Bacterial-Spot (144).jpg,anomala,train,spinach_sy69db2nz5,300x400,4331947502179946332|14089277570360479428|14886128960603115295|10094285341895232775|14127289912024336323|6669570692807859772|508090237518026380|2256135640802891470
dataset\_work\final\spinach\train\anomala\Bacterial-Spot(752)__Bacterial-Spot (145).jpg,anomala,train,spinach_sy69db2nz5,300x400,14269421280508186573|11249758012716814156|9661953271062535692|10274710819919333327|5480624617463422876|14776054530716665798|14953964583060739982|873165126027908742
dataset\_work\final\spinach\train\anomala\Bacterial-Spot(752)__Bacterial-Spot (146).jpg,anomala,train,spinach_sy69db2nz5,300x400,10961312228251731942|16611256029930528664|5086576288035182478|11247347591775328142|10961501292509890534|16575242677820792472|10238684374335428252|10238726096244086598
dataset\_work\final\spinach\val\anomala\Bacterial-Spot(752)__Bacterial-Spot (147).jpg,anomala,val,spinach_sy69db2nz5,300x400,4056694563006058433|16414945075953602428|922267224353682958|14901371145228293003|8939578823957663203|13911403977507228728|10057547393065209038|1024171403782245388
dataset\_work\final\spinach\train\anomala\Bacterial-Spot(752)__Bacterial-Spot (148).jpg,anomala,train,spinach_sy69db2nz5,300x400,11028769345481411528|7390142475055869900|14308819144033896334|11256249409478926222|14713043556752133990|14414653976023600793|10240958104916932252|10234275376320975814
dataset\_work\final\spinach\val\anomala\Bacterial-Spot(752)__Bacterial-Spot (149).jpg,anomala,val,spinach_sy69db2nz5,300x400,5588407801365729159|5588460717323390750|14955109837904252743|877748255866424861|2166031143910215245|9732117597260058189|2093649777960103436|5156405489931226063
dataset\_work\final\spinach\train\anomala\Bacterial-Spot(752)__Bacterial-Spot (15).jpg,anomala,train,spinach_sy69db2nz5,675x1200,14708223503334181646|14737791347296382858|14881904610921651870|10096607853044500102|9957297616681666508|1011983120651198156|9657445094262513292|11429638168037918670
dataset\_work\final\spinach\train\anomala\Bacterial-Spot(752)__Bacterial-Spot (150).jpg,anomala,train,spinach_sy69db2nz5,300x400,14701758434787135468|14708539852536090568|11396133780694998991|9663373660351301132|14415766302897151948|17009839844322641868|866409893386722182|14960719725845489566
dataset\_work\final\spinach\val\anomala\Bacterial-Spot(752)__Bacterial-Spot (151).jpg,anomala,val,spinach_sy69db2nz5,300x400,10243267733157152588|10239876182624378572|10823960964610076302|10850026491226196878|14708280883443997582|5514391037979993998|10271335937896715158|10245204568932562582
dataset\_work\final\spinach\train\anomala\Bacterial-Spot(752)__Bacterial-Spot (152).jpg,anomala,train,spinach_sy69db2nz5,300x400,2026429949262768108|14269432553090784200|9657726423110199182|11393890724865448846|14419224087584114630|17016575662574739228|10239841061433974686|10243265085663545222
dataset\_work\final\spinach\train\anomala\Bacterial-Spot(752)__Bacterial-Spot (153).jpg,anomala,train,spinach_sy69db2nz5,300x400,1013144947287639574|10308574141200964757|11251758025865047580|14311204905456862151|10780508597036584847|1641015821485018894|14376498920020614086|2030655479407322780
dataset\_work\final\spinach\train\anomala\Bacterial-Spot(752)__Bacterial-Spot (154).jpg,anomala,train,spinach_sy69db2nz5,300x400,11397213783841031286|9667943389154236561|11253499616578382988|14324702596065643470|10509183932542430086|8557973058362092446|14901174865423879110|10100489941415242908
dataset\_work\final\spinach\train\anomala\Bacterial-Spot(752)__Bacterial-Spot (155).jpg,anomala,train,spinach_sy69db2nz5,300x400,2740160294797435417|11177790638997354596|11402040581090585660|9710608526811974595|7257585001900613531|1865061060927620902|14108512717455475590|4335979588655987870
dataset\_work\final\spinach\train\anomala\Bacterial-Spot(752)__Bacterial-Spot (156).jpg,anomala,train,spinach_sy69db2nz5,300x400,14307704489015477107|11245008097453751857|11103175555328415430|12004090912375019164|3548307887317782172|8323504659925667782|11283377006799591334|14309666812133316250
dataset\_work\final\spinach\train\anomala\Bacterial-Spot(752)__Bacterial-Spot (157).jpg,anomala,train,spinach_sy69db2nz5,300x400,506491995126466099|2170499089837824051|2093741061633883789|5084442043562132302|3717746933300272926|3712680488363296519|5621501270449819462|10177666793409482269
dataset\_work\final\spinach\train\anomala\Bacterial-Spot(752)__Bacterial-Spot (158).jpg,anomala,train,spinach_sy69db2nz5,300x400,1093054569699075606|516520967168563351|4048293303241551004|16396279190729378758|10923515251983723271|1650014024408967951|14324698625195215843|11253455873297428024
dataset\_work\final\spinach\train\anomala\Bacterial-Spot(752)__Bacterial-Spot (159).jpg,anomala,train,spinach_sy69db2nz5,300x400,2170481279077632153|9729859194908044390|11248881669103299612|14323574495020698567|7416319193599379335|11081122547848781598|14396755772829583302|2030083737517956252
dataset\_work\final\spinach\train\anomala\Bacterial-Spot(752)__Bacterial-Spot (16).jpg,anomala,train,spinach_sy69db2nz5,675x1200,14811832313403215774|5516402940917518214|5084316911426506700|11316990804013551308|9660027013413703244|11389336521161281229|14703855993566465693|14740024325987864390
dataset\_work\final\spinach\train\anomala\Bacterial-Spot(752)__Bacterial-Spot (160).jpg,anomala,train,spinach_sy69db2nz5,300x400,10092051287678324684|14848131900292665292|14886406038030325382|10094320662582630302|14703997040798011342|14703996705287376524|11427636793877141132|9661918328769451982
dataset\_work\final\spinach\test\anomala\Bacterial-Spot(752)__Bacterial-Spot (161).jpg,anomala,test,spinach_sy69db2nz5,300x400,2184064508826194011|9731475494213764645|11249497459621043773|14305547419704985411|2721870744578755975|6597807947405545246|4865864028054063046|4404062275673923228
dataset\_work\final\spinach\test\anomala\Bacterial-Spot(752)__Bacterial-Spot (162).jpg,anomala,test,spinach_sy69db2nz5,300x400,14270547729163693613|11254261608753367625|10242917104259341980|10275977966510638790|5299064641763880860|3255556157282651078|14305291817470106510|11285499806214399630
dataset\_work\final\spinach\train\anomala\Bacterial-Spot(752)__Bacterial-Spot (163).jpg,anomala,train,spinach_sy69db2nz5,300x400,2170553902377721497|9729786877456647270|10098818925061352986|14887654677542407079|7387046106227869575|11087316019761061662|12036882727599053774|1886522772142040716
dataset\_work\final\spinach\train\anomala\Bacterial-Spot(752)__Bacterial-Spot (164).jpg,anomala,train,spinach_sy69db2nz5,300x400,10234233774762821603|10240989055018803000|10240678074126382750|10269248598655472518|4043967849378422670|16359056357968381838|9697104392111752078|11400422048379575950
dataset\_work\final\spinach\train\anomala\Bacterial-Spot(752)__Bacterial-Spot (165).jpg,anomala,train,spinach_sy69db2nz5,300x400,11389373836645710087|9659952280783905567|9730349527601056647|2184064422426126110|2261749515244212102|520558502346690462|2172783689817870110|9730886251848206727
dataset\_work\final\spinach\train\anomala\Bacterial-Spot(752)__Bacterial-Spot (166).jpg,anomala,train,spinach_sy69db2nz5,300x400,1096458357387478134|1086239925824117904|1733127430916681244|16667695861309735879|10438384163342586639|8557989480242820879|14376507733460209639|2030637749380189464
dataset\_work\final\spinach\train\anomala\Bacterial-Spot(752)__Bacterial-Spot (167).jpg,anomala,train,spinach_sy69db2nz5,300x400,10239825973915617260|10243204124607717320|10233910871624455822|10276962641306687374|14420261479287302030|17007579463450041230|10274693809750908814|10238422852359882382
dataset\_work\final\spinach\train\anomala\Bacterial-Spot(752)__Bacterial-Spot (168).jpg,anomala,train,spinach_sy69db2nz5,300x400,10236452495576991191|10236412628987500304|9910473703737726606|7957358293007144846|1177444037214015374|15493798095890616206|10238708512749743726|10238409678016186761
dataset\_work\final\spinach\train\anomala\Bacterial-Spot(752)__Bacterial-Spot (169).jpg,anomala,train,spinach_sy69db2nz5,300x400,2111725790655090508|5155818006686666701|14305410468786675519|11249463122375411459|14776063052401184071|5480607034340232733|218155799034142364|4548406023400425414
dataset\_work\final\spinach\train\anomala\Bacterial-Spot(752)__Bacterial-Spot (17).jpg,anomala,train,spinach_sy69db2nz5,675x1200,7822219440415250188|14450933255503288271|5478360035086781222|14780303018648612249|14922439077201939656|871194864876490348|11037530193432354509|2759311443475760972
dataset\_work\final\spinach\train\anomala\Bacterial-Spot(752)__Bacterial-Spot (170).jpg,anomala,train,spinach_sy69db2nz5,300x400,10241015330724810139|1010874545206939174|4052164717641606812|14106271382742047686|2760296466816239374|11208665759069052814|14275172326651446211|11251793308767108152
dataset\_work\final\spinach\train\anomala\Bacterial-Spot(752)__Bacterial-Spot (171).jpg,anomala,train,spinach_sy69db2nz5,375x666,5300199217520645761|5588429644103128896|5588429644540380742|5300199216647741085|4654196492982521421|9301656504997744201|11357540715461054025|5081774686461201997
dataset\_work\final\spinach\train\anomala\Bacterial-Spot(752)__Bacterial-Spot (172).jpg,anomala,train,spinach_sy69db2nz5,375x666,3495645565612920320|231969496256876288|1523944176933084235|6096531474004444717|4255243262965763|3948376840700720|3244287342168218452|5412376340917855765
dataset\_work\final\spinach\train\anomala\Bacterial-Spot(752)__Bacterial-Spot (173).jpg,anomala,train,spinach_sy69db2nz5,246x328,295704368911943205|1163140976334511706|1235749369207457810|4907302355870877746|6529689695038612496|2667968862725413380|3605165721832462916|1299295121799587345
dataset\_work\final\spinach\test\anomala\Bacterial-Spot(752)__Bacterial-Spot (174).jpg,anomala,test,spinach_sy69db2nz5,281x374,1163151996547958405|295025455170035548|581530880821633808|14425098314891213444|6674083542871578628|9585356581744682000|9527977909931618504|1162855906787136008
dataset\_work\final\spinach\test\anomala\Bacterial-Spot(752)__Bacterial-Spot (175).jpg,anomala,test,spinach_sy69db2nz5,326x435,3380229565794118|2287317567806877|577308617519335427|9813407885784287248|11321238707821873152|5064164767132945408|1191255412624208008|218427885311165192
dataset\_work\final\spinach\train\anomala\Bacterial-Spot(752)__Bacterial-Spot (176).jpg,anomala,train,spinach_sy69db2nz5,568x439,5046003011324298019|1737966691787095346|1954330374924311962|2812298986416195110|3620171169354685976|2541025252171908934|2758040423506839335|11141094155020476187
dataset\_work\final\spinach\val\anomala\Bacterial-Spot(752)__Bacterial-Spot (177).jpg,anomala,val,spinach_sy69db2nz5,414x603,11042332876965119819|5080908116208852525|5044879465490353673|1242500207931002696|3251043724884673350|5442352962485567129|5228418752155958801|652519585739899718
dataset\_work\final\spinach\train\anomala\Bacterial-Spot(752)__Bacterial-Spot (178).jpg,anomala,train,spinach_sy69db2nz5,439x568,5660773128823098921|10164104476456553544|10164100249536597058|5516693168195063329|5227595509197639309|3012507005783609166|2399881151548985164|4795232181656161933
dataset\_work\final\spinach\train\anomala\Bacterial-Spot(752)__Bacterial-Spot (179).jpg,anomala,train,spinach_sy69db2nz5,437x572,10236428279511714827|10236514197748812847|11258847780203281816|433208788515898118|3426130387773362062|796027766693236622|451223152799843078|10969984153809207196
dataset\_work\final\spinach\test\anomala\Bacterial-Spot(752)__Bacterial-Spot (18).jpg,anomala,test,spinach_sy69db2nz5,675x1200,11586792291734363720|16342593429518124781|2884018050796832292|16978314628944535003|17115384111822720226|5232636495274101920|15824820295892967403|2613933946091013672
dataset\_work\final\spinach\train\anomala\Bacterial-Spot(752)__Bacterial-Spot (180).jpg,anomala,train,spinach_sy69db2nz5,369x530,10096854074492161071|10234187492631743499|11321827805839637916|5046022905672172294|832056726988720014|3426129957669773196|433210901774141254|11258214426877501341
dataset\_work\final\spinach\train\anomala\Bacterial-Spot(752)__Bacterial-Spot (181).jpg,anomala,train,spinach_sy69db2nz5,398x626,10238700008409860107|10238699871373560879|11100570744390028696|2760454908322860806|3390101366808188814|794901978993596302|454600869768023846|10956543585690193306
dataset\_work\final\spinach\train\anomala\Bacterial-Spot(752)__Bacterial-Spot (182).jpg,anomala,train,spinach_sy69db2nz5,388x523,1013091152217705509|10092394482241538074|11330835005497023754|5045037743463417644|1911811367801917324|2669516431694565134|3190680562668077894|728798601164504989
dataset\_work\final\spinach\train\anomala\Bacterial-Spot(752)__Bacterial-Spot (183).jpg,anomala,train,spinach_sy69db2nz5,409x611,5660781933396692015|10164126603321182218|11028513219603238208|5066438620606582273|758872185039949453|3390101263258718030|94174343807586118|4651416284148665753
dataset\_work\final\spinach\train\anomala\Bacterial-Spot(752)__Bacterial-Spot (184).jpg,anomala,train,spinach_sy69db2nz5,900x1200,11878398629948352644|15628843684329351196|4787410546985982358|9867823418929275028|2083071604816798936|9577061385159628964|10691702844837196168|10869734669852373058
dataset\_work\final\spinach\train\anomala\Bacterial-Spot(752)__Bacterial-Spot (185).jpg,anomala,train,spinach_sy69db2nz5,577x433,869074962978670081|10092063425892884032|9875838777151065162|5516662355930844709|4656174729419689612|109923688200212236|2670079493952999244|5335672760025157257
dataset\_work\final\spinach\train\anomala\Bacterial-Spot(752)__Bacterial-Spot (186).jpg,anomala,train,spinach_sy69db2nz5,433x577,729599680082558998|865267474529779988|152434670830431504|2325140119541860868|1441446580728889868|1603438830836195338|309144868088595488|1165673118737243394
dataset\_work\final\spinach\val\anomala\Bacterial-Spot(752)__Bacterial-Spot (187).jpg,anomala,val,spinach_sy69db2nz5,433x577,5378483379660819522|3265834562141277729|2471797331077271105|2327382674299555392|2436059456485937709|4795214485586879562|4615633360575155232|4723887415831711010
dataset\_work\final\spinach\test\anomala\Bacterial-Spot(752)__Bacterial-Spot (188).jpg,anomala,test,spinach_sy69db2nz5,577x433,288401999003386380|1585414502428909574|309144799234887184|1165672603601209350|441360524882870294|865284929554743300|434613401689074960|1157018931564464644
dataset\_work\final\spinach\train\anomala\Bacterial-Spot(752)__Bacterial-Spot (189).jpg,anomala,train,spinach_sy69db2nz5,433x577,5371965439838457353|2976473802059517768|2685982847249647430|5952947453210074769|5228401159102746153|652528312946429258|10456838451161374034|5082060576738723365
dataset\_work\final\spinach\train\anomala\Bacterial-Spot(752)__Bacterial-Spot (19).jpg,anomala,train,spinach_sy69db2nz5,675x1200,7029572807017565528|4723729978328305637|1049073881996527174|10308193343362735773|16523459975080545857|6344735443926355553|11357565936045330063|5045873467083165454
dataset\_work\final\spinach\val\anomala\Bacterial-Spot(752)__Bacterial-Spot (190).jpg,anomala,val,spinach_sy69db2nz5,433x577,5419008003031302|14214546580193286|2309587182627398928|2327250009055910436|450516123696247296|450656966423876352|2619491403621551136|1163421077461601568
dataset\_work\final\spinach\train\anomala\Bacterial-Spot(752)__Bacterial-Spot (192).jpg,anomala,train,spinach_sy69db2nz5,433x577,6334416261678988|5137498468196236|1307740761832235794|13013747252081801908|10096853844647481856|10090072209788835328|12986706825718962868|1306975518847346194
dataset\_work\final\spinach\train\anomala\Bacterial-Spot(752)__Bacterial-Spot (193).jpg,anomala,train,spinach_sy69db2nz5,577x433,2471498760511227712|2453650491336760321|38169662584669478|8486198910540050|79964401718660386|4613681851201440802|1322244264421629440|2757766593912735488
dataset\_work\final\spinach\val\anomala\Bacterial-Spot(752)__Bacterial-Spot (194).jpg,anomala,val,spinach_sy69db2nz5,433x577,1603447626932395597|1621320085962720845|2379756121693308449|4655620674593135680|5586155888316940310|5592977104247930902|4655620606142094400|2397770485977253409
dataset\_work\final\spinach\val\anomala\Bacterial-Spot(752)__Bacterial-Spot (195).jpg,anomala,val,spinach_sy69db2nz5,433x577,324274799033733124|144130665176630536|1155258648065035528|290566865309551884|577895112786182146|310752970810490884|886441968229222404|598307625801418768
dataset\_work\final\spinach\val\anomala\Bacterial-Spot(752)__Bacterial-Spot (196).jpg,anomala,val,spinach_sy69db2nz5,433x577,5588434059902519046|5300216877284007832|5516649006704068428|9875891708664159753|10961492160639635017|434367768697736781|657005679251754633|5514406002982883148
dataset\_work\final\spinach\val\anomala\Bacterial-Spot(752)__Bacterial-Spot (197).jpg,anomala,val,spinach_sy69db2nz5,900x1200,2378506654259809825|4736690813995551810|976744091520240640|5516372115321671168|4795224209659509825|2381858017041121825|22129038216105548|39554396406124045
dataset\_work\final\spinach\train\anomala\Bacterial-Spot(752)__Bacterial-Spot (198).jpg,anomala,train,spinach_sy69db2nz5,900x1200,742405778440063010|2904133495498935331|1318585016984686112|2452648251600309506|2525541938129423656|2452243253564427530|183976966776293666|2327945628556872722
dataset\_work\final\spinach\train\anomala\Bacterial-Spot(752)__Bacterial-Spot (199).jpg,anomala,train,spinach_sy69db2nz5,900x1200,591702281927658858|906238473581055017|4759475942658092697|2399872260125723462|2975919596401038092|7641788499865515528|5083186304570576417|11037802820203842882
dataset\_work\final\spinach\train\anomala\Bacterial-Spot(752)__Bacterial-Spot (2).jpg,anomala,train,spinach_sy69db2nz5,675x1200,7387888200670197703|11033343288416604956|11245003536097055558|14307686681278887581|2022964502744473241|14355011611550123878|11328302605871714246|5085429514587541148
dataset\_work\final\spinach\train\anomala\Bacterial-Spot(752)__Bacterial-Spot (20).jpg,anomala,train,spinach_sy69db2nz5,675x1200,6956952064720838292|16270959200004704198|7207614499682488134|15681276836549889693|14305446065490349793|10672997961288354912|11317016084518182873|5084431123943458404
dataset\_work\final\spinach\train\anomala\Bacterial-Spot(752)__Bacterial-Spot (200).jpg,anomala,train,spinach_sy69db2nz5,900x1200,19997460433946400|9231584660016209282|10236439145954557978|1013075905521516838|9375709743696125312|2325990003220104960|2738503201994772238|1891659260381826958
dataset\_work\final\spinach\val\anomala\Bacterial-Spot(752)__Bacterial-Spot (201).jpg,anomala,val,spinach_sy69db2nz5,900x1200,4759475959772153664|2399450117051719169|2614211126242248197|1881710982253682520|80540511660624929|4613721399856336194|6385873559577566490|362129837580306212
dataset\_work\final\spinach\train\anomala\Bacterial-Spot(752)__Bacterial-Spot (202).jpg,anomala,train,spinach_sy69db2nz5,900x1200,1308654712548466265|3767996791213491781|2400004650347734544|4795522430898346564|5009717126640781876|6457624253977471250|4907266897140944194|1163691785848311329
dataset\_work\final\spinach\train\anomala\Bacterial-Spot(752)__Bacterial-Spot (203).jpg,anomala,train,spinach_sy69db2nz5,900x1200,234335644816916498|3891424672048087334|364675599493451008|6633686383872396544|2738643904921207094|1315198438761512963|21690678427127644|21690678024474373
dataset\_work\final\spinach\train\anomala\Bacterial-Spot(752)__Bacterial-Spot (204).jpg,anomala,train,spinach_sy69db2nz5,900x1200,4800017340023922205|2397770518701049159|2397752290002964803|4800026310728185405|5153547564675974689|2116366177593105730|4428863053909368130|4868673775996454433
dataset\_work\final\spinach\train\anomala\Bacterial-Spot(752)__Bacterial-Spot (205).jpg,anomala,train,spinach_sy69db2nz5,900x1200,2471787914687581514|2471647365984898601|2471788069314250272|2471788017574878530|2976473750654831906|5371965491249040674|4764137820091469090|2325693760308923682
dataset\_work\final\spinach\train\anomala\Bacterial-Spot(752)__Bacterial-Spot (206).jpg,anomala,train,spinach_sy69db2nz5,1200x900,3480452647496817984|2470310720282445344|1893075465457568803|2760862732934090032|2325623255665100834|4656050347281567024|3498494430314123302|2525564031776736538
dataset\_work\final\spinach\train\anomala\Bacterial-Spot(752)__Bacterial-Spot (207).jpg,anomala,train,spinach_sy69db2nz5,900x1200,2489371316970212642|2973677161896889634|3624710054489234752|2470380621550470688|2471788586725229609|2471647189529955362|2325693794383448098|4620022565376511282
dataset\_work\final\spinach\train\anomala\Bacterial-Spot(752)__Bacterial-Spot (208).jpg,anomala,train,spinach_sy69db2nz5,900x1200,582670016772967714|618980160533646369|152048349610382872|2307544139049403140|2399467726449907464|2453624017560475144|289236597516994080|1735634196714429442
dataset\_work\final\spinach\train\anomala\Bacterial-Spot(752)__Bacterial-Spot (209).jpg,anomala,train,spinach_sy69db2nz5,900x1200,9570278241928705|5066580438228544|1451926335832065536|1484530969062742016|4620199738942165504|73749790181040640|6769749146835476|1774952399709716
dataset\_work\final\spinach\train\anomala\Bacterial-Spot(752)__Bacterial-Spot (21).jpg,anomala,train,spinach_sy69db2nz5,675x1200,7894272670430071571|5300199286239080247|2525698146652883790|4129615416293469709|3976413828691234377|1372207043516534381|949738813890449209|5659647219982470435
dataset\_work\final\spinach\train\anomala\Bacterial-Spot(752)__Bacterial-Spot (210).jpg,anomala,train,spinach_sy69db2nz5,900x1200,297884152794914826|297954517638201356|1163421073133088020|2619491127674096144|882718854492201476|729740400118211076|1173835647288171044|1453903244820292880
dataset\_work\final\spinach\val\anomala\Bacterial-Spot(752)__Bacterial-Spot (211).jpg,anomala,val,spinach_sy69db2nz5,1200x900,2327963115642047789|183968668614282570|2524301895701240102|3712099908938318867|5354092240464940290|3264281377194266144|1388242398538597427|2745258601569257507
dataset\_work\final\spinach\test\anomala\Bacterial-Spot(752)__Bacterial-Spot (212).jpg,anomala,test,spinach_sy69db2nz5,900x1200,3623311063984326176|1299594238519844098|2379738452096077058|4799735758927580448|188339792333113618|2325694894449248306|2327690435148291138|165936677867947553
dataset\_work\final\spinach\train\anomala\Bacterial-Spot(752)__Bacterial-Spot (213).jpg,anomala,train,spinach_sy69db2nz5,900x1200,2435918581079641664|4651100413672001089|4651671987977373220|4723729685507120210|4723879099087948864|4651662195520687649|5952806663979241025|2649812058007113280
dataset\_work\final\spinach\val\anomala\Bacterial-Spot(752)__Bacterial-Spot (214).jpg,anomala,val,spinach_sy69db2nz5,900x1200,37743120918941248|44498520502668289|112034888224837121|4651689804375232064|111630302439775744|4651679805422929408|4651681008282734144|112052480409832961
dataset\_work\final\spinach\train\anomala\Bacterial-Spot(752)__Bacterial-Spot (215).jpg,anomala,train,spinach_sy69db2nz5,900x1200,2600986075217233473|1298178600453774913|73894890903373345|4654503467585313858|4728233287004062738|4721477782327990308|4763752046708824128|2379592764590851585
dataset\_work\final\spinach\test\anomala\Bacterial-Spot(752)__Bacterial-Spot (216).jpg,anomala,test,spinach_sy69db2nz5,900x1200,1307247335709740066|2601565039216167970|1300429813588569106|2740598288978610724|2453492674567412260|2453492674159059986|2597061439739856934|1309499133099117586
dataset\_work\final\spinach\val\anomala\Bacterial-Spot(752)__Bacterial-Spot (217).jpg,anomala,val,spinach_sy69db2nz5,900x1200,670621996685921881|5732271003017383749|976730897339338273|5516397405153397826|5012259249005169999|6417074366617964041|4759194841461460556|2399872700627258893
dataset\_work\final\spinach\test\anomala\Bacterial-Spot(752)__Bacterial-Spot (218).jpg,anomala,test,spinach_sy69db2nz5,900x1200,3622035454117170733|2474885805351243082|2397185571258502434|2489433096727711264|5336094888680183842|3264694243533145138|2327954455246310434|2453774067753501729
dataset\_work\final\spinach\train\anomala\Bacterial-Spot(752)__Bacterial-Spot (219).jpg,anomala,train,spinach_sy69db2nz5,900x1200,1459883393692880162|153419889305865506|1300781642226732290|2614494886461525280|2471788534974783746|2471788133990810132|2327689473100171300|147851341527387410
dataset\_work\final\spinach\train\anomala\Bacterial-Spot(752)__Bacterial-Spot (22).jpg,anomala,train,spinach_sy69db2nz5,675x1200,11837181875976080900|6529522588945977311|3480736240294643236|17549700000610950617|16109097841850752346|292240549318903460|15680713749156564467|2613942896936570416
dataset\_work\final\spinach\train\anomala\Bacterial-Spot(752)__Bacterial-Spot (220).jpg,anomala,train,spinach_sy69db2nz5,900x1200,738746483357978189|1027258591570464328|2397686330080840737|4655927335124307232|5228122897164157198|5552550449226072074|2345563134098251072|2399371329503184417
dataset\_work\final\spinach\test\anomala\Bacterial-Spot(752)__Bacterial-Spot (221).jpg,anomala,test,spinach_sy69db2nz5,900x1200,3378305546784032|3940987081477122|432668851837469954|1747566105798006816|165523294957604352|2309518739080481792|2330782394444562456|145564632284004614
dataset\_work\final\spinach\train\anomala\Bacterial-Spot(752)__Bacterial-Spot (222).jpg,anomala,train,spinach_sy69db2nz5,900x1200,10767032560190218|9228650852433997863|1392539513641633282|3978135382352795696|2823879042464289408|721430396461393408|3465675618932045111|145890101821133587
dataset\_work\final\spinach\test\anomala\Bacterial-Spot(752)__Bacterial-Spot (223).jpg,anomala,test,spinach_sy69db2nz5,900x1200,2996603738084314697|5410009951911775817|981383412114230849|5658269622795669056|5300181814650278987|5300208021833750057|4651688717800867406|4723862055928700429
dataset\_work\final\spinach\test\anomala\Bacterial-Spot(752)__Bacterial-Spot (224).jpg,anomala,test,spinach_sy69db2nz5,900x1200,11033316985503946433|4937936497434400576|5232645343772608140|5586177758593781710|4654192060274018116|13913377777525399193|14884162680177264205|10089799737476095560
dataset\_work\final\spinach\train\anomala\Bacterial-Spot(752)__Bacterial-Spot (225).jpg,anomala,train,spinach_sy69db2nz5,900x1200,1298600315239503425|2470239956330583617|1837865957262881|43943211606907970|4725981365186480162|4725981622691562770|4799744555012234240|2379738452096124416
dataset\_work\final\spinach\train\anomala\Bacterial-Spot(752)__Bacterial-Spot (226).jpg,anomala,train,spinach_sy69db2nz5,900x1200,7105587500085644873|2397189383167905389|2327945418515056192|4795522777934700097|7894263736939529249|5300190506790067298|4728241997198822722|4649428056535354912
dataset\_work\final\spinach\val\anomala\Bacterial-Spot(752)__Bacterial-Spot (227).jpg,anomala,val,spinach_sy69db2nz5,1200x900,3262373060623943462|5376485683050126746|4649695177740271886|80624417940324620|11105081932799384906|2758256357215258157|883143267807337985|1027117613799016256
dataset\_work\final\spinach\train\anomala\Bacterial-Spot(752)__Bacterial-Spot (228).jpg,anomala,train,spinach_sy69db2nz5,1200x900,2325972324840589092|9375718711186300304|11391612450712209702|9662256581878107410|10384524753913126274|2614202709548680992|1318857717136955270|2758910137805772702
dataset\_work\final\spinach\train\anomala\Bacterial-Spot(752)__Bacterial-Spot (229).jpg,anomala,train,spinach_sy69db2nz5,1200x900,659358496366470673|5517820004236433760|5228282911669505312|5228140570400869664|6960610259999953740|1235832494146921993|2327671743047962184|2327602926758366792
dataset\_work\final\spinach\train\anomala\Bacterial-Spot(752)__Bacterial-Spot (23).jpg,anomala,train,spinach_sy69db2nz5,675x1200,16484880250989002598|15608366915616899993|16610176145271933415|10970262037118479384|11025742456943516888|7367622243902277348|1759893872943775384|16702049035182375910
dataset\_work\final\spinach\train\anomala\Bacterial-Spot(752)__Bacterial-Spot (230).jpg,anomala,train,spinach_sy69db2nz5,900x1200,153490241071566369|306962815985290562|2325695273743294466|4800025892558291500|4795504597396177412|2400013566901887234|3189284238811635010|153199935238915616
dataset\_work\final\spinach\train\anomala\Bacterial-Spot(752)__Bacterial-Spot (231).jpg,anomala,train,spinach_sy69db2nz5,900x1200,1154899077328242444|295160692803509768|2324713942368322577|152329911074101348|584964470101448708|902852460874696464|7212582140791168258|1226179228522464032
dataset\_work\final\spinach\train\anomala\Bacterial-Spot(752)__Bacterial-Spot (232).jpg,anomala,train,spinach_sy69db2nz5,900x1200,1596612476664761383|1461573755104824602|1163624732881723670|4906844546708291604|1913200975599716372|2831796164113606678|1459337932444604484|1594633290965722640
dataset\_work\final\spinach\val\anomala\Bacterial-Spot(752)__Bacterial-Spot (233).jpg,anomala,val,spinach_sy69db2nz5,1200x900,12831605308304868881|12841837518728894786|1809918439304535680|5082036352582354720|4798900065947039666|1244830828513792946|2307895845254956870|9231865967034703385
dataset\_work\final\spinach\test\anomala\Bacterial-Spot(752)__Bacterial-Spot (234).jpg,anomala,test,spinach_sy69db2nz5,1200x900,4762588505254104577|1226675916527046208|2636470120395284057|1915725452427068997|4615660973062555153|112034887688329282|4973688295386420762|6457624323038352932
dataset\_work\final\spinach\train\anomala\Bacterial-Spot(752)__Bacterial-Spot (235).jpg,anomala,train,spinach_sy69db2nz5,900x1200,2471805627469366848|2471779135706865217|2325707933155280416|4800052353860344898|4728224505817091362|4649438004100615458|4799745521666661698|2325553984423806496
dataset\_work\final\spinach\train\anomala\Bacterial-Spot(752)__Bacterial-Spot (236).jpg,anomala,train,spinach_sy69db2nz5,1200x900,1030565986892140032|598289964598103296|3713234518837969166|2524284114132812044|3814809507024136|22040871533694222|883000260623796259|1027117648125593651
dataset\_work\final\spinach\train\anomala\Bacterial-Spot(752)__Bacterial-Spot (237).jpg,anomala,train,spinach_sy69db2nz5,900x1200,4725994799516501536|4689979094163397890|219593514035354882|2310095074409530912|152451922050618945|2325693674737604161|2325703570342219552|188322389395180547
dataset\_work\final\spinach\train\anomala\Bacterial-Spot(752)__Bacterial-Spot (238).jpg,anomala,train,spinach_sy69db2nz5,900x1200,2618998274694450176|1298530446331481088|1298240121296784416|2600860937175829506|3552107861771538|3525060292597796|147649079619164196|2309236168723923986
dataset\_work\final\spinach\train\anomala\Bacterial-Spot(752)__Bacterial-Spot (239).jpg,anomala,train,spinach_sy69db2nz5,1200x900,5082060662899445325|11321529407682088525|9308407575112289857|4650853943273295425|5588412034571509405|5588434128889153350|4723720923329825600|4723747261578423937
dataset\_work\final\spinach\train\anomala\Bacterial-Spot(752)__Bacterial-Spot (24).jpg,anomala,train,spinach_sy69db2nz5,675x1200,5588438319837679372|5588412086446657423|7244896723709168463|10965753867944799757|10308501052601110093|868942970171133517|949757289562058392|5731696267471063908
dataset\_work\final\spinach\train\anomala\Bacterial-Spot(752)__Bacterial-Spot (240).jpg,anomala,train,spinach_sy69db2nz5,900x1200,110917784150952994|4624650614357757218|1161099737173564482|308090919563757089|2453641798456651328|2471516403967953409|2379623654197511684|4799719167207808272
dataset\_work\final\spinach\train\anomala\Bacterial-Spot(752)__Bacterial-Spot (241).jpg,anomala,train,spinach_sy69db2nz5,900x1200,15199782811667969|5348054942814016|298969646853195301|1196297294376181338|4615937911613821696|76041361408669184|6529670859439381008|2667907031312573956
dataset\_work\final\spinach\train\anomala\Bacterial-Spot(752)__Bacterial-Spot (242).jpg,anomala,train,spinach_sy69db2nz5,1200x900,578226908610645504|585077680983870720|2307829874087432964|224070776521237256|39702321430339080|22042250234430984|586338898700868611|293582829006030624
dataset\_work\final\spinach\test\anomala\Bacterial-Spot(752)__Bacterial-Spot (243).jpg,anomala,test,spinach_sy69db2nz5,900x1200,216328996845912070|468389991538933766|5354092240438690816|958579107482700800|486395589677711366|432519918753021955|3552069462936845|1133074759699786
dataset\_work\final\spinach\test\anomala\Bacterial-Spot(752)__Bacterial-Spot (244).jpg,anomala,test,spinach_sy69db2nz5,900x1200,2471788155541849632|2471788052060019713|2397748107083140640|4800061167006256386|115993130092612898|2307557402243648802|147930593068227906|2327954287696758305
dataset\_work\final\spinach\val\anomala\Bacterial-Spot(752)__Bacterial-Spot (245).jpg,anomala,val,spinach_sy69db2nz5,900x1200,2777893275046944066|11190335748983703073|11695160071743802953|2471787932202470984|2397752436334742683|4800026017522486566|5228123068023328034|5264319987644779938
dataset\_work\final\spinach\train\anomala\Bacterial-Spot(752)__Bacterial-Spot (246).jpg,anomala,train,spinach_sy69db2nz5,900x1200,6421639641842994466|4937918965420018978|4795522331729336722|2400004201931032372|2471779135706597188|2471805627471437401|3767132561860939297|10527496349650160962
dataset\_work\final\spinach\train\anomala\Bacterial-Spot(752)__Bacterial-Spot (247).jpg,anomala,train,spinach_sy69db2nz5,900x1200,2614917508558096406|1309789406324721682|729660681351464978|865427382882666534|1299445200926420242|1587675680555747876|2740614747293286924|1299435923796533258
dataset\_work\final\spinach\val\anomala\Bacterial-Spot(752)__Bacterial-Spot (248).jpg,anomala,val,spinach_sy69db2nz5,900x1200,1760378364036121|1760378766692419|298933324295316484|1772903802846452240|4832379026226087424|1802582273833371136|1160409787026807320|298405592937408004
dataset\_work\final\spinach\train\anomala\Bacterial-Spot(752)__Bacterial-Spot (249).jpg,anomala,train,spinach_sy69db2nz5,900x1200,3048266396953421572|3048240111350389520|2325971850783573796|152346369338514714|1160559963207519530|299255433244069162|1881728643361545474|2614202295386326816
dataset\_work\final\spinach\train\anomala\Bacterial-Spot(752)__Bacterial-Spot (25).jpg,anomala,train,spinach_sy69db2nz5,675x1200,16611310875356899212|10961237177020914636|14273916452671293414|11247523711373745816|14707387676288556696|10099105608826062822|10961259270569138076|16611266793287391174
dataset\_work\final\spinach\train\anomala\Bacterial-Spot(752)__Bacterial-Spot (250).jpg,anomala,train,spinach_sy69db2nz5,900x1200,2599312614610507812|1307176730486572050|292738949469048352|1729972274278108162|1298250035154527250|2600843207535039012|147667845941559832|2309790288270594052
dataset\_work\final\spinach\train\anomala\Bacterial-Spot(752)__Bacterial-Spot (251).jpg,anomala,train,spinach_sy69db2nz5,900x1200,3749261147426868512|1371433616009989378|864986448587525378|297250864951086624|147860724286162963|2327671811766814772|2327963216439418884|147939923411599628
dataset\_work\final\spinach\val\anomala\Bacterial-Spot(752)__Bacterial-Spot (252).jpg,anomala,val,spinach_sy69db2nz5,900x1200,2453352574959162885|2525410169398203984|2400013049160467972|4795504619687943960|5806867506573282339|366545441909574690|1774205218696629570|290063275583819297
dataset\_work\final\spinach\train\anomala\Bacterial-Spot(752)__Bacterial-Spot (253).jpg,anomala,train,spinach_sy69db2nz5,900x1200,2758612136004311078|1334206813163635730|2470381173118815267|3471297392237514018|1316324407379919890|2763132330981672998|2489661727902673968|2543565787966097442
dataset\_work\final\spinach\train\anomala\Bacterial-Spot(752)__Bacterial-Spot (254).jpg,anomala,train,spinach_sy69db2nz5,900x1200,2470380621131566380|2453774153703902474|2524424903236471843|3606273031926582562|742406291024907554|3192363936394397730|2453633002296446002|2543565201652779043
dataset\_work\final\spinach\val\anomala\Bacterial-Spot(752)__Bacterial-Spot (255).jpg,anomala,val,spinach_sy69db2nz5,900x1200,4655910739235970568|91909944673535756|2525401304048832064|2489398947050393089|902856910536394241|584929423428328768|112074487890938914|4651694064444836899
dataset\_work\final\spinach\train\anomala\Bacterial-Spot(752)__Bacterial-Spot (256).jpg,anomala,train,spinach_sy69db2nz5,900x1200,586675823575977248|293346741012286722|437137248975455242|1748689952475779116|165804731282559492|2327673394046837768|3175210563552166936|721778853395435782
dataset\_work\final\spinach\train\anomala\Bacterial-Spot(752)__Bacterial-Spot (257).jpg,anomala,train,spinach_sy69db2nz5,900x1200,873713782046066200|864986411802234882|576542721994264064|864705757341126144|148622101522940172|1731132945945468940|40124534976479244|4026474080894984
dataset\_work\final\spinach\train\anomala\Bacterial-Spot(752)__Bacterial-Spot (258).jpg,anomala,train,spinach_sy69db2nz5,900x1200,288243596296724484|792791449879708428|290567446321781264|1155258303136998660|865549364382072843|297250829776977924|298729949006465040|1178339522867169284
dataset\_work\final\spinach\train\anomala\Bacterial-Spot(752)__Bacterial-Spot (259).jpg,anomala,train,spinach_sy69db2nz5,900x1200,1172772152616029447|151325850218483480|2525410102296397600|2525410151864605954|1751789320598853890|508104282168772112|152293519427308579|2325985628896824355
dataset\_work\final\spinach\train\anomala\Bacterial-Spot(752)__Bacterial-Spot (26).jpg,anomala,train,spinach_sy69db2nz5,675x1200,7029590201702485816|7029563968648581091|5050245142763769740|11355605678480035534|16361348117247266401|4039459799121759841|14847864615017617309|10128335197600683590
dataset\_work\final\spinach\train\anomala\Bacterial-Spot(752)__Bacterial-Spot (260).jpg,anomala,train,spinach_sy69db2nz5,900x1200,1026836345417335842|1009244004351413283|21971122472766989|3815883399826760|2525410134374351118|2487129641216524302|5191961623070117120|958790179480292864
dataset\_work\final\spinach\train\anomala\Bacterial-Spot(752)__Bacterial-Spot (261).jpg,anomala,train,spinach_sy69db2nz5,900x1200,1441886449267836700|1306051137799921414|1162847360910033696|304623262341412866|441087848138285074|2019599515377205780|159928631638702596|2306700093614662416
dataset\_work\final\spinach\train\anomala\Bacterial-Spot(752)__Bacterial-Spot (262).jpg,anomala,train,spinach_sy69db2nz5,900x1200,2036361639473647104|441640866181744384|1307537078309834502|2619561358455016728|1986967953088774|3957396281770524|1733055923591404068|454669545996428562
dataset\_work\final\spinach\val\anomala\Bacterial-Spot(752)__Bacterial-Spot (263).jpg,anomala,val,spinach_sy69db2nz5,900x1200,2453632950085820176|2399450116580640516|2307698035713575686|188049728162115224|290217258818423841|1161663786706144546|10965761787895913474|435603430662669856
dataset\_work\final\spinach\train\anomala\Bacterial-Spot(752)__Bacterial-Spot (264).jpg,anomala,train,spinach_sy69db2nz5,900x1200,42559050702360141|6248675627470409|693052016849559105|4937655186304501313|5300199285503235584|5588429662057633536|4721473539647178308|4728268521106546185
dataset\_work\final\spinach\val\anomala\Bacterial-Spot(752)__Bacterial-Spot (265).jpg,anomala,val,spinach_sy69db2nz5,900x1200,4800008374131560328|2397761129787887502|2614202226927961926|10528639910799679129|10236469940736443937|9804058535255776578|11033316864573709714|5082051745883047716
dataset\_work\final\spinach\val\anomala\Bacterial-Spot(752)__Bacterial-Spot (266).jpg,anomala,val,spinach_sy69db2nz5,900x1200,576474071912221952|432362364316044800|436855793456123138|1730675416644931104|22041442642755590|3814438252314632|2327973112204231704|147781591320891398
dataset\_work\final\spinach\val\anomala\Bacterial-Spot(752)__Bacterial-Spot (267).jpg,anomala,val,spinach_sy69db2nz5,1200x900,1235753898553312777|4943295454314467144|5588425162476364569|5588463797845963332|5228458603729230404|650228746724779537|4914198046527884877|1811364691760614989
dataset\_work\final\spinach\val\anomala\Bacterial-Spot(752)__Bacterial-Spot (268).jpg,anomala,val,spinach_sy69db2nz5,900x1200,585640083615255874|869272031160913440|726529018639368984|2906117178417688644|2327947068305707020|4759494047529967624|4913496665322312744|1748244427390194954
dataset\_work\final\spinach\test\anomala\Bacterial-Spot(752)__Bacterial-Spot (269).jpg,anomala,test,spinach_sy69db2nz5,1200x900,3171129240791618116|153200465595803153|874346002731435520|874346550314572800|1235748827978735618|4905050281699246636|43934382499373580|1855524896055820
dataset\_work\final\spinach\train\anomala\Bacterial-Spot(752)__Bacterial-Spot (27).jpg,anomala,train,spinach_sy69db2nz5,675x1200,6529135424894077894|11945405722728279964|6937684413445801542|17950545553640365724|11254252619396007589|14270565244041862234|11285514002104720889|5081805799481362272
dataset\_work\final\spinach\train\anomala\Bacterial-Spot(752)__Bacterial-Spot (270).jpg,anomala,train,spinach_sy69db2nz5,900x1200,882861174667676960|1017899340205477152|441711769447973142|883440267398365202|2327531486196932622|2309517089855848460|1315207317383037452|1603578986225869062
dataset\_work\final\spinach\val\anomala\Bacterial-Spot(752)__Bacterial-Spot (271).jpg,anomala,val,spinach_sy69db2nz5,900x1200,5336094972760235712|2976463906455127872|2327955301032494630|4759476045938138137|4649693005031558697|13843536505871404362|1845384286636477762|2775914067285462560
dataset\_work\final\spinach\val\anomala\Bacterial-Spot(752)__Bacterial-Spot (272).jpg,anomala,val,spinach_sy69db2nz5,900x1200,2453632916195580698|2471506680298284838|2614202226927011618|1305267873947524154|2749217960262257698|1881109549256936738|4187326461482245394|2451934170335889188
dataset\_work\final\spinach\train\anomala\Bacterial-Spot(752)__Bacterial-Spot (273).jpg,anomala,train,spinach_sy69db2nz5,900x1200,225183344345416721|901612795472058467|3244427943074473221|5376909409212258842|7140474247585760012|1226117097726353411|1898985901000662602|370788606992057901
dataset\_work\final\spinach\train\anomala\Bacterial-Spot(752)__Bacterial-Spot (274).jpg,anomala,train,spinach_sy69db2nz5,1200x900,10961266983892127494|290344750016826904|2307829934554291737|79955829096679236|1733365817661392644|472626306916163224|4937923382249200641|1809918301494511392
dataset\_work\final\spinach\train\anomala\Bacterial-Spot(752)__Bacterial-Spot (275).jpg,anomala,train,spinach_sy69db2nz5,900x1200,5630174351531790|1689152756320012|581284615952728840|609175746320871432|866665328527017472|1017601441524618240|590038746439250952|577379150648774920
dataset\_work\final\spinach\train\anomala\Bacterial-Spot(752)__Bacterial-Spot (276).jpg,anomala,train,spinach_sy69db2nz5,900x1200,864865463695183106|1008813526003568160|1299577198446647588|3767435043430343698|2327812997676138510|147790402573697036|1307176484319676468|2601282434603813138
dataset\_work\final\spinach\train\anomala\Bacterial-Spot(752)__Bacterial-Spot (277).jpg,anomala,train,spinach_sy69db2nz5,900x1200,298095877832476192|297393732482997314|1156939409187542560|4650139500807033920|4799732361204736004|2343620148353311492|4653516995174434880|2312112764946353680
dataset\_work\final\spinach\train\anomala\Bacterial-Spot(752)__Bacterial-Spot (278).jpg,anomala,train,spinach_sy69db2nz5,900x1200,3380504587279362|3976169315042848|434603988206421504|1155332304332003328|2307697951064985088|152020743469796352|6823627623237648|1692487798622214
dataset\_work\final\spinach\train\anomala\Bacterial-Spot(752)__Bacterial-Spot (279).jpg,anomala,train,spinach_sy69db2nz5,900x1200,2379034384608477187|7137113779809943814|1774011565122325768|326104731595181580|432660227140029539|234194925171180577|868718152178894340|580275568538197528
dataset\_work\final\spinach\test\anomala\Bacterial-Spot(752)__Bacterial-Spot (28).jpg,anomala,test,spinach_sy69db2nz5,675x1200,5228145919220325142|17117662386316060567|16632667584530450414|10967434075791892104|10891796549841948397|1592877325733301832|9808302435392238744|17187732217038361574
dataset\_work\final\spinach\test\anomala\Bacterial-Spot(752)__Bacterial-Spot (280).jpg,anomala,test,spinach_sy69db2nz5,900x1200,6385284165292425238|2686000836056399891|3911391695404959308|1317460806478044745|1387262082261927461|1621346572742073688|5304852850295130130|5514101416702920758
dataset\_work\final\spinach\train\anomala\Bacterial-Spot(752)__Bacterial-Spot (281).jpg,anomala,train,spinach_sy69db2nz5,900x1200,2414548429805395971|4700688732412215572|14816312938521795656|5478215011963110952|1477493143077338177|225328462703067681|2884069918767515212|5232229546763132621
dataset\_work\final\spinach\train\anomala\Bacterial-Spot(752)__Bacterial-Spot (282).jpg,anomala,train,spinach_sy69db2nz5,900x1200,2613793260008345412|1304933415915032217|5082051711255662117|11033281594433375322|11028795586052496402|4940197119547885092|6524605624554561177|2688243271088703302
dataset\_work\final\spinach\train\anomala\Bacterial-Spot(752)__Bacterial-Spot (283).jpg,anomala,train,spinach_sy69db2nz5,900x1200,865003661165006337|162136198471159616|2685907944638205734|6529442303307550106|4615938323863977986|76041336177557772|11100544248045215066|2760582923953587749
dataset\_work\final\spinach\train\anomala\Bacterial-Spot(752)__Bacterial-Spot (284).jpg,anomala,train,spinach_sy69db2nz5,900x1200,6758180887137281|18612662324072000|958790955548213776|5516079605742379012|4651697410276344320|75465648557398016|297251925648051532|1153571656544767501
dataset\_work\final\spinach\train\anomala\Bacterial-Spot(752)__Bacterial-Spot (285).jpg,anomala,train,spinach_sy69db2nz5,900x1200,2614496908845914146|1300711911356564499|432361017646140960|288384922490408194|1370369203052088594|2456746711306946596|183977018181550084|2327945422255816710
dataset\_work\final\spinach\train\anomala\Bacterial-Spot(752)__Bacterial-Spot (286).jpg,anomala,train,spinach_sy69db2nz5,900x1200,441440205779406114|901297297979034659|5358331991639336464|2901592007038048836|2543424395621007884|2489661835021590534|4943436845314098216|1163695097454156874
dataset\_work\final\spinach\test\anomala\Bacterial-Spot(752)__Bacterial-Spot (288).jpg,anomala,test,spinach_sy69db2nz5,900x1200,2035660146006102540|432634218498433800|865268400078065152|873784775177833472|586391058259509510|869789624507973660|39580900854210572|3947822370849292
dataset\_work\final\spinach\test\anomala\Bacterial-Spot(752)__Bacterial-Spot (289).jpg,anomala,test,spinach_sy69db2nz5,900x1200,3171674627719187|9587767954538534|3253083607980187650|5357767938001420292|2774250557774242304|1387257169216539392|306400413766998602|153208485558232365
dataset\_work\final\spinach\train\anomala\Bacterial-Spot(752)__Bacterial-Spot (29).jpg,anomala,train,spinach_sy69db2nz5,675x1200,5300203666002353724|7894290195073042371|4942163029292714754|15966974916894338606|14089279777033129581|4331982411439771209|3327613783699330781|183256870404200004
dataset\_work\final\spinach\train\anomala\Bacterial-Spot(752)__Bacterial-Spot (290).jpg,anomala,train,spinach_sy69db2nz5,900x1200,4618044006948874258|4654072801799260692|5811064118498472012|2385376316204925448|1461995385208084032|1308383169742247488|595044762790074913|5525949754020504912
dataset\_work\final\spinach\train\anomala\Bacterial-Spot(752)__Bacterial-Spot (291).jpg,anomala,train,spinach_sy69db2nz5,900x1200,10276294412341314|879624394310672|432387510057174532|1153091493466840080|1154205197369606912|4760320466596537344|1197004901202919440|289996493113655302
dataset\_work\final\spinach\train\anomala\Bacterial-Spot(752)__Bacterial-Spot (292).jpg,anomala,train,spinach_sy69db2nz5,900x1200,10696316325924352|914806882111360|443084800569313030|10419669399950400016|9227663512396890880|3944185472230912|1160254203975342736|434403090979300870
dataset\_work\final\spinach\test\anomala\Bacterial-Spot(752)__Bacterial-Spot (293).jpg,anomala,test,spinach_sy69db2nz5,900x1200,2685991505902931529|5952929878202322505|4651662229752989216|76032445461208322|5264161692590185810|5300190489013601829|188339981446483457|2325694705192832576
dataset\_work\final\spinach\train\anomala\Bacterial-Spot(752)__Bacterial-Spot (294).jpg,anomala,train,spinach_sy69db2nz5,900x1200,2416184649404858369|3714413315965714694|402674721223478600|6815800694072561448|432660193050856499|90220543168710689|2904556359105549918|5191962653862827525
dataset\_work\final\spinach\test\anomala\Bacterial-Spot(752)__Bacterial-Spot (295).jpg,anomala,test,spinach_sy69db2nz5,900x1200,586321856337221666|302308549660181553|156858864095856144|2326845387170486276|3531964719583998468|2456721515023442696|331169799400671776|1154696435514879234
dataset\_work\final\spinach\train\anomala\Bacterial-Spot(752)__Bacterial-Spot (296).jpg,anomala,train,spinach_sy69db2nz5,900x1200,1459760248333206278|441640917992685336|1162847109856055048|304623463397461256|1747180270991581446|433228692015825428|580135382125722116|598713833791628048
dataset\_work\final\spinach\train\anomala\Bacterial-Spot(752)__Bacterial-Spot (297).jpg,anomala,train,spinach_sy69db2nz5,900x1200,1299655931965939604|1317457970112431878|2758190423029290784|1305215093141542402|434332566616360978|10673266320043018514|150358482293234962|2348499127921231654
dataset\_work\final\spinach\test\anomala\Bacterial-Spot(752)__Bacterial-Spot (298).jpg,anomala,test,spinach_sy69db2nz5,900x1200,4943278243188253712|1235762030772427524|1154054581521977164|295019989824376333|295859917490693649|1163097619460627012|940723590676813828|5516635797463630864
dataset\_work\final\spinach\train\anomala\Bacterial-Spot(752)__Bacterial-Spot (299).jpg,anomala,train,spinach_sy69db2nz5,900x1200,401545061290887458|5198902361909513506|183951139518418210|2327972424808614947|2471788138028475976|2470662083307606533|2543582796037639712|2453624207805156610
dataset\_work\final\spinach\test\anomala\Bacterial-Spot(752)__Bacterial-Spot (3).jpg,anomala,test,spinach_sy69db2nz5,675x1200,6955276529059956679|12762681392259866396|5482880943441285704|14778323768870090477|2026377180004949681|14341496466061362784|17128937860505212877|5229403896586901324
dataset\_work\final\spinach\val\anomala\Bacterial-Spot(752)__Bacterial-Spot (30).jpg,anomala,val,spinach_sy69db2nz5,675x1200,7207741880251421538|15645266852326094521|10244347018241285852|10244320903314245316|13345880235286405081|7103046622632413028|14161049747747711886|15897172400722881422
dataset\_work\final\spinach\train\anomala\Bacterial-Spot(752)__Bacterial-Spot (302).jpg,anomala,train,spinach_sy69db2nz5,900x1200,5044363940431069235|1819466469563105299|3192223785303840269|742406222020777550|1369106618059014169|3674989055779406150|5662879085992234250|979135577000398124
dataset\_work\final\spinach\val\anomala\Bacterial-Spot(752)__Bacterial-Spot (303).jpg,anomala,val,spinach_sy69db2nz5,900x1200,4903608791487879236|1247082662964168209|2596480242206313984|1300430468987981568|1226816498866540049|4906704943502462276|40285142342568978|3948376430020644
dataset\_work\final\spinach\test\anomala\Bacterial-Spot(752)__Bacterial-Spot (304).jpg,anomala,test,spinach_sy69db2nz5,900x1200,1163636547329926672|295061217452333700|1163691543226485252|9518988028539969552|9555016825541236740|1163691544298989072|1162019543178877572|291084735369913872
dataset\_work\final\spinach\test\anomala\Bacterial-Spot(752)__Bacterial-Spot (305).jpg,anomala,test,spinach_sy69db2nz5,900x1200,1443417555574082858|1587534839996632362|1299585390953234710|1461431406491877396|3048249334304737302|3048249231628044308|1459320241481598996|1585564001516783890
dataset\_work\final\spinach\test\anomala\Bacterial-Spot(752)__Bacterial-Spot (306).jpg,anomala,test,spinach_sy69db2nz5,900x1200,1740085173780614410|476140227434860072|4762853641642515985|1244136006758532934|2904407926730365702|724268127252522520|5082062861385024529|1233501426811803970
dataset\_work\final\spinach\train\anomala\Bacterial-Spot(752)__Bacterial-Spot (307).jpg,anomala,train,spinach_sy69db2nz5,900x1200,2384672645809309986|1298179339196517426|187056093523217920|2307688668776500224|3624429164424004626|2452506895895697441|3551536886973984|4088703749101570
dataset\_work\final\spinach\train\anomala\Bacterial-Spot(752)__Bacterial-Spot (308).jpg,anomala,train,spinach_sy69db2nz5,900x1200,1306411743657297740|1459743583455616521|2052872284349953|7931010207291968|656970408423932436|5514401727413887250|4655065283515194368|82832340162381568
dataset\_work\final\spinach\val\anomala\Bacterial-Spot(752)__Bacterial-Spot (309).jpg,anomala,val,spinach_sy69db2nz5,900x1200,5588433990711189308|5300216860842592003|5228405814773252935|652493326684732957|218159836505280073|4332197941287292493|2107221985575505417|5153003232557502280
dataset\_work\final\spinach\train\anomala\Bacterial-Spot(752)__Bacterial-Spot (31).jpg,anomala,train,spinach_sy69db2nz5,675x1200,5952640542868184640|11945269625111152636|5534527117445012462|14450949593291499144|18196516596554385061|4620199575767456850|9810589548023286984|17193356975138131532
dataset\_work\final\spinach\train\anomala\Bacterial-Spot(752)__Bacterial-Spot (310).jpg,anomala,train,spinach_sy69db2nz5,1200x900,73913138315495176|4656183419193925260|5514388479751950369|945244818073125954|10096540907405221440|614608933609735681|4756935246030511629|2382438395567376204
dataset\_work\final\spinach\val\anomala\Bacterial-Spot(752)__Bacterial-Spot (311).jpg,anomala,val,spinach_sy69db2nz5,900x1200,5080916939179758464|11330545455277225856|10234152006940067654|10240973480564563613|9238913964680625821|9228741282997437254|11321555916156772238|5082034033228187534
dataset\_work\final\spinach\train\anomala\Bacterial-Spot(752)__Bacterial-Spot (312).jpg,anomala,train,spinach_sy69db2nz5,900x1200,2470371898330416717|3606571978361118281|2397765561494226433|4764023591737924928|5304702816275533106|5586177844733954082|4655910846629027138|91909289690744353
dataset\_work\final\spinach\train\anomala\Bacterial-Spot(752)__Bacterial-Spot (313).jpg,anomala,train,spinach_sy69db2nz5,900x1200,2327955352506539528|147789820478326540|4613387147658085920|79990756176960770|902697977209818370|584939219870240288|152346403428834305|2325690307213723200
dataset\_work\final\spinach\train\anomala\Bacterial-Spot(752)__Bacterial-Spot (314).jpg,anomala,train,spinach_sy69db2nz5,900x1200,165944956545863181|2327672778285354828|2397747900581087008|4798935319304412162|5516640365304499488|940741096719142146|152057232207288642|2307834237715432993
dataset\_work\final\spinach\val\anomala\Bacterial-Spot(752)__Bacterial-Spot (315).jpg,anomala,val,spinach_sy69db2nz5,900x1200,288384403185208586|432361608405470760|1297404494673808387|3765023849328806944|2904406778153140230|724409070220214276|2309253927252344884|219558811978826002
dataset\_work\final\spinach\train\anomala\Bacterial-Spot(752)__Bacterial-Spot (316).jpg,anomala,train,spinach_sy69db2nz5,900x1200,6490534094540364|6209110255537165|652502027345561089|5516658009827941952|940169454146229760|5516376534246430464|4656189023136223052|109818135345303049
dataset\_work\final\spinach\train\anomala\Bacterial-Spot(752)__Bacterial-Spot (317).jpg,anomala,train,spinach_sy69db2nz5,900x1200,585481753948195840|288806857501183488|144121813184947218|1729549516335321636|3956619671765508|3534511342886920|2635341484669796376|1307247337579872258
dataset\_work\final\spinach\train\anomala\Bacterial-Spot(752)__Bacterial-Spot (318).jpg,anomala,train,spinach_sy69db2nz5,900x1200,2308666029368919972|156534577352809626|470542123708844322|11249484127241390106|11104801798389443586|11873612434063690272|1893937495904755356|2452639388903114502
dataset\_work\final\spinach\train\anomala\Bacterial-Spot(752)__Bacterial-Spot (319).jpg,anomala,train,spinach_sy69db2nz5,900x1200,2612129803471883916|11097179626548203278|9297192153421923078|4654537828363746712|1049087135788433818|10092047190783836196|10969991876542568512|451278334140286593
dataset\_work\final\spinach\train\anomala\Bacterial-Spot(752)__Bacterial-Spot (32).jpg,anomala,train,spinach_sy69db2nz5,675x1200,7387595644878012294|11069354647067755422|14304333239934487522|11258474795410861704|11386027087329468057|9673500058892600934|9812823713071185564|16324171284532659142
dataset\_work\final\spinach\train\anomala\Bacterial-Spot(752)__Bacterial-Spot (320).jpg,anomala,train,spinach_sy69db2nz5,900x1200,2453764732500809289|2471383964491159113|2325976196795794976|151185183656090626|5302451087395933218|5302450947396865314|188060052725045506|2307539581551462176
dataset\_work\final\spinach\train\anomala\Bacterial-Spot(752)__Bacterial-Spot (321).jpg,anomala,train,spinach_sy69db2nz5,900x1200,1809329031882675088|2596077980672014084|5082060404260800262|1809927184126517144|303759015817447204|10381688927345384473|10961531966463614489|434327996629485382
dataset\_work\final\spinach\val\anomala\Bacterial-Spot(752)__Bacterial-Spot (322).jpg,anomala,val,spinach_sy69db2nz5,900x1200,4937945388722887201|11033299202928485441|10164120809008238144|5516790371794259457|4693919640549007001|2385248842046736196|112052516825567052|4651680904315801229
dataset\_work\final\spinach\train\anomala\Bacterial-Spot(752)__Bacterial-Spot (323).jpg,anomala,train,spinach_sy69db2nz5,900x1200,1892812751291977026|2474734777859001889|2471358076181499425|2345283827944295778|2400021897456015394|4795513587250447386|7101356609541999648|2400022309370285090
dataset\_work\final\spinach\test\anomala\Bacterial-Spot(752)__Bacterial-Spot (324).jpg,anomala,test,spinach_sy69db2nz5,1200x900,292248021964918606|1156471952443838093|2307821035011776513|9303345562160726284|10164094454996995088|5660891755244293636|865056576470195329|81079108435904288
dataset\_work\final\spinach\train\anomala\Bacterial-Spot(752)__Bacterial-Spot (325).jpg,anomala,train,spinach_sy69db2nz5,900x1200,76138127089929283|4613657868968594977|5192111704520924702|940856049505109767|2381858000664069952|4831253144224599553|542551365274504717|2170205150647815752
dataset\_work\final\spinach\train\anomala\Bacterial-Spot(752)__Bacterial-Spot (326).jpg,anomala,train,spinach_sy69db2nz5,1161x1200,10164120985169006157|5660764195047050829|4689944211139792401|4689970599818268484|5588412000344706894|5588429644676599437|4940221713773172289|1229029018343773761
dataset\_work\final\spinach\train\anomala\Bacterial-Spot(752)__Bacterial-Spot (327).jpg,anomala,train,spinach_sy69db2nz5,1087x1200,909457766482906655|866432064911150854|938462874593067846|5521157228523896473|472606773940782604|2237848269638835980|11042332860053167948|5044879456495666701
dataset\_work\final\spinach\train\anomala\Bacterial-Spot(752)__Bacterial-Spot (328).jpg,anomala,train,spinach_sy69db2nz5,900x1200,2614372732751453186|1300703132443412256|1874629972078578464|2598610104545586434|2307962350541868306|152029602261125156|156832410667716644|2326965740097635354
dataset\_work\final\spinach\train\anomala\Bacterial-Spot(752)__Bacterial-Spot (329).jpg,anomala,train,spinach_sy69db2nz5,900x1200,363963754382593359|1175174688802295305|3384516692872717|21988253432516428|670498902990868240|5732263408977251589|5516649179174030848|940750065205906432
dataset\_work\final\spinach\train\anomala\Bacterial-Spot(752)__Bacterial-Spot (33).jpg,anomala,train,spinach_sy69db2nz5,675x1200,14469114059633397260|17063160449166446543|5820496949833351520|17625978688506903737|14956189543513378028|868648939000089800|13347559970888916212|6971870427640481360
dataset\_work\final\spinach\val\anomala\Bacterial-Spot(752)__Bacterial-Spot (330).jpg,anomala,val,spinach_sy69db2nz5,1200x993,11040067736746264332|5085464786200633231|5514406063346880394|940732697235361580|10313031436050076486|866664894050809497|3174843567850327565|9948184503331293004
dataset\_work\final\spinach\train\anomala\Bacterial-Spot(752)__Bacterial-Spot (331).jpg,anomala,train,spinach_sy69db2nz5,855x1200,5300230071490645790|5588460310205763334|5657404070065046342|666034800019586713|436619430537170509|2165962105565711945|11042324011886001673|5080925742689387342
dataset\_work\final\spinach\train\anomala\Bacterial-Spot(752)__Bacterial-Spot (332).jpg,anomala,train,spinach_sy69db2nz5,931x1200,5592968497469541933|5586173360981052746|4723729609331186754|4687701095073138465|5371956746956015181|3264721822208728653|2397897667365506625|4763733508806905409
dataset\_work\final\spinach\train\anomala\Bacterial-Spot(752)__Bacterial-Spot (333).jpg,anomala,train,spinach_sy69db2nz5,1094x1200,4799744490806648732|2379737935150515974|451357353147338496|1161134887859064448|434363352941528609|11249757858668911682|9227355906905087248|40280664847368966
dataset\_work\final\spinach\train\anomala\Bacterial-Spot(752)__Bacterial-Spot (335).jpg,anomala,train,spinach_sy69db2nz5,946x1200,11105074102284523392|2614228597691324288|2325971781519873920|9375718440619677568|9229862518679881508|9229862518672203162|9229906706102623618|9229866864983885600
dataset\_work\final\spinach\train\anomala\Bacterial-Spot(752)__Bacterial-Spot (336).jpg,anomala,train,spinach_sy69db2nz5,1200x977,1233475296640843293|5082042812074132294|5588416484357375766|5588455912157159190|5080905917051668294|2107261585275690513|1594009350399037005|1587253951559601741
dataset\_work\final\spinach\train\anomala\Bacterial-Spot(752)__Bacterial-Spot (337).jpg,anomala,train,spinach_sy69db2nz5,1069x1200,5228439676428951306|652629468286224172|2307834409505752900|152057146307976721|3172547528337591817|729331536945909576|1233492888486616066|4937918828577490720
dataset\_work\final\spinach\train\anomala\Bacterial-Spot(752)__Bacterial-Spot (338).jpg,anomala,train,spinach_sy69db2nz5,1160x1200,11249498425606933834|470348066550337321|4794378736623361153|2399872200665958176|2976745295196686086|5336095093491179164|2343850012553727521|9303345200037267778
dataset\_work\final\spinach\test\anomala\Bacterial-Spot(752)__Bacterial-Spot (339).jpg,anomala,test,spinach_sy69db2nz5,900x1200,2758339370875850305|11105056648008273473|9299413278475142689|4651966795002911810|4723747329492262298|4723720906257942310|4799727946524495680|2433649395173363329
dataset\_work\final\spinach\train\anomala\Bacterial-Spot(752)__Bacterial-Spot (34).jpg,anomala,train,spinach_sy69db2nz5,675x1200,5227622551285072646|17117622804295663511|9551865614307923788|16000778388748310221|10898477285569171181|433237702003887176|14778024752978005726|5518905239459827588
dataset\_work\final\spinach\train\anomala\Bacterial-Spot(752)__Bacterial-Spot (340).jpg,anomala,train,spinach_sy69db2nz5,900x1200,5228154851117975085|976783294429830474|1269504015940361538|4937646458662766113|5376460295717490189|3262469918978969160|2397620461518947908|4800008339271425553
dataset\_work\final\spinach\train\anomala\Bacterial-Spot(752)__Bacterial-Spot (341).jpg,anomala,train,spinach_sy69db2nz5,886x1200,1019822508936236621|10239843234349518409|4691668219227225649|4649715072667452226|5264170488619015054|5588429661788120846|4792708707544434496|3548281576781978689
dataset\_work\final\spinach\train\anomala\Bacterial-Spot(752)__Bacterial-Spot (342).jpg,anomala,train,spinach_sy69db2nz5,900x1200,1300561964050025993|2740473441065242184|94161157955193891|4651407212773510178|5192111829024639014|652624142734330898|2453351561680555328|2525550734423313921
dataset\_work\final\spinach\train\anomala\Bacterial-Spot(752)__Bacterial-Spot (343).jpg,anomala,train,spinach_sy69db2nz5,1200x900,9228741016879337286|15541662208691869|1877771303039245981|9513585171894863430|11317030429107107584|5084329865181860736|5081809734064605060|11357536334361071386
dataset\_work\final\spinach\train\anomala\Bacterial-Spot(752)__Bacterial-Spot (344).jpg,anomala,train,spinach_sy69db2nz5,900x1200,4725990332751039778|4725990333355019554|183818583339863298|2327955421636480544|2471788138093581889|2471787983474759233|2327963220893978144|183827430770642178
dataset\_work\final\spinach\train\anomala\Bacterial-Spot(752)__Bacterial-Spot (345).jpg,anomala,train,spinach_sy69db2nz5,1029x1200,15594800685975181|9228747794572091212|9875887319005990812|5516684638560128902|5521170293778355072|10161875010342827776|9660004852254871372|11245245428623675017
dataset\_work\final\spinach\train\anomala\Bacterial-Spot(752)__Bacterial-Spot (346).jpg,anomala,train,spinach_sy69db2nz5,988x1200,1818952027106807758|5152983439742013068|5080936835954978336|11042341931981802435|10092086291829326663|14884165043082444313|14054377057627356825|2318874288437691206
dataset\_work\final\spinach\train\anomala\Bacterial-Spot(752)__Bacterial-Spot (347).jpg,anomala,train,spinach_sy69db2nz5,900x1200,15752481019914030268|11837306034954669890|3480875912018235360|16396918168944054008|4796068891959707300|13550221884528696538|17874240700842675683|16181168561309240880
dataset\_work\final\spinach\train\anomala\Bacterial-Spot(752)__Bacterial-Spot (348).jpg,anomala,train,spinach_sy69db2nz5,900x1200,16325151893244295076|11569208799307174874|2740188633060049826|11177695883697798842|15713911561164066464|11832960687298547426|13420207006038826907|11710233327777285926
dataset\_work\final\spinach\train\anomala\Bacterial-Spot(752)__Bacterial-Spot (349).jpg,anomala,train,spinach_sy69db2nz5,900x1200,14739867266556860116|5516379626959443668|7497938293788479152|16829422991230078704|15318464369946168908|15318579664659123916|17333808916678545129|12722122512172256872
dataset\_work\final\spinach\train\anomala\Bacterial-Spot(752)__Bacterial-Spot (35).jpg,anomala,train,spinach_sy69db2nz5,675x1200,5082042993709223687|11033308137570241310|436628450368521030|11461400730388086428|2164909040250855065|508710276779706182|11258488049947053983|5080917050683494150
dataset\_work\final\spinach\test\anomala\Bacterial-Spot(752)__Bacterial-Spot (350).jpg,anomala,test,spinach_sy69db2nz5,900x1200,16329241080506034055|11549066741847759646|2541018663861455846|4268636462912056984|2169359647369545376|9738830953100254690|10965745226571726139|16612399185580475171
dataset\_work\final\spinach\val\anomala\Bacterial-Spot(752)__Bacterial-Spot (351).jpg,anomala,val,spinach_sy69db2nz5,900x1200,12848072763137005462|11695177698146719638|2759311458953545636|11181645243362974938|10815142833596288418|10815156079072529842|15716461122472062363|11837596202542254886
dataset\_work\final\spinach\val\anomala\Bacterial-Spot(752)__Bacterial-Spot (352).jpg,anomala,val,spinach_sy69db2nz5,900x1200,14456008549098534678|17043326380204299159|2740175456300797894|11177669357579734684|10886078925294765804|1600756057428172488|11245012262866329499|14307669071306360614
dataset\_work\final\spinach\train\anomala\Bacterial-Spot(752)__Bacterial-Spot (353).jpg,anomala,train,spinach_sy69db2nz5,900x1200,10528622214792814360|13134619700684064743|2740039150951415756|11141120526049805260|16647308697009866678|1738111344670809490|14700597023555886490|14717516360029767206
dataset\_work\final\spinach\train\anomala\Bacterial-Spot(752)__Bacterial-Spot (354).jpg,anomala,train,spinach_sy69db2nz5,900x1200,16774808186089838292|16774807086980896724|18216659442552524772|13874523939124153560|15318768986743033064|15282458611668208872|15567859943732579520|16487567439598702332
dataset\_work\final\spinach\test\anomala\Bacterial-Spot(752)__Bacterial-Spot (355).jpg,anomala,test,spinach_sy69db2nz5,900x1200,14739774882207709078|14739775166075835286|14884176254054141924|10092024779813097176|10814008276169232076|10824180853562904268|15568437316418735756|16469438976180588494
dataset\_work\final\spinach\train\anomala\Bacterial-Spot(752)__Bacterial-Spot (357).jpg,anomala,train,spinach_sy69db2nz5,900x1200,14451509321750911982|17045622572803368584|14311101782780792556|11251684031007788232|9810620215501229804|17193394444726144712|14450968327063021212|17063606254309448646
dataset\_work\final\spinach\test\anomala\Bacterial-Spot(752)__Bacterial-Spot (358).jpg,anomala,test,spinach_sy69db2nz5,900x1200,16757506271112009364|16757338046239578068|14744428093135244276|14737504364923333840|15318782180881501928|10670719816691584744|15000371206847366860|17639365243257462476
dataset\_work\final\spinach\test\anomala\Bacterial-Spot(752)__Bacterial-Spot (359).jpg,anomala,test,spinach_sy69db2nz5,900x1200,17351399827571115760|17351400228973682416|17360408663568598776|16197211599625690336|17338466707920833776|17331582161547873520|16184958646316091616|17926189346047651056
dataset\_work\final\spinach\train\anomala\Bacterial-Spot(752)__Bacterial-Spot (36).jpg,anomala,train,spinach_sy69db2nz5,675x1200,14708240863923372870|5514423793711791773|7386777893187751564|11042306378536030158|11330536890776127308|5080915100230688460|14884303899004976793|10092050434087420774
dataset\_work\final\spinach\train\anomala\Bacterial-Spot(752)__Bacterial-Spot (360).jpg,anomala,train,spinach_sy69db2nz5,900x1200,16756792722427449064|16775511908294561480|17926172851360747244|16184826567500139720|14451553379733196520|16757369897580137704|14450967236142079200|17063746716858042104
dataset\_work\final\spinach\train\anomala\Bacterial-Spot(752)__Bacterial-Spot (361).jpg,anomala,train,spinach_sy69db2nz5,900x1200,13135186598257198796|10551236862512897736|1172768870932891320|17554220145056325090|14456016090515795346|14737633061395909046|16329232250319052275|13278466659536029200
dataset\_work\final\spinach\val\anomala\Bacterial-Spot(752)__Bacterial-Spot (362).jpg,anomala,val,spinach_sy69db2nz5,900x1200,15019029302777617818|16179477661993879462|1341384545030841240|13206399343499426758|11981689396342393312|11105101111257689808|14284077160293353143|10962820327608851730
dataset\_work\final\spinach\train\anomala\Bacterial-Spot(752)__Bacterial-Spot (363).jpg,anomala,train,spinach_sy69db2nz5,900x1200,14455999805520285320|17043344077046255470|5478091367535840227|14816305350816771640|7966614273912702700|9803816737387814600|4048216439312064205|16396228662880831052
dataset\_work\final\spinach\test\anomala\Bacterial-Spot(752)__Bacterial-Spot (364).jpg,anomala,test,spinach_sy69db2nz5,900x1200,14577605773130932028|12433329245929539523|5335220895550899168|12515290314141744880|14053230948150906028|4332224347215187658|17311360171401719725|16177929477094050378
dataset\_work\final\spinach\train\anomala\Bacterial-Spot(752)__Bacterial-Spot (365).jpg,anomala,train,spinach_sy69db2nz5,900x1200,12848081473261737878|12848081576745965462|3767123662554484656|15212383557555981810|10815164961132531122|10815125275232062898|17441630154508869075|12704521589568522036
dataset\_work\final\spinach\train\anomala\Bacterial-Spot(752)__Bacterial-Spot (366).jpg,anomala,train,spinach_sy69db2nz5,900x1200,16328960619072400952|11584954973713828835|2616185677556320198|15748259137396612764|16396228809311372960|4048216147053485282|11249520604942863834|14305461260354801188
dataset\_work\final\spinach\train\anomala\Bacterial-Spot(752)__Bacterial-Spot (367).jpg,anomala,train,spinach_sy69db2nz5,900x1200,13134342104053354138|10420641855750180516|11673648006284396176|13437748562605546726|11857571616136273296|11136995121706190518|16617189809751424186|10396145322737861026
dataset\_work\final\spinach\train\anomala\Bacterial-Spot(752)__Bacterial-Spot (368).jpg,anomala,train,spinach_sy69db2nz5,900x1200,15752481174734056246|11873194145223748499|2757206908262253542|11186227029049818776|10604656674139522724|3903227860844715226|10970314848305823131|16610182673487446822
dataset\_work\final\spinach\train\anomala\Bacterial-Spot(752)__Bacterial-Spot (369).jpg,anomala,train,spinach_sy69db2nz5,900x1200,15568432671179876260|14163551581919583066|16466856814409683136|15608947578929412088|6492850624802820036|11828497176352198360|17940027058170076888|13839592501482587876
dataset\_work\final\spinach\val\anomala\Bacterial-Spot(752)__Bacterial-Spot (37).jpg,anomala,val,spinach_sy69db2nz5,325x433,1443561006266453026|1587534912557616162|1299304571029824784|2596480242467822084|2453484896254822422|2453369149025355796|313735841980418084|1163413678587774994
dataset\_work\final\spinach\val\anomala\Bacterial-Spot(752)__Bacterial-Spot (370).jpg,anomala,val,spinach_sy69db2nz5,900x1200,12848011754726628850|12703965733208344208|1318435413945446532|13244416485696139742|10396171193530797488|17446248444242841010|16064689720069639607|9543271693767035922
dataset\_work\final\spinach\train\anomala\Bacterial-Spot(752)__Bacterial-Spot (371).jpg,anomala,train,spinach_sy69db2nz5,900x1200,14433903795537123230|9803525082803017606|11828435071625545648|15716207136360832226|9662221328846818696|11391616831040475080|16292967212517366746|12702124731588618148
dataset\_work\final\spinach\train\anomala\Bacterial-Spot(752)__Bacterial-Spot (372).jpg,anomala,train,spinach_sy69db2nz5,900x1200,14450967270705276882|12452060628964285332|2758181144884383692|11177124188957642444|10672135901768568492|15143124014251543752|14703759228189744539|14740003709472163622
dataset\_work\final\spinach\train\anomala\Bacterial-Spot(752)__Bacterial-Spot (373).jpg,anomala,train,spinach_sy69db2nz5,900x1200,13134922066718822302|10587265767442681734|11963548025235916728|11105611898093968866|9659960801666461074|11389382606234470582|16293247639771619226|13278726172055635878
dataset\_work\final\spinach\train\anomala\Bacterial-Spot(752)__Bacterial-Spot (374).jpg,anomala,train,spinach_sy69db2nz5,900x1200,15608929899087595204|16466865782519209948|868639634481448646|14740034581966593692|15897450615162242788|14125002737750875864|11285483225576607692|14305146774820949516
dataset\_work\final\spinach\train\anomala\Bacterial-Spot(752)__Bacterial-Spot (375).jpg,anomala,train,spinach_sy69db2nz5,900x1200,14451495999130513210|14739752918279981986|5048274748468332492|11317325115670077068|11676456434255498956|4192612921236754120|10096541633609142173|14737756032827854662
dataset\_work\final\spinach\test\anomala\Bacterial-Spot(752)__Bacterial-Spot (376).jpg,anomala,test,spinach_sy69db2nz5,900x1200,14559167942652037014|12452327793178386070|3621891525477123768|12915529999985908962|10817117522119020460|10846646092092542154|16328942872133778867|13314345974849291058
dataset\_work\final\spinach\test\anomala\Bacterial-Spot(752)__Bacterial-Spot (377).jpg,anomala,test,spinach_sy69db2nz5,900x1200,15604426454614738882|14163274418538618812|14304280326473223886|11258505573079944844|13555657981752741572|13981149371485359832|10128084465868553884|14883846373417124806
dataset\_work\final\spinach\train\anomala\Bacterial-Spot(752)__Bacterial-Spot (378).jpg,anomala,train,spinach_sy69db2nz5,900x1200,11836740260245966538|15770988306916871852|2308133304878451856|13542107747354331638|12434049955261242842|14595751389172614308|17782777860641779643|10397834086698911776
dataset\_work\final\spinach\train\anomala\Bacterial-Spot(752)__Bacterial-Spot (379).jpg,anomala,train,spinach_sy69db2nz5,900x1200,14739770372657194790|14739730773562039195|7387903414615642080|11033299289128242872|11176543715232288460|2749182783735697100|13262554570940685977|16181168783834711910
dataset\_work\final\spinach\train\anomala\Bacterial-Spot(752)__Bacterial-Spot (38).jpg,anomala,train,spinach_sy69db2nz5,325x433,2471805725572483118|2471639001469947146|2471497862669536546|2470539487751851042|724409488920431906|3335062936851729698|2471357011021678882|2453773671056428066
dataset\_work\final\spinach\train\anomala\Bacterial-Spot(752)__Bacterial-Spot (380).jpg,anomala,train,spinach_sy69db2nz5,900x1200,9442653478970427334|4480851887359991452|11249837366566657805|14269427962402506575|11249493846459887422|14305441564901182339|5694528015396046790|945508598127206300
dataset\_work\final\spinach\val\anomala\Bacterial-Spot(752)__Bacterial-Spot (381).jpg,anomala,val,spinach_sy69db2nz5,900x1200,12271339228871198694|12307649758361231000|2453207267630597808|13488050257973386722|10961210754724711850|16575268798170287274|16329241029367443387|12701988383498111778
dataset\_work\final\spinach\train\anomala\Bacterial-Spot(752)__Bacterial-Spot (382).jpg,anomala,train,spinach_sy69db2nz5,900x1200,13136311918133194472|1318866496315689960|3478616415631525808|17554220127875898866|16756503585034751250|16730326309121445302|17446116161746804211|12702278586653427248
dataset\_work\final\spinach\train\anomala\Bacterial-Spot(752)__Bacterial-Spot (383).jpg,anomala,train,spinach_sy69db2nz5,900x1200,17045587130931681174|14450950640791918486|433193300762788772|11321837528839831258|10815142833117695176|10815156079400816364|15726058828795420573|11854330786092352262
dataset\_work\final\spinach\train\anomala\Bacterial-Spot(752)__Bacterial-Spot (384).jpg,anomala,train,spinach_sy69db2nz5,900x1200,14595056018959861708|12416018483188276940|2615328281387310816|15216886967398008568|14708227582450421420|14737756067120188618|17908008695254363603|16185408329751939876
dataset\_work\final\spinach\train\anomala\Bacterial-Spot(752)__Bacterial-Spot (385).jpg,anomala,train,spinach_sy69db2nz5,900x1200,15863444006194595500|13878859974813064650|614186125950851200|16689811453256787966|14599858683847220160|12413758437962688220|18367822362111352551|9230204432292480520
dataset\_work\final\spinach\train\anomala\Bacterial-Spot(752)__Bacterial-Spot (386).jpg,anomala,train,spinach_sy69db2nz5,900x1200,11987329890195934655|11107370503458656002|155458326461566128|13829373161734917618|148423760205981082|13766814692960721830|17495789195498482623|12703561868435531778
dataset\_work\final\spinach\test\anomala\Bacterial-Spot(752)__Bacterial-Spot (387).jpg,anomala,test,spinach_sy69db2nz5,900x1200,14739884687606912982|14739742953687684756|5046005322378350256|11321837425356410610|10670750671526334156|15462835761351986892|17477932592081608605|12722131385373099846
dataset\_work\final\spinach\val\anomala\Bacterial-Spot(752)__Bacterial-Spot (388).jpg,anomala,val,spinach_sy69db2nz5,900x1200,17928415768836773814|16180340663003322258|2740302965298270112|11177721103345650930|10526916855281388768|13120963904115560184|17441401300934598555|11569621235226838822
dataset\_work\final\spinach\test\anomala\Bacterial-Spot(752)__Bacterial-Spot (389).jpg,anomala,test,spinach_sy69db2nz5,900x1200,13424260956948498404|11695160019792109272|12701983986055859888|17446168955081100786|15572901101740903842|16467147257973460154|17477641239015595506|12704248997121050288
dataset\_work\final\spinach\test\anomala\Bacterial-Spot(752)__Bacterial-Spot (39).jpg,anomala,test,spinach_sy69db2nz5,433x577,2596902592379293320|1309509119183392524|1235748896970572550|4943330844056891288|904958644189080594|9803790030929201700|10966052024524577348|433334107108484625
dataset\_work\final\spinach\val\anomala\Bacterial-Spot(752)__Bacterial-Spot (390).jpg,anomala,val,spinach_sy69db2nz5,900x1200,12560150782546478996|9407322626082150358|2308942545873094576|15217433614733938162|15426833232603549058|10666502040359685806|17441682999785500627|12702276429765872416
dataset\_work\final\spinach\train\anomala\Bacterial-Spot(752)__Bacterial-Spot (391).jpg,anomala,train,spinach_sy69db2nz5,900x1200,14715878257337995161|14151239724640898662|10211729363515524|17211382554636968926|7353989610995540932|11065210789589498316|16060818539855862766|9527437053391217664
dataset\_work\final\spinach\train\anomala\Bacterial-Spot(752)__Bacterial-Spot (392).jpg,anomala,train,spinach_sy69db2nz5,900x1200,11981982999584935577|10551246247084133958|10963598790019729072|16616908506835951090|5084035181041315218|11064789078566127782|17482163616305028070|12701847542930286232
dataset\_work\final\spinach\train\anomala\Bacterial-Spot(752)__Bacterial-Spot (393).jpg,anomala,train,spinach_sy69db2nz5,900x1200,2327400167585027820|18108294633787725768|17926177162617409184|16184870653124316354|14454029290202091003|17011809996160519200|14018613408802708704|11587347351774414584
dataset\_work\final\spinach\val\anomala\Bacterial-Spot(752)__Bacterial-Spot (394).jpg,anomala,val,spinach_sy69db2nz5,900x1200,13135185949708191652|10542238566724870104|12684119086500038320|17446715326402567666|15573182576918941074|11819432441721801142|17482294354707947506|12702004825027184560
dataset\_work\final\spinach\train\anomala\Bacterial-Spot(752)__Bacterial-Spot (395).jpg,anomala,train,spinach_sy69db2nz5,1200x900,12990500114563833552|15140290641034184436|14703759236048340652|10128317415832820938|17619773955615104466|15032521939992659892|14563548344900358028|12449786718930800332
dataset\_work\final\spinach\train\anomala\Bacterial-Spot(752)__Bacterial-Spot (396).jpg,anomala,train,spinach_sy69db2nz5,900x1200,14739883789472138950|14739884191078391452|13527322243075760|13826911908303703794|11285633189602037452|14305127958863843020|17477924087909049279|12722122649074872320
dataset\_work\final\spinach\test\anomala\Bacterial-Spot(752)__Bacterial-Spot (397).jpg,anomala,test,spinach_sy69db2nz5,900x1200,12847801649238314956|12739854443418095308|2596187793932632192|15789407190823913974|14703722948113386928|14704120324552608946|17782760165108228059|9241543781684283172
dataset\_work\final\spinach\val\anomala\Bacterial-Spot(752)__Bacterial-Spot (398).jpg,anomala,val,spinach_sy69db2nz5,900x1200,12739565292882435212|11586670280371324878|2307556268104716256|18131376870839946984|14899907781847927968|10095987359083908272|16721344433464254459|16181322596008461856
dataset\_work\final\spinach\train\anomala\Bacterial-Spot(752)__Bacterial-Spot (399).jpg,anomala,train,spinach_sy69db2nz5,900x1200,18332692310762868106|9235067121242607022|1163140964941720722|17860023976488585654|12541836696377633152|9965778366253394686|13171215945014565879|10550824002342757392
dataset\_work\final\spinach\train\anomala\Bacterial-Spot(752)__Bacterial-Spot (4).jpg,anomala,train,spinach_sy69db2nz5,675x1200,5480342171217726568|14811942436139421417|3480172156192001608|17567855205463068397|16847578263803367117|7533403059160223308|17117653435505692147|5228124082096983088
dataset\_work\final\spinach\test\anomala\Bacterial-Spot(752)__Bacterial-Spot (40).jpg,anomala,test,spinach_sy69db2nz5,433x577,2456746647159180326|2451091858656267281|2309649548921144832|146540844266429440|1228373407255954466|2741581834081933346|8046325406763010|1713138026548512
dataset\_work\final\spinach\train\anomala\Bacterial-Spot(752)__Bacterial-Spot (400).jpg,anomala,train,spinach_sy69db2nz5,900x1200,12271356872594229192|12307640756111089608|2598166983582928544|15820351811717860562|14420278732948688298|14413496996769713322|15171543194307300827|11587369431999385124
dataset\_work\final\spinach\train\anomala\Bacterial-Spot(752)__Bacterial-Spot (401).jpg,anomala,train,spinach_sy69db2nz5,900x1200,13136242101165950948|10542237429012504536|3478620676305610392|17482180142676482534|15573199185406414226|16431250867812715958|16616486122707394034|10981612175059797552
dataset\_work\final\spinach\train\anomala\Bacterial-Spot(752)__Bacterial-Spot (402).jpg,anomala,train,spinach_sy69db2nz5,900x1200,17171271063436169187|9821724677961092664|155797529915770544|13721199362048957666|4039323762536369544|16397340221816720622|16328994703871470526|12701984019877800194
dataset\_work\final\spinach\val\anomala\Bacterial-Spot(752)__Bacterial-Spot (403).jpg,anomala,val,spinach_sy69db2nz5,900x1200,13134904543316776950|10551245731888305808|12701139423351752368|12843490153558613474|10382502599983000978|17768687515386923190|16329232250455342514|12702005906964169648
dataset\_work\final\spinach\train\anomala\Bacterial-Spot(752)__Bacterial-Spot (404).jpg,anomala,train,spinach_sy69db2nz5,900x1200,17009697933216353934|14451653849352408718|2305857316337469104|13519602943289957618|10272304599060090568|10272163357097594604|17481882192870612923|12737876443020460064
dataset\_work\final\spinach\val\anomala\Bacterial-Spot(752)__Bacterial-Spot (405).jpg,anomala,val,spinach_sy69db2nz5,900x1200,16467151759599941526|10961259142187651990|14269386344842495950|11249762196120084108|10814014983599759000|10824233845370619876|10096607552263364508|14881904413014427590
dataset\_work\final\spinach\train\anomala\Bacterial-Spot(752)__Bacterial-Spot (406).jpg,anomala,train,spinach_sy69db2nz5,900x1200,13136030369789118156|10578267915723677644|3624442306629945008|12956053721673276914|14708650347221405074|14701444690906860726|17482188956478393779|12702001577907145778
dataset\_work\final\spinach\train\anomala\Bacterial-Spot(752)__Bacterial-Spot (407).jpg,anomala,train,spinach_sy69db2nz5,900x1200,16738901932740937444|11587091165153304280|3460456813135644344|17482761802103037154|15608921119629692320|16466883239488146664|16328959588684505074|13314477933348455984
dataset\_work\final\spinach\train\anomala\Bacterial-Spot(752)__Bacterial-Spot (408).jpg,anomala,train,spinach_sy69db2nz5,900x1200,10828989546291988117|10532175179178253894|10963524092229789336|16616942557203307494|5052505568276457874|10738313446984272022|16616923797055708134|10963673660027774616
dataset\_work\final\spinach\train\anomala\Bacterial-Spot(752)__Bacterial-Spot (409).jpg,anomala,train,spinach_sy69db2nz5,900x1200,16738902362841651158|12163411425385453204|11965931320204805808|11101124846101109986|10670724283784678824|15462862149562879208|16328959554322567066|12701988452754198438
dataset\_work\final\spinach\test\anomala\Bacterial-Spot(752)__Bacterial-Spot (41).jpg,anomala,test,spinach_sy69db2nz5,325x433,2435901126669212754|4651108093870442020|4799735763698929184|2397769891353398338|2631816540777778240|5952658316010180129|4759248325840422433|2327801610393525314
dataset\_work\final\spinach\val\anomala\Bacterial-Spot(752)__Bacterial-Spot (410).jpg,anomala,val,spinach_sy69db2nz5,900x1200,16738901263196827422|16739209366431533955|12847519614272128944|12838933915419679986|9442653186585153000|2175009006832471272|17445905210870214066|12738305261187320754
dataset\_work\final\spinach\train\anomala\Bacterial-Spot(752)__Bacterial-Spot (411).jpg,anomala,train,spinach_sy69db2nz5,900x1200,15604417606451670572|16469135226058672970|2595787675106381762|15825393157963452076|5371414585316183780|3183595404386602712|12397933733852192731|14019438661130978852
dataset\_work\final\spinach\train\anomala\Bacterial-Spot(752)__Bacterial-Spot (412).jpg,anomala,train,spinach_sy69db2nz5,900x1200,11694896222901577668|11731180055683341276|11819309279775770544|15753316803775700178|15860313595994099106|14134295690248866978|15140044333719658458|12702265478280578724
dataset\_work\final\spinach\train\anomala\Bacterial-Spot(752)__Bacterial-Spot (413).jpg,anomala,train,spinach_sy69db2nz5,900x1200,15427815609467309724|10711326342107762374|14715361871642752|13750366171963063550|14271518673012696724|11281102029086005974|18373674152358695870|9277442915784143872
dataset\_work\final\spinach\val\anomala\Bacterial-Spot(752)__Bacterial-Spot (414).jpg,anomala,val,spinach_sy69db2nz5,900x1200,16617313437970570904|10432181846586328806|3478625624302394528|17554202548645627642|16610979729407657616|10997385186702695654|18052194475996782067|11573157181072033328
dataset\_work\final\spinach\val\anomala\Bacterial-Spot(752)__Bacterial-Spot (415).jpg,anomala,val,spinach_sy69db2nz5,900x1200,12847801080683630236|12883969768882671558|2613929479198164624|15752797920385998322|14307688743045090738|11244933183735549106|17482162482434711002|10396145339924694564
dataset\_work\final\spinach\test\anomala\Bacterial-Spot(752)__Bacterial-Spot (417).jpg,anomala,test,spinach_sy69db2nz5,900x1200,14595197890789052302|12451905529578459022|2614061455045529504|15788845341792472816|10236469932406525612|10236403961918622922|17297797832710757851|11569473806238172964
dataset\_work\final\spinach\test\anomala\Bacterial-Spot(752)__Bacterial-Spot (418).jpg,anomala,test,spinach_sy69db2nz5,900x1200,12416009824901735990|14450958407166827411|14739751801125716898|14739726512154361018|10636129421123030216|3901813983321476780|13419704460436278988|11728364257876545228
dataset\_work\final\spinach\train\anomala\Bacterial-Spot(752)__Bacterial-Spot (419).jpg,anomala,train,spinach_sy69db2nz5,900x1200,17027709002540517071|14450984709084913420|6961446867995149236|12737902884652727506|909616344758389960|14917652610567851756|15149025505541342896|12989396213408701536
dataset\_work\final\spinach\train\anomala\Bacterial-Spot(752)__Bacterial-Spot (42).jpg,anomala,train,spinach_sy69db2nz5,433x577,293346739942731026|586675823290698276|720652936358924804|864863814545843208|2615058172742345736|1309789130500936196|586620914299109388|293301349670846474
dataset\_work\final\spinach\val\anomala\Bacterial-Spot(752)__Bacterial-Spot (420).jpg,anomala,val,spinach_sy69db2nz5,900x1200,15603862404213446598|11875586545082898204|11746253225624045540|4197134087349542616|2024107512865738404|14273938082327596248|15572927507798114106|16467160296882111395
dataset\_work\final\spinach\train\anomala\Bacterial-Spot(752)__Bacterial-Spot (421).jpg,anomala,train,spinach_sy69db2nz5,900x1200,17063742095063717530|14450949610536671142|15032772577801652128|17583806938819796186|12004093272450829512|11103104962733264620|15716550544295921396|11585256264730648528
dataset\_work\final\spinach\train\anomala\Bacterial-Spot(752)__Bacterial-Spot (422).jpg,anomala,train,spinach_sy69db2nz5,900x1200,12271629615366082020|12127514878664462104|1172772187042169520|12906645929459170802|1751635408163589544|16432807138597162410|17491179593810189747|12700743771030439440
dataset\_work\final\spinach\train\anomala\Bacterial-Spot(752)__Bacterial-Spot (423).jpg,anomala,train,spinach_sy69db2nz5,900x1200,14595196825706632091|12452046197808117542|2613496288955830184|15806930039521349354|2753699431412846252|11174318184051150026|16865452062060535259|12145930177607714084
dataset\_work\final\spinach\train\anomala\Bacterial-Spot(752)__Bacterial-Spot (424).jpg,anomala,train,spinach_sy69db2nz5,900x1200,13136030512078854076|10542238549545785282|3477776182924496824|17527216173368610018|13985676902343265682|13553344687075380406|16288427054665186803|13280982427771814704
dataset\_work\final\spinach\train\anomala\Bacterial-Spot(752)__Bacterial-Spot (425).jpg,anomala,train,spinach_sy69db2nz5,900x1200,13280717411705065452|13874910984270712520|2345820165835540144|17549999154010692834|14415634395699776960|17045849879724052152|16328985891129233139|12702001543269289504
dataset\_work\final\spinach\train\anomala\Bacterial-Spot(752)__Bacterial-Spot (426).jpg,anomala,train,spinach_sy69db2nz5,900x1200,14595611342125873054|12433346803589911430|2739053962762357734|11186720984108838552|9661126154800565420|11400602212524068554|10965762733797490587|16612392708997317414
dataset\_work\final\spinach\train\anomala\Bacterial-Spot(752)__Bacterial-Spot (427).jpg,anomala,train,spinach_sy69db2nz5,900x1200,13424261936069154716|11586932977414903750|2757191463262963632|11177158155066809586|14273898551314402720|11247514837440220346|17445852553500564891|12702269781232010022
dataset\_work\final\spinach\val\anomala\Bacterial-Spot(752)__Bacterial-Spot (428).jpg,anomala,val,spinach_sy69db2nz5,900x1200,12271340946589091478|12307508982160531350|580549849729681336|16685588263111368162|10853564150979677610|10810369838251199658|16293229652197937127|13278735060364103176
dataset\_work\final\spinach\val\anomala\Bacterial-Spot(752)__Bacterial-Spot (429).jpg,anomala,val,spinach_sy69db2nz5,900x1200,12127797109959632814|14451231050482523018|5082034016124618672|11317034861913316850|9951577570343816648|12549042004800523944|17446116093229731485|12702278551479748422
dataset\_work\final\spinach\val\anomala\Bacterial-Spot(752)__Bacterial-Spot (43).jpg,anomala,val,spinach_sy69db2nz5,325x433,5264192349497265034|5588416622873751436|5082069355511383622|11321551501397827101|10101370895169457741|9947076143870578249|2134173214094073501|5081792261468161862
dataset\_work\final\spinach\train\anomala\Bacterial-Spot(752)__Bacterial-Spot (430).jpg,anomala,train,spinach_sy69db2nz5,900x1200,17892404477567641478|13874770452848515998|2310077378933803956|18090730159077272786|11392733862637768128|9666702852148907768|15144549033129742331|13027509676286873376
dataset\_work\final\spinach\val\anomala\Bacterial-Spot(752)__Bacterial-Spot (432).jpg,anomala,val,spinach_sy69db2nz5,900x1200,12848081645264121756|10398123292749401030|2758035870845454260|11177158222309891538|14270511986319969680|11254265873529982386|15140290641574895003|12990500114366940710
dataset\_work\final\spinach\train\anomala\Bacterial-Spot(752)__Bacterial-Spot (433).jpg,anomala,train,spinach_sy69db2nz5,900x1200,14811819359011811212|5516376431503543246|3462990157241357282|17514251780260574904|14846990485823393356|10101335418405883597|13273848754179346419|16326405474574602032
dataset\_work\final\spinach\train\anomala\Bacterial-Spot(752)__Bacterial-Spot (434).jpg,anomala,train,spinach_sy69db2nz5,900x1200,16721468643909240516|14451794172770754508|2309787108401466032|17982661360205401330|14744520417743376328|14124989595562479336|17477396047922696185|12739006758689902112
dataset\_work\final\spinach\val\anomala\Bacterial-Spot(752)__Bacterial-Spot (435).jpg,anomala,val,spinach_sy69db2nz5,900x1200,17045587380409282510|14451513995146496908|5660810546537533390|10164135295798939276|10091242142951771848|14857143437497962220|10092033618621959821|14884158342799658830
dataset\_work\final\spinach\val\anomala\Bacterial-Spot(752)__Bacterial-Spot (436).jpg,anomala,val,spinach_sy69db2nz5,900x1200,17009680416016109292|14451943534335266504|2307539637915012256|16401581214475996402|14451503810979205064|17009690739439177452|17495515999479242467|11586651502303184416
dataset\_work\final\spinach\train\anomala\Bacterial-Spot(752)__Bacterial-Spot (437).jpg,anomala,train,spinach_sy69db2nz5,900x1200,14451504931890138568|14739730910002237420|2456747763783929830|13539798738510745240|17027977215327571660|14415211032778608328|10956755670904858555|16613518591758637090
dataset\_work\final\spinach\test\anomala\Bacterial-Spot(752)__Bacterial-Spot (438).jpg,anomala,test,spinach_sy69db2nz5,900x1200,14744230077753954012|14737501169066413764|2309813496612884192|18126750160540077816|14163287613177300684|15892683218441707212|17874293494708146171|16180873960636485152
dataset\_work\final\spinach\train\anomala\Bacterial-Spot(752)__Bacterial-Spot (439).jpg,anomala,train,spinach_sy69db2nz5,900x1200,17770516021003628524|10396153105754164168|2595915149601131430|15825418429816319130|14414629477035165328|17018908632408825334|11109288582566551515|12018707894981297700
dataset\_work\final\spinach\train\anomala\Bacterial-Spot(752)__Bacterial-Spot (44).jpg,anomala,train,spinach_sy69db2nz5,433x577,5371965353804634012|3264704144054884102|2324859127493527364|161300619497774617|438858191171702317|11247523478570437962|1809944638066146562|4937936471841522464
dataset\_work\final\spinach\val\anomala\Bacterial-Spot(752)__Bacterial-Spot (440).jpg,anomala,val,spinach_sy69db2nz5,1200x900,11258567060199808971|14304295631991539244|17189702594963386044|616455526839585602|3172230697382413254|14672480466833456796|4794953823583440392|13559889222002249454
dataset\_work\final\spinach\train\anomala\Bacterial-Spot(752)__Bacterial-Spot (441).jpg,anomala,train,spinach_sy69db2nz5,900x1200,16919054233429837772|9857409862489284300|3747860356946151076|15221945992668421594|14708223167291116680|14737791389208071402|15752797800464072659|11837301756697707316
dataset\_work\final\spinach\val\anomala\Bacterial-Spot(752)__Bacterial-Spot (442).jpg,anomala,val,spinach_sy69db2nz5,900x1200,13136030507790741228|10434152708243884744|3460610624235720080|17554765399747087858|14450377797388914064|17054726271571741878|17459679736850456563|10398111232422774320
dataset\_work\final\spinach\test\anomala\Bacterial-Spot(752)__Bacterial-Spot (443).jpg,anomala,test,spinach_sy69db2nz5,900x1200,11249481065143409324|5082043113361745354|5478125573968955342|14816722974947217292|14602118226068080454|12401324765991607964|10092312885319671757|14845948389521491532
dataset\_work\final\spinach\train\anomala\Bacterial-Spot(752)__Bacterial-Spot (444).jpg,anomala,train,spinach_sy69db2nz5,900x1200,18036228858225592044|11551045396772658888|1730093654146238096|16698536250217242102|14456004616779615648|17043361682611391994|17770410519490903527|10396149703611187736
dataset\_work\final\spinach\test\anomala\Bacterial-Spot(752)__Bacterial-Spot (445).jpg,anomala,test,spinach_sy69db2nz5,900x1200,14739774976228276132|14739774718929605594|4937958702583745478|15933202343308242588|15713926747767672524|11833004642389954252|11254019445176868573|14306543000541955908
dataset\_work\final\spinach\train\anomala\Bacterial-Spot(752)__Bacterial-Spot (446).jpg,anomala,train,spinach_sy69db2nz5,900x1200,15608921069642805112|2631825380057221569|2595796488179647942|15825375428871937692|13909696448949093924|8678202711218822872|11267473189678587867|14304882823345931812
dataset\_work\final\spinach\train\anomala\Bacterial-Spot(752)__Bacterial-Spot (447).jpg,anomala,train,spinach_sy69db2nz5,900x1200,12530851614896373564|5230964069025907651|5083159918044316578|11326059653746277818|14052109480785516616|4341196293117830829|13420003678262079133|11674325854858742598
dataset\_work\final\spinach\train\anomala\Bacterial-Spot(752)__Bacterial-Spot (448).jpg,anomala,train,spinach_sy69db2nz5,900x1200,18072257036383301368|2327391921255451616|3460047656960361380|17572216985606897370|16180178985476312096|17883281812404227578|15726058828792258035|11854330786101527600
dataset\_work\final\spinach\train\anomala\Bacterial-Spot(752)__Bacterial-Spot (449).jpg,anomala,train,spinach_sy69db2nz5,1200x900,2613929650586486243|15824820244560961080|14088120608653004452|4052693546841837018|4061815027123789275|16394528723825280548|15748250117625298488|11839575494835012547
dataset\_work\final\spinach\train\anomala\Bacterial-Spot(752)__Bacterial-Spot (45).jpg,anomala,train,spinach_sy69db2nz5,433x577,468662463479875424|1315085309718633473|21127713117916750|12680865910721805|79970912889159698|6919577447986266374|976451177611603200|5642534294138080000
dataset\_work\final\spinach\train\anomala\Bacterial-Spot(752)__Bacterial-Spot (450).jpg,anomala,train,spinach_sy69db2nz5,1200x900,662375641770724258|7958743703865405112|10521267515011578936|13132301965185237986|13271622389296493422|11712627892708651273|16339911801796771766|4052148481199768466
dataset\_work\final\spinach\train\anomala\Bacterial-Spot(752)__Bacterial-Spot (451).jpg,anomala,train,spinach_sy69db2nz5,900x1200,17189701218957338534|616596273022049178|2740173351573883842|11177740053144022716|11104556300969152008|11972552458893692654|13559861476181614491|14018453481565521702
dataset\_work\final\spinach\test\anomala\Bacterial-Spot(752)__Bacterial-Spot (452).jpg,anomala,test,spinach_sy69db2nz5,900x1200,16919054198398990316|12163252940757996488|3190240784147006370|14671952529246792890|14416896652563369128|17021116228352003306|13415139219106405835|11728230151480362540
dataset\_work\final\spinach\val\anomala\Bacterial-Spot(752)__Bacterial-Spot (453).jpg,anomala,val,spinach_sy69db2nz5,900x1200,16610994216275751891|10996707422064292660|14884136197214670724|10092064559230488286|3761362376505924760|15218559359817320166|16000794830019432076|9551997400815734734
dataset\_work\final\spinach\train\anomala\Bacterial-Spot(752)__Bacterial-Spot (454).jpg,anomala,train,spinach_sy69db2nz5,1200x900,13116465168203318916|10529186363699273694|2595778758083243228|15825384156051687876|16041591208089165714|9513444728810178486|14143992368714457051|15883085409174881828
dataset\_work\final\spinach\val\anomala\Bacterial-Spot(752)__Bacterial-Spot (455).jpg,anomala,val,spinach_sy69db2nz5,900x1200,17315653420447386571|12703825719632735496|11533585772419353634|18018653735975047099|589177889263340976|14648955229946465776|13533191669521715194|2453492058389155744
dataset\_work\final\spinach\val\anomala\Bacterial-Spot(752)__Bacterial-Spot (456).jpg,anomala,val,spinach_sy69db2nz5,900x1200,10398123930829168601|10686212910391101028|10522241697084286592|13159305043205069806|7207463810126204308|15681410326086962576|17193404443647713206|9234212135205275282
dataset\_work\final\spinach\train\anomala\Bacterial-Spot(752)__Bacterial-Spot (457).jpg,anomala,train,spinach_sy69db2nz5,900x1200,16919336174085689261|12127224191102225738|3460606346507716882|15176900100595019671|5335969675871145128|12488424160911871466|10912096652570304466|1299585460016449072
dataset\_work\final\spinach\test\anomala\Bacterial-Spot(752)__Bacterial-Spot (458).jpg,anomala,test,spinach_sy69db2nz5,900x1200,14739751680666718116|14739867129581276634|11855465482160082322|15717060425102085814|15712256624171650764|11839852485900406476|13136594527185215194|10560112124667070372
dataset\_work\final\spinach\test\anomala\Bacterial-Spot(752)__Bacterial-Spot (459).jpg,anomala,test,spinach_sy69db2nz5,900x1200,17603883297912889321|15009809358489781352|10396004516528326288|16617472419129434102|7495148730003115472|16834322433171148276|17770939418406788582|10377990100906100368
dataset\_work\final\spinach\train\anomala\Bacterial-Spot(752)__Bacterial-Spot (46).jpg,anomala,train,spinach_sy69db2nz5,433x577,883441160493150088|441711818975153036|1163695668557203232|4943295624905629056|10091189212415402246|9813105024327041548|9231603110523017796|2325831611104830992
dataset\_work\final\spinach\train\anomala\Bacterial-Spot(752)__Bacterial-Spot (460).jpg,anomala,train,spinach_sy69db2nz5,900x1200,15676519078005805004|7245741147164446412|2631812090858767948|15681031542041452493|14703737160445169252|14740047586458046169|14816582289034026713|5478126569322153508
dataset\_work\final\spinach\test\anomala\Bacterial-Spot(752)__Bacterial-Spot (461).jpg,anomala,test,spinach_sy69db2nz5,1200x900,12395611547249348104|14600123668322226159|10382502496828361896|16615766114387873512|17262049015748337354|580549866230318764|16775362391957280742|12145098869441500816
dataset\_work\final\spinach\test\anomala\Bacterial-Spot(752)__Bacterial-Spot (462).jpg,anomala,test,spinach_sy69db2nz5,900x1200,15190303197648248779|10704085022644438060|9250548725988786824|16066959524379996110|3171745303909665940|14690546057852276434|14893192447274187230|9800396864637198464
dataset\_work\final\spinach\train\anomala\Bacterial-Spot(752)__Bacterial-Spot (463).jpg,anomala,train,spinach_sy69db2nz5,900x1200,17045735496683984886|14451635601776514704|12718791223583084040|17490963919880031983|10382564069218881224|17768703011764211436|17261909892703436018|616436891549008560
dataset\_work\final\spinach\test\anomala\Bacterial-Spot(752)__Bacterial-Spot (464).jpg,anomala,test,spinach_sy69db2nz5,900x1200,16162722174453370605|11550780915303484744|13260294034155244690|16329805044210651062|5227841575934905504|17099779739922877920|13172903768320090082|10523801836027578040
dataset\_work\final\spinach\train\anomala\Bacterial-Spot(752)__Bacterial-Spot (465).jpg,anomala,train,spinach_sy69db2nz5,1200x900,11251684701324024360|14022871160610858731|188621316759692952|13584694411138079718|16980337729520769986|2925683015478879900|16616908882249746108|10963599421566000642
dataset\_work\final\spinach\train\anomala\Bacterial-Spot(752)__Bacterial-Spot (466).jpg,anomala,train,spinach_sy69db2nz5,900x1200,15288540508159975391|10388550992368961028|1452207552099460618|15211784289359207343|289971105300229008|16113610136174341076|12653741900035857363|731279768003487508
dataset\_work\final\spinach\train\anomala\Bacterial-Spot(752)__Bacterial-Spot (467).jpg,anomala,train,spinach_sy69db2nz5,900x1200,17625290821782687691|10387067132017708332|10539635456371232774|13158828880788174495|3174207634039776912|14650015659838970356|11508534379753086390|472911150691796114
dataset\_work\final\spinach\train\anomala\Bacterial-Spot(752)__Bacterial-Spot (468).jpg,anomala,train,spinach_sy69db2nz5,900x1200,17630411178651914191|14999322731827564040|10386149130086069780|16589923085581259735|580408027204298960|14956348377985297396|15533793827096574950|1456354877881131920
dataset\_work\final\spinach\train\anomala\Bacterial-Spot(752)__Bacterial-Spot (469).jpg,anomala,train,spinach_sy69db2nz5,1200x900,1197411202566130457|17763902664784949095|868780276742789570|14955924462846305936|7435195866783123190|1804543785780092432|10405152556553506511|14022271930468863500
dataset\_work\final\spinach\train\anomala\Bacterial-Spot(752)__Bacterial-Spot (47).jpg,anomala,train,spinach_sy69db2nz5,346x433,5376513054958358088|3262456862547578381|2325553968174829121|152312318868295233|940741269256357421|5192099734666779978|4723729814884654338|4723729839646262816
dataset\_work\final\spinach\test\anomala\Bacterial-Spot(752)__Bacterial-Spot (470).jpg,anomala,test,spinach_sy69db2nz5,900x1200,17890424305313351631|16148939074367069708|9531625649778132496|10672751696906526711|873156283636522208|14953981831942129656|17842996905072336276|1154618167132374916
dataset\_work\final\spinach\train\anomala\Bacterial-Spot(752)__Bacterial-Spot (471).jpg,anomala,train,spinach_sy69db2nz5,1200x900,11285605201448181210|14305295243560765092|16901752611121123017|12109078998204124268|11837296242371495622|15752920876649455260|7821654369083264168|14541673854936715242
dataset\_work\final\spinach\train\anomala\Bacterial-Spot(752)__Bacterial-Spot (472).jpg,anomala,train,spinach_sy69db2nz5,900x1200,18369281961639732986|9279891910353131680|18372687733271230716|9277583026396389568|11572173543152863360|18079285735592881406|13898263028548812928|18228546636075170046
dataset\_work\final\spinach\val\anomala\Bacterial-Spot(752)__Bacterial-Spot (473).jpg,anomala,val,spinach_sy69db2nz5,900x1200,12460350930138156780|14467830411886496968|17932941308977401064|13872254701801491680|14450949575639288008|17063742301287738540|16198495846447613120|16774930678429769464
dataset\_work\final\spinach\val\anomala\Bacterial-Spot(752)__Bacterial-Spot (474).jpg,anomala,val,spinach_sy69db2nz5,900x1200,17496350468264021494|12685688314804980880|17364398294255980272|15033228875353984240|10397763186661919920|17784043255957475314|17333403055030444240|17351954312573287152
dataset\_work\final\spinach\train\anomala\Bacterial-Spot(752)__Bacterial-Spot (475).jpg,anomala,train,spinach_sy69db2nz5,900x1200,17043326776620820364|14456008454377642830|10702249317598071695|14311911091658501646|5628154939286986440|10099149985163478764|1021832657314488006|10343388633289426580
dataset\_work\final\spinach\train\anomala\Bacterial-Spot(752)__Bacterial-Spot (476).jpg,anomala,train,spinach_sy69db2nz5,1200x900,11258196576188710130|9674747102546346928|12596020909252743132|9839396641085919172|12737027552273187718|17454895761826659740|14127538164630260872|15857006918583111342
dataset\_work\final\spinach\val\anomala\Bacterial-Spot(752)__Bacterial-Spot (477).jpg,anomala,val,spinach_sy69db2nz5,900x1200,18144729357161532377|2309254875853303652|12017599655947519974|11104776153559604376|7219009734704040992|15639654772540690427|10960677885976190106|16629430647329900454
dataset\_work\final\spinach\train\anomala\Bacterial-Spot(752)__Bacterial-Spot (478).jpg,anomala,train,spinach_sy69db2nz5,900x1200,7209166807734109728|15694807066468064762|11285623807709453554|5081773483408737968|18058623409220734937|2325694747556645988|12738030271771084358|17481907429298380444
dataset\_work\final\spinach\val\anomala\Bacterial-Spot(752)__Bacterial-Spot (479).jpg,anomala,val,spinach_sy69db2nz5,900x1200,14703710780857326494|14740060919247087494|14305461028384083908|11245016783052017628|9666791140497002444|11392722999960604364|15856927444110085788|14127518257014736838
dataset\_work\final\spinach\train\anomala\Bacterial-Spot(752)__Bacterial-Spot (48).jpg,anomala,train,spinach_sy69db2nz5,433x577,2471788545632444940|2327673359704072204|3188723625580380172|729871775579906310|873783602516479264|874346002714086690|441641159849550090|882878344614330412
dataset\_work\final\spinach\train\anomala\Bacterial-Spot(752)__Bacterial-Spot (480).jpg,anomala,train,spinach_sy69db2nz5,900x1200,10236465362762681482|10092324043904470414|10956147417102552456|14325826303391125486|10253868536290283404|9965356735696408462|17172105631710040006|9803551436385946776
dataset\_work\final\spinach\test\anomala\Bacterial-Spot(752)__Bacterial-Spot (481).jpg,anomala,test,spinach_sy69db2nz5,900x1200,11285470013519532012|14305172990866427592|14305450051691548352|11249476263400411116|14415489191505790662|17045886198226853532|17045890587148623516|13839046306198947782
dataset\_work\final\spinach\train\anomala\Bacterial-Spot(752)__Bacterial-Spot (482).jpg,anomala,train,spinach_sy69db2nz5,900x1200,16847565103947550689|7533455869809200760|5520902038752841464|14809527839742135392|8650868543723048040|16253226241246875369|6956959864413456077|17928433446924820044
dataset\_work\final\spinach\train\anomala\Bacterial-Spot(752)__Bacterial-Spot (483).jpg,anomala,train,spinach_sy69db2nz5,900x1200,14811938486516969169|5516406200039409780|7531714054747642353|7610677783807616112|8396992524395646540|15127247635034115789|8098825676600090217|17426973629207709288
dataset\_work\final\spinach\train\anomala\Bacterial-Spot(752)__Bacterial-Spot (484).jpg,anomala,train,spinach_sy69db2nz5,900x1200,17421910421312866033|6925427245789978208|976761287144277604|5660491552411524632|6962036396706962528|17403605589162969073|1774020827295747662|7243642175910022669
dataset\_work\final\spinach\train\anomala\Bacterial-Spot(752)__Bacterial-Spot (485).jpg,anomala,train,spinach_sy69db2nz5,900x1200,17045882037159137768|14415489804447217576|10237573928450232014|1024334732457381516|12139267809609453256|16722170377998143468|10128093166799894286|14883854946509984654
dataset\_work\final\spinach\train\anomala\Bacterial-Spot(752)__Bacterial-Spot (486).jpg,anomala,train,spinach_sy69db2nz5,900x1200,16467151553709944712|15572945134912343022|10238717334443231182|10238690946162564748|17152831476202938072|9813175796940113892|10096515296599938958|14881897763938441102
dataset\_work\final\spinach\train\anomala\Bacterial-Spot(752)__Bacterial-Spot (487).jpg,anomala,train,spinach_sy69db2nz5,900x1200,14595064901894348765|12452056265512388420|17602194929551642470|14996157861244374681|4901898939463618220|15933505989506403530|11028795603635019216|7390155385162647540
dataset\_work\final\spinach\train\anomala\Bacterial-Spot(752)__Bacterial-Spot (488).jpg,anomala,train,spinach_sy69db2nz5,900x1200,14778037869440614073|5518901151390335842|5518658948454913927|14814049152149427742|7098549698693404492|13348184501715670733|2167932602400609997|9770329675576874572
dataset\_work\final\spinach\train\anomala\Bacterial-Spot(752)__Bacterial-Spot (489).jpg,anomala,train,spinach_sy69db2nz5,900x1200,6957796602362140620|17946298448988018636|10132821033108080206|14845622693495021197|14706244090644598521|14706283955625103200|10204663260376925902|5658213465240870796
dataset\_work\final\spinach\test\anomala\Bacterial-Spot(752)__Bacterial-Spot (49).jpg,anomala,test,spinach_sy69db2nz5,433x577,5229579809725029913|9887146636303632196|11317025807755609672|5084312462647565833|4937936662625990281|1809944724269929288|657018908017659718|5225920565770391197
dataset\_work\final\spinach\val\anomala\Bacterial-Spot(752)__Bacterial-Spot (490).jpg,anomala,val,spinach_sy69db2nz5,900x1200,12926614142849878884|3663975402757893840|7406054789572085361|11032717471275457888|15000970681536928050|7244914271611479219|6961894416681671833|8162359360297092966
dataset\_work\final\spinach\train\anomala\Bacterial-Spot(752)__Bacterial-Spot (491).jpg,anomala,train,spinach_sy69db2nz5,900x1200,16847556754127949513|7533447017681358444|5516370950796830392|5588570330489592162|7822223752714685544|14523553611931963113|7104743040469143117|13287456301292883532
dataset\_work\final\spinach\train\anomala\Bacterial-Spot(752)__Bacterial-Spot (492).jpg,anomala,train,spinach_sy69db2nz5,900x1200,17989213729971750640|6961050129728969968|7243511374285827314|15680978733262194864|17337783475849042528|17349708080442943225|12702557325190733529|17504592996247504484
dataset\_work\final\spinach\train\anomala\Bacterial-Spot(752)__Bacterial-Spot (493).jpg,anomala,train,spinach_sy69db2nz5,900x1200,16611126097708657431|1773915000513702679|5155272787062539115|2102709805312850985|1669528534532922904|1669468928479561446|2971363530891275805|7765077916348943175
dataset\_work\final\spinach\train\anomala\Bacterial-Spot(752)__Bacterial-Spot (494).jpg,anomala,train,spinach_sy69db2nz5,900x1200,17459416268532313808|12739992947121883380|2649971521544415698|15824547447030309284|17620384145770073520|15019095324881734898|11844905308765199579|15161805777202038308
dataset\_work\final\spinach\test\anomala\Bacterial-Spot(752)__Bacterial-Spot (495).jpg,anomala,test,spinach_sy69db2nz5,900x1200,14740025622430846924|5480343443204673228|14887558084288546528|10098797917235027520|14703790246845681228|14740040947141677004|4656228553881495180|16178622229812845518
dataset\_work\final\spinach\train\anomala\Bacterial-Spot(752)__Bacterial-Spot (496).jpg,anomala,train,spinach_sy69db2nz5,900x1200,16829114029279998409|7516119852551794792|3480444847542538336|12920139704779142777|7525686553488608872|14551630188678385129|8788431142464146867|6958092271380483376
dataset\_work\final\spinach\train\anomala\Bacterial-Spot(752)__Bacterial-Spot (497).jpg,anomala,train,spinach_sy69db2nz5,900x1200,16485025368641834696|14455488428494786540|14703728742250563188|5516411710298561744|17045899340628270280|14415515786755163876|15031931623341526604|8414565972251446988
dataset\_work\final\spinach\train\anomala\Bacterial-Spot(752)__Bacterial-Spot (498).jpg,anomala,train,spinach_sy69db2nz5,900x1200,16414924732829503342|4056650586852363913|16629404404752041721|10960703982868012128|9875891743157537848|7966607238494670307|6961454771433512088|17998230342183667686
dataset\_work\final\spinach\train\anomala\Bacterial-Spot(752)__Bacterial-Spot (499).jpg,anomala,train,spinach_sy69db2nz5,900x1200,11357580435722540996|5081787863623473104|5660803744181716942|10092024976910262156|14994500982986212934|14129809854935309981|10096818736373894796|14845877968499609422
dataset\_work\final\spinach\train\anomala\Bacterial-Spot(752)__Bacterial-Spot (5).jpg,anomala,train,spinach_sy69db2nz5,675x1200,6960484980902268460|13395612476373438411|5793405498385468940|17697190668579835595|14667950223314577081|3174509143702411360|14631648986089232885|904677220751992400
dataset\_work\final\spinach\val\anomala\Bacterial-Spot(752)__Bacterial-Spot (50).jpg,anomala,val,spinach_sy69db2nz5,433x577,2471788051933579282|2471788155205716274|2471787996543585570|2471788552163118114|3605428538352487714|1317459138217659682|2471508159585209634|2453632997456235810
dataset\_work\final\spinach\train\anomala\Bacterial-Spot(752)__Bacterial-Spot (500).jpg,anomala,train,spinach_sy69db2nz5,900x1200,5586177913714612174|5592933157932832388|14309971742256254696|11247215744734170344|9517820233186254413|14886392619211392589|16756784982862796444|16775362616305096646
dataset\_work\final\spinach\train\anomala\Bacterial-Spot(752)__Bacterial-Spot (501).jpg,anomala,train,spinach_sy69db2nz5,900x1200,17135799826808014790|5227577573547384472|5084308012723062512|11317008353577639136|10961224051331599432|14305428249840701165|16184845465355226781|17349562462253846342
dataset\_work\final\spinach\val\anomala\Bacterial-Spot(752)__Bacterial-Spot (502).jpg,anomala,val,spinach_sy69db2nz5,900x1200,17575805065036793441|3479114919660396128|6424049601615488763|7320896100269594656|6962035160616028208|7027311997734480371|2348658156131621221|18151414817029563993
dataset\_work\final\spinach\test\anomala\Bacterial-Spot(752)__Bacterial-Spot (503).jpg,anomala,test,spinach_sy69db2nz5,900x1200,17549698884388720591|3480876908316397324|3478902125773168624|13915329340935964352|868929793487228464|14920160785694887411|13836763515109383617|17338593750805071664
dataset\_work\final\spinach\train\anomala\Bacterial-Spot(752)__Bacterial-Spot (504).jpg,anomala,train,spinach_sy69db2nz5,900x1200,14812078809805983452|5480374091552034372|14744287527438359769|14737505490205132388|4939945434802228812|15892801914427117517|7261503694823458508|15680459934711652044
dataset\_work\final\spinach\train\anomala\Bacterial-Spot(752)__Bacterial-Spot (505).jpg,anomala,train,spinach_sy69db2nz5,900x1200,18446635351823866879|77548101182464|18228544370222550259|13898333429412285488|10140329861054464|18436504554361978879|3480172102366847168|17567574127429875964
dataset\_work\final\spinach\train\anomala\Bacterial-Spot(752)__Bacterial-Spot (506).jpg,anomala,train,spinach_sy69db2nz5,900x1200,18126451264770203090|2345837921230079012|18054260471390772943|2327945404890613260|2613371030598028832|15194316262967054075|866382190282690080|14960570106153700858
dataset\_work\final\spinach\train\anomala\Bacterial-Spot(752)__Bacterial-Spot (507).jpg,anomala,train,spinach_sy69db2nz5,900x1200,16145140038959536486|15568679157612627481|15176336064613686941|2613850864242361926|1821291650241990616|7392973417551433696|5081752680595146276|11357584833953766866
dataset\_work\final\spinach\test\anomala\Bacterial-Spot(752)__Bacterial-Spot (508).jpg,anomala,test,spinach_sy69db2nz5,900x1200,14415797492846112109|9804111474955602760|10961240544478404174|16611416394252355212|5209274073241292680|7866960665904353224|10089896133663623142|5665033788080922264
dataset\_work\final\spinach\train\anomala\Bacterial-Spot(752)__Bacterial-Spot (509).jpg,anomala,train,spinach_sy69db2nz5,900x1200,4723720820552568393|6955263232006917997|5516512736048547684|14811800444041895641|7894558457654642272|5264187994432572993|15644967508842548941|7243783879303597644
dataset\_work\final\spinach\train\anomala\Bacterial-Spot(752)__Bacterial-Spot (51).jpg,anomala,train,spinach_sy69db2nz5,433x577,11321538272361944576|5082043036016776704|4942475687013596828|1807688586807575302|6200314496255814|42255447653031581|469272873525253657|11258563058164012868
dataset\_work\final\spinach\train\anomala\Bacterial-Spot(752)__Bacterial-Spot (510).jpg,anomala,train,spinach_sy69db2nz5,900x1200,7104743315874972919|1244830889046695696|11551319160077655887|16324737441952302605|1215707067839890961|17799368375082588514|938461861301358050|5737470577808461472
dataset\_work\final\spinach\train\anomala\Bacterial-Spot(752)__Bacterial-Spot (511).jpg,anomala,train,spinach_sy69db2nz5,900x1200,13877331197997054767|13877291615913976067|4654501165060230856|18007299631231241964|225478065840166592|3421344865515968192|17045719538140178169|14451503811289454656
dataset\_work\final\spinach\train\anomala\Bacterial-Spot(752)__Bacterial-Spot (512).jpg,anomala,train,spinach_sy69db2nz5,900x1200,14095192934157584231|2361587327153151769|2758334938471696204|11032752832353345100|1810173740647695904|7423919318211992771|5484851337461374105|5514419300075783974
dataset\_work\final\spinach\test\anomala\Bacterial-Spot(752)__Bacterial-Spot (513).jpg,anomala,test,spinach_sy69db2nz5,900x1200,16490103926950403768|15583728061720004450|12738017664103565220|16184844378780343770|7099673175172465880|13267084687301335268|15716769016244509920|11837583645877978800
dataset\_work\final\spinach\val\anomala\Bacterial-Spot(752)__Bacterial-Spot (514).jpg,anomala,val,spinach_sy69db2nz5,900x1200,14451544593398697541|14739774994913627736|14739742918656099916|14739884756195319501|6345012641285770956|4975984428241358536|14816340482314440396|5514115732114673356
dataset\_work\final\spinach\train\anomala\Bacterial-Spot(752)__Bacterial-Spot (515).jpg,anomala,train,spinach_sy69db2nz5,900x1200,14415485068469804859|14740025588372145953|4651116872650393544|18000490869229821932|2379896453835755468|4260149144147398344|17014347789055282937|14413532198715427904
dataset\_work\final\spinach\train\anomala\Bacterial-Spot(752)__Bacterial-Spot (516).jpg,anomala,train,spinach_sy69db2nz5,900x1200,2489381338454105884|11802825402218383303|7207891438503661132|15572944172403297997|14341483581225815203|2026350817628359714|14811800685233184472|5480483836025571172
dataset\_work\final\spinach\train\anomala\Bacterial-Spot(752)__Bacterial-Spot (517).jpg,anomala,train,spinach_sy69db2nz5,900x1200,11659413969665759213|7101066256129397320|5514260850477844004|14744246552846835163|5193243054958349410|17120195592288456353|15824864138583514828|2613938360856053324
dataset\_work\final\spinach\train\anomala\Bacterial-Spot(752)__Bacterial-Spot (518).jpg,anomala,train,spinach_sy69db2nz5,900x1200,12883688282397814733|3660457978857458504|2758335006930323238|11104810387670179226|5191255404231773234|14785088247869394098|11105074274740083866|2758343803022821158
dataset\_work\final\spinach\train\anomala\Bacterial-Spot(752)__Bacterial-Spot (519).jpg,anomala,train,spinach_sy69db2nz5,900x1200,6955531608103786131|9303943541830948630|11319273381621368646|5086599361001365149|1627804276141006465|10598666766618167136|11321547240523929414|5082051746279397021
dataset\_work\final\spinach\train\anomala\Bacterial-Spot(752)__Bacterial-Spot (52).jpg,anomala,train,spinach_sy69db2nz5,450x554,11105083087827704728|2758326279952082694|2757200310619539332|1890718234457874328|443370552599201574|10960401582812700058|10961541037569228058|9513593633187250982
dataset\_work\final\spinach\val\anomala\Bacterial-Spot(752)__Bacterial-Spot (521).jpg,anomala,val,spinach_sy69db2nz5,900x1200,6956952168642054943|8128451124285746951|7243920167339787078|15645001800735927965|517682154458566256|2236964426002435168|11326049740974857945|5081066583197189988
dataset\_work\final\spinach\train\anomala\Bacterial-Spot(752)__Bacterial-Spot (522).jpg,anomala,train,spinach_sy69db2nz5,900x1200,6956969794043055667|7047578348533288739|2598179129943101024|15676491658597699321|2562283305177697889|3678894469070949472|17946306970304024281|6957523931269303844
dataset\_work\final\spinach\val\anomala\Bacterial-Spot(752)__Bacterial-Spot (523).jpg,anomala,val,spinach_sy69db2nz5,900x1200,16757638256869455792|16721328112011514834|14886410211473196006|10094285383805574808|15137498922023849704|12697674261479264232|10961240475152619148|16610290529303238606
dataset\_work\final\spinach\train\anomala\Bacterial-Spot(752)__Bacterial-Spot (525).jpg,anomala,train,spinach_sy69db2nz5,900x1200,14704010071694315340|14704036718276186061|14881928576973119116|10096546392397022926|14776072253631827916|5480629272972562380|14881603156158127756|10132597110797469646
dataset\_work\final\spinach\train\anomala\Bacterial-Spot(752)__Bacterial-Spot (526).jpg,anomala,train,spinach_sy69db2nz5,900x1200,6956952167563855456|17928283844756086776|16775494796277417708|16756801548450701000|17915054537963458296|6919225621915602016|14456024956193901800|17043458306708328168
dataset\_work\final\spinach\train\anomala\Bacterial-Spot(752)__Bacterial-Spot (527).jpg,anomala,train,spinach_sy69db2nz5,900x1200,16757361144337073934|16757374467698270091|14308836667167574983|11256240647610707484|10024831640131833576|1010817517328502504|2030602380389856924|14378756827707052998
dataset\_work\final\spinach\train\anomala\Bacterial-Spot(752)__Bacterial-Spot (528).jpg,anomala,train,spinach_sy69db2nz5,900x1200,5228133024859631464|17045578602164456425|14888679586152024006|10089773125793423004|16792519369737342700|7507288687840824904|11249485214211311244|14305459036361301966
dataset\_work\final\spinach\train\anomala\Bacterial-Spot(752)__Bacterial-Spot (529).jpg,anomala,train,spinach_sy69db2nz5,900x1200,14451491833078292312|17045631430666160101|14737787008140416716|14708258524261422796|16503185187195031276|6349819568646753992|14742030058134380236|14742132209635002316
dataset\_work\final\spinach\test\anomala\Bacterial-Spot(752)__Bacterial-Spot (53).jpg,anomala,test,spinach_sy69db2nz5,445x561,4800026017322971922|2397752436739224374|2468961207798826820|3620109303230701081|3905512766140007969|1311439381170396482|1809927166880005426|4937934393412109090
dataset\_work\final\spinach\train\anomala\Bacterial-Spot(752)__Bacterial-Spot (530).jpg,anomala,train,spinach_sy69db2nz5,900x1200,6956951067886433224|18000482246344782828|16628278919091688390|10969711196536977052|17019977650037313273|14425914718211181664|11256244337442176152|14308942716015461350
dataset\_work\final\spinach\test\anomala\Bacterial-Spot(752)__Bacterial-Spot (531).jpg,anomala,test,spinach_sy69db2nz5,900x1200,16466870138858317612|15608974223991315403|14881919788771413959|10096563710412066332|14635356669039058648|3181550579081250532|2021613082424581772|14379874009098717134
dataset\_work\final\spinach\train\anomala\Bacterial-Spot(752)__Bacterial-Spot (532).jpg,anomala,train,spinach_sy69db2nz5,900x1200,17351823109498309856|17333245605946838776|16757496358404280040|16757496306663329000|17928283706713148656|16180324222203055856|16756933356709908200|16775510756913745640
dataset\_work\final\spinach\train\anomala\Bacterial-Spot(752)__Bacterial-Spot (533).jpg,anomala,train,spinach_sy69db2nz5,900x1200,14088151386177277037|2035111563481829193|12699102097421344713|17492998237908567628|5318644761491095068|7857662197435696067|5478087073080394738|14528391581067001008
dataset\_work\final\spinach\train\anomala\Bacterial-Spot(752)__Bacterial-Spot (534).jpg,anomala,train,spinach_sy69db2nz5,900x1200,6960344175162564192|18007299629252052977|17358790047026106340|17336620192472894680|17404045472779724537|6925980265493600352|15567877601196022000|16487559160314980080
dataset\_work\final\spinach\test\anomala\Bacterial-Spot(752)__Bacterial-Spot (535).jpg,anomala,test,spinach_sy69db2nz5,900x1200,12882984558951610239|3480312962535330561|3192638270736123680|14667412641760026107|77435508137806896|9166838495599053234|18094669584599518667|2325981147039223340
dataset\_work\final\spinach\train\anomala\Bacterial-Spot(752)__Bacterial-Spot (536).jpg,anomala,train,spinach_sy69db2nz5,900x1200,7605487127720021232|7624179666199170288|17423307841066683632|3516359316918488304|17351399607946956393|17351399866644728937|17351400776850656304|17351259094459534577
dataset\_work\final\spinach\train\anomala\Bacterial-Spot(752)__Bacterial-Spot (537).jpg,anomala,train,spinach_sy69db2nz5,900x1200,12699038545244720344|17493053653497270244|17504522064394656710|12738587913548408732|16487552468923696114|15567904075642846384|11252000845351274672|14275068431359208690
dataset\_work\final\spinach\val\anomala\Bacterial-Spot(752)__Bacterial-Spot (538).jpg,anomala,val,spinach_sy69db2nz5,900x1200,17350272142575324384|17358155641349131504|17360477812138441976|17350271591552827488|17351400276133602544|16198478668447402224|6971587870113712368|17941372398570761456
dataset\_work\final\spinach\train\anomala\Bacterial-Spot(752)__Bacterial-Spot (539).jpg,anomala,train,spinach_sy69db2nz5,900x1200,15030935925048642752|17647010540054892280|12748720910032946936|17494388913289534688|17928420666974332660|13874515295292135632|16184854054827903218|17926045324721188016
dataset\_work\final\spinach\train\anomala\Bacterial-Spot(752)__Bacterial-Spot (54).jpg,anomala,train,spinach_sy69db2nz5,433x577,4795495939406430234|2400004719341404195|3623302263840607816|3605569740905844233|2522186849465093665|1873539458994179394|652625587387369778|5228140673882802226
dataset\_work\final\spinach\train\anomala\Bacterial-Spot(752)__Bacterial-Spot (540).jpg,anomala,train,spinach_sy69db2nz5,900x1200,12810070273429589744|8258544189332950240|17045718919258037488|14451503850346956016|16180323225773710450|17351963657545959089|17349024916964282056|17355896060883472108
dataset\_work\final\spinach\train\anomala\Bacterial-Spot(752)__Bacterial-Spot (541).jpg,anomala,train,spinach_sy69db2nz5,900x1200,15608498377087422172|16485037441448578756|17424021389686329074|8109872676409937072|14163414172903065316|15892796933883206872|12721559760123366512|17495938314695331569
dataset\_work\final\spinach\train\anomala\Bacterial-Spot(752)__Bacterial-Spot (542).jpg,anomala,train,spinach_sy69db2nz5,900x1200,5516354545424504524|5588420830766536396|16543440067278638796|6383332502775762636|14742035340672863821|14742009390882590284|14739761816714843736|14739748442185897701
dataset\_work\final\spinach\train\anomala\Bacterial-Spot(752)__Bacterial-Spot (543).jpg,anomala,train,spinach_sy69db2nz5,900x1200,5227568703617801440|16847561238888564472|3660456878979387116|3660456844619648712|17926181666579009257|16184835358877191240|14451544548877192242|17045617934376815666
dataset\_work\final\spinach\val\anomala\Bacterial-Spot(752)__Bacterial-Spot (544).jpg,anomala,val,spinach_sy69db2nz5,900x1200,7822354680044555982|14523711029255048844|17478220964805988080|12686155563825859808|10128080093866004169|14883881145347772012|16180359699005640368|17351818686588882930
dataset\_work\final\spinach\train\anomala\Bacterial-Spot(752)__Bacterial-Spot (545).jpg,anomala,train,spinach_sy69db2nz5,900x1200,5520866854778123824|5297938621177631731|14739744001189840870|14739744155542953624|17551404286717429321|3474042585026109004|10961276639380999884|16611277735521128140
dataset\_work\final\spinach\train\anomala\Bacterial-Spot(752)__Bacterial-Spot (546).jpg,anomala,train,spinach_sy69db2nz5,900x1200,14739748649118926758|14739761843658366746|14737789336275492806|14703790392340579996|1882255455827758796|11963609298104979148|11242747408068316876|14312225431420766156
dataset\_work\final\spinach\train\anomala\Bacterial-Spot(752)__Bacterial-Spot (547).jpg,anomala,train,spinach_sy69db2nz5,900x1200,16774930180539844192|16774938872958131961|18216659390476308208|13874524145347628272|17986971239298551016|6955262270075489512|17333235831274900672|17351981353483357948
dataset\_work\final\spinach\train\anomala\Bacterial-Spot(752)__Bacterial-Spot (548).jpg,anomala,train,spinach_sy69db2nz5,900x1200,16180340766215474888|17928415820714315500|17351963830143127264|16180323139671527160|17045609172911509240|14451500500087901408|17910295800098753760|16180900452136636144
dataset\_work\final\spinach\train\anomala\Bacterial-Spot(752)__Bacterial-Spot (549).jpg,anomala,train,spinach_sy69db2nz5,900x1200,5514441333853359948|14780289832560037580|14707396765244165868|14710774026375499464|14703706443310374605|5516644729489164108|14451531363019073484|17045591684805237708
dataset\_work\final\spinach\val\anomala\Bacterial-Spot(752)__Bacterial-Spot (55).jpg,anomala,val,spinach_sy69db2nz5,433x577,1160538145102896394|443339774495508268|10528340843703774988|2758185473073679118|3190689341908133638|728780836707441424|1011958629572232998|877976798962261138
dataset\_work\final\spinach\train\anomala\Bacterial-Spot(752)__Bacterial-Spot (550).jpg,anomala,train,spinach_sy69db2nz5,900x1200,14739215063335734344|14757895342658932429|17351260392247465721|8127888303850755936|14829952919584100044|5227612804344089804|6960053006411746416|17948594204838972656
dataset\_work\final\spinach\val\anomala\Bacterial-Spot(752)__Bacterial-Spot (551).jpg,anomala,val,spinach_sy69db2nz5,900x1200,11873343558542659300|15752489850569723608|17908338609414983416|16149401763409464544|15604452704516480218|16469130638840546980|16180331970997460704|17928433412263348216
dataset\_work\final\spinach\test\anomala\Bacterial-Spot(752)__Bacterial-Spot (552).jpg,anomala,test,spinach_sy69db2nz5,900x1200,7606068948912519986|7606029367601210291|14884156143516097486|10092103987502392972|12908177790713171561|3619503275796041321|10098867220426460812|14887696553835073486
dataset\_work\final\spinach\train\anomala\Bacterial-Spot(752)__Bacterial-Spot (554).jpg,anomala,train,spinach_sy69db2nz5,900x1200,4723738567693507475|7029581576904845110|7387908018217387852|11033262954209812168|3902099882308505185|10600118010533875265|14420006192099499673|5514406106733971302
dataset\_work\final\spinach\train\anomala\Bacterial-Spot(752)__Bacterial-Spot (555).jpg,anomala,train,spinach_sy69db2nz5,900x1200,14744261104296206280|14737531861908260844|14309954046459610062|10094303139369401996|17007574917983209164|14420296334993235660|10105577480261408396|14880846769199749062
dataset\_work\final\spinach\train\anomala\Bacterial-Spot(752)__Bacterial-Spot (556).jpg,anomala,train,spinach_sy69db2nz5,900x1200,5516363298534557650|14811793212290307732|5627022554416514628|10166369503830056665|10670746369377930957|15170137219748826700|15681014053406447245|4937663948174595918
dataset\_work\final\spinach\test\anomala\Bacterial-Spot(752)__Bacterial-Spot (557).jpg,anomala,test,spinach_sy69db2nz5,900x1200,2650542220096804504|15622008710496229094|2613925098197075620|15824837780774489306|16615519806342745304|10994987785686796324|15748030403457228251|11873321585362814500
dataset\_work\final\spinach\train\anomala\Bacterial-Spot(752)__Bacterial-Spot (559).jpg,anomala,train,spinach_sy69db2nz5,900x1200,12487521064840826758|5389847794409213598|3803029374234218032|15067979439380270579|11389092369456876618|9695980803130281133|17549725583116016849|3480890025247491892
dataset\_work\final\spinach\val\anomala\Bacterial-Spot(752)__Bacterial-Spot (560).jpg,anomala,val,spinach_sy69db2nz5,900x1200,7101066290757607320|11659413900812027588|3767150154308095652|15212357065995947608|14125020330482192033|10997538618562481250|6381063196138413523|11857440342827288372
dataset\_work\final\spinach\train\anomala\Bacterial-Spot(752)__Bacterial-Spot (561).jpg,anomala,train,spinach_sy69db2nz5,900x1200,15603871355056757651|7261657703461627702|16700355891159080910|1746365533516400268|3902174563241805412|10600080541775989976|10089817132030639128|14888657802084336615
dataset\_work\final\spinach\test\anomala\Bacterial-Spot(752)__Bacterial-Spot (562).jpg,anomala,test,spinach_sy69db2nz5,900x1200,5300216808632944359|5297951866217766680|3210551013739300428|14667708569855696589|1738115742850319945|16647027222362164809|14816336170764177099|5514150882329726508
dataset\_work\final\spinach\train\anomala\Bacterial-Spot(752)__Bacterial-Spot (563).jpg,anomala,train,spinach_sy69db2nz5,900x1200,2763413771255252589|11197503431119445577|1749089366515600936|16689529046802271723|5304702901913281947|7892020733824358694|16973282215882300903|2904420452992763416
dataset\_work\final\spinach\train\anomala\Bacterial-Spot(752)__Bacterial-Spot (564).jpg,anomala,train,spinach_sy69db2nz5,900x1200,7551582225424092384|16775001100860182264|8717154835592892152|16240136641209339104|17928423965660204264|16180463855206190184|16180331970533679329|17928433412504222072
dataset\_work\final\spinach\val\anomala\Bacterial-Spot(752)__Bacterial-Spot (565).jpg,anomala,val,spinach_sy69db2nz5,900x1200,7119098264876387440|12775734793036877040|1174329060685123168|17567853916778827385|17351400707861204145|8109872693389479010|8759094520618864115|6921625872643279888
dataset\_work\final\spinach\val\anomala\Bacterial-Spot(752)__Bacterial-Spot (566).jpg,anomala,val,spinach_sy69db2nz5,900x1200,14023116578670741190|2361723639650754204|3481145292906532449|17513722915534900841|11285464481406633504|14305278544788233410|7606037931299311091|7029616761419026224
dataset\_work\final\spinach\train\anomala\Bacterial-Spot(752)__Bacterial-Spot (567).jpg,anomala,train,spinach_sy69db2nz5,900x1200,3480312858851348237|16342874921741782863|3513523504765158948|17562963495614324187|5696788748848516578|940987387525090352|15824873003934465267|2613920785781998128
dataset\_work\final\spinach\train\anomala\Bacterial-Spot(752)__Bacterial-Spot (568).JPG,anomala,train,spinach_sy69db2nz5,900x1200,5556926316706269189|5550443752940466015|14094028293749381312|4388422524711724792|6876941170872878925|362623393203953229|17935237026816190012|13877908561994750147
dataset\_work\final\spinach\train\anomala\Bacterial-Spot(752)__Bacterial-Spot (569).JPG,anomala,train,spinach_sy69db2nz5,900x1200,3533512741900525829|8317320062219156319|3632307152108701856|12964120359875833082|6880318872068451699|369660267947034929|18081053978611607987|11585664162496014386
dataset\_work\final\spinach\train\anomala\Bacterial-Spot(752)__Bacterial-Spot (57).jpg,anomala,train,spinach_sy69db2nz5,487x512,1845938371477444502|5081774704248428438|5080958900576128512|2107248339395481344|10815195816371127878|10815162702173281817|4278419650199069|3996944669180742
dataset\_work\final\spinach\val\anomala\Bacterial-Spot(752)__Bacterial-Spot (570).jpg,anomala,val,spinach_sy69db2nz5,900x1200,16198338672354369500|16180315478254356164|14881746959186726444|10132701409815465163|14125007325446507744|15897468319084563680|14667140087990886028|3174636634655590094
dataset\_work\final\spinach\val\anomala\Bacterial-Spot(752)__Bacterial-Spot (571).jpg,anomala,val,spinach_sy69db2nz5,900x1200,16198495779597249535|16198469945360517120|16197352427644405792|17936867628493499899|2267839763762400|18440989874474372320|18153321885583994104|2326265575343311072
dataset\_work\final\spinach\train\anomala\Bacterial-Spot(752)__Bacterial-Spot (572).jpg,anomala,train,spinach_sy69db2nz5,900x1200,16197211484661423879|12703686012296169247|12738026492140914212|17481863410709077721|2235759060551945392|513163375544289504|15681030528680500466|2595923913289483952
dataset\_work\final\spinach\train\anomala\Bacterial-Spot(752)__Bacterial-Spot (573).jpg,anomala,train,spinach_sy69db2nz5,900x1200,11731189386095509375|12703684874424156928|12702558974517329920|17504522633416211967|1000650448981168|9169063410595188130|18446056430513351922|18170624028330160
dataset\_work\final\spinach\train\anomala\Bacterial-Spot(752)__Bacterial-Spot (574).jpg,anomala,train,spinach_sy69db2nz5,900x1200,10387847856140478608|17756514201382087158|9232456814351509634|18373452338377451966|17791908545970531318|10405582910245317008|13756682764313033726|9396917404086706304
dataset\_work\final\spinach\val\anomala\Bacterial-Spot(752)__Bacterial-Spot (575).jpg,anomala,val,spinach_sy69db2nz5,900x1200,9803234760059210796|17208138964609256906|11587346480021015712|17477518127274118384|14613361891810463726|3191951606590868616|17351418334542728434|11568628342739881632
dataset\_work\final\spinach\train\anomala\Bacterial-Spot(752)__Bacterial-Spot (576).jpg,anomala,train,spinach_sy69db2nz5,900x1200,5516358735902498392|14811828104033961444|13875035263233592520|17045595789189959400|16466593069612895949|6367552328065322572|16775502956842684140|14450940762164530880
dataset\_work\final\spinach\test\anomala\Bacterial-Spot(752)__Bacterial-Spot (577).jpg,anomala,test,spinach_sy69db2nz5,900x1200,3174491533748686424|14667959155025153509|12722113948007927202|17477941439518166714|16540936548121546699|6363185034325593644|13424824885954186994|11677004970498428592
dataset\_work\final\spinach\train\anomala\Bacterial-Spot(752)__Bacterial-Spot (578).jpg,anomala,train,spinach_sy69db2nz5,900x1200,10379968756092651520|17748562533424229887|9250549793582655632|18372872968764057778|18441552826574262262|20422975736909200|12891710161165416958|10423738116850212992
dataset\_work\final\spinach\train\anomala\Bacterial-Spot(752)__Bacterial-Spot (579).jpg,anomala,train,spinach_sy69db2nz5,900x1200,15608374697053801544|16485029611739532781|12739722437748755656|17495523644059143912|17135500759183902436|5209563174568107224|16775511804483128562|14450949661346155696
dataset\_work\final\spinach\train\anomala\Bacterial-Spot(752)__Bacterial-Spot (58).jpg,anomala,train,spinach_sy69db2nz5,456x548,5336543620672408872|3246694677852605706|2452225661910031618|1371362592144180768|742406295387311661|2904133560505339722|2325549569054541843|188375200781174818
dataset\_work\final\spinach\train\anomala\Bacterial-Spot(752)__Bacterial-Spot (580).jpg,anomala,train,spinach_sy69db2nz5,900x1200,9803225946835930276|17208129998340148698|11590027071518543058|18078802485213843380|15766485018690441198|11838850809331584136|13028806103319700730|15135479075743520928
dataset\_work\final\spinach\train\anomala\Bacterial-Spot(752)__Bacterial-Spot (581).jpg,anomala,train,spinach_sy69db2nz5,900x1200,11549637987470812304|12884110299867569142|9224645370474023058|18077341253452688818|17787967309895093682|10386583422206101664|12893119187330719738|10540690415907374208
dataset\_work\final\spinach\train\anomala\Bacterial-Spot(752)__Bacterial-Spot (582).jpg,anomala,train,spinach_sy69db2nz5,900x1200,7786190677595810960|14451531320847682038|6956951085702225122|17928424513202013880|17782900971247472328|10406849051925089900|13314557063700926200|16328939711237098592
dataset\_work\final\spinach\train\anomala\Bacterial-Spot(752)__Bacterial-Spot (583).jpg,anomala,train,spinach_sy69db2nz5,900x1200,5516388474330974022|14811946747681447581|3461895042720833088|17513943916767839997|11321642674367991501|5082186968694427212|18268305496430022387|4656175622704270128
dataset\_work\final\spinach\train\anomala\Bacterial-Spot(752)__Bacterial-Spot (584).jpg,anomala,train,spinach_sy69db2nz5,900x1200,7819980714212542372|14528079269228125402|147276417250790408|4552896263944605357|15716453632114925257|11837442296149149292|12470079923603844927|615873872406448898
dataset\_work\final\spinach\train\anomala\Bacterial-Spot(752)__Bacterial-Spot (585).jpg,anomala,train,spinach_sy69db2nz5,900x1200,12397999704283223756|14595654222477498060|6919230148685006500|17987147574006423002|14742026690812088010|14705997893195206316|15752797818448748537|11819287220849411680
dataset\_work\final\spinach\train\anomala\Bacterial-Spot(752)__Bacterial-Spot (586).jpg,anomala,train,spinach_sy69db2nz5,900x1200,886794761896608932|14955643177176849882|16756774958507904178|16775520686677413298|15770794675505368527|11836733274834030092|12884129048088792808|12847650601739652328
dataset\_work\final\spinach\train\anomala\Bacterial-Spot(752)__Bacterial-Spot (587).jpg,anomala,train,spinach_sy69db2nz5,900x1200,2327400133635745168|17567862747432901334|11676724456973945874|13460994439599082931|15445814119031557619|10386864414150511648|12956239950982926266|1318442079659953314
dataset\_work\final\spinach\train\anomala\Bacterial-Spot(752)__Bacterial-Spot (588).jpg,anomala,train,spinach_sy69db2nz5,900x1200,5480343149967252295|14812083053965289245|9296301608089355776|9097103087491850239|2100699767793749965|5123701151779720780|18419457764484398974|1705355672880001
dataset\_work\final\spinach\train\anomala\Bacterial-Spot(752)__Bacterial-Spot (589).jpg,anomala,train,spinach_sy69db2nz5,900x1200,14744260864513870731|14737531957037444910|14305428044110301060|11249454480668172188|3327930795841783500|10019114204765855436|11249753813077663388|9513602703882160070
dataset\_work\final\spinach\train\anomala\Bacterial-Spot(752)__Bacterial-Spot (59).jpg,anomala,train,spinach_sy69db2nz5,433x577,7670773929707328|10697278065155585|155179896969569793|2313175846289578560|80540477073466880|4649750267141561088|4655061946172512800|82796847492441858
dataset\_work\final\spinach\train\anomala\Bacterial-Spot(752)__Bacterial-Spot (590).jpg,anomala,train,spinach_sy69db2nz5,900x1200,5516366466583071560|14739920078070755052|11569482748830097104|17874240726202550260|17018555637840711372|5227429070220987980|17620086268959330040|14996431674400542624
dataset\_work\final\spinach\test\anomala\Bacterial-Spot(752)__Bacterial-Spot (591).jpg,anomala,test,spinach_sy69db2nz5,900x1200,5191970967250175576|17100051886164647653|10396145254151392928|17770392755245125370|16545828294488379373|6378810262175485256|18054525388454796790|11569199933295117968
dataset\_work\final\spinach\train\anomala\Bacterial-Spot(752)__Bacterial-Spot (592).jpg,anomala,train,spinach_sy69db2nz5,900x1200,11824372440334470937|15755217225810644775|9232456781794788352|18368948258401668598|2814626173379061210|1805677463630256292|17784028004815334398|19146910640513152
dataset\_work\final\spinach\train\anomala\Bacterial-Spot(752)__Bacterial-Spot (593).jpg,anomala,train,spinach_sy69db2nz5,900x1200,10397833004567203436|17784044359789809353|12701856339023054512|17482146024121081330|14523562405945855478|7822206160014298256|17482197769615547890|12701983848138753712
dataset\_work\final\spinach\val\anomala\Bacterial-Spot(752)__Bacterial-Spot (594).jpg,anomala,val,spinach_sy69db2nz5,900x1200,15568159029012661261|11839843690142474063|2327241889382009984|18072274788027453438|5737329889847234468|937900165228269016|18361069230756908538|9226756381611543584
dataset\_work\final\spinach\train\anomala\Bacterial-Spot(752)__Bacterial-Spot (595).jpg,anomala,train,spinach_sy69db2nz5,900x1200,3467101127131729738|17529846102439693997|11549357030229903008|18022576811105296122|12469956297808561907|5336496225793219888|18058905894586818042|11566936141933266848
dataset\_work\final\spinach\train\anomala\Bacterial-Spot(752)__Bacterial-Spot (596).jpg,anomala,train,spinach_sy69db2nz5,900x1200,5514120336251225636|14816305264111623899|14161048972202839744|15897173693119303420|15825120462298914509|2595765616356329036|18198499908566884060|13875044007587317444
dataset\_work\final\spinach\val\anomala\Bacterial-Spot(752)__Bacterial-Spot (597).jpg,anomala,val,spinach_sy69db2nz5,900x1200,10092059971732344684|14884171605856947913|13875316687543144072|18162488566260666350|14487533815480946638|7822483185600761484|17189975057886023420|9803790219320201152
dataset\_work\final\spinach\train\anomala\Bacterial-Spot(752)__Bacterial-Spot (599).jpg,anomala,train,spinach_sy69db2nz5,900x1200,15608796943611496140|16448436696662122188|9243219343344633584|18346889001890717424|14744234526676239588|14737513057879498200|17338356480868261374|17331561265709139584
dataset\_work\final\spinach\train\anomala\Bacterial-Spot(752)__Bacterial-Spot (6).jpg,anomala,train,spinach_sy69db2nz5,675x1200,5588421063937560368|5300190738817814515|14311893378001506246|11278719029171130012|17514231998847094345|3463073857866272333|11244977164997592732|14307666752628039366
dataset\_work\final\spinach\train\anomala\Bacterial-Spot(752)__Bacterial-Spot (60).jpg,anomala,train,spinach_sy69db2nz5,577x433,3264555058632789512|5371984145007152652|4615938358828285955|76041266853183494|904711350756805962|580546037266468397|432361073910681089|234203842866777920
dataset\_work\final\spinach\test\anomala\Bacterial-Spot(752)__Bacterial-Spot (600).jpg,anomala,test,spinach_sy69db2nz5,900x1200,2309236166774049576|16342874818129833451|11710215770159844512|11114372826882035706|16946286799457537506|2903428743098666016|18072820059955216026|11532748976080782242
dataset\_work\final\spinach\train\anomala\Bacterial-Spot(752)__Bacterial-Spot (601).jpg,anomala,train,spinach_sy69db2nz5,900x1200,10962894636759002124|16635065117742943182|12738446971514955904|17495516016251103998|14865132872001379302|877092067355272344|18368719559446220018|9270743975764871344
dataset\_work\final\spinach\val\anomala\Bacterial-Spot(752)__Bacterial-Spot (602).jpg,anomala,val,spinach_sy69db2nz5,900x1200,2326265916239531208|18036228894470622700|9252801629760929920|18080138374392315390|17063451340733042170|14433067682969307168|18373999349589797370|9241401893212547200
dataset\_work\final\spinach\train\anomala\Bacterial-Spot(752)__Bacterial-Spot (603).jpg,anomala,train,spinach_sy69db2nz5,900x1200,14414955977940806828|17064019792405416906|11549494674856876160|18081054287177705468|14576902495865655276|12406307111279398088|18223753903224122618|9230158249314764960
dataset\_work\final\spinach\train\anomala\Bacterial-Spot(752)__Bacterial-Spot (605).jpg,anomala,train,spinach_sy69db2nz5,900x1200,598564281995120136|16901198164593118701|16180315425380125856|17928301368499424762|17117353354521906666|598571978576055816|18072257281396821752|11550763288489331936
dataset\_work\final\spinach\train\anomala\Bacterial-Spot(752)__Bacterial-Spot (606).jpg,anomala,train,spinach_sy69db2nz5,900x1200,4615235268244295084|18288773525274512842|10404588489772796960|17787422094147964666|14577464282020499197|12415736007341378624|18072557310841903606|2345256133549515920
dataset\_work\final\spinach\train\anomala\Bacterial-Spot(752)__Bacterial-Spot (607).jpg,anomala,train,spinach_sy69db2nz5,900x1200,5191680648607909814|17136071439937314194|11819586321734077600|15717323260458684154|10528622146619363309|13134619734983969864|18072557448608489434|11568628153359992740
dataset\_work\final\spinach\train\anomala\Bacterial-Spot(752)__Bacterial-Spot (608).jpg,anomala,train,spinach_sy69db2nz5,900x1200,3172372055229074568|5449107291922845678|16184844314471071872|17926163918100626686|17171958327595147083|9803296833081378348|18373788501256161016|9259414221943119072
dataset\_work\final\spinach\train\anomala\Bacterial-Spot(752)__Bacterial-Spot (609).jpg,anomala,train,spinach_sy69db2nz5,900x1200,5191953310177709206|12488374148232301970|12703684878458588320|17495796357370203898|10578267364088762285|10830187364761341256|18072557310572416498|11568628170337701040
dataset\_work\final\spinach\test\anomala\Bacterial-Spot(752)__Bacterial-Spot (61).jpg,anomala,test,spinach_sy69db2nz5,433x577,5514384134021523332|656996796955433744|868960751873393478|868960751873375901|1160548941777804809|9522693492393346892|11330541177052794636|5080952269146099468
dataset\_work\final\spinach\test\anomala\Bacterial-Spot(752)__Bacterial-Spot (610).jpg,anomala,test,spinach_sy69db2nz5,900x1200,11549934924442704000|18043045763212994558|9232463469537478784|18372942405244481022|18331741232789087738|9230208381910534560|18369424250421246462|9243793402083680384
dataset\_work\final\spinach\train\anomala\Bacterial-Spot(752)__Bacterial-Spot (611).jpg,anomala,train,spinach_sy69db2nz5,900x1200,3623581472550301064|12857089310105488366|9243792266236807328|18333536254593756666|17170905512553639346|9812513002141534514|18045306447441325566|11549635339623352448
dataset\_work\final\spinach\train\anomala\Bacterial-Spot(752)__Bacterial-Spot (612).jpg,anomala,train,spinach_sy69db2nz5,900x1200,2309800198992186796|18054666126487408074|11568636966690229408|18072539718454595578|14577465001683947514|12415595188323290656|18072838768503541498|11532599510480882848
dataset\_work\final\spinach\val\anomala\Bacterial-Spot(752)__Bacterial-Spot (613).jpg,anomala,val,spinach_sy69db2nz5,900x1200,3174623268842701860|14523860511295004635|5228122845213002912|17045736595600166650|15843398709441105865|2595215825384705580|18072557293527863020|11568628307499322952
dataset\_work\final\spinach\train\anomala\Bacterial-Spot(752)__Bacterial-Spot (614).jpg,anomala,train,spinach_sy69db2nz5,900x1200,6384993881016896620|16557078478538641353|16180314308680320672|17910427844908916440|14523984755983107813|7785613296678116440|15608930122770386680|11566949199094648032
dataset\_work\final\spinach\train\anomala\Bacterial-Spot(752)__Bacterial-Spot (615).jpg,anomala,train,spinach_sy69db2nz5,900x1200,9669243818998113408|11417627396054965246|10379687285238804624|17784027831677613046|18364447413458924446|9233511758957523078|17794792837696441846|10389888507057147024
dataset\_work\final\spinach\train\anomala\Bacterial-Spot(752)__Bacterial-Spot (616).jpg,anomala,train,spinach_sy69db2nz5,900x1200,12703684792500817544|17495796529698344942|12683972834272627890|17482866100493274546|17190009151880613362|9803926283892968624|12884127930994565106|12847791270718211760
dataset\_work\final\spinach\train\anomala\Bacterial-Spot(752)__Bacterial-Spot (617).jpg,anomala,train,spinach_sy69db2nz5,900x1200,16145007959519677640|17334097900004658412|14450949661740928160|17063742180835184378|17027159350610137072|14432917516635803360|18072530905181179628|11568654696316308680
dataset\_work\final\spinach\train\anomala\Bacterial-Spot(752)__Bacterial-Spot (618).jpg,anomala,train,spinach_sy69db2nz5,900x1200,3480594797760859048|17531825184177523946|11548244341718140034|17455149714526625214|16864896550974672371|12162985709645221168|13753322676651703794|9386775025603527584
dataset\_work\final\spinach\train\anomala\Bacterial-Spot(752)__Bacterial-Spot (619).jpg,anomala,train,spinach_sy69db2nz5,900x1200,12685529708438163032|17495797422646333413|11533189913998921376|18054656058548260858|16541447820701322738|6345043126088764592|18054824318042804218|11533162357758824096
dataset\_work\final\spinach\train\anomala\Bacterial-Spot(752)__Bacterial-Spot (62).jpg,anomala,train,spinach_sy69db2nz5,433x577,291059995599871632|1164267975097681414|1154618063992324864|328796025495894144|470079736233535504|10420782112042715652|9239203076896624644|988473889064464
dataset\_work\final\spinach\test\anomala\Bacterial-Spot(752)__Bacterial-Spot (620).jpg,anomala,test,spinach_sy69db2nz5,900x1200,5192525159430310701|17081746597630913867|11530093758092020736|18032139179384623103|5416993687929229037|3263736504774430536|18433127270924632058|3384392070136736
dataset\_work\final\spinach\train\anomala\Bacterial-Spot(752)__Bacterial-Spot (621).jpg,anomala,train,spinach_sy69db2nz5,900x1200,15032186657858621128|17601913454776520428|12701988314904696320|17482162550883718891|17045595960854398708|14451496032985325008|16975772540882296306|42236687241660080
dataset\_work\final\spinach\test\anomala\Bacterial-Spot(752)__Bacterial-Spot (622).jpg,anomala,test,spinach_sy69db2nz5,900x1200,2885969697407651240|16955946612618579434|10540831226679135266|13172340732206174139|16883324934890147819|12127496938702900520|13533191652349234614|2453492195828582546
dataset\_work\final\spinach\train\anomala\Bacterial-Spot(752)__Bacterial-Spot (623).jpg,anomala,train,spinach_sy69db2nz5,900x1200,5228132895101537324|17117635911963626698|7533966060048256616|16757506167975939753|14613071620530474733|3227971607919038024|12217877794924760808|7533965854695132776
dataset\_work\final\spinach\train\anomala\Bacterial-Spot(752)__Bacterial-Spot (624).jpg,anomala,train,spinach_sy69db2nz5,900x1200,5514115714733018284|14816340431168589514|15568422773491928712|16469552920293510894|14613634535925456589|12433329211300873804|17189842987649830884|9839826455291629272
dataset\_work\final\spinach\train\anomala\Bacterial-Spot(752)__Bacterial-Spot (625).jpg,anomala,train,spinach_sy69db2nz5,900x1200,1160132201167784778|17467077113246330797|10539418251149412000|13131737915268767482|12479306372624050162|5335385804881402128|18058905756883631542|11566940557293470610
dataset\_work\final\spinach\test\anomala\Bacterial-Spot(752)__Bacterial-Spot (626).jpg,anomala,test,spinach_sy69db2nz5,900x1200,14703693196558274156|14740069439853235913|14451548809274525388|17045582766841765580|14487529348044656588|7786212530313170636|14744256380266581740|14701445794925874888
dataset\_work\final\spinach\train\anomala\Bacterial-Spot(752)__Bacterial-Spot (627).jpg,anomala,train,spinach_sy69db2nz5,900x1200,5515816792432283336|14829939723019980524|16178652002257374912|17914904927349739256|17045578199352200909|14451504812016962636|17910414650206822136|13875087027120015072
dataset\_work\final\spinach\test\anomala\Bacterial-Spot(752)__Bacterial-Spot (628).jpg,anomala,test,spinach_sy69db2nz5,900x1200,2597607332155166280|14614055614650748909|11569208832576324736|18054534236095897594|17117917369500356554|5192104029505588260|18077342317061574394|9224504594549608096
dataset\_work\final\spinach\train\anomala\Bacterial-Spot(752)__Bacterial-Spot (629).jpg,anomala,train,spinach_sy69db2nz5,900x1200,9262793991367640712|18360770026213448940|12701983968330222728|17482197528830004972|17049527780209839870|9819561373792636032|17063610256279379442|9839247013072553648
dataset\_work\final\spinach\train\anomala\Bacterial-Spot(752)__Bacterial-Spot (63).jpg,anomala,train,spinach_sy69db2nz5,433x577,325977903169379076|6385584525798221340|5695658295932194624|877690857219100161|2028430999811497560|331868906788193796|76041361680182796|4651949116514569039
dataset\_work\final\spinach\train\anomala\Bacterial-Spot(752)__Bacterial-Spot (630).jpg,anomala,train,spinach_sy69db2nz5,900x1200,5232072307958501032|16521049715746180586|10397692404382993410|17784045442399424190|16901338867730171621|12127637559774714952|13713072871345999350|183528312604609680
dataset\_work\final\spinach\train\anomala\Bacterial-Spot(752)__Bacterial-Spot (631).jpg,anomala,train,spinach_sy69db2nz5,900x1200,616433544961347080|17045631111529467118|14450967287748267144|17063746510230900462|17189130573096914668|598431241079066120|17207866181916806892|9839245913823284424
dataset\_work\final\spinach\train\anomala\Bacterial-Spot(752)__Bacterial-Spot (632).jpg,anomala,train,spinach_sy69db2nz5,900x1200,10128044892304920232|14883885646466747882|13879546800362654920|18196388699617332972|16901216804552019662|12127643195308478092|17045736578452784892|14450932070090710720
dataset\_work\final\spinach\train\anomala\Bacterial-Spot(752)__Bacterial-Spot (633).jpg,anomala,train,spinach_sy69db2nz5,900x1200,13260298432336334376|16329259686436507368|16466873461660602016|14453906265829969402|16757374347033681378|2922294146897741496|18054251610537170632|11551335068963604196
dataset\_work\final\spinach\train\anomala\Bacterial-Spot(752)__Bacterial-Spot (634).jpg,anomala,train,spinach_sy69db2nz5,900x1200,5192095181664357324|17117653383084715980|9694868010581593856|11109825126927896287|14712986234542591725|14702879558018207304|16072853591614238362|40254267836566406
dataset\_work\final\spinach\train\anomala\Bacterial-Spot(752)__Bacterial-Spot (635).jpg,anomala,train,spinach_sy69db2nz5,900x1200,11821547867759939564|15748865912321019592|14701745128718421664|14708500527949712890|14415502540533043162|17045872840753221284|18054110787711475660|11551336289304774604
dataset\_work\final\spinach\test\anomala\Bacterial-Spot(752)__Bacterial-Spot (636).jpg,anomala,test,spinach_sy69db2nz5,900x1200,9226765293325274504|18361052104238190062|9243794396549090466|18369494719371661242|17171537736034668542|9821662588143799424|13461135157890051582|11676723494658132096
dataset\_work\final\spinach\train\anomala\Bacterial-Spot(752)__Bacterial-Spot (637).jpg,anomala,train,spinach_sy69db2nz5,900x1200,14451544428510515084|17045617814986756046|14881897592171890628|10096515314316156636|14848186926073351916|10092326062474366664|15861144947370958476|14161328428545968078
dataset\_work\final\spinach\train\anomala\Bacterial-Spot(752)__Bacterial-Spot (639).jpg,anomala,train,spinach_sy69db2nz5,900x1200,12836400360186072232|12888052564600737226|12701424766012515472|17500317579097331878|14613501359313378226|12127232888274822322|12022533023105736178|10404589024504595632
dataset\_work\final\spinach\train\anomala\Bacterial-Spot(752)__Bacterial-Spot (64).jpg,anomala,train,spinach_sy69db2nz5,433x577,2542316104830626945|2453624102452955936|868797286967625510|904684893623950746|2344980190549380386|9307866271458478115|11105065336508419596|2758322312952811020
dataset\_work\final\spinach\train\anomala\Bacterial-Spot(752)__Bacterial-Spot (641).jpg,anomala,train,spinach_sy69db2nz5,900x1200,16162450440453558220|17928001287582322636|14306686091343939300|10965717755759074512|14703996834168098296|14703996678953716960|15031949249783672472|16485025334153939910
dataset\_work\final\spinach\train\anomala\Bacterial-Spot(752)__Bacterial-Spot (643).jpg,anomala,train,spinach_sy69db2nz5,900x1200,14143568470399003792|14766686999034120694|9232463415691110546|17797043815023888566|17782971784179477964|10388832950107785412|13170934984901262326|10585726963946365056
dataset\_work\final\spinach\train\anomala\Bacterial-Spot(752)__Bacterial-Spot (644).jpg,anomala,train,spinach_sy69db2nz5,900x1200,12397863502143229640|14451504932628434924|14739726546652073632|14739752935325339360|17045877453606588104|14415467304887193260|16180894954705358540|11569350670197165772
dataset\_work\final\spinach\train\anomala\Bacterial-Spot(752)__Bacterial-Spot (645).jpg,anomala,train,spinach_sy69db2nz5,900x1200,12109624312526228488|16901753331663162854|16757355517827779810|16757497354634907312|16630964491350675434|598010180135227048|12740277742266191592|16324438310230855400
dataset\_work\final\spinach\test\anomala\Bacterial-Spot(752)__Bacterial-Spot (646).jpg,anomala,test,spinach_sy69db2nz5,900x1200,5228150418300701896|17117627098824429292|16180886072309747392|15604567105676480224|17063584005972528877|14450959402525494856|16181036705410682584|13875051807850270432
dataset\_work\final\spinach\train\anomala\Bacterial-Spot(752)__Bacterial-Spot (648).jpg,anomala,train,spinach_sy69db2nz5,900x1200,5516380743516245928|14739726391890611690|14304007509277838560|11006286418579279584|16865161584556084940|12127937778056924748|16199059814443105944|16180314394713621190
dataset\_work\final\spinach\train\anomala\Bacterial-Spot(752)__Bacterial-Spot (65).jpg,anomala,train,spinach_sy69db2nz5,468x533,878034179388313153|1083987662749535809|1235718145401372185|4943574871010149191|4723738601481374479|4723738500118556428|5152992270795643716|1818934365596886545
dataset\_work\final\spinach\train\anomala\Bacterial-Spot(752)__Bacterial-Spot (650).jpg,anomala,train,spinach_sy69db2nz5,900x1200,10386442059657402384|17607823984363038199|10405723716474293392|17791908578178484468|17862841412774419444|1177706721591567504|17638503068751292918|10433800849683540112
dataset\_work\final\spinach\train\anomala\Bacterial-Spot(752)__Bacterial-Spot (651).jpg,anomala,train,spinach_sy69db2nz5,900x1200,12685670497398494920|17496359375899957228|11549071225724848036|18054137157907324122|17048120302649659378|14417736645087202480|15716506168021913082|11873462340299736736
dataset\_work\final\spinach\train\anomala\Bacterial-Spot(752)__Bacterial-Spot (653).jpg,anomala,train,spinach_sy69db2nz5,900x1200,11532617171922783432|13280999934454124524|12701432993216956068|17482285730746572506|17063891714283360184|14414904372315425952|15753036497639349746|11855197304343381168
dataset\_work\final\spinach\test\anomala\Bacterial-Spot(752)__Bacterial-Spot (654).jpg,anomala,test,spinach_sy69db2nz5,900x1200,10385380509241724064|17797079823894892026|9227953214450967698|18372044963360660406|18072248827622849526|11550781479374561424|13176297820650338046|10530619376720547968
dataset\_work\final\spinach\train\anomala\Bacterial-Spot(752)__Bacterial-Spot (655).jpg,anomala,train,spinach_sy69db2nz5,900x1200,3480180849013311632|17495805256675552754|12739573041077308578|17495515930363841970|17504803625612266994|10396715986586061872|12848072779853974770|11694878493879749808
dataset\_work\final\spinach\train\anomala\Bacterial-Spot(752)__Bacterial-Spot (656).jpg,anomala,train,spinach_sy69db2nz5,900x1200,5209545616674459144|17063469639854952172|12701988349733670560|17482162481838132978|17045622350006963692|580422374890294344|17478082142840724978|11569191257796724400
dataset\_work\final\spinach\train\anomala\Bacterial-Spot(752)__Bacterial-Spot (657).jpg,anomala,train,spinach_sy69db2nz5,900x1200,10956288240428927064|16613513111991676388|11532599437810338994|18072557826236927410|16495997377657606118|6361490686378642584|12884110409675558650|12829785685456456864
dataset\_work\final\spinach\train\anomala\Bacterial-Spot(752)__Bacterial-Spot (658).jpg,anomala,train,spinach_sy69db2nz5,900x1200,5227577469797899912|17099771064084039406|12701992678458101452|17482180108711562952|17187490101754023661|9844344365681904712|14415502540868066802|14739748330322740912
dataset\_work\final\spinach\train\anomala\Bacterial-Spot(752)__Bacterial-Spot (659).jpg,anomala,train,spinach_sy69db2nz5,900x1200,7083192577927629864|12812052676444376555|12701442046679213234|17500308666921703858|16955224866784464305|2903712400195603554|12887488003833257458|12854546636471682224
dataset\_work\final\spinach\test\anomala\Bacterial-Spot(752)__Bacterial-Spot (66).jpg,anomala,test,spinach_sy69db2nz5,444x562,515421524060509773|1737082528538531405|2093689127471357457|5156372170680534854|5590677098724006680|5590716680233101063|5082065249656213319|1233431221347225117
dataset\_work\final\spinach\train\anomala\Bacterial-Spot(752)__Bacterial-Spot (660).jpg,anomala,train,spinach_sy69db2nz5,900x1200,10108501497576049808|14908540457077100022|9232456818645937298|18371199988808960694|17784044842968868302|10397833036771903628|13135485080751174654|10532941614014668928
dataset\_work\final\spinach\train\anomala\Bacterial-Spot(752)__Bacterial-Spot (661).jpg,anomala,train,spinach_sy69db2nz5,900x1200,5480488302589921288|14811818173943180782|43925932298111410|18430575862992039090|17216573214959242957|596883111671434828|12856799569518774015|12864829304236579840
dataset\_work\final\spinach\train\anomala\Bacterial-Spot(752)__Bacterial-Spot (662).JPG,anomala,train,spinach_sy69db2nz5,675x1200,16401298502351373959|4055077047612775454|3479185314526567948|17576650797864158927|2205862282696017464|9783731605693439459|14953859015880142067|909195152705996848
dataset\_work\final\spinach\val\anomala\Bacterial-Spot(752)__Bacterial-Spot (663).JPG,anomala,val,spinach_sy69db2nz5,675x1200,16401018212651009801|3514504406644825711|6975124247234255980|17999910033500309193|8007008845056951856|686735202287852771|14521512644328213753|7826301830175837280
dataset\_work\final\spinach\val\anomala\Bacterial-Spot(752)__Bacterial-Spot (664).JPG,anomala,val,spinach_sy69db2nz5,675x1200,14415467201350721858|7822505364746434748|6960484945688804364|18007298463875974095|13580688304434548588|4819358540756356808|14971024882480375545|881645650077063264
dataset\_work\final\spinach\test\anomala\Bacterial-Spot(752)__Bacterial-Spot (665).JPG,anomala,test,spinach_sy69db2nz5,675x1200,9610836183071100430|1648544609645202951|4674956996768449048|18298385349611010471|544453481722732566|1048895122890842245|12085909630994936061|1748131801865969728
dataset\_work\final\spinach\train\anomala\Bacterial-Spot(752)__Bacterial-Spot (666).JPG,anomala,train,spinach_sy69db2nz5,675x1200,3660333613874775566|3732505661255785999|16199615655846663778|17939216957692085417|1089389030338382899|1046644145304554546|12215141972484486392|7122047092206915808
dataset\_work\final\spinach\train\anomala\Bacterial-Spot(752)__Bacterial-Spot (667).JPG,anomala,train,spinach_sy69db2nz5,675x1200,3731388518804080132|1435679162805099678|6980747220867635746|18012400450007376923|11429130413554986003|344043296153061427|1991935217369544953|2475463150239539296
dataset\_work\final\spinach\val\anomala\Bacterial-Spot(752)__Bacterial-Spot (668).JPG,anomala,val,spinach_sy69db2nz5,675x1200,7606182930925012611|7606041248541514814|6960339802098817632|18007335022570743033|4475533004857839209|9495396221827124841|17988722489737864953|6978921548607952992
dataset\_work\final\spinach\train\anomala\Bacterial-Spot(752)__Bacterial-Spot (669).JPG,anomala,train,spinach_sy69db2nz5,675x1200,7173405411122144645|3552934468074100830|6937949347344325740|18009277858543290057|6798408002640498225|9648342142431432035|14539527850245942777|7826161237104543840
dataset\_work\final\spinach\train\anomala\Bacterial-Spot(752)__Bacterial-Spot (67).jpg,anomala,train,spinach_sy69db2nz5,433x577,1318726275636341778|2614495774706075684|2327963634947203078|4759625402946437140|2632385928409008164|1309500273563946258|1459320340123880770|441368739008892448
dataset\_work\final\spinach\train\anomala\Bacterial-Spot(752)__Bacterial-Spot (670).JPG,anomala,train,spinach_sy69db2nz5,675x1200,3732796443418201628|3624428578490060359|4674903642536957030|18228573374947710105|5156248626674945074|2057802585901813043|11084738329129187580|7373685736351522880
dataset\_work\final\spinach\val\anomala\Bacterial-Spot(752)__Bacterial-Spot (671).JPG,anomala,val,spinach_sy69db2nz5,675x1200,3714360506787335709|3732937855250239047|6978499276021996134|18006735496675763865|5156283534499892787|2129864584906902579|11071755311395562745|7393393451588180064
dataset\_work\final\spinach\test\anomala\Bacterial-Spot(752)__Bacterial-Spot (672).JPG,anomala,test,spinach_sy69db2nz5,675x1200,5228141777024026371|7894272500884315711|6960339810690832456|18007334747692590828|4548170044946222701|254423753320533576|17070546716587452153|5230997127640422496
dataset\_work\final\spinach\val\anomala\Bacterial-Spot(752)__Bacterial-Spot (673).JPG,anomala,val,spinach_sy69db2nz5,675x1200,5880617164780375299|2722033567454219799|2362292207505676508|17576649961419810500|1679504621776389669|256085664744250449|14170241748417047795|15895468268988450848
dataset\_work\final\spinach\train\anomala\Bacterial-Spot(752)__Bacterial-Spot (674).JPG,anomala,train,spinach_sy69db2nz5,675x1200,5588429523890472205|5588429678509317967|5807457888502585408|17647007195084351197|5719514417370467917|938380462359285325|15989682806016173812|4654536375339358288
dataset\_work\final\spinach\train\anomala\Bacterial-Spot(752)__Bacterial-Spot (675).JPG,anomala,train,spinach_sy69db2nz5,675x1200,6601167764845020557|2721870891274558542|6960484937667090496|17935241143573276365|5646640431518696997|10215668697122446427|14836730241279780600|4654499000506685536
dataset\_work\final\spinach\train\anomala\Bacterial-Spot(752)__Bacterial-Spot (676).JPG,anomala,train,spinach_sy69db2nz5,675x1200,3696486759858281785|3732373616800384611|16201866888791742564|17934713499261789336|7153525514895805491|4151555306269133875|11017184334718625016|7230696448182507744
dataset\_work\final\spinach\val\anomala\Bacterial-Spot(752)__Bacterial-Spot (677).JPG,anomala,val,spinach_sy69db2nz5,675x1200,15608965100250448779|7243489209981877294|6960480608577165400|18007333888564913893|3331634646047491684|10071145044572610264|16566143524901676793|6383918701210015840
dataset\_work\final\spinach\train\anomala\Bacterial-Spot(752)__Bacterial-Spot (679).JPG,anomala,train,spinach_sy69db2nz5,675x1200,5300234351413103897|7894250562173881955|6958088011076113508|18011838347724969689|7155742130470882925|1805184298181430857|15696988515737270009|7247444329916567648
dataset\_work\final\spinach\test\anomala\Bacterial-Spot(752)__Bacterial-Spot (68).jpg,anomala,test,spinach_sy69db2nz5,433x577,2327125289484881413|156788185793695320|1163624215411100706|295438839596846114|6345068534963776770|364390261488110368|2453342696205195524|2453510766855595536
dataset\_work\final\spinach\train\anomala\Bacterial-Spot(752)__Bacterial-Spot (680).JPG,anomala,train,spinach_sy69db2nz5,675x1200,3696765404416134555|3696697482731539750|9250560889715183660|18372688150706713802|2759944939764600115|11190650730762226995|14624567634631784702|3193219382345490560
dataset\_work\final\spinach\train\anomala\Bacterial-Spot(752)__Bacterial-Spot (681).JPG,anomala,train,spinach_sy69db2nz5,675x1200,3516623111542400387|3624428514061146174|10439511732238703200|17796227669118330073|4492456964060498994|9504118639030095152|15682878398108465398|6943033353525846160
dataset\_work\final\spinach\val\anomala\Bacterial-Spot(752)__Bacterial-Spot (682).JPG,anomala,val,spinach_sy69db2nz5,675x1200,3696487205467703947|3732655190542298158|6960480548386530316|17935276020188240079|3363144991694048563|10073054069360905267|14976974425665496824|893005993193543776
dataset\_work\final\spinach\train\anomala\Bacterial-Spot(752)__Bacterial-Spot (683).JPG,anomala,train,spinach_sy69db2nz5,675x1200,3624710052388851214|12848082089241316367|16163591196543344776|17939463007375896782|1120351284068502962|1066909521400450354|14893657746842252792|9863050363641024736
dataset\_work\final\spinach\train\anomala\Bacterial-Spot(752)__Bacterial-Spot (685).jpg,anomala,train,spinach_sy69db2nz5,900x1200,1174467586239630376|17747927810155991019|9223590852881237648|18371058362807655922|16991975356951842294|2885688118647475216|17482162551153030142|10396145305568870528
dataset\_work\final\spinach\val\anomala\Bacterial-Spot(752)__Bacterial-Spot (687).jpg,anomala,val,spinach_sy69db2nz5,900x1200,3479185290542581412|15199031463611637722|10386645456650128528|17787560736093818294|15753466798991666642|11819291049502459952|13172340853061769974|10397841852010538128
dataset\_work\final\spinach\train\anomala\Bacterial-Spot(752)__Bacterial-Spot (688).jpg,anomala,train,spinach_sy69db2nz5,900x1200,6362608354913045704|16523036975354007020|12703677234020863138|17495391891902942394|17063468383030103525|14433058891439164504|13460167656839498994|11730759011254357168
dataset\_work\final\spinach\train\anomala\Bacterial-Spot(752)__Bacterial-Spot (689).jpg,anomala,train,spinach_sy69db2nz5,900x1200,11836742448474426328|15770917799132081892|11565827731065620112|17923806633676152310|16442122373174320602|15567566273336198308|17770375369143598840|10396145236971848352
dataset\_work\final\spinach\train\anomala\Bacterial-Spot(752)__Bacterial-Spot (69).jpg,anomala,train,spinach_sy69db2nz5,433x577,3665819466401345|3833100054797889|2309795886911669796|183573392180288786|4728259708041694464|4685462265288592640|1341261313920175106|2613784395261873696
dataset\_work\final\spinach\train\anomala\Bacterial-Spot(752)__Bacterial-Spot (690).jpg,anomala,train,spinach_sy69db2nz5,900x1200,1165322134269338756|17819494188901719006|10396715969461620864|17504803558507800542|16058604365288524791|9521742754792483856|16062045804638957042|9227985648169666704
dataset\_work\final\spinach\train\anomala\Bacterial-Spot(752)__Bacterial-Spot (691).jpg,anomala,train,spinach_sy69db2nz5,900x1200,597938159700298916|17279552654457359834|9237039031006421122|18370620550894516670|15766423444004916719|11839003093961100296|13761186469182894590|9394665000851615872
dataset\_work\final\spinach\train\anomala\Bacterial-Spot(752)__Bacterial-Spot (692).jpg,anomala,train,spinach_sy69db2nz5,900x1200,291130400860147200|1165391128365010168|9014960512696330|18226661492933787684|17909855320655342608|4106257410361860|2594244973857403644|720582602125680640
dataset\_work\final\spinach\train\anomala\Bacterial-Spot(752)__Bacterial-Spot (693).jpg,anomala,train,spinach_sy69db2nz5,900x1200,3701259128671360|16162463162608045566|10397833108048450568|17495813880769205192|18360496382816177376|9226915261496823040|14471077269530922482|582097016940022928
dataset\_work\final\spinach\val\anomala\Bacterial-Spot(752)__Bacterial-Spot (694).jpg,anomala,val,spinach_sy69db2nz5,900x1200,9513938388115147912|16064284408148839916|9233582684121736592|18364444658624191158|17063451340468776926|9821381664671795332|13139987718574300158|10386785715043574912
dataset\_work\final\spinach\train\anomala\Bacterial-Spot(752)__Bacterial-Spot (696).jpg,anomala,train,spinach_sy69db2nz5,900x1200,5520915249326165996|14773534158039224008|14881928740315832300|10096545988403726024|14415467218452285133|17045877264630914636|14413263908987149964|17050403250366023630
dataset\_work\final\spinach\train\anomala\Bacterial-Spot(752)__Bacterial-Spot (697).jpg,anomala,train,spinach_sy69db2nz5,900x1200,5227850337929334348|16811531737083121612|12701997111601761856|17482144958093692609|14740012367732494057|5480369590356577608|13947101636855766514|4651672159986337456
dataset\_work\final\spinach\train\anomala\Bacterial-Spot(752)__Bacterial-Spot (698).jpg,anomala,train,spinach_sy69db2nz5,900x1200,12127356136203947932|16883324417941639110|12704240115163284390|17477658951997078938|14271651303974129130|11245232096874483112|11114099220814925298|11980581221186358960
dataset\_work\final\spinach\val\anomala\Bacterial-Spot(752)__Bacterial-Spot (699).jpg,anomala,val,spinach_sy69db2nz5,900x1200,5789525265882678916|17610656251288985566|10404589589888222128|17787281356854607090|16041706593869260276|9513315570477848656|17454895710353676790|12737027654814229648
dataset\_work\final\spinach\val\anomala\Bacterial-Spot(752)__Bacterial-Spot (7).jpg,anomala,val,spinach_sy69db2nz5,675x1200,3210520193388219202|5443742710148574909|16612405800031651532|10965709903961693900|13631840918118042699|4794960412364738092|14744396017571409560|14737614229852883942
dataset\_work\final\spinach\train\anomala\Bacterial-Spot(752)__Bacterial-Spot (70).jpg,anomala,train,spinach_sy69db2nz5,577x433,163056610704313862|12699356019559337372|17520859640905734|4612534270694424846|11280686961123999152|454388157254419202|1045132116897235776|450375386522402304
dataset\_work\final\spinach\train\anomala\Bacterial-Spot(752)__Bacterial-Spot (700).jpg,anomala,train,spinach_sy69db2nz5,900x1200,2613792109160173284|15824962132498419672|11568638185999650480|17495938349114756594|15604852978967616987|16433131631772845604|17477658882738212594|12704240080761359520
dataset\_work\final\spinach\train\anomala\Bacterial-Spot(752)__Bacterial-Spot (701).jpg,anomala,train,spinach_sy69db2nz5,900x1200,12702558355851544132|17504733699176111821|10963664863871846032|16616941388570729958|14816336086259658226|4937690166053390512|16617506434870713318|10396140890744891032
dataset\_work\final\spinach\val\anomala\Bacterial-Spot(752)__Bacterial-Spot (702).jpg,anomala,val,spinach_sy69db2nz5,900x1200,598000422037951320|17279641150456018661|11549370327524132512|18022321620793597154|16516431749394124271|6346446172324252680|16328994634743553274|11549062498495448992
dataset\_work\final\spinach\train\anomala\Bacterial-Spot(752)__Bacterial-Spot (703).jpg,anomala,train,spinach_sy69db2nz5,900x1200,2327672739102852616|18036228896501178350|10395582424926293152|17500176897526975650|17194626896169422330|578314593442352416|11730917272336653810|11568628307977520272
dataset\_work\final\spinach\train\anomala\Bacterial-Spot(752)__Bacterial-Spot (704).jpg,anomala,train,spinach_sy69db2nz5,900x1200,9225637677570608128|16046272243022350842|9233582735724800128|18364163286188845310|18071131757227257822|21408138155264128|18332058509268343550|9252661478606382208
dataset\_work\final\spinach\train\anomala\Bacterial-Spot(752)__Bacterial-Spot (706).jpg,anomala,train,spinach_sy69db2nz5,900x1200,14758179525259349978|5479920424565214244|18370216000602689010|9241534900061293744|2597625493366115404|15766968181154303948|12703677224835301504|17495673641556177150
dataset\_work\final\spinach\val\anomala\Bacterial-Spot(752)__Bacterial-Spot (707).jpg,anomala,val,spinach_sy69db2nz5,900x1200,5191680786575033892|14811932539997888219|11530920573941483072|18054384633996352705|15825261010950721229|2631797831908592712|13951200684722327290|4649410430602512032
dataset\_work\final\spinach\train\anomala\Bacterial-Spot(752)__Bacterial-Spot (708).jpg,anomala,train,spinach_sy69db2nz5,900x1200,10996677644772599309|16629206889742965071|9827002894644546144|17219828147141185272|5735786675688163046|965501046284393624|17910427708410493422|6920350537980797064
dataset\_work\final\spinach\train\anomala\Bacterial-Spot(752)__Bacterial-Spot (709).jpg,anomala,train,spinach_sy69db2nz5,900x1200,10564369588376503716|13170367039904636634|11585094491079872064|17482021643417784056|15735021909278705334|11818886947113180306|17910423858383330546|4651697410031404704
dataset\_work\final\spinach\test\anomala\Bacterial-Spot(752)__Bacterial-Spot (71).jpg,anomala,test,spinach_sy69db2nz5,433x577,2756640711309989441|1891668005205546816|1172769422970667552|4798653805252459586|4654258262673080346|4689939511341105446|4772731650666567746|2324591450173687312
dataset\_work\final\spinach\train\anomala\Bacterial-Spot(752)__Bacterial-Spot (710).jpg,anomala,train,spinach_sy69db2nz5,900x1200,15752771291052447702|11837314830511576980|16629417480136919020|10960651086152801992|10671027662565623460|15426841959718100442|14420001819353554072|17043656723259181030
dataset\_work\final\spinach\val\anomala\Bacterial-Spot(752)__Bacterial-Spot (711).jpg,anomala,val,spinach_sy69db2nz5,900x1200,10378842853912480896|17757006780460683262|10395581204895524504|17788266484584061414|18361051502926065142|9226765196680104336|16616486122312097014|10981612174858142864
dataset\_work\final\spinach\train\anomala\Bacterial-Spot(752)__Bacterial-Spot (712).jpg,anomala,train,spinach_sy69db2nz5,900x1200,11536706594693093024|13449796459127281394|10389883020236016818|17794598499025669298|17480324581624817594|11571601316066957984|12883706817881699318|12883680431769596048
dataset\_work\final\spinach\train\anomala\Bacterial-Spot(752)__Bacterial-Spot (713).jpg,anomala,train,spinach_sy69db2nz5,900x1200,1165601717599571688|17747507000191192808|10395028221082347152|17779382396926073318|16757374262939962358|16757361120327249168|16616484090648903158|10387207856914907792
dataset\_work\final\spinach\train\anomala\Bacterial-Spot(752)__Bacterial-Spot (714).jpg,anomala,train,spinach_sy69db2nz5,900x1200,2886136753650681944|16883861513814601189|9279823193569136032|18369213227080306418|16568125789003206634|6361488431437974824|17460041321498471678|11568936170764028032
dataset\_work\final\spinach\train\anomala\Bacterial-Spot(752)__Bacterial-Spot (715).jpg,anomala,train,spinach_sy69db2nz5,900x1200,15032195488185470473|17313691960491281711|12704243929051991200|17477817242485509872|3426568816662365936|670620776983338448|17351959500607622642|11568637088635702960
dataset\_work\final\spinach\train\anomala\Bacterial-Spot(752)__Bacterial-Spot (716).jpg,anomala,train,spinach_sy69db2nz5,900x1200,11141226074796379336|11981429436492729580|9243794448088173712|18081264446300212468|17063169869934380710|14469095928353955226|17639648779748437498|10379678006083733632
dataset\_work\final\spinach\train\anomala\Bacterial-Spot(752)__Bacterial-Spot (717).jpg,anomala,train,spinach_sy69db2nz5,900x1200,14577323022665322440|12415737594338807788|9250542184703443616|18372749308748346618|17009822596412165548|14415766350088523210|18065133545761733118|11583824503431979136
dataset\_work\final\spinach\train\anomala\Bacterial-Spot(752)__Bacterial-Spot (718).jpg,anomala,train,spinach_sy69db2nz5,900x1200,14433630068343543488|17009407735449491196|11873180985506645920|15752535085836868850|18200804450452245996|13877282682256117448|17445870970655972570|11585240743522059940
dataset\_work\final\spinach\train\anomala\Bacterial-Spot(752)__Bacterial-Spot (719).jpg,anomala,train,spinach_sy69db2nz5,900x1200,10685086565847096256|15433077835606402556|9232463480132421776|18373505080567523766|18169005265533152726|13860845587039865236|13180082373901810686|10396576883655057536
dataset\_work\final\spinach\test\anomala\Bacterial-Spot(752)__Bacterial-Spot (72).jpg,anomala,test,spinach_sy69db2nz5,433x577,1309789475035807758|2614917474064138252|1443420270257578512|1587534908577620484|864847905868827172|1008822287741103378|297885834517809174|1162576960825526292
dataset\_work\final\spinach\test\anomala\Bacterial-Spot(752)__Bacterial-Spot (720).jpg,anomala,test,spinach_sy69db2nz5,900x1200,9965777775767291592|12415735977955792620|10396145323072014000|17482162413044210930|17047838930483695020|14449261790855318922|17481899629764058610|12737880789870921360
dataset\_work\final\spinach\train\anomala\Bacterial-Spot(752)__Bacterial-Spot (721).jpg,anomala,train,spinach_sy69db2nz5,900x1200,16610976521209712620|10997279270988876744|14018310527839864772|13559827321526886104|14414631641960914584|17009830978367751910|15572953947146497724|14161291002803620802
dataset\_work\final\spinach\test\anomala\Bacterial-Spot(752)__Bacterial-Spot (722).jpg,anomala,test,spinach_sy69db2nz5,900x1200,17009699037174533100|14451512559684497096|17912820536427071204|13841258223288425680|14424491992980819656|17044742706008887020|15032047002467112640|16484879048298698744
dataset\_work\final\spinach\val\anomala\Bacterial-Spot(752)__Bacterial-Spot (723).jpg,anomala,val,spinach_sy69db2nz5,900x1200,5227577675955539144|17099771081261567724|11548362109646769864|18076489147034832620|17063601529649843949|14450950641194273864|17009593432191524090|14451509295978005664
dataset\_work\final\spinach\test\anomala\Bacterial-Spot(752)__Bacterial-Spot (724).jpg,anomala,test,spinach_sy69db2nz5,900x1200,598299420213587596|12487802385132653518|12989655706643579810|15194316314442677434|14883019248356445613|10101054011820363016|13419679463794204114|11728249762108359860
dataset\_work\final\spinach\train\anomala\Bacterial-Spot(752)__Bacterial-Spot (725).jpg,anomala,train,spinach_sy69db2nz5,900x1200,5228140557661082568|17045727919759111916|11857708589429526220|15711985130894495432|17020848033750290156|14452951872347475528|14451540048282062042|14739730875969933220
dataset\_work\final\spinach\train\anomala\Bacterial-Spot(752)__Bacterial-Spot (726).jpg,anomala,train,spinach_sy69db2nz5,900x1200,12109068973782764744|16919899791769456364|11550613960873936544|18071994446778376170|17063750943038754794|14450932137937734824|16906247087704755450|11531061242911673504
dataset\_work\final\spinach\test\anomala\Bacterial-Spot(752)__Bacterial-Spot (727).jpg,anomala,test,spinach_sy69db2nz5,900x1200,5516372136602832840|14811801664418680812|11566962633618722508|17914799399659081420|17009875010373258957|14415762042991906380|14739735291198152440|14739735240060405408
dataset\_work\final\spinach\val\anomala\Bacterial-Spot(752)__Bacterial-Spot (728).jpg,anomala,val,spinach_sy69db2nz5,900x1200,14708254091788101580|14737769381317778312|17045855395194314702|9803825292729583244|9807453586577393612|14710787417916776140|10089790692041625224|14888684087140913132
dataset\_work\final\spinach\train\anomala\Bacterial-Spot(752)__Bacterial-Spot (729).jpg,anomala,train,spinach_sy69db2nz5,900x1200,14739744018310334440|14739744018908192392|14737778109698707450|9808320087143681696|9808336648698040012|16755522648856301260|11533304186303618696|18054682756257646540
dataset\_work\final\spinach\train\anomala\Bacterial-Spot(752)__Bacterial-Spot (73).jpg,anomala,train,spinach_sy69db2nz5,433x577,882878829131550756|441429757453018378|873785792966640658|874275906691958822|731068090322132998|2616618934083600396|2776484659235463692|1316334872155856908
dataset\_work\final\spinach\train\anomala\Bacterial-Spot(752)__Bacterial-Spot (730).jpg,anomala,train,spinach_sy69db2nz5,900x1200,13876740726430304236|16196799321280552904|11567235209155020516|18022885893864922776|14420305121698629344|17007583576735519936|10997287998900870906|16466870026080847776
dataset\_work\final\spinach\train\anomala\Bacterial-Spot(752)__Bacterial-Spot (731).jpg,anomala,train,spinach_sy69db2nz5,900x1200,15861175596191551464|4937936558202752200|17045877437234548442|9803781148920483748|14414921981345630020|16757638212644970204|11857717393575317128|15712555915336978412
dataset\_work\final\spinach\val\anomala\Bacterial-Spot(752)__Bacterial-Spot (732).jpg,anomala,val,spinach_sy69db2nz5,900x1200,14703750836226854600|14740021138685628108|16466857004212391628|15608947662469172940|14703719731233525708|14451531493781475020|14739757127079796440|14739783773055321828
dataset\_work\final\spinach\train\anomala\Bacterial-Spot(752)__Bacterial-Spot (733).jpg,anomala,train,spinach_sy69db2nz5,900x1200,5516380725865286538|14811784123705667502|16610127698703124420|10970240081611661016|12551320158389898957|9947047547944013388|15572945297618189976|14161308732361245670
dataset\_work\final\spinach\train\anomala\Bacterial-Spot(752)__Bacterial-Spot (734).jpg,anomala,train,spinach_sy69db2nz5,900x1200,6385566693290609626|16538932207312121764|16610140893043984326|10970231250353594008|11830704627137349349|15711694928408452696|10961259072897629848|14305423971977495526
dataset\_work\final\spinach\val\anomala\Bacterial-Spot(752)__Bacterial-Spot (735).jpg,anomala,val,spinach_sy69db2nz5,900x1200,5480343270327521160|14739744104807600110|16467147102608918438|15572901256822726298|17153990215763201740|9804075886857096780|11105356814748688088|11999589466396133348
dataset\_work\final\spinach\test\anomala\Bacterial-Spot(752)__Bacterial-Spot (736).jpg,anomala,test,spinach_sy69db2nz5,900x1200,14703750681104026499|14740021087719337790|14378050890504802190|2048688298592767884|4480878576418394060|9442673158646075084|10092319603115388444|10236408531554765255
dataset\_work\final\spinach\val\anomala\Bacterial-Spot(752)__Bacterial-Spot (737).jpg,anomala,val,spinach_sy69db2nz5,900x1200,10685225617148333776|10839476657729801460|10386504186652411536|17787982806289128946|17621493628181310870|15045971132115863956|17482303150657166326|10396144225443259536
dataset\_work\final\spinach\train\anomala\Bacterial-Spot(752)__Bacterial-Spot (738).jpg,anomala,train,spinach_sy69db2nz5,900x1200,12848081537485166224|12848082091544319222|10386575156692470928|17787281425235365366|17767982661861526962|10436544678803164594|17783885996427762166|10397840769943020688
dataset\_work\final\spinach\train\anomala\Bacterial-Spot(752)__Bacterial-Spot (74).jpg,anomala,train,spinach_sy69db2nz5,433x577,873783602642226452|865338803186780180|865338805334056964|873783052890604044|1461505516265865740|1444826030099210252|865339419648663564|297321164316672524
dataset\_work\final\spinach\train\anomala\Bacterial-Spot(752)__Bacterial-Spot (740).jpg,anomala,train,spinach_sy69db2nz5,900x1200,12127496874429421248|12271638398650783484|12737313527502948000|17499896522053426666|18200909814121254314|13877286101385104808|16905692882162146546|11549084351480710320
dataset\_work\final\spinach\test\anomala\Bacterial-Spot(752)__Bacterial-Spot (741).jpg,anomala,test,spinach_sy69db2nz5,900x1200,11984525074905844904|9972541941983628522|12703685411236367504|17495796490915761650|16883043062427051402|12127215313025913254|17459768797686582770|10397701116934376624
dataset\_work\final\spinach\val\anomala\Bacterial-Spot(752)__Bacterial-Spot (742).jpg,anomala,val,spinach_sy69db2nz5,900x1200,14451513625138661092|16757356789676613336|14739748407690630856|14739761885299578604|15608956545333169896|16466878899215109832|17047847590204772044|14453747815452217036
dataset\_work\final\spinach\test\anomala\Bacterial-Spot(752)__Bacterial-Spot (743).jpg,anomala,test,spinach_sy69db2nz5,900x1200,11824656084622839464|10981893616072888296|12990214877527642018|15176354653230009530|16757655804366448536|12109646319805405604|13406124529680293330|11713589005328271028
dataset\_work\final\spinach\test\anomala\Bacterial-Spot(752)__Bacterial-Spot (744).jpg,anomala,test,spinach_sy69db2nz5,900x1200,5516363142307449772|14739735463733309386|14306593697193755586|11253971187228163772|14568877953846841036|12397084918693203532|13564339803413229212|14016067369638267846
dataset\_work\final\spinach\train\anomala\Bacterial-Spot(752)__Bacterial-Spot (745).jpg,anomala,train,spinach_sy69db2nz5,675x1200,6957510926605683800|17405338566122524645|14886250609614751438|10130449403506761356|16559493238095842545|6344511143990234720|10132560534291519116|14881730483088430798
dataset\_work\final\spinach\train\anomala\Bacterial-Spot(752)__Bacterial-Spot (746).jpg,anomala,train,spinach_sy69db2nz5,675x1200,14703974672138438439|14704031846138322715|14706279403330938564|14706279402925956056|1954310497615941580|2812259575384969164|15608081179393333196|14134036411857442764
dataset\_work\final\spinach\train\anomala\Bacterial-Spot(752)__Bacterial-Spot (747).jpg,anomala,train,spinach_sy69db2nz5,675x1200,14703737512196511252|14740047682153191383|14809567663552958412|5520880108003069644|15534902289955000268|1447360914678025932|14703702019124469324|14740052157510682317
dataset\_work\final\spinach\val\anomala\Bacterial-Spot(752)__Bacterial-Spot (748).jpg,anomala,val,spinach_sy69db2nz5,675x1200,5448262768494874184|2722011489111609069|2922439419334987360|16973528420334931705|17117626977634207269|5228150504669748299|17982327057397747435|6957515014984404520
dataset\_work\final\spinach\train\anomala\Bacterial-Spot(752)__Bacterial-Spot (749).jpg,anomala,train,spinach_sy69db2nz5,675x1200,7822222704590526867|14523694451085764406|2560605536199607110|4282473731050651293|3920180371580751561|10599535208839417452|11330554439781543483|5080925846371928355
dataset\_work\final\spinach\val\anomala\Bacterial-Spot(752)__Bacterial-Spot (75).jpg,anomala,val,spinach_sy69db2nz5,433x577,1300782209162938386|2614494744718149652|2471497728980165132|2452665294222270988|1443418241023952932|1299374269558295826|874274605343050018|874274502262279202
dataset\_work\final\spinach\train\anomala\Bacterial-Spot(752)__Bacterial-Spot (750).jpg,anomala,train,spinach_sy69db2nz5,675x1200,7894281450484076422|5300181625299996574|5657395394634287686|10177610945206398621|11389338806483652169|9659956549776281197|11362062045251059341|5082904967167837006
dataset\_work\final\spinach\train\anomala\Bacterial-Spot(752)__Bacterial-Spot (751).jpg,anomala,train,spinach_sy69db2nz5,675x1200,5232627578511761166|5586186537741518735|16467156080599172928|15572910208238690041|10306249320971601485|1017561843839245896|17950819633251950296|4613664474528188388
dataset\_work\final\spinach\train\anomala\Bacterial-Spot(752)__Bacterial-Spot (752).jpg,anomala,train,spinach_sy69db2nz5,675x1200,5299785929094542107|7912268619339084583|14393945740169562083|2052645517783931960|2824651313357704813|1959992834549320777|4043193535228705820|16413102104678351303
dataset\_work\final\spinach\val\anomala\Bacterial-Spot(752)__Bacterial-Spot (77).jpg,anomala,val,spinach_sy69db2nz5,442x564,1737869451842232088|289931385317033734|5478350784265683782|657032136485453469|434332446415848964|1738124538541448728|11330558846750891529|5080943575324362572
dataset\_work\final\spinach\train\anomala\Bacterial-Spot(752)__Bacterial-Spot (78).jpg,anomala,train,spinach_sy69db2nz5,456x547,10243209861345905935|10239905065708900111|10597934681424738206|3906671951938523910|1103185540241628046|1084607855458330510|437771780565317430|11400613174394557331
dataset\_work\final\spinach\train\anomala\Bacterial-Spot(752)__Bacterial-Spot (79).jpg,anomala,train,spinach_sy69db2nz5,446x559,10092324207821786926|10236465733037526923|10236448055155557255|10236448158237146910|10020273176828383118|3318954211816968076|2179581043972706190|9728700336531246990
dataset\_work\final\spinach\train\anomala\Bacterial-Spot(752)__Bacterial-Spot (8).jpg,anomala,train,spinach_sy69db2nz5,675x1200,10961228449611976460|7387916746799124431|5516635917188533892|14487551389981183964|14920178635513497446|868921126638263960|15892933813007748809|9515595182696271692
dataset\_work\final\spinach\train\anomala\Bacterial-Spot(752)__Bacterial-Spot (80).jpg,anomala,train,spinach_sy69db2nz5,394x633,4937927642963590942|11033307947450041095|9658883529405203267|11251965875793116729|505319090629320345|2179581059707668292|4124865405498107804|4864750857620491142
dataset\_work\final\spinach\train\anomala\Bacterial-Spot(752)__Bacterial-Spot (81).jpg,anomala,train,spinach_sy69db2nz5,393x635,11392729779333304206|9666738027624075020|9730898955020470150|2173944697218867102|868995720859297670|10236450503116135326|11393846606930848542|9657748429309807495
dataset\_work\final\spinach\test\anomala\Bacterial-Spot(752)__Bacterial-Spot (82).jpg,anomala,test,spinach_sy69db2nz5,430x581,5588429712926514078|5588429558914426758|5082080376799333190|1809966886333918873|9666804213368720973|11392762437055254093|11037802769272217113|5083186545392715590
dataset\_work\final\spinach\train\anomala\Bacterial-Spot(752)__Bacterial-Spot (83).jpg,anomala,train,spinach_sy69db2nz5,400x488,2470521930264548864|2471648426566326016|2325690393389368848|152346231496939526|42541252273458466|6257525138540834|475198081122311426|1154754644287899168
dataset\_work\final\spinach\train\anomala\Bacterial-Spot(752)__Bacterial-Spot (84).jpg,anomala,train,spinach_sy69db2nz5,314x446,188463467987868754|2325703069231089189|3624427978075865613|2452647805654868035|2667976572460221984|5916760753251982594|4836922346269706530|937367760618277938
dataset\_work\final\spinach\train\anomala\Bacterial-Spot(752)__Bacterial-Spot (85).jpg,anomala,train,spinach_sy69db2nz5,425x586,144980577295207980|12699648985539776331|868925489485513218|10236452685502463536|5444640274027855536|3174478227898041090|3512376148806799246|144696834576289548
dataset\_work\final\spinach\test\anomala\Bacterial-Spot(752)__Bacterial-Spot (86).jpg,anomala,test,spinach_sy69db2nz5,420x595,1388101609113468718|2754265697543848843|1010903194844873507|10239832359279934778|10016890845889706278|3332482421060223763|4196631504101645198|2540885090619295502
dataset\_work\final\spinach\train\anomala\Bacterial-Spot(752)__Bacterial-Spot (87).jpg,anomala,train,spinach_sy69db2nz5,406x614,11033308275413164806|5082042976733573919|4864733281947291535|4413104714816753420|2248274062835681094|442304276630281881|868985010659475005|10308595773641687875
dataset\_work\final\spinach\test\anomala\Bacterial-Spot(752)__Bacterial-Spot (88).jpg,anomala,test,spinach_sy69db2nz5,384x650,2739907305487011735|1989508339562647318|14343719910433310502|2021688716933078426|1589576335337430043|10884933655656597030|11105091883959520796|2758194338958741447
dataset\_work\final\spinach\train\anomala\Bacterial-Spot(752)__Bacterial-Spot (89).jpg,anomala,train,spinach_sy69db2nz5,433x577,4655065176211466288|82832014008453891|6759905063964488|580709765811721|219270257888929281|3470129315601816128|652545888154026496|5228412038010902528
dataset\_work\final\spinach\val\anomala\Bacterial-Spot(752)__Bacterial-Spot (9).jpg,anomala,val,spinach_sy69db2nz5,675x1200,5516376535018443542|14811819257577813911|5659647383292319558|10173111545721460380|10896238765326962381|1590636298637119052|11247220168082271885|5086564108243536718
dataset\_work\final\spinach\train\anomala\Bacterial-Spot(752)__Bacterial-Spot (90).jpg,anomala,train,spinach_sy69db2nz5,269x324,2760299869231587214|1913341715446957964|6919573513871771424|80006174839020802|10090076522087877914|10240934018343128614|152311150438849537|2325976215808313184
dataset\_work\final\spinach\test\anomala\Bacterial-Spot(752)__Bacterial-Spot (91).jpg,anomala,test,spinach_sy69db2nz5,453x550,11430025007292432142|9657448280853906318|10240929763336717222|10234174814867242520|10233024191547180678|1026679346990653342|1746949608465434510|11962520936463671182
dataset\_work\final\spinach\train\anomala\Bacterial-Spot(752)__Bacterial-Spot (92).jpg,anomala,train,spinach_sy69db2nz5,455x548,2754265646440190867|1388101816918161206|2829115544076628740|1890788804665750422|3906726979634152211|10597850911241812262|10823103625252715802|302648382068441895
dataset\_work\final\spinach\train\anomala\Bacterial-Spot(752)__Bacterial-Spot (93).jpg,anomala,train,spinach_sy69db2nz5,437x570,5588438474526238478|5587848982278511503|4937916655609413955|11033396255098633785|10311903044052683853|1019857555937005133|4142827611942231705|4864192420130162500
dataset\_work\final\spinach\train\anomala\Bacterial-Spot(752)__Bacterial-Spot (94).jpg,anomala,train,spinach_sy69db2nz5,351x711,5588420728054587212|5588420882269144717|5082038491471382081|11033290596419608129|10161817336643817037|5521165886369533517|4728286131343269529|4721464605476882246
dataset\_work\final\spinach\train\anomala\Bacterial-Spot(752)__Bacterial-Spot (95).jpg,anomala,train,spinach_sy69db2nz5,448x557,5588421012763905839|5300190636610621195|5156343401242889030|2093680692528360989|796863807913692745|3390963581558165069|2102687617978928669|5047131118835568455
dataset\_work\final\spinach\train\anomala\Bacterial-Spot(752)__Bacterial-Spot (96).jpg,anomala,train,spinach_sy69db2nz5,415x601,2541045268538539790|3620091814629409551|435451843918250787|11398451620265999666|1081788914775506226|1026659555881992995|3620171065670447006|2541025355855629062
dataset\_work\final\spinach\train\anomala\Bacterial-Spot(752)__Bacterial-Spot (97).jpg,anomala,train,spinach_sy69db2nz5,447x559,2740175594113926924|10528306570098712460|10090072149241037574|10096854221932871576|10096829902416190610|866761840352233254|10970547000746647436|433351639531980684
dataset\_work\final\spinach\val\anomala\Bacterial-Spot(752)__Bacterial-Spot (98).jpg,anomala,val,spinach_sy69db2nz5,432x577,5012250368288427803|6417091924202295079|9728623001147246407|2179530251790917145|2814498086772477529|1949820487665684293|1809944999517699870|5154109434401850247
dataset\_work\final\spinach\train\anomala\Bacterial-Spot(752)__Bacterial-Spot (99).jpg,anomala,train,spinach_sy69db2nz5,456x548,2093618629375364885|5084316920687038231|5082038482747064587|2098148798550081324|1661563483354795846|1517448139584769565|3206419170172280349|792916122109708102
dataset\_work\final\spinach\train\anomala\Downy-Mildew(240)__Downy-Mildew (1).jpg,anomala,train,spinach_sy69db2nz5,433x577,6955253440824940699|2421985638351603492|2345264925003976526|2381436216557899401|2632084709686877217|11175734595402761824|9875882845737520161|5660755381422296096
dataset\_work\final\spinach\test\anomala\Downy-Mildew(240)__Downy-Mildew (10).jpg,anomala,test,spinach_sy69db2nz5,449x556,11033369718511973135|5082058523606594319|5441246828255712142|3260170084955010830|1095308346440386374|1095348031943286425|1024315260555968045|10237639959044522827
dataset\_work\final\spinach\test\anomala\Downy-Mildew(240)__Downy-Mildew (100).jpg,anomala,test,spinach_sy69db2nz5,900x1200,90075330190459664|865039051527172358|5372670720764349722|3246548352456527140|446170992805150988|1171788140743180289|2597817834592407085|1877241344600018762
dataset\_work\final\spinach\train\anomala\Downy-Mildew(240)__Downy-Mildew (101).jpg,anomala,train,spinach_sy69db2nz5,900x1200,2635471248851682853|11107063308401679698|5300340471351364898|7894271618524793890|5952929895653254298|2685991677567669028|2471524148113215085|2471779687351160393
dataset\_work\final\spinach\train\anomala\Downy-Mildew(240)__Downy-Mildew (102).jpg,anomala,train,spinach_sy69db2nz5,433x577,4798899927898595212|1244830846300391182|2325840459135682382|152328772857568777|1010828520538457617|10096801031714150722|657032119187283202|5658494908140046112
dataset\_work\final\spinach\train\anomala\Downy-Mildew(240)__Downy-Mildew (103).jpg,anomala,train,spinach_sy69db2nz5,900x1200,5371956690903498766|3264722270636408845|2758611066262294080|1299586028966219265|936915434259566125|1008830532194569546|112193735307954450|4651662226045683750
dataset\_work\final\spinach\train\anomala\Downy-Mildew(240)__Downy-Mildew (104).jpg,anomala,train,spinach_sy69db2nz5,1200x900,1451925231873969669|6096358277159652700|2558061231601496074|3674954042247496200|6633131126197951060|382320286147946004|595051356026241075|734172566181085219
dataset\_work\final\spinach\val\anomala\Downy-Mildew(240)__Downy-Mildew (105).jpg,anomala,val,spinach_sy69db2nz5,433x577,1748408340118838881|446285203569575520|1596049219411463686|10708026151203147160|6919296161996484870|6998062976390939416|10992457710411029140|454317170840446486
dataset\_work\final\spinach\train\anomala\Downy-Mildew(240)__Downy-Mildew (106).jpg,anomala,train,spinach_sy69db2nz5,900x1200,883422986597453130|1017899958823439661|441720340931815442|1459180629509621812|3264422082465636366|5354092309166965260|3767275575439081492|1308381777111163142
dataset\_work\final\spinach\train\anomala\Downy-Mildew(240)__Downy-Mildew (107).jpg,anomala,train,spinach_sy69db2nz5,900x1200,288806582900100130|585477364357401634|721779106850930694|2598749735499726872|2453492674305990664|2453492672141984260|1729552252212678692|432387372618220554
dataset\_work\final\spinach\test\anomala\Downy-Mildew(240)__Downy-Mildew (108).jpg,anomala,test,spinach_sy69db2nz5,900x1200,432360985418668070|432502380438094866|1299304463433353222|3749404601214635280|1298310608429383686|2745118271346704390|1156753983894652980|452618937395185682
dataset\_work\final\spinach\train\anomala\Downy-Mildew(240)__Downy-Mildew (109).jpg,anomala,train,spinach_sy69db2nz5,900x1200,1226121607653559297|4760320367451836224|688644557521226754|5192243783891029024|4615914908306772034|75610232525358097|2309236334940524104|147650751794941449
dataset\_work\final\spinach\train\anomala\Downy-Mildew(240)__Downy-Mildew (11).jpg,anomala,train,spinach_sy69db2nz5,417x599,10090041562125641614|10096823065066937102|9656611697796648846|2026421144031006478|1016486512979550092|10243276168086620044|1013115608806137628|10236414896999564166
dataset\_work\final\spinach\test\anomala\Downy-Mildew(240)__Downy-Mildew (110).jpg,anomala,test,spinach_sy69db2nz5,900x1200,306962816138415629|441720614798200648|1235749379877570304|4943330878534130688|5228401057764090118|940741113882165764|7950835912645188|1974188214789649
dataset\_work\final\spinach\train\anomala\Downy-Mildew(240)__Downy-Mildew (111).jpg,anomala,train,spinach_sy69db2nz5,900x1200,11247470805160234637|9662238972840742732|9303934556492742552|4649706079543034758|5516657957886695302|10164104337673623452|9656600839817758528|10970552419988479617
dataset\_work\final\spinach\val\anomala\Downy-Mildew(240)__Downy-Mildew (112).jpg,anomala,val,spinach_sy69db2nz5,900x1200,2619421043349850148|1307537091513420818|874274536479787264|874274536488324096|1300500833155032338|2596340056755886628|21548293558116876|2546533606892044
dataset\_work\final\spinach\train\anomala\Downy-Mildew(240)__Downy-Mildew (113).jpg,anomala,train,spinach_sy69db2nz5,900x1200,2325139670848702276|152434724867350041|1153769465160615457|232004732503629122|1809927099642682626|4901916570354074656|4800017186468870147|2397770097843438352
dataset\_work\final\spinach\train\anomala\Downy-Mildew(240)__Downy-Mildew (114).jpg,anomala,train,spinach_sy69db2nz5,900x1200,11972581200748285853|1304666389273317190|940754479695466254|1049095803232521998|5048261589293800210|11317298658873386918|1013036271228129038|1013058158986989069
dataset\_work\final\spinach\train\anomala\Downy-Mildew(240)__Downy-Mildew (115).jpg,anomala,train,spinach_sy69db2nz5,900x1200,2182729722101565972|445019117339944978|864846288957344034|864775273433156642|1308382035744009478|1444121791027825182|2471498212168171532|2452665324278710284
dataset\_work\final\spinach\train\anomala\Downy-Mildew(240)__Downy-Mildew (116).jpg,anomala,train,spinach_sy69db2nz5,900x1200,1587675577216466948|1587675680291553302|2596498420915896326|1300491970628419590|1585353443286845462|288386019434039318|432502341510761490|432502341516462116
dataset\_work\final\spinach\test\anomala\Downy-Mildew(240)__Downy-Mildew (118).jpg,anomala,test,spinach_sy69db2nz5,900x1200,4687692246720223812|4723747408423626257|4943295693641391772|1163695082295232070|1235890167732997697|4943294388572196417|5081770152522294800|11285517224051055172
dataset\_work\final\spinach\val\anomala\Downy-Mildew(240)__Downy-Mildew (119).jpg,anomala,val,spinach_sy69db2nz5,900x1200,11911914633343242214|6488849248654921368|17043621256023197344|14420006088752405754|10956733576720551258|16613553879956541349|18058324149925256904|11549075778995718124
dataset\_work\final\spinach\train\anomala\Downy-Mildew(240)__Downy-Mildew (12).jpg,anomala,train,spinach_sy69db2nz5,411x606,10240967253972694791|10090142622869951263|10311837152042360707|1019924016634464062|2239187802231342988|520011144400281486|4469650305297884942|9448316023745878927
dataset\_work\final\spinach\train\anomala\Downy-Mildew(240)__Downy-Mildew (120).jpg,anomala,train,spinach_sy69db2nz5,900x1200,17676082196574056396|5804312155584531404|5228563989768651699|10164085611280874802|14702873064430865744|14713091873758465781|3620065098755083917|12917325520602369864
dataset\_work\final\spinach\train\anomala\Downy-Mildew(240)__Downy-Mildew (121).jpg,anomala,train,spinach_sy69db2nz5,900x1200,8235269625316429032|12703966355981782248|17350274346246916834|17351399690138463416|16775009890443611568|16774937219596962162|13307158497118309616|16342048588967102704
dataset\_work\final\spinach\train\anomala\Downy-Mildew(240)__Downy-Mildew (122).jpg,anomala,train,spinach_sy69db2nz5,900x1200,17045595909977214948|5192095301857120216|14161062390629634022|15897199891949424280|15568709763809611336|16433365862513086188|10956701691154767580|16613672627071059652
dataset\_work\final\spinach\val\anomala\Downy-Mildew(240)__Downy-Mildew (123).jpg,anomala,val,spinach_sy69db2nz5,900x1200,16757224162503585004|16739464294676482504|17349156721038125296|16202991068412635376|14468242776049209064|17036165881536613864|17359282627497352416|17359140389303796976
dataset\_work\final\spinach\test\anomala\Downy-Mildew(240)__Downy-Mildew (124).jpg,anomala,test,spinach_sy69db2nz5,1200x900,18077061462036028658|11566376366740784816|14451635636274973581|16757505051543350350|12737884221256139936|17482005717746441978|5632892829221949160|10217413059174371016
dataset\_work\final\spinach\test\anomala\Downy-Mildew(240)__Downy-Mildew (125).jpg,anomala,test,spinach_sy69db2nz5,1200x900,15604470486495121382|16469121928438090904|15608098865799466688|16439870796641046268|10956173788400815844|16631682644781272792|18198513017411806948|13875070534210526168
dataset\_work\final\spinach\train\anomala\Downy-Mildew(240)__Downy-Mildew (126).jpg,anomala,train,spinach_sy69db2nz5,1200x900,15897314413363568588|9261131616089212620|16720470184138870500|16730643002621923032|14701476667418117760|14744568830623456988|15604452687807983592|16469130759023299560
dataset\_work\final\spinach\train\anomala\Downy-Mildew(240)__Downy-Mildew (128).jpg,anomala,train,spinach_sy69db2nz5,900x1200,2489661764823623405|2399449979074353992|2307535187867275012|188094687610801880|5231787534187449377|17088397715803376930|15568431741788986370|292605380280911392
dataset\_work\final\spinach\train\anomala\Downy-Mildew(240)__Downy-Mildew (129).jpg,anomala,train,spinach_sy69db2nz5,900x1200,16469135174989197234|15604417503030348722|11998441576658830118|11114355218112790427|12829351343819296472|12839515384530833124|11186694338465709722|2739040845461685158
dataset\_work\final\spinach\train\anomala\Downy-Mildew(240)__Downy-Mildew (13).jpg,anomala,train,spinach_sy69db2nz5,429x581,10164126414950441862|5516666564435065758|5080932572894926726|11330607499302082332|11401826749913468748|9665649898161901197|2024164680790392477|9662223751778501446
dataset\_work\final\spinach\train\anomala\Downy-Mildew(240)__Downy-Mildew (130).jpg,anomala,train,spinach_sy69db2nz5,900x1200,16757647008805629846|16721310347922967446|11963551976564918022|10961540744975163295|10811738676934414056|10821937901414092776|11465943749225815960|434336879158167462
dataset\_work\final\spinach\train\anomala\Downy-Mildew(240)__Downy-Mildew (131).jpg,anomala,train,spinach_sy69db2nz5,900x1200,16342874784170743506|11550763408547354292|12704107160247141890|17477783075745144767|13012600384455068832|15174367839148494306|13807789252547677682|145811919856357040
dataset\_work\final\spinach\val\anomala\Downy-Mildew(240)__Downy-Mildew (132).jpg,anomala,val,spinach_sy69db2nz5,900x1200,17315935015307523990|13874761537586664342|14307675650994668294|10092046916040736667|10814017191176736192|10824163201219776240|11186711947899244172|433202097527427014
dataset\_work\final\spinach\train\anomala\Downy-Mildew(240)__Downy-Mildew (133).jpg,anomala,train,spinach_sy69db2nz5,900x1200,16883306773949128671|12127364812171314948|11533321735605259152|17478213139411447798|290212843046718888|16077621073906912746|17739449320024215538|10379402045577170592
dataset\_work\final\spinach\train\anomala\Downy-Mildew(240)__Downy-Mildew (134).jpg,anomala,train,spinach_sy69db2nz5,900x1200,16199059780082831308|16180314360354901708|7786463219207833232|14415801608432426998|14703719568258796768|14740043188418891488|17770955945710915528|10378130950131486572
dataset\_work\final\spinach\test\anomala\Downy-Mildew(240)__Downy-Mildew (135).jpg,anomala,test,spinach_sy69db2nz5,900x1200,16775519518512369645|14450931931577977928|12721558591556684946|17496079086409207734|5191539893796768968|17136072471005286120|13172904782208159474|10523801990512676016
dataset\_work\final\spinach\train\anomala\Downy-Mildew(240)__Downy-Mildew (136).jpg,anomala,train,spinach_sy69db2nz5,900x1200,16162731434527657965|11550763301374725704|12722395319368091266|3606854690356043710|5192104080692890784|17117917319906872800|13735731607499640370|9369183802024759216
dataset\_work\final\spinach\train\anomala\Downy-Mildew(240)__Downy-Mildew (137).jpg,anomala,train,spinach_sy69db2nz5,900x1200,14606632897685196749|12128760195506441804|11855469931813342860|15716462187957423822|5480334337062949544|14812074394975712714|14883850513431338202|10092020355290335140
dataset\_work\final\spinach\train\anomala\Downy-Mildew(240)__Downy-Mildew (138).jpg,anomala,train,spinach_sy69db2nz5,900x1200,17495585751231862749|12739570837868123652|11551323076885415560|17441647763604283238|294438279704267952|15967388850554064114|7394662301370813938|9801670120929185440
dataset\_work\final\spinach\train\anomala\Downy-Mildew(240)__Downy-Mildew (139).jpg,anomala,train,spinach_sy69db2nz5,900x1200,17459627408780906379|3480595343732575520|11550763305534882192|17495796391327268854|2309518874263899440|10038259186775510514|17762090308315565554|10376581746778852512
dataset\_work\final\spinach\test\anomala\Downy-Mildew(240)__Downy-Mildew (14).jpg,anomala,test,spinach_sy69db2nz5,445x561,2100475460679831439|5083184424011632396|5736795897497585422|956578832205029262|868916832107072326|10308527879476160029|10240971377141302797|1010850667162606927
dataset\_work\final\spinach\train\anomala\Downy-Mildew(240)__Downy-Mildew (140).jpg,anomala,train,spinach_sy69db2nz5,900x1200,2600281276057849576|15823273248002314184|13515028802581270514|148090022050860720|14451802762646624219|16721451102591915556|12686111453101362690|17478196491780067259
dataset\_work\final\spinach\test\anomala\Downy-Mildew(240)__Downy-Mildew (141).jpg,anomala,test,spinach_sy69db2nz5,900x1200,14812087588880358361|5480360726013617764|14161026999216705032|15897204341470105583|7216467869845360204|15680178398730883021|17262050115262586588|580409128742258372
dataset\_work\final\spinach\train\anomala\Downy-Mildew(240)__Downy-Mildew (142).jpg,anomala,train,spinach_sy69db2nz5,900x1200,14812091954204863975|5480325609341847824|11569778294121076998|18083860221457295007|1155538402863943244|16676211005648244685|11486086818697836282|475442189747130528
dataset\_work\final\spinach\train\anomala\Downy-Mildew(240)__Downy-Mildew (143).jpg,anomala,train,spinach_sy69db2nz5,900x1200,17315652956314374117|17315652299385671256|10396003486139877002|16617613121855856558|6345025585299738096|16541456567670558192|12582800241052327398|9945662232212162192
dataset\_work\final\spinach\train\anomala\Downy-Mildew(240)__Downy-Mildew (144).jpg,anomala,train,spinach_sy69db2nz5,900x1200,11731188799698341863|12703684844233624584|10954590646343011336|16617612039322767083|579855009383861424|16685571701790920098|16973528351289286118|615892705977173656
dataset\_work\final\spinach\test\anomala\Downy-Mildew(240)__Downy-Mildew (145).jpg,anomala,test,spinach_sy69db2nz5,1200x900,14305423782461803554|11249489646751567547|9959198234231342816|12579551149898571504|13532770677365874332|2489381200176842694|17338452962079118254|16178634272162068106
dataset\_work\final\spinach\train\anomala\Downy-Mildew(240)__Downy-Mildew (146).jpg,anomala,train,spinach_sy69db2nz5,900x1200,13026537776796868572|15139991470994032580|14737505361230235428|14744287303764418523|14125270966981237970|15861448257567705012|15789389564415286988|2596196658469635788
dataset\_work\final\spinach\test\anomala\Downy-Mildew(240)__Downy-Mildew (147).jpg,anomala,test,spinach_sy69db2nz5,900x1200,10587275559464308684|10684805643571760844|11963269350545098288|11141825312936861683|14703741850281199764|14740012255996276114|17554765364858429338|3460610693014881958
dataset\_work\final\spinach\train\anomala\Downy-Mildew(240)__Downy-Mildew (148).jpg,anomala,train,spinach_sy69db2nz5,900x1200,15163003736190085053|12990927854498617408|12682702829598410768|17491768882649616375|4618474429222767028|13684055112170827218|17856648926774411250|1155188792190239408
dataset\_work\final\spinach\val\anomala\Downy-Mildew(240)__Downy-Mildew (149).jpg,anomala,val,spinach_sy69db2nz5,900x1200,16163304264792754125|17297506028318760268|12145653092071639298|16901480792508559295|5484573104495005168|14791940534735163360|13794402097713614570|146663882386542248
dataset\_work\final\spinach\train\anomala\Downy-Mildew(240)__Downy-Mildew (15).jpg,anomala,train,spinach_sy69db2nz5,434x574,10096801324717128462|1010828374740902798|433195542837789574|2035450351506374556|10242119162787727118|1025542289286176652|11258853345812496156|9656598383129068294
dataset\_work\final\spinach\train\anomala\Downy-Mildew(240)__Downy-Mildew (150).jpg,anomala,train,spinach_sy69db2nz5,900x1200,14135439251396333547|14423669678139641384|13843510014100507650|17331856047469481919|2886268613988920264|16973951800697367492|13821440875414128624|147499497801850560
dataset\_work\final\spinach\test\anomala\Downy-Mildew(240)__Downy-Mildew (151).jpg,anomala,test,spinach_sy69db2nz5,900x1200,17784308176021048778|10379827436493490604|12683832096642042246|17482867199869677470|12414467102353525904|14577535782216453878|11416500875391115250|9658264134823052976
dataset\_work\final\spinach\train\anomala\Downy-Mildew(240)__Downy-Mildew (152).jpg,anomala,train,spinach_sy69db2nz5,900x1200,16775239281014644690|16738760525043664564|11531621889957365392|12893610291733962742|12972213019785710824|15176864934075026920|17770957011132805042|10377990100847757472
dataset\_work\final\spinach\val\anomala\Downy-Mildew(240)__Downy-Mildew (153).jpg,anomala,val,spinach_sy69db2nz5,900x1200,6095379271936624370|1519466912290905136|9803789996032167424|14451786289032171197|3466662525343045141|17493686514941663060|13659030225362587592|39976069785128584
dataset\_work\final\spinach\test\anomala\Downy-Mildew(240)__Downy-Mildew (154).jpg,anomala,test,spinach_sy69db2nz5,900x1200,15608947697439427574|14161012826161687696|7354103481815141376|11029208951497412351|10388711542337472196|17747427359148973784|18432827740183793561|3393278221619046
dataset\_work\final\spinach\train\anomala\Downy-Mildew(240)__Downy-Mildew (155).jpg,anomala,train,spinach_sy69db2nz5,900x1200,15609088299300777390|16466855853007718792|14305145486079592594|11285623878179612342|9820404884296861412|12568851200954310360|13179379238779199132|10558704814141114054
dataset\_work\final\spinach\train\anomala\Downy-Mildew(240)__Downy-Mildew (156).jpg,anomala,train,spinach_sy69db2nz5,900x1200,15318500507766201302|15318434822249981572|14881919651225474572|10096563726786467791|9522350617235003092|15463965879011612372|14958480982396837516|870939872401262542
dataset\_work\final\spinach\test\anomala\Downy-Mildew(240)__Downy-Mildew (157).jpg,anomala,test,spinach_sy69db2nz5,1200x900,13278585958552704034|16293248528839301035|1161091039463232679|13206699920620688666|12346511924286922210|2455594893360449464|1915654986853730231|12057288555719171344
dataset\_work\final\spinach\val\anomala\Downy-Mildew(240)__Downy-Mildew (158).jpg,anomala,val,spinach_sy69db2nz5,1200x900,16906283388624650178|12107376790692889528|14415774171982174162|17009962902582662836|13259458371092416168|13996922844973342698|12976562825769455596|15174666993075621832
dataset\_work\final\spinach\train\anomala\Downy-Mildew(240)__Downy-Mildew (159).jpg,anomala,train,spinach_sy69db2nz5,900x1200,12452346416633583543|14559018391425652240|6924311979616568880|17989460551601659891|1159199763632360650|13229197663823450028|17554783094343968761|3460461142119880800
dataset\_work\final\spinach\test\anomala\Downy-Mildew(240)__Downy-Mildew (16).jpg,anomala,test,spinach_sy69db2nz5,390x640,14775799547801443086|5516640270874519438|5084290434531269507|11317017631344240444|10243181248269487948|1016429468600700621|4334463237901717149|9447187958991392582
dataset\_work\final\spinach\train\anomala\Downy-Mildew(240)__Downy-Mildew (160).jpg,anomala,train,spinach_sy69db2nz5,900x1200,14469660068390047638|17045005472705219474|14305573308057716482|11249471229395341247|10523556954172198124|10812873518972128968|13767246893180919452|146110969747834822
dataset\_work\final\spinach\train\anomala\Downy-Mildew(240)__Downy-Mildew (161).jpg,anomala,train,spinach_sy69db2nz5,900x1200,14737509896440448911|14744252101810659086|17045846417670212358|14415529273282998175|1017596977142800076|10306244803136292556|11470465182698770120|435469332613664748
dataset\_work\final\spinach\test\anomala\Downy-Mildew(240)__Downy-Mildew (162).jpg,anomala,test,spinach_sy69db2nz5,900x1200,14469254365544679399|17027132772546713104|12683968419238970916|17482901422902058970|1159130459847216364|16683319971226242504|15753379545136144370|2595765684411696816
dataset\_work\final\spinach\train\anomala\Downy-Mildew(240)__Downy-Mildew (163).jpg,anomala,train,spinach_sy69db2nz5,900x1200,13847951612058767307|13568092259899805228|12683832079399454360|17482867337836994534|3174490210680196028|14668099877356842432|16618015646468251634|10954530052607706800
dataset\_work\final\spinach\train\anomala\Downy-Mildew(240)__Downy-Mildew (164).jpg,anomala,train,spinach_sy69db2nz5,900x1200,14433366219847342070|17027413268471682704|11533304297367733912|18054682533523066854|10382493752618274284|17768705004561911240|16613523110198415354|10954468445940813472
dataset\_work\final\spinach\test\anomala\Downy-Mildew(240)__Downy-Mildew (165).jpg,anomala,test,spinach_sy69db2nz5,900x1200,14166529110358069198|14728466413769920140|11963541419165191808|11105717726490889982|10092011679790819020|14884149495039236548|18342668148872781722|9263344788676609958
dataset\_work\final\spinach\train\anomala\Downy-Mildew(240)__Downy-Mildew (166).jpg,anomala,train,spinach_sy69db2nz5,900x1200,16739193286646107084|16721036549128138700|11964677876101628824|11109578992015850982|14713008517217652200|14702886286294732264|16590486349269118362|10971616420622961574
dataset\_work\final\spinach\train\anomala\Downy-Mildew(240)__Downy-Mildew (167).jpg,anomala,train,spinach_sy69db2nz5,900x1200,16203122681636949998|17889581001033584136|12990504564214402688|15140308336971845374|580453264304063736|17189970582998801888|18342623858243018194|9227338057228437428
dataset\_work\final\spinach\train\anomala\Downy-Mildew(240)__Downy-Mildew (168).jpg,anomala,train,spinach_sy69db2nz5,900x1200,12830139126729641705|12704104853917273672|12683969449494546072|17482760719838453478|5192103015666699952|16829546137350245810|16617754031548178418|10990479650169489072
dataset\_work\final\spinach\test\anomala\Downy-Mildew(240)__Downy-Mildew (169).jpg,anomala,test,spinach_sy69db2nz5,900x1200,9425206773339869163|10830047723002924328|13262686949422271506|16325300426937126839|2885996084873612438|16955920224531500418|13244838286093881314|1300561742052921016
dataset\_work\final\spinach\val\anomala\Downy-Mildew(240)__Downy-Mildew (17).jpg,anomala,val,spinach_sy69db2nz5,422x591,5080925915028988711|11042324028999676699|10239823692491981571|875786684208660024|1959990644008500889|2820204612652598086|4052754107195926284|217190076879805326
dataset\_work\final\spinach\train\anomala\Downy-Mildew(240)__Downy-Mildew (170).jpg,anomala,train,spinach_sy69db2nz5,900x1200,17333667357046837194|17315793036320312996|12126928340582632082|16874282154709724854|11821401490928324336|14596042833070558704|13163510743770738154|10559264461473008552
dataset\_work\final\spinach\train\anomala\Downy-Mildew(240)__Downy-Mildew (171).jpg,anomala,train,spinach_sy69db2nz5,900x1200,9526043190680852468|14858304309796148944|10674449222012700162|15436999489595875247|14994187462875362254|17624713514558763908|12654903018810850262|145807349410636692
dataset\_work\final\spinach\train\anomala\Downy-Mildew(240)__Downy-Mildew (172).jpg,anomala,train,spinach_sy69db2nz5,900x1200,16757206052570892236|16739464229861334732|13260289481825554064|16329840142272401142|14708261667310292712|14737892406570421736|17766154171871895522|10416279579730839224
dataset\_work\final\spinach\train\anomala\Downy-Mildew(240)__Downy-Mildew (173).jpg,anomala,train,spinach_sy69db2nz5,900x1200,14143438729096661902|15860999036276125450|11676160541073359622|12873134480965451167|733820230477159900|10235362292478134212|11474546278278342322|451235376494676642
dataset\_work\final\spinach\train\anomala\Downy-Mildew(240)__Downy-Mildew (174).jpg,anomala,train,spinach_sy69db2nz5,900x1200,14451504794458083211|17045578334435413294|16178652827358764162|17878735400492058298|3318341551004815084|10038390593111953096|13458592983918518008|9411421781255751392
dataset\_work\final\spinach\test\anomala\Downy-Mildew(240)__Downy-Mildew (175).jpg,anomala,test,spinach_sy69db2nz5,900x1200,17337766970162909132|17349562530301677260|16576495699392661156|10966034466108579802|14703706374186452720|14740016800802512112|15753335392997093272|11819159797130529766
dataset\_work\final\spinach\test\anomala\Downy-Mildew(240)__Downy-Mildew (176).jpg,anomala,test,spinach_sy69db2nz5,900x1200,16203273211591759782|17889448062936290960|17313674831950466706|17338047255636053430|10382519093253522680|12004211933949976032|13154204425387941360|10542371626899949296
dataset\_work\final\spinach\val\anomala\Downy-Mildew(240)__Downy-Mildew (177).jpg,anomala,val,spinach_sy69db2nz5,900x1200,14744238839485681572|14737483490980203738|16757338029458623688|16757506201899486956|15711949740563203788|11875727437391175372|17063750882440482536|14450932258531872488
dataset\_work\final\spinach\train\anomala\Downy-Mildew(240)__Downy-Mildew (178).jpg,anomala,train,spinach_sy69db2nz5,900x1200,17043335331218693082|14456016091666392740|14881919684945053376|10096563658536493020|11828171480457715400|15752227196675524332|15897477226647723660|13836759056061269966
dataset\_work\final\spinach\val\anomala\Downy-Mildew(240)__Downy-Mildew (179).jpg,anomala,val,spinach_sy69db2nz5,900x1200,14739748588886634300|14739761524320701379|7243784119478224866|15644967569377926840|14054356761891540684|4336728118776270540|13267119751237672665|16323047291522352996
dataset\_work\final\spinach\train\anomala\Downy-Mildew(240)__Downy-Mildew (18).jpg,anomala,train,spinach_sy69db2nz5,442x564,5516662286810154766|10164069135924272014|444485638192466758|11253206041290288669|10239856307624939149|1010808592151842636|2102727766363024284|5083219535706794758
dataset\_work\final\spinach\val\anomala\Downy-Mildew(240)__Downy-Mildew (180).jpg,anomala,val,spinach_sy69db2nz5,900x1200,15752498784638807852|11873325949110651851|3460883302977470914|17518191244827655864|14630835140881270436|3183810943228222682|13294150213848407539|14015497856375785264
dataset\_work\final\spinach\val\anomala\Downy-Mildew(240)__Downy-Mildew (181).jpg,anomala,val,spinach_sy69db2nz5,900x1200,17045569539148556222|14451522386436758402|2594938774652030918|11186720984111451804|9375134341373333192|13701967941669981932|11245029891159572379|14307660197937742628
dataset\_work\final\spinach\train\anomala\Downy-Mildew(240)__Downy-Mildew (182).jpg,anomala,train,spinach_sy69db2nz5,900x1200,15748566982796709596|11857576648036518852|2307539707171409862|14672480449747422876|14126436484144926372|15856623687041453786|11244941937811103691|14307671339384112672
dataset\_work\final\spinach\test\anomala\Downy-Mildew(240)__Downy-Mildew (183).jpg,anomala,test,spinach_sy69db2nz5,900x1200,16900899062937237244|12163816990156755392|2613920700477965280|15824872900250189560|13875914924285218472|18173743201273154794|17887767871530900955|16177782150656116260
dataset\_work\final\spinach\test\anomala\Downy-Mildew(240)__Downy-Mildew (184).jpg,anomala,test,spinach_sy69db2nz5,900x1200,14451495998290075148|17045595927156852685|2598320966404899812|15784860624212672216|14809813798866620140|873151917860556488|15581961163579527131|16466007991852142372
dataset\_work\final\spinach\train\anomala\Downy-Mildew(240)__Downy-Mildew (185).jpg,anomala,train,spinach_sy69db2nz5,900x1200,12848082108514504360|10398123409317793738|3478638268290679696|17554228941016677554|14595901612515806608|12109632990574693810|12843191017677430259|10431334041610044976
dataset\_work\final\spinach\train\anomala\Downy-Mildew(240)__Downy-Mildew (186).jpg,anomala,train,spinach_sy69db2nz5,900x1200,13280700944232028102|16324737602011469716|5084310022307139236|11317096296725515738|10671098290006560226|14273918248008765112|15748302910563749533|11839562128796782406
dataset\_work\final\spinach\test\anomala\Downy-Mildew(240)__Downy-Mildew (187).jpg,anomala,test,spinach_sy69db2nz5,900x1200,12847800611995881196|12884110884394208968|4053951147634549400|16410305702132627942|14451504882622844338|17045578164909001906|16625370279201127907|10980491721238331960
dataset\_work\final\spinach\train\anomala\Downy-Mildew(240)__Downy-Mildew (188).jpg,anomala,train,spinach_sy69db2nz5,1200x900,2598303306573913800|14631947898482296556|10236170848332123684|10272441417652473562|17043326457446600651|14456008651909304100|15748576808876609422|2634055112027213454
dataset\_work\final\spinach\val\anomala\Downy-Mildew(240)__Downy-Mildew (189).jpg,anomala,val,spinach_sy69db2nz5,900x1200,17027713452731766508|14451231153695463112|616433699857319600|17261803738892770802|14453761061500128712|17047874080832179948|17482188869842472687|12702001544007224840
dataset\_work\final\spinach\train\anomala\Downy-Mildew(240)__Downy-Mildew (19).jpg,anomala,train,spinach_sy69db2nz5,900x1200,3246407239640944140|742968642166034184|2399300514078232320|2489661730732248576|616869089013288714|868647356773305645|3991498447031586|40263029635894305
dataset\_work\final\spinach\test\anomala\Downy-Mildew(240)__Downy-Mildew (190).jpg,anomala,test,spinach_sy69db2nz5,900x1200,13424269684160014132|11731197648606665619|2740184200056786854|11177660767780342938|10600094027042180514|3758085823339580602|11100350652675989403|12019972195638249254
dataset\_work\final\spinach\train\anomala\Downy-Mildew(240)__Downy-Mildew (191).jpg,anomala,train,spinach_sy69db2nz5,900x1200,13134332796867118998|188339839510978454|2450823525885233072|13492282278160506354|10817394581576785154|10810617191926744758|17446116127590006459|12702278517121024802
dataset\_work\final\spinach\train\anomala\Downy-Mildew(240)__Downy-Mildew (192).jpg,anomala,train,spinach_sy69db2nz5,900x1200,10902245092069705622|57859166715190932|1171924379161284272|12049730715057556978|10672984692263668992|10846654785290914967|17477658981575834023|12704240595628147472
dataset\_work\final\spinach\train\anomala\Downy-Mildew(240)__Downy-Mildew (193).jpg,anomala,train,spinach_sy69db2nz5,1200x900,7351852695279834054|11033290458575615900|10959840874192668614|16602321371565858460|11256495580158828185|14272794624124192614|11249445512074192870|14305419325126547864
dataset\_work\final\spinach\train\anomala\Downy-Mildew(240)__Downy-Mildew (194).jpg,anomala,train,spinach_sy69db2nz5,900x1200,13424260836690958230|11587073714635347860|2758317345755318192|11105100697529359858|10671027576799940000|10815156113432792250|17446151380682022298|12702274119081871142
dataset\_work\final\spinach\val\anomala\Downy-Mildew(240)__Downy-Mildew (195).jpg,anomala,val,spinach_sy69db2nz5,900x1200,10548703678520596438|11734584194619610772|2613780119294789296|15752816526302813666|10670776888149858722|15462848938646070418|16329258599744249306|12701993228883412516
dataset\_work\final\spinach\train\anomala\Downy-Mildew(240)__Downy-Mildew (196).jpg,anomala,train,spinach_sy69db2nz5,900x1200,16906116090557304806|12142854749230403480|2742583360258015906|11173226506370924218|10956988577721255080|16577520486315433706|13456253395782733723|11709942919243566886
dataset\_work\final\spinach\train\anomala\Downy-Mildew(240)__Downy-Mildew (197).jpg,anomala,train,spinach_sy69db2nz5,900x1200,16918913479298983846|12163253971247111066|11963677183661279206|11105698831788285592|11104481456868543656|11972590151459065066|10961258171160469402|16611407529171552166
dataset\_work\final\spinach\train\anomala\Downy-Mildew(240)__Downy-Mildew (198).jpg,anomala,train,spinach_sy69db2nz5,900x1200,15441238516147095452|10677416267479982022|1162847350553912216|17814900329743662054|14276163559758835092|11242963273811512022|16589955251784465399|10962822631283434256
dataset\_work\final\spinach\val\anomala\Downy-Mildew(240)__Downy-Mildew (199).jpg,anomala,val,spinach_sy69db2nz5,900x1200,14739779340585600996|14739739602940272600|2631812349828499180|15825146859539603144|15573169382570036940|16431171237506944716|14420032571892539099|17043313565229090340
dataset\_work\final\spinach\train\anomala\Downy-Mildew(240)__Downy-Mildew (2).jpg,anomala,train,spinach_sy69db2nz5,433x577,3244437842046685004|5376187581733998093|5080908116216989217|1818960840112381250|940723521973034058|5480607032665900589|4800061150492311065|2397747934939808582
dataset\_work\final\spinach\val\anomala\Downy-Mildew(240)__Downy-Mildew (20).jpg,anomala,val,spinach_sy69db2nz5,900x1200,5086550982025693454|11319251390927097100|9375665491320543552|2325844324539917841|886520863100180125|1029510254348441414|1253706172474541856|4654764914455223682
dataset\_work\final\spinach\train\anomala\Downy-Mildew(240)__Downy-Mildew (200).jpg,anomala,train,spinach_sy69db2nz5,900x1200,11551318558504328876|13874779146013345352|5516370950931826352|14739884773643558130|5225898636136582592|12402358150597398176|17481907481039310540|12702001578233990732
dataset\_work\final\spinach\train\anomala\Downy-Mildew(240)__Downy-Mildew (201).jpg,anomala,train,spinach_sy69db2nz5,900x1200,16756792756660036756|16775511839236610518|2309817894710447328|18126714977783893752|15481420755326455528|10692828762402622696|17928425063481577467|16180323118196133408
dataset\_work\final\spinach\train\anomala\Downy-Mildew(240)__Downy-Mildew (202).jpg,anomala,train,spinach_sy69db2nz5,1200x900,14307664587695817698|11245047619777412792|10814016950389935820|10824163141218176712|13276100682981510812|16321901720060399558|14451540133308479382|14739730772824626070
dataset\_work\final\spinach\val\anomala\Downy-Mildew(240)__Downy-Mildew (203).jpg,anomala,val,spinach_sy69db2nz5,900x1200,13134905023883349644|10551245693568650958|3460536389752538800|17554236667932351986|14883841717195140498|10128049154196129974|17482197769869172211|12701983850155935280
dataset\_work\final\spinach\test\anomala\Downy-Mildew(240)__Downy-Mildew (204).jpg,anomala,test,spinach_sy69db2nz5,900x1200,14740012223240277822|10092055625595555715|10234156698286786534|10240938357768527512|9443796738330529420|4471836278421950412|10961329888218259342|16611264791428138894
dataset\_work\final\spinach\train\anomala\Downy-Mildew(240)__Downy-Mildew (205).jpg,anomala,train,spinach_sy69db2nz5,900x1200,16757487424796329668|12145801509850816200|2309791368942421680|16973819877019590370|14456008600512794280|14161022721438158568|16329550026493628395|12719875238650121760
dataset\_work\final\spinach\train\anomala\Downy-Mildew(240)__Downy-Mildew (206).jpg,anomala,train,spinach_sy69db2nz5,900x1200,14739752917777457036|14739726375784744910|2596051438108643296|15789373037346229976|14845864774491147980|10096831930245811916|15568424036615528411|16181181995219879716
dataset\_work\final\spinach\test\anomala\Downy-Mildew(240)__Downy-Mildew (207).jpg,anomala,test,spinach_sy69db2nz5,900x1200,15752472241201688488|11873334899888819146|2740179802070157284|11177713544669372104|14558764370488182436|12118912883468180698|14419988548578385819|16467155898567165734
dataset\_work\final\spinach\test\anomala\Downy-Mildew(240)__Downy-Mildew (208).jpg,anomala,test,spinach_sy69db2nz5,900x1200,16617330510733987290|11008633738237988260|3478483838774971554|17518315381600014010|11839134414619985560|15730386986782858470|13460844800501554675|11712769852045149744
dataset\_work\final\spinach\train\anomala\Downy-Mildew(240)__Downy-Mildew (21).jpg,anomala,train,spinach_sy69db2nz5,900x1200,10164073689332534319|5660513643432643850|4656473864627686786|73754179386953504|724250521848745550|3408256502300610189|2328096089624217089|9371153062449553216
dataset\_work\final\spinach\train\anomala\Downy-Mildew(240)__Downy-Mildew (210).jpg,anomala,train,spinach_sy69db2nz5,900x1200,12127779311345665950|14451239898249109382|433193352345110432|11474959710547221746|9664468730614025672|11387095639227059880|17445843585340489631|11549365851757150982
dataset\_work\final\spinach\val\anomala\Downy-Mildew(240)__Downy-Mildew (211).jpg,anomala,val,spinach_sy69db2nz5,900x1200,16324438344992233208|11587356169133332448|2598171330550402720|15820879473882926842|16183437986997718688|17876483635768364258|18054384530706304987|11569201221920034340
dataset\_work\final\spinach\test\anomala\Downy-Mildew(240)__Downy-Mildew (212).jpg,anomala,test,spinach_sy69db2nz5,900x1200,17459486033960109988|12739995253878427608|3624420247803973296|12956044959677910258|15568827480349265328|11819440104010566898|17477510465916423603|12740144769876315186
dataset\_work\final\spinach\test\anomala\Downy-Mildew(240)__Downy-Mildew (213).jpg,anomala,test,spinach_sy69db2nz5,900x1200,14739735308241667988|14739735308443525078|2632076163363610592|15789126841497749240|15429067509295189708|10666502055718260428|17871988926827142875|16185672367622817572
dataset\_work\final\spinach\train\anomala\Downy-Mildew(240)__Downy-Mildew (214).jpg,anomala,train,spinach_sy69db2nz5,1200x900,2307557178225444528|17554775295349726450|17045622177453215400|14415480380318945000|17481882175150727155|12737876374368749088|16721450380970626760|12145819028286836460
dataset\_work\final\spinach\train\anomala\Downy-Mildew(240)__Downy-Mildew (215).jpg,anomala,train,spinach_sy69db2nz5,900x1200,15319308794942394262|10693382846804856726|3748977322909861794|15140309470915534520|10812877787632199316|10812877788229310932|13267155056440843730|11711339401979823924
dataset\_work\final\spinach\test\anomala\Downy-Mildew(240)__Downy-Mildew (216).jpg,anomala,test,spinach_sy69db2nz5,900x1200,11842371999471803714|11125454682301810356|12828519580721694352|12893681583492406774|12990156620381971866|4800146737787197604|17770376365230518194|10396013401004181682
dataset\_work\final\spinach\train\anomala\Downy-Mildew(240)__Downy-Mildew (217).jpg,anomala,train,spinach_sy69db2nz5,1200x900,11676454097188259782|13416055318246268568|10889452175966047944|1587280339771821288|10961215083982041018|14305419281873570722|16756784991150999318|14451504931889946519
dataset\_work\final\spinach\train\anomala\Downy-Mildew(240)__Downy-Mildew (218).jpg,anomala,train,spinach_sy69db2nz5,900x1200,16013195604339891672|9269477919122409124|1309500222262683272|12955480906364984302|11837322659963446144|15608779783138982622|17193403374316145587|9810603182064610322
dataset\_work\final\spinach\test\anomala\Downy-Mildew(240)__Downy-Mildew (219).jpg,anomala,test,spinach_sy69db2nz5,900x1200,14595205690517563300|12109781387860450266|2596064613926668208|11177713544400412338|15716171864618700456|11828439641916607690|12834712614931472283|12720152195322021668
dataset\_work\final\spinach\val\anomala\Downy-Mildew(240)__Downy-Mildew (22).jpg,anomala,val,spinach_sy69db2nz5,420x595,4901934313041363863|11321534262512664086|9730872523822964556|2030982142270834317|1602854296023146141|10881577688941397828|10161870561228042012|5521152597571996551
dataset\_work\final\spinach\train\anomala\Downy-Mildew(240)__Downy-Mildew (220).jpg,anomala,train,spinach_sy69db2nz5,900x1200,15463564583470860009|10396144189268530792|12701847010749681328|17482163474167991538|7536236431443117712|16827162514249652694|17477369710426168818|12722131404499338928
dataset\_work\final\spinach\train\anomala\Downy-Mildew(240)__Downy-Mildew (221).jpg,anomala,train,spinach_sy69db2nz5,900x1200,16883016554686646204|12163543245719805890|11980589940104711088|11114081456560680178|13987963852304076200|13548836757919124714|17450338217678486938|12703404520384447398
dataset\_work\final\spinach\train\anomala\Downy-Mildew(240)__Downy-Mildew (222).jpg,anomala,train,spinach_sy69db2nz5,900x1200,14744238891161851852|14737483439577175756|7820222608381546224|14492090054527127280|14705997790376330956|14742308217192160972|17333808822526877385|17333808976739141484
dataset\_work\final\spinach\train\anomala\Downy-Mildew(240)__Downy-Mildew (223).jpg,anomala,train,spinach_sy69db2nz5,900x1200,14703745974796758956|14740056245076822986|5080961031684162502|11328298242153332636|14558753349059186636|12407231632936996556|11258782710441916061|14268286953139176262
dataset\_work\final\spinach\test\anomala\Downy-Mildew(240)__Downy-Mildew (224).jpg,anomala,test,spinach_sy69db2nz5,1200x900,10236412946787801998|10236452245931632526|11102260692649448343|11832956341588801302|10243157144848240526|10239917933158141838|1600778253450819492|10886087696626160538
dataset\_work\final\spinach\train\anomala\Downy-Mildew(240)__Downy-Mildew (225).jpg,anomala,train,spinach_sy69db2nz5,900x1200,11982265061034920320|10551246277265223422|9232526601395520648|18372890011279203822|18333606623249853842|9262091989892876710|17194072791702239742|9819120589762601088
dataset\_work\final\spinach\train\anomala\Downy-Mildew(240)__Downy-Mildew (226).jpg,anomala,train,spinach_sy69db2nz5,900x1200,10524083978276522277|13136876444259347803|9241399797125351570|18374069770143133622|6587998926833405878|2686834266315034002|13181929590296149502|10522667157140816000
dataset\_work\final\spinach\train\anomala\Downy-Mildew(240)__Downy-Mildew (227).jpg,anomala,train,spinach_sy69db2nz5,900x1200,12127365411529247232|12271622434432396783|9241542733913800834|18373998301753015734|17270475636213763498|20987029496941992|13149840309075508734|9385649057446117504
dataset\_work\final\spinach\train\anomala\Downy-Mildew(240)__Downy-Mildew (228).jpg,anomala,train,spinach_sy69db2nz5,900x1200,17783745810296298390|10433870664368530836|17783464917976742910|10388693846535315584|10674954529537969296|10834409006497189110|9232385846115445904|18373454198249343990
dataset\_work\final\spinach\train\anomala\Downy-Mildew(240)__Downy-Mildew (229).jpg,anomala,train,spinach_sy69db2nz5,900x1200,2326546860729566720|17459767663832571903|12703677164839912992|17495673349238332866|18419607264245468658|1713120914327840|14023538602888056306|2325693656893705392
dataset\_work\final\spinach\train\anomala\Downy-Mildew(240)__Downy-Mildew (23).jpg,anomala,train,spinach_sy69db2nz5,900x1200,10092332616390758088|10236447959689432556|9803798741996412288|17189983864823957500|17045296859996426126|14433490395875446668|18178647564702158830|9231568183127117448
dataset\_work\final\spinach\train\anomala\Downy-Mildew(240)__Downy-Mildew (232).jpg,anomala,train,spinach_sy69db2nz5,900x1200,6362616564458867784|16559048152420109805|2363279499749903458|18144034276437314873|17135517769267072485|5209703821718998104|4165141425657203963|7083192509812100128
dataset\_work\final\spinach\train\anomala\Downy-Mildew(240)__Downy-Mildew (234).jpg,anomala,train,spinach_sy69db2nz5,900x1200,7227306078001432720|15622369828722831350|9232533782179664544|18373505664577615098|17793666733782781400|10378628932454599780|18065281773265157118|11588496381824475264
dataset\_work\final\spinach\train\anomala\Downy-Mildew(240)__Downy-Mildew (235).jpg,anomala,train,spinach_sy69db2nz5,900x1200,10383203517153946768|17791275261649406966|10387636685760105616|17792540284120124854|17783534704059672566|10388832469079824528|13172411629285796854|10379825819325048976
dataset\_work\final\spinach\test\anomala\Downy-Mildew(240)__Downy-Mildew (237).jpg,anomala,test,spinach_sy69db2nz5,900x1200,10397833041250307232|17748015495513017850|11837313730604845218|15752912028950261170|18054137497081761270|11550760633805196432|12893117572154039770|11693752593713350308
dataset\_work\final\spinach\test\anomala\Downy-Mildew(240)__Downy-Mildew (238).jpg,anomala,test,spinach_sy69db2nz5,900x1200,16144303048331373696|17928715318928002046|11549654997555517666|18081255546929178288|18359995456384651256|9235770224829402336|12711064766555549178|16327972037397989536
dataset\_work\final\spinach\val\anomala\Downy-Mildew(240)__Downy-Mildew (239).jpg,anomala,val,spinach_sy69db2nz5,900x1200,5228141673948612396|17117644638665510603|11533172390937105928|18054384496557135599|14631640000833752813|3208567409465593416|17264156762023366394|582695151526153888
dataset\_work\final\spinach\train\anomala\Downy-Mildew(240)__Downy-Mildew (24).jpg,anomala,train,spinach_sy69db2nz5,776x1200,10234198333197077326|10096871813379722509|10094646083212151960|14850401497788436452|940450998987202444|5641632864759777166|16487567457779259342|10956173788372473740
dataset\_work\final\spinach\train\anomala\Downy-Mildew(240)__Downy-Mildew (240).jpg,anomala,train,spinach_sy69db2nz5,900x1200,5227568776925301932|17135791013610048970|12703684947983895746|17495796374347665080|14613492733358100205|12415454485463075912|13280709663391665650|14018595370147138736
dataset\_work\final\spinach\train\anomala\Downy-Mildew(240)__Downy-Mildew (25).jpg,anomala,train,spinach_sy69db2nz5,900x1200,5516354509599550604|14739752866009631694|11568635249509042632|18072539658227511020|14901157823086825164|10100674663320882764|17036782129785065210|14450094449193946272
dataset\_work\final\spinach\train\anomala\Downy-Mildew(240)__Downy-Mildew (26).jpg,anomala,train,spinach_sy69db2nz5,900x1200,14886414617764895384|10094303319453312742|10092045764653913792|14884285834479769340|16619988085159696012|10960089304296822734|18200887961327472590|13877330064664039052
dataset\_work\final\spinach\train\anomala\Downy-Mildew(240)__Downy-Mildew (27).jpg,anomala,train,spinach_sy69db2nz5,675x900,9656600634565266252|11402897959754870733|10090147209256050317|14852617898172057358|14785097112886132638|5479494542008976262|1046848513840324558|10168595019421124492
dataset\_work\final\spinach\val\anomala\Downy-Mildew(240)__Downy-Mildew (28).jpg,anomala,val,spinach_sy69db2nz5,900x1200,7822219406022250092|14451531303390514888|14451513865219312800|16757356746592210682|14451496119020523208|7822223804068499052|18072416710884298472|11568629253534093000
dataset\_work\final\spinach\test\anomala\Downy-Mildew(240)__Downy-Mildew (29).jpg,anomala,test,spinach_sy69db2nz5,900x1200,11821538951373459046|15568713216762548121|16144848337731276448|17910709749047856634|11065079436082548696|7353831764475448996|18054120753420275704|11551177975617949408
dataset\_work\final\spinach\train\anomala\Downy-Mildew(240)__Downy-Mildew (3).jpg,anomala,train,spinach_sy69db2nz5,934x1200,5588561448219340077|5588419647743347019|4654485913094494240|18295467893565941499|5425024005588291149|3273428729435491917|18151353244542035709|2348642625798445120
dataset\_work\final\spinach\train\anomala\Downy-Mildew(240)__Downy-Mildew (30).jpg,anomala,train,spinach_sy69db2nz5,900x1200,14704124739774721164|14703740609027230606|9226765434933250432|17640475620415598330|10289472934421335756|10100534408353877964|18045588420747579380|9261947368420281472
dataset\_work\final\spinach\train\anomala\Downy-Mildew(240)__Downy-Mildew (31).jpg,anomala,train,spinach_sy69db2nz5,900x1200,14714189682351812016|14714189682360273906|9236968629961793664|18371182467627217662|17459274426948072396|12694887134143525836|18370971908998820862|9268492171660374144
dataset\_work\final\spinach\train\anomala\Downy-Mildew(240)__Downy-Mildew (32).jpg,anomala,train,spinach_sy69db2nz5,900x1200,10240916219587660876|10234200558190710732|14703696460731321472|14740175061689290750|14758031267965372302|5479771352347647886|18360910900881231820|9226766276612198092
dataset\_work\final\spinach\train\anomala\Downy-Mildew(240)__Downy-Mildew (33).jpg,anomala,train,spinach_sy69db2nz5,900x1200,14881880068267060492|10096524144441969102|10956182722251230400|16631665036897537784|14864586005097160332|877364181401044942|17928425029130506214|13874480177702898840
dataset\_work\final\spinach\train\anomala\Downy-Mildew(240)__Downy-Mildew (34).jpg,anomala,train,spinach_sy69db2nz5,900x1200,14739748418281671948|14739761612828004302|14022254613690618048|13575695481669416696|14866256605106114252|868436640972639948|17939745016231454396|13875621441309678018
dataset\_work\final\spinach\val\anomala\Downy-Mildew(240)__Downy-Mildew (35).jpg,anomala,val,spinach_sy69db2nz5,900x1200,5050513268377865902|11247492743918751114|10092029202655480968|14884140681564770030|9983652506302879644|12559992968133941062|17207861784062955470|9803252300772740748
dataset\_work\final\spinach\train\anomala\Downy-Mildew(240)__Downy-Mildew (36).jpg,anomala,train,spinach_sy69db2nz5,900x1200,16145016601472616664|16181158647778176420|14451521373695903904|17045710104110296826|11884170415180255200|15584863874084441824|18081608438483750636|11531497868953030344
dataset\_work\final\spinach\train\anomala\Downy-Mildew(240)__Downy-Mildew (37).jpg,anomala,train,spinach_sy69db2nz5,900x1200,16430854440784465900|15608920003416886984|13872796778422996136|15897204393344749290|14415502488721858264|17045873055091328740|16919486358613368540|12109077907114264256
dataset\_work\final\spinach\train\anomala\Downy-Mildew(240)__Downy-Mildew (38).jpg,anomala,train,spinach_sy69db2nz5,900x1200,9803789980081786766|17045859809377456014|14307669028325884814|11245012504463749006|10236414828311711724|10236487678942973576|10245516869508206236|10233085507069120454
dataset\_work\final\spinach\train\anomala\Downy-Mildew(240)__Downy-Mildew (39).jpg,anomala,train,spinach_sy69db2nz5,900x1200,14740003426172602342|14703741851019452312|14848142654288334540|10092341602242236108|10961496834168524492|16575233639592464332|14739871708285702028|14739769496050012110
dataset\_work\final\spinach\train\anomala\Downy-Mildew(240)__Downy-Mildew (4).jpg,anomala,train,spinach_sy69db2nz5,325x433,11033312328448291742|4937971760498160518|5084316757144571790|11316990726830755724|9670186448912090948|11399482643066330777|10092323940824714909|10236447873656917830
dataset\_work\final\spinach\test\anomala\Downy-Mildew(240)__Downy-Mildew (40).jpg,anomala,test,spinach_sy69db2nz5,900x1200,11533172236452073324|16325283868964228809|14307675599598193832|11244985909484375786|14487524795913048034|7822505364675301024|16919485241653399196|12109215174201937862
dataset\_work\final\spinach\train\anomala\Downy-Mildew(240)__Downy-Mildew (41).jpg,anomala,train,spinach_sy69db2nz5,900x1200,5228133170885103596|14451504924878376904|14881884389274521286|10096568399308754572|14415793078123073224|17009826727558352456|10128097601153080972|14307411699451529166
dataset\_work\final\spinach\train\anomala\Downy-Mildew(240)__Downy-Mildew (42).jpg,anomala,train,spinach_sy69db2nz5,900x1200,10092020423728187470|14884131956337798541|13842143403442974848|18187729472978154492|10226986043522912206|5640844321412288140|18227127396090996732|9236948995785103808
dataset\_work\final\spinach\train\anomala\Downy-Mildew(240)__Downy-Mildew (43).jpg,anomala,train,spinach_sy69db2nz5,900x1200,10090080954520411982|14708522372957669004|10090072072123522200|14708539879986268134|10089760034598363084|5665281117933733772|16611315531302772684|10960638965050443660
dataset\_work\final\spinach\train\anomala\Downy-Mildew(240)__Downy-Mildew (45).jpg,anomala,train,spinach_sy69db2nz5,900x1200,5228128367972781007|14451540272228282124|14304313319506544580|11258571681921703644|878038509455118024|14919063292265336392|15861175768533647004|14161308672401179590
dataset\_work\final\spinach\train\anomala\Downy-Mildew(240)__Downy-Mildew (46).jpg,anomala,train,spinach_sy69db2nz5,900x1200,5951270749954050020|12976677107223699352|10247689168400129740|10237569805148718796|10961483716335703732|16431153739809265490|14737509915566740366|14744251964134733710
dataset\_work\final\spinach\train\anomala\Downy-Mildew(240)__Downy-Mildew (47).jpg,anomala,train,spinach_sy69db2nz5,900x1200,2616467824121957466|15784287688307231141|10092028223795644416|14884281541056196095|11946113666028277211|6506583909441949476|18441552760489349070|20422458680413836
dataset\_work\final\spinach\train\anomala\Downy-Mildew(240)__Downy-Mildew (48).jpg,anomala,train,spinach_sy69db2nz5,900x1200,5080910495555717006|11330598488759803790|10242912967096764230|10275872083782082205|10240933898886266525|10234191589996331846|11321538599251057550|5082042820934706830
dataset\_work\final\spinach\train\anomala\Downy-Mildew(240)__Downy-Mildew (49).jpg,anomala,train,spinach_sy69db2nz5,900x1200,5516363134217979726|14739735325689978509|5083166866488395340|11326112524639117005|10168572890703695564|5658525726543941196|14816340526301654685|5514116042391653190
dataset\_work\final\spinach\test\anomala\Downy-Mildew(240)__Downy-Mildew (5).jpg,anomala,test,spinach_sy69db2nz5,325x433,4723747260302825240|4723720924169705220|5082060611358265152|11033299237692444161|294765010633592385|1735877154154974785|76067664126484121|4651940492892407622
dataset\_work\final\spinach\train\anomala\Downy-Mildew(240)__Downy-Mildew (50).jpg,anomala,train,spinach_sy69db2nz5,675x1200,14415520416290508672|14739740008549781376|14886146363036243918|10130287723823699596|9227657363846303436|9227703156789939912|10094259063706850956|14886436616992691918
dataset\_work\final\spinach\test\anomala\Downy-Mildew(240)__Downy-Mildew (51).jpg,anomala,test,spinach_sy69db2nz5,675x1200,18143893505554248429|57437660338659400|14829956197030219469|5515949217070615628|5197214912334515200|17145787935657807099|5515949199957855308|14829956333932302029
dataset\_work\final\spinach\train\anomala\Downy-Mildew(240)__Downy-Mildew (52).jpg,anomala,train,spinach_sy69db2nz5,675x1200,18444930047490847231|27177845042601984|18153391754150137327|2326193348194749440|27169100288385024|18442695788523878911|21399273078540320|17279642848908406267
dataset\_work\final\spinach\val\anomala\Downy-Mildew(240)__Downy-Mildew (54).jpg,anomala,val,spinach_sy69db2nz5,900x1200,14451553621049290493|16757369957810670336|14456008497760012108|16755096210615508685|39154954214280936|18243562448612986568|14780316118296790760|5514379786904903368
dataset\_work\final\spinach\train\anomala\Downy-Mildew(240)__Downy-Mildew (55).jpg,anomala,train,spinach_sy69db2nz5,900x1200,3210529024578097034|5300199354656296878|7390142157133940550|11028769284546764445|12542255844862430793|9948186882910686764|11321528549091774105|5082201279725277030
dataset\_work\final\spinach\val\anomala\Downy-Mildew(240)__Downy-Mildew (56).jpg,anomala,val,spinach_sy69db2nz5,900x1200,10092051554873449267|14740047560725702451|5048320963661340558|11317338240927860622|3686032524295507916|3682582541382651532|10234275212980064157|10240958328121134918
dataset\_work\final\spinach\train\anomala\Downy-Mildew(240)__Downy-Mildew (57).jpg,anomala,train,spinach_sy69db2nz5,900x1200,5588429662256568211|5300199285131777846|5084305831283494726|11317061061152542365|3897600551744409161|10598957046379810381|11317096313973575325|5084310246442504006
dataset\_work\final\spinach\train\anomala\Downy-Mildew(240)__Downy-Mildew (58).jpg,anomala,train,spinach_sy69db2nz5,900x1200,17045568421584113644|14451663261969092552|16467160640957155302|15572927601548074648|14415805971657887432|17009852848475115244|10961240372376182488|16611398786087618532
dataset\_work\final\spinach\train\anomala\Downy-Mildew(240)__Downy-Mildew (59).jpg,anomala,train,spinach_sy69db2nz5,900x1200,10430367789654674957|17487696719594098511|1199720342348859300|16544602346114391768|5732848402459767026|940701480721891472|15572952998261594853|11855589144002799120
dataset\_work\final\spinach\train\anomala\Downy-Mildew(240)__Downy-Mildew (6).jpg,anomala,train,spinach_sy69db2nz5,433x577,5586195437113783040|5304707214726345472|5658534466734492487|10168594726052113949|14415916449898057|14376334233405005|2102687478524354189|5155217527561226062
dataset\_work\final\spinach\train\anomala\Downy-Mildew(240)__Downy-Mildew (60).jpg,anomala,train,spinach_sy69db2nz5,900x1200,11567222076318885670|13842973935377783707|902693699229779782|14852378144810606237|11176579081739115712|2749178540875810720|11321546158460837582|5046163549173548812
dataset\_work\final\spinach\train\anomala\Downy-Mildew(240)__Downy-Mildew (61).jpg,anomala,train,spinach_sy69db2nz5,900x1200,11605221422519886611|4651126983593241367|5083168729237525446|11326033127504492188|1669515284792183872|1378960811842014881|11256243825953681053|14308942099478448966
dataset\_work\final\spinach\train\anomala\Downy-Mildew(240)__Downy-Mildew (62).jpg,anomala,train,spinach_sy69db2nz5,900x1200,5082038552071966117|11249463189216644954|10384226600183368800|17782193985135562489|6507445392028671644|11893187647814207302|18000350200661264374|6956960998153460880
dataset\_work\final\spinach\train\anomala\Downy-Mildew(240)__Downy-Mildew (63).jpg,anomala,train,spinach_sy69db2nz5,900x1200,12017742567484622364|11104863427397394247|10092042449079846887|14884180410345331992|5160913506029411482|2019305061462165414|1737674993610493902|16665448594926669452
dataset\_work\final\spinach\train\anomala\Downy-Mildew(240)__Downy-Mildew (64).jpg,anomala,train,spinach_sy69db2nz5,900x1200,18094934967021656503|2343568494467441682|14955785441198972319|884401549521339910|1325332637862561312|13247653036884434683|452055437685442060|11501524531283987919
dataset\_work\final\spinach\train\anomala\Downy-Mildew(240)__Downy-Mildew (65).jpg,anomala,train,spinach_sy69db2nz5,900x1200,18446055809756364028|18170628138778816|17360407441033710840|16197350638240451808|13889257429101592576|18229601586891390463|16198538110794778848|17927946755984256240
dataset\_work\final\spinach\train\anomala\Downy-Mildew(240)__Downy-Mildew (66).jpg,anomala,train,spinach_sy69db2nz5,900x1200,18000341439095738348|6956952203771711112|16611280072729659086|10961206252585520780|9803825636292136032|17045855489143852793|10128074406380379800|14881743918409418726
dataset\_work\final\spinach\val\anomala\Downy-Mildew(240)__Downy-Mildew (67).jpg,anomala,val,spinach_sy69db2nz5,900x1200,6955268017792288708|14528110339861192668|14887558118792470214|10098797848245470876|15861426655117942473|14125299843690890848|11278744249151202956|14312047344529152974
dataset\_work\final\spinach\train\anomala\Downy-Mildew(240)__Downy-Mildew (68).jpg,anomala,train,spinach_sy69db2nz5,900x1200,6957810037270452172|17369863992689497036|10274464708345697990|10274438166603863708|14705127553398935281|14706266428803878752|11283244962292143758|14309690004416992910
dataset\_work\final\spinach\train\anomala\Downy-Mildew(240)__Downy-Mildew (69).jpg,anomala,train,spinach_sy69db2nz5,900x1200,17045582715703707692|14451548912564006091|17770146636699700717|10432169704538197576|14658248234036072136|3226844694400175852|5210267858382341776|17117362219470724342
dataset\_work\final\spinach\train\anomala\Downy-Mildew(240)__Downy-Mildew (7).jpg,anomala,train,spinach_sy69db2nz5,433x577,5300190524173131294|5588420899920643975|4651949220130687819|76050106166488621|9765812951063694925|2170237195884924489|3255591443090050561|5443456854641053504
dataset\_work\final\spinach\train\anomala\Downy-Mildew(240)__Downy-Mildew (70).jpg,anomala,train,spinach_sy69db2nz5,900x1200,7387877456336097068|11033325515206233801|11258501175006629581|14304315509512244812|14487551518833581721|3210793191439828838|5516511637007467462|14811941319441333916
dataset\_work\final\spinach\test\anomala\Downy-Mildew(240)__Downy-Mildew (71).jpg,anomala,test,spinach_sy69db2nz5,900x1200,6955545180672308936|17374341186321093612|10274455912258967502|10274455758790071948|17046999222123962097|14426761755991443296|10094297959202264718|14886537784812869262
dataset\_work\final\spinach\train\anomala\Downy-Mildew(240)__Downy-Mildew (72).jpg,anomala,train,spinach_sy69db2nz5,900x1200,18131270458603920887|2307693630015816720|18071993291367750873|11586783942586615332|1172209391547647520|17860605572181041147|2613797780468452512|15680468626708548858
dataset\_work\final\spinach\train\anomala\Downy-Mildew(240)__Downy-Mildew (73).jpg,anomala,train,spinach_sy69db2nz5,900x1200,15676790863537609190|7209870628277675672|17855240036569552637|1192484763576800832|10981468087766421092|16616381772248551385|4653923815918570512|18272809370994526967
dataset\_work\final\spinach\train\anomala\Downy-Mildew(240)__Downy-Mildew (74).jpg,anomala,train,spinach_sy69db2nz5,900x1200,17927851736889402320|16198495833500105444|17494108763636811508|12690033396035263696|16445574787962424544|15033905315202911480|15032037635647216816|17637959358724687858
dataset\_work\final\spinach\train\anomala\Downy-Mildew(240)__Downy-Mildew (75).jpg,anomala,train,spinach_sy69db2nz5,900x1200,18437489738464021744|1133747542936816|17927869928230522604|16198487514134515400|17351400879785706496|17351259043190005759|14451653329510911200|17045727372610292984
dataset\_work\final\spinach\train\anomala\Downy-Mildew(240)__Downy-Mildew (76).jpg,anomala,train,spinach_sy69db2nz5,900x1200,14737523426946622418|14744278725077711536|14887558101253136076|10098797772955420364|12698633371366170316|15178017347780970188|14737611532647212684|14744272971727870926
dataset\_work\final\spinach\train\anomala\Downy-Mildew(240)__Downy-Mildew (77).jpg,anomala,train,spinach_sy69db2nz5,433x577,1774161064335578642|434201089123325620|3260633684245024776|5332655648551667464|13012667400843625990|1303244046077435672|578544365751107914|580992303831269421
dataset\_work\final\spinach\train\anomala\Downy-Mildew(240)__Downy-Mildew (8).jpg,anomala,train,spinach_sy69db2nz5,433x577,586044156310064648|874274532059123208|1226183078960366610|2600860933678766116|580557562928964108|580557666008179208|2600860937956956196|1298170851866641425
dataset\_work\final\spinach\train\anomala\Downy-Mildew(240)__Downy-Mildew (80).jpg,anomala,train,spinach_sy69db2nz5,433x577,153549114664750720|594923782480268800|308020826573047300|1773588177958575384|3988147844694280|9227360185033695490|1773588177958575384|290006428063581700
dataset\_work\final\spinach\train\anomala\Downy-Mildew(240)__Downy-Mildew (81).jpg,anomala,train,spinach_sy69db2nz5,900x1200,15124995867425605574|8113265679150030492|5083179838207419352|11317079101268572228|11249458838599669872|14305445706537101009|4915710254116179613|15628554523685260102
dataset\_work\final\spinach\train\anomala\Downy-Mildew(240)__Downy-Mildew (83).JPG,anomala,train,spinach_sy69db2nz5,675x1200,8326063032923121291|3588954471148329004|8113402052783938628|17430872895877760600|3213556443148439089|10080995565620857971|6360991200746858225|4943857467031853168
dataset\_work\final\spinach\train\anomala\Downy-Mildew(240)__Downy-Mildew (84).JPG,anomala,train,spinach_sy69db2nz5,675x1200,3660474383547862299|12775734195111349799|4629867663946473036|18012681929767683213|2832320841499692209|1985464888996056114|10197529047381506553|5539031967067553856
dataset\_work\final\spinach\train\anomala\Downy-Mildew(240)__Downy-Mildew (85).JPG,anomala,train,spinach_sy69db2nz5,900x1200,3551401768448322580|8317382251043080663|15018603843188181120|17638572267120553212|15549116444796480883|1471567254693693745|18225159589967218932|9243792818026867920
dataset\_work\final\spinach\train\anomala\Downy-Mildew(240)__Downy-Mildew (86).JPG,anomala,train,spinach_sy69db2nz5,900x1200,5480321142592246284|14811845695826147279|16329242106546395328|13278308848416843376|14967604575131897549|869834708459130444|8135418267189069496|13877855498195148258
dataset\_work\final\spinach\train\anomala\Downy-Mildew(240)__Downy-Mildew (87).JPG,anomala,train,spinach_sy69db2nz5,900x1200,7570031124043672593|7606046658209368951|7033521075579033792|8702809474505107184|8632165833484504681|1237441063076433513|17358781214023468664|13877873236292050017
dataset\_work\final\spinach\train\anomala\Downy-Mildew(240)__Downy-Mildew (88).JPG,anomala,train,spinach_sy69db2nz5,900x1200,2460107836624341510|4313057762937122719|16774937255923741376|16775009824797929724|11506586062471289659|435202160046580770|18208269684897139944|13903399903705222376
dataset\_work\final\spinach\val\anomala\Downy-Mildew(240)__Downy-Mildew (89).JPG,anomala,val,spinach_sy69db2nz5,900x1200,7822215059187125269|5300199216714272087|5588472555810753600|5588548822843772656|6326728578286718537|1534758833909894764|17351955413356219981|4651125733219798605
dataset\_work\final\spinach\train\anomala\Downy-Mildew(240)__Downy-Mildew (9).jpg,anomala,train,spinach_sy69db2nz5,445x560,10247733839386458894|10237593974092669711|9660009370060665742|2021838147874796302|1090849075927782286|1025520893138515854|1023277354488893212|10246649392454897542
dataset\_work\final\spinach\test\anomala\Downy-Mildew(240)__Downy-Mildew (90).JPG,anomala,test,spinach_sy69db2nz5,900x1200,2695702460853261317|6586812590445156191|16234505292045927584|8704559567430147314|6906143649815292251|366003296509323557|17500116027962215544|11584551870924606689
dataset\_work\final\spinach\val\anomala\Downy-Mildew(240)__Downy-Mildew (91).JPG,anomala,val,spinach_sy69db2nz5,900x1200,2886127890003937280|16955936735172226463|9421697679825100832|13724972782820260091|11524130687935729643|20275320944201000|18156516052566440126|2368919908770168962
dataset\_work\final\spinach\train\anomala\Downy-Mildew(240)__Downy-Mildew (92).JPG,anomala,train,spinach_sy69db2nz5,900x1200,5478215028071738384|5593222445399657207|6960379604147934224|18007294586560943862|17855304739699203917|1165425217603307084|17768608238582097657|1194610928385824864
dataset\_work\final\spinach\train\anomala\Downy-Mildew(240)__Downy-Mildew (93).JPG,anomala,train,spinach_sy69db2nz5,900x1200,3624278458628903177|12956187140840650543|4674903668273235136|17435939427676773628|3420284138993733043|653493967404813362|18220691799648172273|13890394388667359296
dataset\_work\final\spinach\train\anomala\Downy-Mildew(240)__Downy-Mildew (94).JPG,anomala,train,spinach_sy69db2nz5,900x1200,2417313724165137994|8344782665033882413|11583425634427769152|17509122903971690109|3286270989144411763|5343110079929814049|9040663490345762034|4652561661320282272
dataset\_work\final\spinach\train\anomala\Downy-Mildew(240)__Downy-Mildew (95).JPG,anomala,train,spinach_sy69db2nz5,900x1200,651902700443420173|3445147405468540239|2360079830962835809|18157654599000356473|5736970084130213679|956465543177964553|8752367126921280763|7030429209901187104
dataset\_work\final\spinach\train\anomala\Downy-Mildew(240)__Downy-Mildew (96).jpg,anomala,train,spinach_sy69db2nz5,433x577,3264413217657985536|5354109933556475392|2327830210378417184|147569867352841218|10702674615749962|7486156023680301|152029691870841858|2324991224296853024
dataset\_work\final\spinach\test\anomala\Downy-Mildew(240)__Downy-Mildew (97).jpg,anomala,test,spinach_sy69db2nz5,900x1200,10956428995224083980|2616467169407895372|2399858954315432771|4795259926811196984|5514384132950413092|873169579102047640|4052746256629337154|4828706536908082721
dataset\_work\final\spinach\train\anomala\Downy-Mildew(240)__Downy-Mildew (98).jpg,anomala,train,spinach_sy69db2nz5,900x1200,5588412051883525729|5300208013076831297|4649446783138565728|4728246427666320961|4727687996011155017|7027312013039078989|4723870405605695041|6957514035925845568
dataset\_work\final\spinach\train\anomala\Downy-Mildew(240)__Downy-Mildew (99).jpg,anomala,train,spinach_sy69db2nz5,900x1200,5228122982249858625|652633934580915777|4685440378605080096|4728250963144444929|4728233216347934217|4685449020079246920|111498292459707969|2309791523828860481
dataset\_work\final\spinach\train\anomala\Pest-Damage(513)__Pest-Damage (1).jpg,anomala,train,spinach_sy69db2nz5,900x1200,14850385760584962020|10094584554985295576|9657726421895939784|11249775536756465644|15568393448060557196|16469434199001733070|17050416186404839324|14413211003278002054
dataset\_work\final\spinach\train\anomala\Pest-Damage(513)__Pest-Damage (10).jpg,anomala,train,spinach_sy69db2nz5,900x1200,12127779912304265212|14451231201412718272|7207904564258752144|15573172904510004722|13843571810946682312|18196516202028158632|17482144821526536152|10396154118839142244
dataset\_work\final\spinach\test\anomala\Pest-Damage(513)__Pest-Damage (100).jpg,anomala,test,spinach_sy69db2nz5,300x400,2184187764856514084|9731482967835908186|10969659793438821438|12016465348439887235|6528142599044992391|2658819395451309854|9497401694486512550|4489189833684499608
dataset\_work\final\spinach\test\anomala\Pest-Damage(513)__Pest-Damage (101).jpg,anomala,test,spinach_sy69db2nz5,300x400,5047155471707998182|11254327704812855184|10238606455164837702|10274844031146461085|10385077984039481244|16575308321089194822|11315020522495186830|5052791474804364942
dataset\_work\final\spinach\train\anomala\Pest-Damage(513)__Pest-Damage (102).jpg,anomala,train,spinach_sy69db2nz5,300x400,11176930520725425893|2794212088515366472|14721852732014468748|14739470170960791374|5228132792089036582|16541175210669186203|5658655305641135564|10096602380893638348
dataset\_work\final\spinach\train\anomala\Pest-Damage(513)__Pest-Damage (103).jpg,anomala,train,spinach_sy69db2nz5,300x400,11028760514124783510|7387908268132992918|14884136370282365830|10092064473630850974|10810676859048527718|10817438725970529945|11402862679517761164|9656605264170946510
dataset\_work\final\spinach\train\anomala\Pest-Damage(513)__Pest-Damage (104).jpg,anomala,train,spinach_sy69db2nz5,433x577,2561438931722060818|2345829202447194146|4795654234056298016|2327963566371376704|2474897436985757216|1316218940632828963|4615801007393623584|2309931054088490306
dataset\_work\final\spinach\train\anomala\Pest-Damage(513)__Pest-Damage (105).jpg,anomala,train,spinach_sy69db2nz5,900x1200,14271673354562506732|11245254406077616072|9657748515210071180|11393846641285648334|14415784274045898652|17009844181803929542|14902159581325238174|10091483793685153670
dataset\_work\final\spinach\val\anomala\Pest-Damage(513)__Pest-Damage (106).jpg,anomala,val,spinach_sy69db2nz5,675x1200,5443760285255795462|3300583527016251295|7353123696360263494|11037520245447134877|11474977268037045805|433204407952182347|11316999505878330777|5084299095976905574
dataset\_work\final\spinach\train\anomala\Pest-Damage(513)__Pest-Damage (107).jpg,anomala,train,spinach_sy69db2nz5,675x1200,7894272945582056219|5300199278056651559|5152974850541192967|2102669980894961183|2826951490711031369|1955517823054220909|2242263797474471453|542410179959554887
dataset\_work\final\spinach\train\anomala\Pest-Damage(513)__Pest-Damage (108).jpg,anomala,train,spinach_sy69db2nz5,675x1200,7840207570656237339|14523052182882555687|14380903366056840007|2032850941600804381|2816770184201604297|1952111488047238764|2102740324372919836|5155224143104021447
dataset\_work\final\spinach\train\anomala\Pest-Damage(513)__Pest-Damage (109).jpg,anomala,train,spinach_sy69db2nz5,675x1200,5300199250805362510|5588429730038615692|5480615829286850084|14776045459988254299|10092055557446274637|5660755416269164105|6597385442709934029|2634049596884455244
dataset\_work\final\spinach\train\anomala\Pest-Damage(513)__Pest-Damage (11).jpg,anomala,train,spinach_sy69db2nz5,900x1200,16756776161100904092|12163131032339190726|3172244029505243044|14672506837861801690|14308810244856204456|11256227367704038632|15717068001888411595|11855588816911009324
dataset\_work\final\spinach\test\anomala\Pest-Damage(513)__Pest-Damage (110).jpg,anomala,test,spinach_sy69db2nz5,675x1200,2940021727224073740|10037554947564212045|6939637041882662406|17982079494945415071|5588693526869134475|868665979743161640|11501927413855456761|434191846643289696
dataset\_work\final\spinach\train\anomala\Pest-Damage(513)__Pest-Damage (111).jpg,anomala,train,spinach_sy69db2nz5,675x1200,7605478124654890510|7624197292937940751|6939654616813903438|17982070836828800653|1121131389531967081|1012763523557002345|10197863880334937593|5664990855192858208
dataset\_work\final\spinach\train\anomala\Pest-Damage(513)__Pest-Damage (112).jpg,anomala,train,spinach_sy69db2nz5,675x1200,7893691991193361299|5318222497891034934|7408171966144678730|11028267770072477357|3902168172221943369|10600186119453117549|12478928432744828057|5371403667173658470
dataset\_work\final\spinach\train\anomala\Pest-Damage(513)__Pest-Damage (113).jpg,anomala,train,spinach_sy69db2nz5,675x1200,5588442839252666150|5588469175923449754|5658512395503638342|10168625684377441949|11105633985835535949|2740224083653529165|11319299770104094349|5086572971914659662
dataset\_work\final\spinach\train\anomala\Pest-Damage(513)__Pest-Damage (114).jpg,anomala,train,spinach_sy69db2nz5,675x1200,2326265575132831328|6047646087609550833|6072693512251067952|15392369105401974259|17403948739240848723|6925976761092950048|17549734085800139989|3480872581279139412
dataset\_work\final\spinach\train\anomala\Pest-Damage(513)__Pest-Damage (115).jpg,anomala,train,spinach_sy69db2nz5,675x1200,3226278395313325830|14671653531575590815|14455159957858520612|17016335903974919835|11465930700779134155|434363593720055340|11208938473013323500|2634213374020000712
dataset\_work\final\spinach\train\anomala\Pest-Damage(513)__Pest-Damage (116).jpg,anomala,train,spinach_sy69db2nz5,675x1200,5232653262079855660|7892144007630802763|6938936550022942284|17999919174320099021|5462601482358982253|3173928361925713480|14811801595369475321|5516372118684453984
dataset\_work\final\spinach\train\anomala\Pest-Damage(513)__Pest-Damage (117).jpg,anomala,train,spinach_sy69db2nz5,675x1200,9234084962457819956|13878703604298622915|9693473898490168972|11427386057811795918|14062251540489411520|3754616005990491776|14888653111437268638|10089759742472980102
dataset\_work\final\spinach\train\anomala\Pest-Damage(513)__Pest-Damage (118).jpg,anomala,train,spinach_sy69db2nz5,675x1200,5228146365567798106|17117662292493283236|14953942405024024518|873196096064003740|11830720277764345581|6488397788670037576|11249471891325787660|14305432786324129743
dataset\_work\final\spinach\train\anomala\Pest-Damage(513)__Pest-Damage (119).jpg,anomala,train,spinach_sy69db2nz5,675x1200,7387903533734637103|11033299049182104331|4937641906408753999|15969235530386124301|831801707836415641|3399684468932052838|949756164548042461|5731836798666507844
dataset\_work\final\spinach\train\anomala\Pest-Damage(513)__Pest-Damage (12).jpg,anomala,train,spinach_sy69db2nz5,900x1200,14451531286212454300|17045591580317785030|7784198209341196268|14492336345671737032|14275068432022736620|11252000845008965320|14420032777613156297|17043595064431282028
dataset\_work\final\spinach\train\anomala\Pest-Damage(513)__Pest-Damage (120).jpg,anomala,train,spinach_sy69db2nz5,675x1200,14704001190277099293|14703733037178882887|11245245317020225350|14271691093484965517|5119248250953993932|2103008862974709708|10164139832695787462|5084314617948344220
dataset\_work\final\spinach\train\anomala\Pest-Damage(513)__Pest-Damage (121).jpg,anomala,train,spinach_sy69db2nz5,675x1200,12451343730070719259|14613071500070825767|4846738596902423332|4412743920248565195|2823505311796546762|1948694175441472684|14640408795515665725|2615336991378850627
dataset\_work\final\spinach\train\anomala\Pest-Damage(513)__Pest-Damage (122).jpg,anomala,train,spinach_sy69db2nz5,675x1200,4939901329378051599|15676624682525630223|12719945539212711768|17482469314838075109|1125635092439338713|1082569369437769284|16507547764758257394|6383595336724874928
dataset\_work\final\spinach\val\anomala\Pest-Damage(513)__Pest-Damage (123).jpg,anomala,val,spinach_sy69db2nz5,675x1200,7387626510358886039|11069292815944225558|14131736465458300710|15890739565623189147|1626682515773693593|10895952952566974054|11177432019262998492|2776208806957489860
dataset\_work\final\spinach\train\anomala\Pest-Damage(513)__Pest-Damage (124).jpg,anomala,train,spinach_sy69db2nz5,675x1200,5516380794920570655|14451495981044141831|4653083812816457550|18245831650895138444|508659397959323336|2238015370006859340|10092055797899409149|5660755476130009920
dataset\_work\final\spinach\train\anomala\Pest-Damage(513)__Pest-Damage (125).jpg,anomala,train,spinach_sy69db2nz5,675x1200,4485065329093348984|9260275062003174977|5588579057394198173|5516353255861099334|4723742853801149312|8686888870864174654|5087707685160652364|11323785639509331533
dataset\_work\final\spinach\train\anomala\Pest-Damage(513)__Pest-Damage (126).jpg,anomala,train,spinach_sy69db2nz5,675x1200,7821651990140230451|14541585738755942195|7478120628129337294|1809327846874353292|3686037197319294665|3682547346808736876|10092051279053724697|14884162757562713959
dataset\_work\final\spinach\val\anomala\Pest-Damage(513)__Pest-Damage (127).jpg,anomala,val,spinach_sy69db2nz5,675x1200,2903852038834822040|16414932549837465446|11837165228017798948|15176302877064170779|7360868733986721251|10960366517900692520|1949256162919554514|2616480414684890788
dataset\_work\final\spinach\train\anomala\Pest-Damage(513)__Pest-Damage (128).jpg,anomala,train,spinach_sy69db2nz5,675x1200,615883806396586776|16991535001466775527|11999708334380222214|11105346832910196511|16656293906158178027|1737033823005150216|2242545340733333146|434323753812854694
dataset\_work\final\spinach\test\anomala\Pest-Damage(513)__Pest-Damage (129).jpg,anomala,test,spinach_sy69db2nz5,675x1200,2649817779911466777|15680459830927755111|5048292616011190030|11317329505597919117|7423967627333049561|1810204346886637092|10164402511989641117|1013190221378031430
dataset\_work\final\spinach\test\anomala\Pest-Damage(513)__Pest-Damage (13).jpg,anomala,test,spinach_sy69db2nz5,900x1200,11986768113383182316|11125454684646215624|3766983543532766900|15212384618415103442|14415753211942954394|17009866179726956966|15176355825674296787|12990073557802501940
dataset\_work\final\spinach\test\anomala\Pest-Damage(513)__Pest-Damage (130).jpg,anomala,test,spinach_sy69db2nz5,675x1200,2474814197636407424|12962922786674965502|8098746009366174476|17427134602781730767|18373440795686331827|9232439225634150434|14927103567840860657|872398870699992176
dataset\_work\final\spinach\train\anomala\Pest-Damage(513)__Pest-Damage (131).jpg,anomala,train,spinach_sy69db2nz5,675x1200,3228675398777374614|14667113664338403094|16467151604203079204|15572927696305364379|1594040085719715019|10810656980839943724|11213152849039400664|2613784498408753124
dataset\_work\final\spinach\train\anomala\Pest-Damage(513)__Pest-Damage (132).jpg,anomala,train,spinach_sy69db2nz5,675x1200,5227612701883567695|14829952865821724429|13323339963716574808|16327869885853435621|940996254284107469|5696516035179875400|16538931992465479906|6385567018900514488
dataset\_work\final\spinach\val\anomala\Pest-Damage(513)__Pest-Damage (133).jpg,anomala,val,spinach_sy69db2nz5,675x1200,6385549212555512138|16538939989092429485|14671380904464582244|3181251297035656921|12497026085703026405|5370864979589701208|15680987570636006956|7243493849148398539
dataset\_work\final\spinach\val\anomala\Pest-Damage(513)__Pest-Damage (134).jpg,anomala,val,spinach_sy69db2nz5,675x1200,1767112320658413604|16688140290062526171|15608928917158073932|16467006983914821197|15827354567016683751|2636874105823659544|5590689104234776292|5518747407917948632
dataset\_work\final\spinach\train\anomala\Pest-Damage(513)__Pest-Damage (135).jpg,anomala,train,spinach_sy69db2nz5,675x1200,5227577689036965920|16847569916198186491|12738585714657889352|17504592432880144109|18153320255644487401|2326335802328910920|17135861278675234034|5227566664405272752
dataset\_work\final\spinach\test\anomala\Pest-Damage(513)__Pest-Damage (136).jpg,anomala,test,spinach_sy69db2nz5,675x1200,16490655196210220697|15610661711488388454|5480342565751244848|5588851783864610289|7389578120463295704|11046924834143722212|17432745996795219789|3479046137637637708
dataset\_work\final\spinach\test\anomala\Pest-Damage(513)__Pest-Damage (137).jpg,anomala,test,spinach_sy69db2nz5,675x1200,6398645432747445832|16558766642655825389|8093693362345789552|17416886658272259313|17117362525760834789|5210267424775916632|17432464487670527473|8126901758024962672
dataset\_work\final\spinach\train\anomala\Pest-Damage(513)__Pest-Damage (138).jpg,anomala,train,spinach_sy69db2nz5,675x1200,3155921830253731403|3011948324569450029|2366814326621458156|17502191117393104072|3280532644065430569|5448841042891033643|14450984914566702322|17063737748363270176
dataset\_work\final\spinach\test\anomala\Pest-Damage(513)__Pest-Damage (139).jpg,anomala,test,spinach_sy69db2nz5,675x1200,12915846710807160271|3639908072007096332|634037912122170520|17279342033375053766|889477690125288242|14980395142224953011|14323640937862843631|10960684169722514440
dataset\_work\final\spinach\val\anomala\Pest-Damage(513)__Pest-Damage (14).jpg,anomala,val,spinach_sy69db2nz5,900x1200,11285509595264913132|14305133408783667144|7207455982162481088|15681286645683785724|14451803947444963014|17009540570062757532|18162752354059788249|13839297149466510948
dataset\_work\final\spinach\train\anomala\Pest-Damage(513)__Pest-Damage (140).jpg,anomala,train,spinach_sy69db2nz5,675x1200,2758611204376924256|11235793452699350777|4638861677577848880|18300885642482273779|18011809767832350107|6958145323362306086|17567754430173870589|3479087019677474880
dataset\_work\final\spinach\test\anomala\Pest-Damage(513)__Pest-Damage (141).jpg,anomala,test,spinach_sy69db2nz5,675x1200,16635204329385474291|11008072043203625488|16199041685510344396|4651249292539235528|1189529972751451288|17561803596945612006|14451090864955362368|14757898190138035936
dataset\_work\final\spinach\train\anomala\Pest-Damage(513)__Pest-Damage (143).jpg,anomala,train,spinach_sy69db2nz5,675x1200,7533962668940008256|7533466041471673984|14886118737073112774|10094263341697375900|9234177356166302824|4619349035206282856|11285490766128289420|14305269765405316814
dataset\_work\final\spinach\train\anomala\Pest-Damage(513)__Pest-Damage (144).jpg,anomala,train,spinach_sy69db2nz5,675x1200,8187015408949861248|8108176130674468736|14884281453740003014|10092028035162670748|9234392842322282096|9231001844981931633|11278745416911687308|14307402972589952974
dataset\_work\final\spinach\val\anomala\Pest-Damage(513)__Pest-Damage (145).jpg,anomala,val,spinach_sy69db2nz5,675x1200,17478063101573560555|3498820186748453160|15627146173804114674|16466458325088907440|2918643842402913840|16967355317971947250|12731872442060670180|17506250546259353304
dataset\_work\final\spinach\train\anomala\Pest-Damage(513)__Pest-Damage (147).jpg,anomala,train,spinach_sy69db2nz5,675x1200,16757365508257057332|16757339317146168403|14888370537415741133|10125929276517584460|5993217032886652648|3785850785412124392|5480475074090206860|14811791820016492238
dataset\_work\final\spinach\train\anomala\Pest-Damage(513)__Pest-Damage (148).jpg,anomala,train,spinach_sy69db2nz5,675x1200,17297806414186433826|17334103646057483314|14888229937367391643|884541724461319686|3624288376235724784|2471647401109556976|452197293970834956|11213151835502058958
dataset\_work\final\spinach\train\anomala\Pest-Damage(513)__Pest-Damage (149).jpg,anomala,train,spinach_sy69db2nz5,675x1200,6457650873073602496|7243489649307356800|14816736255087122126|5478072624003651212|9227364747791009380|13839292572007112281|10130432876068865612|14886118737343127501
dataset\_work\final\spinach\train\anomala\Pest-Damage(513)__Pest-Damage (15).jpg,anomala,train,spinach_sy69db2nz5,1200x900,2631815423549491090|15825252214916455606|14414684555620814276|14712981956964339416|13122380108983148251|10576438790611961380|15586561503183187916|14163000760903601096
dataset\_work\final\spinach\train\anomala\Pest-Damage(513)__Pest-Damage (150).jpg,anomala,train,spinach_sy69db2nz5,675x1200,17495374196376554531|3516342893290622242|17351980820975230450|4651239875822372384|2489661730671545392|2543565236272549106|2325693673855421504|17482303290260508400
dataset\_work\final\spinach\train\anomala\Pest-Damage(513)__Pest-Damage (151).jpg,anomala,train,spinach_sy69db2nz5,675x1200,16185408648412605012|8684637080747977428|14888503028844238542|10125945764763309708|15288079616796231288|6064707579943034592|10130449351556105868|14886250818324307662
dataset\_work\final\spinach\train\anomala\Pest-Damage(513)__Pest-Damage (152).jpg,anomala,train,spinach_sy69db2nz5,675x1200,17355194462488181889|15034263956607271776|14902075331389132750|10127623653992304268|6918384316312429776|9312440658084616944|10092019255635381388|14884272727921708750
dataset\_work\final\spinach\test\anomala\Pest-Damage(513)__Pest-Damage (154).jpg,anomala,test,spinach_sy69db2nz5,675x1200,7767591201654115144|2939741351424503437|16629143631182089933|10996829450281028684|10173120316177370152|5191255223431580779|5479911042208668824|14829946818180597478
dataset\_work\final\spinach\val\anomala\Pest-Damage(513)__Pest-Damage (155).jpg,anomala,val,spinach_sy69db2nz5,675x1200,7387894902126683780|11033317009827502928|9880404035246727118|5622465988782130828|5772219482251927193|9522349380117694310|10089773004792989518|14888679461263187593
dataset\_work\final\spinach\val\anomala\Pest-Damage(513)__Pest-Damage (156).jpg,anomala,val,spinach_sy69db2nz5,675x1200,14486988578575418304|7534248557738147328|14378756913808514703|2030602413941163534|17586848021319528|13835939156466797769|1046527309779447324|10348778465840040903
dataset\_work\final\spinach\test\anomala\Pest-Damage(513)__Pest-Damage (157).jpg,anomala,test,spinach_sy69db2nz5,675x1200,17291586364643393682|639668425426092054|17495867307934535147|2327389616854551592|1603437834412220424|10574608138110957807|2903850369157975072|16991464115443518962
dataset\_work\final\spinach\val\anomala\Pest-Damage(513)__Pest-Damage (159).jpg,anomala,val,spinach_sy69db2nz5,675x1200,8186434936273838976|8126199291253439360|14882038999985131462|10096514037501529756|9240033422738441840|9233350591064808561|11244931929646440076|14307829636789143502
dataset\_work\final\spinach\train\anomala\Pest-Damage(513)__Pest-Damage (16).jpg,anomala,train,spinach_sy69db2nz5,900x1200,11532740712094124176|12848662217072045558|12739713744473867922|17495514899439065270|17793035032674062258|10396575234206862496|13157440133446683890|10576288208932228272
dataset\_work\final\spinach\train\anomala\Pest-Damage(513)__Pest-Damage (161).jpg,anomala,train,spinach_sy69db2nz5,675x1200,17938062228739110640|13902836927853499104|18372099937049374711|9227889166808516624|16146218880514977984|17345289190376272120|1155257169261367424|17865724323374823166
dataset\_work\final\spinach\train\anomala\Pest-Damage(513)__Pest-Damage (162).jpg,anomala,train,spinach_sy69db2nz5,675x1200,8776969471633982336|7029009763185933952|14305573351150552774|11249470885528509980|9240950380807818337|9224270789817126521|2062092324420591260|14305296291332851654
dataset\_work\final\spinach\train\anomala\Pest-Damage(513)__Pest-Damage (163).jpg,anomala,train,spinach_sy69db2nz5,675x1200,8181931542799387745|8128451116834164337|14811941212123467468|5516512134694342220|8146456958829842032|6992998893253266545|5516511569973251660|14739883754987622093
dataset\_work\final\spinach\train\anomala\Pest-Damage(513)__Pest-Damage (164).jpg,anomala,train,spinach_sy69db2nz5,675x1200,54081745215557632|18366870085045970943|17064871936315333615|13872395573063460360|18439964270385685758|4618550386081792|587198910463116480|17265564903852921580
dataset\_work\final\spinach\val\anomala\Pest-Damage(513)__Pest-Damage (165).jpg,anomala,val,spinach_sy69db2nz5,675x1200,18432967465527393531|3534943591842304|16198478737167519436|2327391884866391756|54631644762409984|18139399182888128511|14739884203945380896|14739884203945413856
dataset\_work\final\spinach\train\anomala\Pest-Damage(513)__Pest-Damage (167).jpg,anomala,train,spinach_sy69db2nz5,675x1200,17549418697299296395|3516765080119640104|17135798791779557068|5227718828050777676|2918340457871167024|10052068501789576435|5514260354342227016|14744387389645836013
dataset\_work\final\spinach\train\anomala\Pest-Damage(513)__Pest-Damage (168).jpg,anomala,train,spinach_sy69db2nz5,675x1200,7606042294454012938|7606042295051143462|16901189334015577571|12127796989237022240|2794798266055102057|742116555006381673|2327945508382265000|16396935709322546666
dataset\_work\final\spinach\train\anomala\Pest-Damage(513)__Pest-Damage (169).jpg,anomala,train,spinach_sy69db2nz5,675x1200,3516200970131229712|17495515998949657783|17351417420033477856|17351391432745077984|13244116834087587058|1174469832927530032|16198469928138231024|16198495915426630896
dataset\_work\final\spinach\train\anomala\Pest-Damage(513)__Pest-Damage (17).jpg,anomala,train,spinach_sy69db2nz5,900x1200,14451513762752891080|17045587147917028844|11568634763171302592|18072610637146443504|17072458009903861484|14413926906411323080|17315794280145473274|13874481160761674912
dataset\_work\final\spinach\train\anomala\Pest-Damage(513)__Pest-Damage (171).jpg,anomala,train,spinach_sy69db2nz5,675x1200,18444097678588112634|40642929896980480|18227420970896707571|9282073091336047664|40164510699520|18081628277324773119|3462226104126591104|17568486955183699196
dataset\_work\final\spinach\train\anomala\Pest-Damage(513)__Pest-Damage (174).jpg,anomala,train,spinach_sy69db2nz5,900x1200,17611481503727750975|15035635175156289283|9268626318722795024|18229054095305317879|220552770557487568|4543866174643726580|17842431824804772604|1154697849523839104
dataset\_work\final\spinach\val\anomala\Pest-Damage(513)__Pest-Damage (175).jpg,anomala,val,spinach_sy69db2nz5,900x1200,16490086403481509565|10395590052724835842|10432183483723926560|17625978598581062907|181902254839579792|13663361872358725860|18143893642405649652|2363280653150045840
dataset\_work\final\spinach\train\anomala\Pest-Damage(513)__Pest-Damage (176).jpg,anomala,train,spinach_sy69db2nz5,900x1200,14705980301538430541|14737813362185801485|14739775132121108168|14451544575075127276|940996321320077260|5552400864769152716|17045864233934491336|14415520288545672908
dataset\_work\final\spinach\train\anomala\Pest-Damage(513)__Pest-Damage (177).jpg,anomala,train,spinach_sy69db2nz5,900x1200,14415520390755856207|7822492144766618381|14161027119410516818|15608974086116161204|939872482961362796|5705892706261601992|12985631718331883224|5914109232047949508
dataset\_work\final\spinach\val\anomala\Pest-Damage(513)__Pest-Damage (178).jpg,anomala,val,spinach_sy69db2nz5,900x1200,14450950778363776495|16775371136444616200|16198487037400484928|16198487140892397305|598450139473366760|17225431997390228680|18000499837398076640|4651099263157587168
dataset\_work\final\spinach\train\anomala\Pest-Damage(513)__Pest-Damage (179).jpg,anomala,train,spinach_sy69db2nz5,900x1200,16199051138472791547|16180331798198176800|16180314172055522848|16199059986315644665|2327392453756620000|18144174035210587872|17982475508924796640|2345977601744866528
dataset\_work\final\spinach\train\anomala\Pest-Damage(513)__Pest-Damage (18).jpg,anomala,train,spinach_sy69db2nz5,900x1200,16329381783832596192|12701987216066842360|11837292823299133088|15752815409559998194|17910313460609468080|16180891621886172642|17477941474073943514|11569191274976331428
dataset\_work\final\spinach\test\anomala\Pest-Damage(513)__Pest-Damage (180).jpg,anomala,test,spinach_sy69db2nz5,900x1200,6974965483809220415|11550764490610907907|11549062343943210822|17482197735459659165|223789146866404512|4550622506235382880|11321264666237115890|5064178084593485472
dataset\_work\final\spinach\train\anomala\Pest-Damage(513)__Pest-Damage (181).jpg,anomala,train,spinach_sy69db2nz5,900x1200,16270950420085422079|4651126819255948032|5228146055158370048|16829431992880074751|5360167287753792|18390219465976958689|18378968232345702121|4383903772806728
dataset\_work\final\spinach\train\anomala\Pest-Damage(513)__Pest-Damage (182).jpg,anomala,train,spinach_sy69db2nz5,900x1200,5516376483583430431|5588447116030447367|5082084860308325186|10961325525845884605|508639632589033037|2238094741337771596|13636468093993819800|4792693262977697606
dataset\_work\final\spinach\train\anomala\Pest-Damage(513)__Pest-Damage (183).jpg,anomala,train,spinach_sy69db2nz5,900x1200,16180887258124988159|16180878358681979648|14451653331935268676|16757496444630798045|39137267302239968|18387686225681026784|15928694475226255080|4940192755937087176
dataset\_work\final\spinach\test\anomala\Pest-Damage(513)__Pest-Damage (184).jpg,anomala,test,spinach_sy69db2nz5,900x1200,5192108402881924074|17117961556624486312|14664621208915904462|3185790055836229260|12119016470767701997|16864601117195177544|10096532974719940140|14881888796583101387
dataset\_work\final\spinach\train\anomala\Pest-Damage(513)__Pest-Damage (185).jpg,anomala,train,spinach_sy69db2nz5,900x1200,5228149456898067564|16829537442646183625|6957522848996822592|17910401387582688993|14541576924780007145|7821643331185577544|16253076724710346488|4651688635875626592
dataset\_work\final\spinach\val\anomala\Pest-Damage(513)__Pest-Damage (186).jpg,anomala,val,spinach_sy69db2nz5,900x1200,5227577642141306412|17135799843854650443|2343590588644232256|18126468856696786657|5443768016440905453|3192659795561057352|16271108613259890427|4651116941603997216
dataset\_work\final\spinach\test\anomala\Pest-Damage(513)__Pest-Damage (187).jpg,anomala,test,spinach_sy69db2nz5,900x1200,5192112998026383827|17045868667483420468|7170039720454587980|4142862211321896909|3780577811515281388|15208951990556495432|14780597627639004729|5478104630562488675
dataset\_work\final\spinach\train\anomala\Pest-Damage(513)__Pest-Damage (188).jpg,anomala,train,spinach_sy69db2nz5,900x1200,5228119529028832800|16757400804099329275|5516406152476659272|14811938038361067245|18125914480230502120|2363838996339199560|17117789912118300365|5228158149914431052
dataset\_work\final\spinach\val\anomala\Pest-Damage(513)__Pest-Damage (189).jpg,anomala,val,spinach_sy69db2nz5,1200x900,10960684147905343128|16593455013282155494|14829446696611821494|5533829047923708818|16612401540972103654|10965745071582616728|10525821733512727628|13130002164779306189
dataset\_work\final\spinach\train\anomala\Pest-Damage(513)__Pest-Damage (19).jpg,anomala,train,spinach_sy69db2nz5,900x1200,15568423855892958920|16469412286144155372|14451509364800032396|17045622333088960460|17045582733152849892|14451548774715559640|14740065299574787820|10092042492021280456
dataset\_work\final\spinach\train\anomala\Pest-Damage(513)__Pest-Damage (190).jpg,anomala,train,spinach_sy69db2nz5,900x1200,7101215720931757232|2363992017912893154|2327391389006924832|18144314858790702331|16325141963992387104|12721699208459357282|18143893745845587451|2345266149547985952
dataset\_work\final\spinach\train\anomala\Pest-Damage(513)__Pest-Damage (191).jpg,anomala,train,spinach_sy69db2nz5,900x1200,7820102811451825752|14528214611171641060|17351840701080391408|17333236810390670576|16466996487442046665|6385715074888533612|17333245743385251056|17351822920655032048
dataset\_work\final\spinach\train\anomala\Pest-Damage(513)__Pest-Damage (192).jpg,anomala,train,spinach_sy69db2nz5,900x1200,5514259785058275032|14816444815793097956|16759643669909654770|16759603985024273584|16468685405350698701|15622597910558312012|12739723708522010344|17495382923811460840
dataset\_work\final\spinach\train\anomala\Pest-Damage(513)__Pest-Damage (193).jpg,anomala,train,spinach_sy69db2nz5,900x1200,2922281021212401608|7749603311818573740|2307843274461906724|15789381850519445211|12395915150427655275|14420309519467253288|15789116885328928731|2632234183666894624
dataset\_work\final\spinach\val\anomala\Pest-Damage(513)__Pest-Damage (194).jpg,anomala,val,spinach_sy69db2nz5,900x1200,5300177157359604506|7894316668041504679|7390137758540596812|11028804468987633357|12044612251957562989|1878861992467598921|14816349364903939737|5514098105769496422
dataset\_work\final\spinach\train\anomala\Pest-Damage(513)__Pest-Damage (195).jpg,anomala,train,spinach_sy69db2nz5,900x1200,16147726056081297384|17935307533022334696|18196657418668578525|13841318941769832004|16721354191519606776|16757625036222699744|4942158786253952704|15967010154558490620
dataset\_work\final\spinach\train\anomala\Pest-Damage(513)__Pest-Damage (196).jpg,anomala,train,spinach_sy69db2nz5,900x1200,5113993537781210155|11051989750152414755|3478123093334378056|17572373523993566701|2577773327876513945|3142411976136652870|17121873375679798771|5207928666507854896
dataset\_work\final\spinach\test\anomala\Pest-Damage(513)__Pest-Damage (197).jpg,anomala,test,spinach_sy69db2nz5,900x1200,12888490948078311032|10539697613071947489|3766851552486559329|15248394620771929977|16255231767366550674|8689144811361328562|8759244256309059027|6993693862523520564
dataset\_work\final\spinach\val\anomala\Pest-Damage(513)__Pest-Damage (198).jpg,anomala,val,spinach_sy69db2nz5,900x1200,15603898636995084088|16487127635679052771|7264054597267328974|15567861078244920972|16357968210115153636|4053040829712796888|10092121639545670872|14884160833744260964
dataset\_work\final\spinach\train\anomala\Pest-Damage(513)__Pest-Damage (199).jpg,anomala,train,spinach_sy69db2nz5,900x1200,7243501437699622806|15676633979661258646|914575048245495718|14948119424864291994|10813010555809795801|10810642468187833956|11100290180280709839|12017603985670779148
dataset\_work\final\spinach\train\anomala\Pest-Damage(513)__Pest-Damage (2).jpg,anomala,train,spinach_sy69db2nz5,900x1200,11430025454524668826|9657448329260705414|11543320878970274944|15759018175288954102|9666491226268239494|11140671338985529246|17783594644404679642|9260631355662611104
dataset\_work\final\spinach\train\anomala\Pest-Damage(513)__Pest-Damage (20).jpg,anomala,train,spinach_sy69db2nz5,900x1200,14424474950283496392|14738908488586178540|16178916693169612678|17878744334723718046|17018868964133931980|14414662360906542792|11392765847392952056|9666698745882839008
dataset\_work\final\spinach\val\anomala\Pest-Damage(513)__Pest-Damage (200).jpg,anomala,val,spinach_sy69db2nz5,900x1200,7617530369957107352|7030145673281378278|17045626630080686070|14451526905701603472|16615801127079284833|10958958938877834857|10383145956280602312|17791441479088705260
dataset\_work\final\spinach\train\anomala\Pest-Damage(513)__Pest-Damage (201).jpg,anomala,train,spinach_sy69db2nz5,900x1200,2510913005245667056|11161202144128177888|17926230403854093560|16184877226370452576|16183146685873972378|17336205628830308386|6974982990216338656|17927852889427134200
dataset\_work\final\spinach\train\anomala\Pest-Damage(513)__Pest-Damage (202).jpg,anomala,train,spinach_sy69db2nz5,900x1200,14451090500016835816|17063741525501857512|17351250213474376944|17351277803035674224|16775519962555404012|16756916327751781576|8126199178677177584|17337749601113263344
dataset\_work\final\spinach\test\anomala\Pest-Damage(513)__Pest-Damage (203).jpg,anomala,test,spinach_sy69db2nz5,900x1200,5516379798624407245|14811924740605448012|8182485695485151076|8182494311190302425|5516798609146220237|14775789377252396620|15640481622498709105|7243788398807715441
dataset\_work\final\spinach\train\anomala\Pest-Damage(513)__Pest-Damage (204).jpg,anomala,train,spinach_sy69db2nz5,900x1200,5227568811679092614|7912419079626887070|2325985182355525484|18094625694411067081|11389373845372653165|9659952005632658504|14487524864699014651|7822505313815185184
dataset\_work\final\spinach\train\anomala\Pest-Damage(513)__Pest-Damage (205).jpg,anomala,train,spinach_sy69db2nz5,900x1200,14701784505003092898|14708513697665330106|14852648728186690510|10090124977872512652|13414903237226733516|11685448128378111948|10098868225884489612|14887556049014169550
dataset\_work\final\spinach\train\anomala\Pest-Damage(513)__Pest-Damage (206).jpg,anomala,train,spinach_sy69db2nz5,900x1200,5516385261891325772|14811841281061490381|4649741228311809616|18239071887634173669|14775786095765065421|5516693125145529932|16541228022254214909|5804580281200641856
dataset\_work\final\spinach\val\anomala\Pest-Damage(513)__Pest-Damage (207).jpg,anomala,val,spinach_sy69db2nz5,900x1200,12882603028423626427|12892736128180718626|7574656838923590752|7603930210632648689|2489380289914334386|13532911208561363122|17422067669369521769|6925557950443822697
dataset\_work\final\spinach\train\anomala\Pest-Damage(513)__Pest-Damage (208).jpg,anomala,train,spinach_sy69db2nz5,900x1200,14453796142659604168|17047869786125209580|17045564951385835500|14451522610647998152|17045873055897982700|14415498090544076488|14420019369262157512|17043647471554891500
dataset\_work\final\spinach\train\anomala\Pest-Damage(513)__Pest-Damage (209).jpg,anomala,train,spinach_sy69db2nz5,900x1200,5516121627601899460|14793818283824844508|11285914319631650508|14269099191954017868|15856627965333032653|14163555877540564300|5516411710061545158|14739757402301636508
dataset\_work\final\spinach\train\anomala\Pest-Damage(513)__Pest-Damage (21).jpg,anomala,train,spinach_sy69db2nz5,900x1200,5371683896141516488|12416018655525179116|11550214804119717544|18063135646767095530|17045617917398306476|14451544376801659978|16906019368396566010|12143396946381064864
dataset\_work\final\spinach\val\anomala\Pest-Damage(513)__Pest-Damage (210).jpg,anomala,val,spinach_sy69db2nz5,900x1200,10997235204222563110|16610998477486756763|18051279484504212466|11537693719988485808|11174318252427806438|2752573497607167640|12699635395522928288|17474858425849971706
dataset\_work\final\spinach\train\anomala\Pest-Damage(513)__Pest-Damage (211).jpg,anomala,train,spinach_sy69db2nz5,900x1200,17549486790650337376|3516270592179824376|2129523770470418140|5138209796322401476|17935030526659120176|6960347597819972851|14167262417965698631|15908582124158356765
dataset\_work\final\spinach\train\anomala\Pest-Damage(513)__Pest-Damage (212).jpg,anomala,train,spinach_sy69db2nz5,900x1200,14414938727474697936|17064011004987021044|18223401630398095068|13877875388137572292|17624445284359327724|15030242752759991496|14161308629283543232|15861158004281304828
dataset\_work\final\spinach\test\anomala\Pest-Damage(513)__Pest-Damage (213).jpg,anomala,test,spinach_sy69db2nz5,900x1200,14703724310373502052|14740007961667030745|17405892641164854924|8108198120402423502|15694647971583332300|7245190413439405772|14883854980801594992|10125841298803363569
dataset\_work\final\spinach\train\anomala\Pest-Damage(513)__Pest-Damage (214).jpg,anomala,train,spinach_sy69db2nz5,900x1200,17333235740541427424|17351982023559317240|17998230427814577900|6961454599769070792|17908061680728788720|16185395083443866864|14455497327396166752|17061468425618966265
dataset\_work\final\spinach\train\anomala\Pest-Damage(513)__Pest-Damage (215).jpg,anomala,train,spinach_sy69db2nz5,900x1200,3732391430994251364|3660449181589802201|17352250226756734201|17297260029998451808|15675912113032252466|7263777605430463539|6975123900643806448|17999909298352934896
dataset\_work\final\spinach\train\anomala\Pest-Damage(513)__Pest-Damage (216).jpg,anomala,train,spinach_sy69db2nz5,900x1200,12841494436003651276|12867658364164474572|16216933621531096828|8687170261217285056|14737496788468208562|14708236327533885106|13876489248242634616|18173840001482034913
dataset\_work\final\spinach\train\anomala\Pest-Damage(513)__Pest-Damage (217).jpg,anomala,train,spinach_sy69db2nz5,900x1200,15044428650447165680|17648708207403001072|17649831921117551858|15055758431104189616|17358217213954157812|17354792783022180560|12737321273463206096|17500020116242100468
dataset\_work\final\spinach\train\anomala\Pest-Damage(513)__Pest-Damage (218).jpg,anomala,train,spinach_sy69db2nz5,900x1200,16178947778970853232|15572932310240790513|14886124252543816670|10130349536996177540|17367880584644992728|8079219160181868512|9526858288159495820|16038219027082090190
dataset\_work\final\spinach\test\anomala\Pest-Damage(513)__Pest-Damage (219).jpg,anomala,test,spinach_sy69db2nz5,900x1200,14309945259426252454|11247242373265727386|15861452794388783047|14125314956340168220|11141686784171906716|11963358755885914054|2019348869786306500|14384263457420812252
dataset\_work\final\spinach\test\anomala\Pest-Damage(513)__Pest-Damage (22).jpg,anomala,test,spinach_sy69db2nz5,900x1200,14451834837319534566|17009571407592365208|14704036236402525894|10092042637789077148|10960687386444631788|16629272412147126216|11285601903911833228|14305189689734926284
dataset\_work\final\spinach\train\anomala\Pest-Damage(513)__Pest-Damage (220).jpg,anomala,train,spinach_sy69db2nz5,900x1200,16197370019487108652|17936858833063742923|17351955482211175648|17333262284035083488|14667405103913692408|3192514625876707552|16162458322306239728|16198487520324341488
dataset\_work\final\spinach\train\anomala\Pest-Damage(513)__Pest-Damage (221).jpg,anomala,train,spinach_sy69db2nz5,900x1200,5228159275025238872|17117649381721321445|14740161953517702888|14703749426679875304|16514470462636134125|6344176737133760072|16755250039163850444|16757373264842690508
dataset\_work\final\spinach\test\anomala\Pest-Damage(513)__Pest-Damage (222).jpg,anomala,test,spinach_sy69db2nz5,900x1200,14451808724186761188|17009597787147280344|14742299404120068039|14705989132125933084|15573217795410431724|16431114098334470088|2021587587498186444|14379720051700504524
dataset\_work\final\spinach\test\anomala\Pest-Damage(513)__Pest-Damage (223).jpg,anomala,test,spinach_sy69db2nz5,900x1200,13880153448489880472|15920949670165819366|14755924966148118468|10096004071123457756|16586505954578920156|10955893867701248192|15858922744297430156|14165953414962595788
dataset\_work\final\spinach\train\anomala\Pest-Damage(513)__Pest-Damage (224).jpg,anomala,train,spinach_sy69db2nz5,900x1200,18185983091412064|13831898675654152177|17939181759020650216|16199619642071092456|17424303381614621887|6920922283978276864|16756792735739728096|16775512322902258936
dataset\_work\final\spinach\test\anomala\Pest-Damage(513)__Pest-Damage (225).jpg,anomala,test,spinach_sy69db2nz5,900x1200,17333235826759175408|17351981904983740400|17350291524505018080|17360398080357566192|17352245787775454960|17297215825832742128|17295535758870244592|16185540391408158960
dataset\_work\final\spinach\train\anomala\Pest-Damage(513)__Pest-Damage (226).jpg,anomala,train,spinach_sy69db2nz5,900x1200,7534002258636656216|16829418798470630885|16757356771891646176|16757356772302753504|16540911276937416425|6363031205375872616|16181036791704817384|16180894851625619176
dataset\_work\final\spinach\test\anomala\Pest-Damage(513)__Pest-Damage (227).jpg,anomala,test,spinach_sy69db2nz5,900x1200,6960344173830426200|18007299629410323941|17358781248508955880|17336637784816340712|16540883807948498681|6363198193753954400|16775511942568384752|16756792655597790960
dataset\_work\final\spinach\val\anomala\Pest-Damage(513)__Pest-Damage (228).jpg,anomala,val,spinach_sy69db2nz5,900x1200,14451526750123528012|17045626782472671181|16467160496030320612|15572923471232179928|14776076453069688556|5480646563470741192|15572923462675799768|16467195919978956772
dataset\_work\final\spinach\val\anomala\Pest-Damage(513)__Pest-Damage (229).jpg,anomala,val,spinach_sy69db2nz5,900x1200,13839059467319322502|18198785772297329562|14307811965340456910|2021568998746035852|11104529870570622972|9666716390684823232|10094311875833368092|14886423353837457350
dataset\_work\final\spinach\train\anomala\Pest-Damage(513)__Pest-Damage (23).jpg,anomala,train,spinach_sy69db2nz5,900x1200,13840422629641096136|13850556012277215212|10237573704374748812|10247706958760746956|17018943894685956032|14414625258865628096|14744568778875156366|10089790545509159822
dataset\_work\final\spinach\train\anomala\Pest-Damage(513)__Pest-Damage (230).jpg,anomala,train,spinach_sy69db2nz5,900x1200,16757352158693035624|7534020246036778984|15608921240503295948|16466883357792470732|16757787764815531624|7497937073950920424|14701441517539526372|14744573159672356568
dataset\_work\final\spinach\test\anomala\Pest-Damage(513)__Pest-Damage (231).jpg,anomala,test,spinach_sy69db2nz5,900x1200,10997375873124732750|16610997360529444749|14305597531844503540|2026182688182704336|10164429947668432614|5624728800899604120|14994784933077196316|17647156339399559110
dataset\_work\final\spinach\train\anomala\Pest-Damage(513)__Pest-Damage (232).jpg,anomala,train,spinach_sy69db2nz5,900x1200,6957506218815343712|17982335707193003513|16180367103433805772|17928428910842089164|18000059894527921913|6938937786234277472|14703854773502988024|14740165303391915232
dataset\_work\final\spinach\train\anomala\Pest-Damage(513)__Pest-Damage (233).jpg,anomala,train,spinach_sy69db2nz5,900x1200,14450931928441882604|17063751546849402824|16638297289620948943|10959552724537122316|14420380654940180204|17007599128190291144|873191466324138136|14953977434374662118
dataset\_work\final\spinach\train\anomala\Pest-Damage(513)__Pest-Damage (234).jpg,anomala,train,spinach_sy69db2nz5,900x1200,16466896792653303012|15608960848293777112|17337781203484774092|17313749410166574796|15622572673893899992|16468571160622892772|14739748572187281136|14739761662331231472
dataset\_work\final\spinach\train\anomala\Pest-Damage(513)__Pest-Damage (235).jpg,anomala,train,spinach_sy69db2nz5,900x1200,14305177492466900888|11285514045187752934|17301461200436036579|17304865158483623480|16574118658401607324|10961593435835041478|4052803369729468400|16394001439810329584
dataset\_work\final\spinach\train\anomala\Pest-Damage(513)__Pest-Damage (236).jpg,anomala,train,spinach_sy69db2nz5,900x1200,14739775139938242376|14739775089303818221|14309971466407616462|11247215754567943820|17081901990792105676|5192411936946622156|10089808584773932700|14888675179650324422
dataset\_work\final\spinach\train\anomala\Pest-Damage(513)__Pest-Damage (237).jpg,anomala,train,spinach_sy69db2nz5,900x1200,14739748631940892580|14739761981099155418|14742308140153538502|14705998099482091036|15717344297972371148|11819524896287592140|2026113040590771916|14305459053306025932
dataset\_work\final\spinach\val\anomala\Pest-Damage(513)__Pest-Damage (238).jpg,anomala,val,spinach_sy69db2nz5,900x1200,13845757716917853712|17625751304687028215|14739774789671950028|14739774924937402060|17836294287793298420|1161369169632110272|14741999112894516940|14742154697547943628
dataset\_work\final\spinach\train\anomala\Pest-Damage(513)__Pest-Damage (239).jpg,anomala,train,spinach_sy69db2nz5,900x1200,12738587909243685976|17360407428227583461|17350274346179284208|17360406889125825760|16559048203757874416|6362616668342896816|16198486981356743920|17351409042178623728
dataset\_work\final\spinach\train\anomala\Pest-Damage(513)__Pest-Damage (24).jpg,anomala,train,spinach_sy69db2nz5,900x1200,11981628085031079880|11105081996433887212|14127241223645303442|15892973489380570550|17009822079633923482|14415775082650224550|13165492974117687260|10525653567690968772
dataset\_work\final\spinach\val\anomala\Pest-Damage(513)__Pest-Damage (240).jpg,anomala,val,spinach_sy69db2nz5,900x1200,6971614327993207904|17941385633869058033|17351409041977874381|17351408485821453900|17424162170032880888|6920923543419404384|5482593846134492400|14814476125058026736
dataset\_work\final\spinach\test\anomala\Pest-Damage(513)__Pest-Damage (241).jpg,anomala,test,spinach_sy69db2nz5,900x1200,11583292760503773424|13327285276390451696|15622015820335205576|16486777214055402732|17359559136710751416|17323146610336579744|17063231369289452772|14469111907913354456
dataset\_work\final\spinach\train\anomala\Pest-Damage(513)__Pest-Damage (242).jpg,anomala,train,spinach_sy69db2nz5,900x1200,16190661164655838960|13326974619461066736|17938650694840411896|13884659481777576160|17338752581940081336|17295518181603455200|16183856845909700800|17935240886818697976
dataset\_work\final\spinach\train\anomala\Pest-Damage(513)__Pest-Damage (243).jpg,anomala,train,spinach_sy69db2nz5,900x1200,4655664487839244127|1280855227654670085|2327251080747124550|18144315833683746461|362274878088529425|6854214025010388032|11321547223131475451|5082051679102061600
dataset\_work\final\spinach\train\anomala\Pest-Damage(513)__Pest-Damage (244).jpg,anomala,train,spinach_sy69db2nz5,900x1200,16196657519494899588|17914359528000527326|16202576121355290598|17880494739483401368|16004415993524231416|9522623153916266208|10960677422793958648|16629430775843773408
dataset\_work\final\spinach\train\anomala\Pest-Damage(513)__Pest-Damage (246).jpg,anomala,train,spinach_sy69db2nz5,900x1200,17333799751216991848|17333826578189062121|14737663863108638668|14744277425541224140|16793693416262176496|7497942571642490608|14705996828708609740|14742448937712715468
dataset\_work\final\spinach\train\anomala\Pest-Damage(513)__Pest-Damage (247).jpg,anomala,train,spinach_sy69db2nz5,900x1200,4651663243628453532|16252962427234387782|7533967074130102086|16829423196787646109|5082051832379838177|11249489474281246272|11321556036883549929|5082034153957330536
dataset\_work\final\spinach\train\anomala\Pest-Damage(513)__Pest-Damage (248).jpg,anomala,train,spinach_sy69db2nz5,900x1200,11657162169718353395|4799726846810475312|5808533043024383524|17637942354345626842|3479887348254022722|17522713570717976225|15748127023065712372|2616193459195649104
dataset\_work\final\spinach\test\anomala\Pest-Damage(513)__Pest-Damage (249).jpg,anomala,test,spinach_sy69db2nz5,900x1200,2543845525904887405|2327672846670597961|3192655329003785997|14667403918495845711|5300489487792360736|7858226264019979555|5696242171302546891|959133916409056812
dataset\_work\final\spinach\train\anomala\Pest-Damage(513)__Pest-Damage (25).jpg,anomala,train,spinach_sy69db2nz5,900x1200,3174499144959592904|14451935872337274860|11566939342280296356|18059047267933298394|17034693186709589960|14414079789865766444|15717042818690031354|11855474415775418016
dataset\_work\final\spinach\train\anomala\Pest-Damage(513)__Pest-Damage (250).jpg,anomala,train,spinach_sy69db2nz5,900x1200,4651685535981965167|13875070679971204873|14451531286145370054|17043339781039922844|652774733106351808|8002623220498533952|11249476452612802284|14305441375186292424
dataset\_work\final\spinach\train\anomala\Pest-Damage(513)__Pest-Damage (251).jpg,anomala,train,spinach_sy69db2nz5,900x1200,14059181625877401197|2361860048013463369|2616193442756632461|14595487131201898254|5300463202918975264|7858252704571661507|1010797752064839114|10168907176137346596
dataset\_work\final\spinach\train\anomala\Pest-Damage(513)__Pest-Damage (252).jpg,anomala,train,spinach_sy69db2nz5,900x1200,3495927093673268857|2367801774591416129|3172389596148764644|14523570166791802520|4726263072159685664|8725178246675006512|10956719227688881865|16469549039387870764
dataset\_work\final\spinach\test\anomala\Pest-Damage(513)__Pest-Damage (253).jpg,anomala,test,spinach_sy69db2nz5,1200x900,13419950750773780428|11692333261767771852|11551340737783871357|13982874419331535681|14701481082717684642|14744533508269424058|4689134720697896386|9022710113384484512
dataset\_work\final\spinach\train\anomala\Pest-Damage(513)__Pest-Damage (254).jpg,anomala,train,spinach_sy69db2nz5,1200x900,12521808403281861622|5340312140618605584|10124685827557957437|14893623353018353475|1163132684555852874|17787843311368062637|4829863895416418510|4404245583936389772
dataset\_work\final\spinach\val\anomala\Pest-Damage(513)__Pest-Damage (256).jpg,anomala,val,spinach_sy69db2nz5,900x1200,16467345014977332454|15572950734719606680|13843570693600398496|16179044441671060986|11015697104704904920|16574519979349870564|18072117437670852576|11550623702257114816
dataset\_work\final\spinach\train\anomala\Pest-Damage(513)__Pest-Damage (257).jpg,anomala,train,spinach_sy69db2nz5,900x1200,4649688873197571856|13915629551097941959|10997551863638166600|16574965281891798764|14343717677959159489|1157151477857486656|17063742198007924454|5227577487447793560
dataset\_work\final\spinach\test\anomala\Pest-Damage(513)__Pest-Damage (258).jpg,anomala,test,spinach_sy69db2nz5,900x1200,9803812244046958205|14740065170658135361|5516372050503473037|14739744035616528206|4723483463850364876|9029166446057557640|5626996062655319756|10166637732925247052
dataset\_work\final\spinach\val\anomala\Pest-Damage(513)__Pest-Damage (259).jpg,anomala,val,spinach_sy69db2nz5,900x1200,2543582794165458551|2345537814677919505|5191690595878258469|17135640328432196955|1267516021875838240|8581054004415384611|6565420423621037805|2686132294604229704
dataset\_work\final\spinach\train\anomala\Pest-Damage(513)__Pest-Damage (26).jpg,anomala,train,spinach_sy69db2nz5,900x1200,7209712333603024868|15676800690492738520|16611253873084172198|10961232873465519770|15567654404448292825|16442406055705251428|11105383186016706200|11999563217031890918
dataset\_work\final\spinach\train\anomala\Pest-Damage(513)__Pest-Damage (260).jpg,anomala,train,spinach_sy69db2nz5,900x1200,15124960323686067571|4654498927163951393|5227586319515330214|17063724537152543258|2398460479041869888|8317356207453497041|1880842311769247468|11972370489182948424
dataset\_work\final\spinach\train\anomala\Pest-Damage(513)__Pest-Damage (261).jpg,anomala,train,spinach_sy69db2nz5,900x1200,4723729891789836077|7029572617335934795|5514260867985153865|981246160521332333|5408575878538956385|3246821721768955457|7855992039875714573|5304984359711245900
dataset\_work\final\spinach\train\anomala\Pest-Damage(513)__Pest-Damage (263).jpg,anomala,train,spinach_sy69db2nz5,900x1200,14737804610051182317|10096563846607244104|11321529682764728134|5082060653504700061|5227292791984561804|17081651353076598732|11321525044432832326|5082095778687032989
dataset\_work\final\spinach\train\anomala\Pest-Damage(513)__Pest-Damage (264).jpg,anomala,train,spinach_sy69db2nz5,900x1200,14023257625387795579|12738016197700706081|2904406243431368454|16973396392638356766|2404675013812078256|8864217712606223554|2169920381456911851|452373267706433064
dataset\_work\final\spinach\train\anomala\Pest-Damage(513)__Pest-Damage (265).jpg,anomala,train,spinach_sy69db2nz5,900x1200,10091772361196381989|5498696687751994203|15143291364699737998|12977993402026757902|6564861847727198028|2677169489852566924|1013075862940556212|10236448286454523858
dataset\_work\final\spinach\train\anomala\Pest-Damage(513)__Pest-Damage (266).jpg,anomala,train,spinach_sy69db2nz5,900x1200,7105587551491002155|2433781233487908651|2327408912339799880|17567845292879318765|3102715277516195361|3102715329451564130|17081615893865614835|5228423097461132320
dataset\_work\final\spinach\train\anomala\Pest-Damage(513)__Pest-Damage (267).jpg,anomala,train,spinach_sy69db2nz5,900x1200,4723773700456746854|4723734031937506841|4654503368329170508|17998221511865372365|1805397109580729921|7390141074862739009|14811924912402843385|5516379729904441408
dataset\_work\final\spinach\train\anomala\Pest-Damage(513)__Pest-Damage (268).jpg,anomala,train,spinach_sy69db2nz5,900x1200,13835917246031931278|11546683266606635918|10246589802799661958|10246589906486771342|10239788108812861088|10243278951594918848|10249699274031051662|9692594169401521038
dataset\_work\final\spinach\train\anomala\Pest-Damage(513)__Pest-Damage (269).jpg,anomala,train,spinach_sy69db2nz5,900x1200,10397842908963114983|8396977375791222296|1769219244991923888|16592982992198999282|1733330772532562036|16685571753229896848|17481881071327790822|12701988866748812568
dataset\_work\final\spinach\train\anomala\Pest-Damage(513)__Pest-Damage (27).jpg,anomala,train,spinach_sy69db2nz5,900x1200,14721878625167510764|14451354964659719880|9859548516488562352|17209410016895802610|14469676477740125640|17045146125660475084|17481882089721418990|12737876546638304392
dataset\_work\final\spinach\train\anomala\Pest-Damage(513)__Pest-Damage (270).jpg,anomala,train,spinach_sy69db2nz5,900x1200,16001053188875028303|9515907444067147533|11389360607405227152|9660005125721408500|945507601356623748|5694528066800914398|17636961591645376390|10393242543824506782
dataset\_work\final\spinach\test\anomala\Pest-Damage(513)__Pest-Damage (271).jpg,anomala,test,spinach_sy69db2nz5,900x1200,13911090706030468633|6957787805863610215|5228123927176519580|17045594897575773894|7459943673594613600|1809935791441252033|14269153454669598444|11285760154999950920
dataset\_work\final\spinach\train\anomala\Pest-Damage(513)__Pest-Damage (272).jpg,anomala,train,spinach_sy69db2nz5,900x1200,4649693262723297061|13843536634720226075|13987106370932412239|12738162419929386508|1948821804992634560|2679402253915752256|868666083023505328|5732808766880947394
dataset\_work\final\spinach\train\anomala\Pest-Damage(513)__Pest-Damage (273).jpg,anomala,train,spinach_sy69db2nz5,900x1200,2489397795797012067|12812326592143920921|3480885687171385292|17549707611494293196|1841698637366152881|7137676660708379682|14708217755825769971|14737914362309594672
dataset\_work\final\spinach\val\anomala\Pest-Damage(513)__Pest-Damage (274).jpg,anomala,val,spinach_sy69db2nz5,900x1200,27169544729406468|18444948084120996062|17638786197308234237|10406849064464704512|16053236549539527167|300701683670212608|28294927096900752|18291825735461947892
dataset\_work\final\spinach\train\anomala\Pest-Damage(513)__Pest-Damage (275).jpg,anomala,train,spinach_sy69db2nz5,900x1200,6957524080047098885|17982318527608590168|14816453818515168199|5514242141795526172|6345300486400741113|363788588805492320|2028368206187890252|14383251717617524429
dataset\_work\final\spinach\train\anomala\Pest-Damage(513)__Pest-Damage (277).jpg,anomala,train,spinach_sy69db2nz5,900x1200,18446055879206739704|18170628532569664|11587352391717474040|13874515293404302560|4649411512607064064|17914790706385190399|16180331914340502720|17928433861193879200
dataset\_work\final\spinach\val\anomala\Pest-Damage(513)__Pest-Damage (278).jpg,anomala,val,spinach_sy69db2nz5,900x1200,2363420117491832040|17999918179912504552|18219487796141674236|13899241524825590976|16777253912608427257|16777065496084139040|13874630056540038336|18216663150770510076
dataset\_work\final\spinach\train\anomala\Pest-Damage(513)__Pest-Damage (279).jpg,anomala,train,spinach_sy69db2nz5,900x1200,18126450903666841750|2345837809359021078|16472090726811279099|1181639111992575520|1613561965741313568|10869611488173592315|2343567268245825040|18131095447729576164
dataset\_work\final\spinach\train\anomala\Pest-Damage(513)__Pest-Damage (28).jpg,anomala,train,spinach_sy69db2nz5,900x1200,11695176542716300840|11695080805773053419|9223554724086041760|18374574445644664050|16973389245547171234|2886268695382674850|17495532422972506110|11550754681385255040
dataset\_work\final\spinach\train\anomala\Pest-Damage(513)__Pest-Damage (280).jpg,anomala,train,spinach_sy69db2nz5,900x1200,17850367000624057143|1180650722179296530|18445561684775837147|9161156761896484|1309789462376702480|3984433559317166583|2613923994172923904|15824979074067790847
dataset\_work\final\spinach\train\anomala\Pest-Damage(513)__Pest-Damage (281).jpg,anomala,train,spinach_sy69db2nz5,900x1200,12884111610646268206|12703544055281175563|18072274736219344877|2327382472192822344|814182944465636528|3353227028006423986|5191671835200474144|17136088963679702522
dataset\_work\final\spinach\train\anomala\Pest-Damage(513)__Pest-Damage (282).jpg,anomala,train,spinach_sy69db2nz5,900x1200,17495516138026421240|10433729981829557472|16629431242325937902|10960677537805929608|16153368844043209872|17927472740391963890|9839386629685779608|17207865772015863782
dataset\_work\final\spinach\train\anomala\Pest-Damage(513)__Pest-Damage (283).jpg,anomala,train,spinach_sy69db2nz5,900x1200,15665356897533115408|7248858504541995892|14744115124776979451|14719459674062335008|8395636999177804132|1169860052891690713|2318276452426335948|18143819392899521996
dataset\_work\final\spinach\train\anomala\Pest-Damage(513)__Pest-Damage (284).jpg,anomala,train,spinach_sy69db2nz5,900x1200,3732514592745548808|3588390351474182636|17928713805618793975|2309385717341899792|17062184292714990641|607017362621647923|1174460950608481312|17856082300737343480
dataset\_work\final\spinach\train\anomala\Pest-Damage(513)__Pest-Damage (285).jpg,anomala,train,spinach_sy69db2nz5,900x1200,10431620112662304488|17788108446764865256|15626540276192823036|16484307779923516608|16759735944328699126|16759598659297854608|13879122730039035108|18214472889114025176
dataset\_work\final\spinach\train\anomala\Pest-Damage(513)__Pest-Damage (286).jpg,anomala,train,spinach_sy69db2nz5,900x1200,15629253608263847656|6960380729998937832|14886233157422468838|10130449385915190424|16757348243196450912|16721319445976573656|10992314748096648844|16631457657018291918
dataset\_work\final\spinach\val\anomala\Pest-Damage(513)__Pest-Damage (287).jpg,anomala,val,spinach_sy69db2nz5,900x1200,7606042364306427332|7606042260128353944|18054260441182799597|11551317510743105096|10974866662894308969|14162992170966421097|5232785925238836896|17115391860280299002
dataset\_work\final\spinach\val\anomala\Pest-Damage(513)__Pest-Damage (288).jpg,anomala,val,spinach_sy69db2nz5,900x1200,18432687080306851805|39423278435402564|14744397289697037800|14737473440621939944|4900767739826637824|15942636222561636095|16738760525034718924|16775239280889929420
dataset\_work\final\spinach\val\anomala\Pest-Damage(513)__Pest-Damage (289).jpg,anomala,val,spinach_sy69db2nz5,900x1200,17860026141571997179|10149158372918304|18081053788824063209|11585663999187274792|2325148318579958784|18148827236987296759|2939889678109427872|16847005884051549434
dataset\_work\final\spinach\test\anomala\Pest-Damage(513)__Pest-Damage (29).jpg,anomala,test,spinach_sy69db2nz5,900x1200,11983119963246694120|11118655787731488744|9233583627609817760|18364018163213843666|16757775051849616794|16721361866384231590|15185062634964245246|11583974295915144320
dataset\_work\final\spinach\train\anomala\Pest-Damage(513)__Pest-Damage (290).jpg,anomala,train,spinach_sy69db2nz5,900x1200,10621895912924826738|1362495632707669168|18369204961487015675|9279841399658548256|12739714828819425298|8272002262382831763|2345421126783387776|18144658303090093310
dataset\_work\final\spinach\train\anomala\Pest-Damage(513)__Pest-Damage (291).jpg,anomala,train,spinach_sy69db2nz5,900x1200,17576852474693602807|3479204654419430416|17783743611274190066|10433932237027558576|1174469833138260016|17856084327893757427|12701424828276984976|17500036621679774966
dataset\_work\final\spinach\test\anomala\Pest-Damage(513)__Pest-Damage (292).jpg,anomala,test,spinach_sy69db2nz5,900x1200,3478616244436782256|17554202517914437874|18346572204505222651|9243223801227267104|17494388965565701619|12739713812992050736|2327400116119881344|18144323637637717246
dataset\_work\final\spinach\test\anomala\Pest-Damage(513)__Pest-Damage (293).jpg,anomala,test,spinach_sy69db2nz5,900x1200,16757356970908792504|16757357004859216866|14163432954804804550|15892646882752800412|16326403388127809256|13273919518831775464|11251736876316790492|14311088553216413380
dataset\_work\final\spinach\train\anomala\Pest-Damage(513)__Pest-Damage (294).jpg,anomala,train,spinach_sy69db2nz5,900x1200,17982318476967268348|6957524284826062016|14886150743902358733|10130323045635837516|13838495650353221216|18216941064185941753|5534382033719236236|14811274002051077838
dataset\_work\final\spinach\train\anomala\Pest-Damage(513)__Pest-Damage (295).jpg,anomala,train,spinach_sy69db2nz5,900x1200,16901180590528564968|12127788296189480680|17568135495304840940|3498327257900293704|16757475407754645160|16757382284265295338|5232679375824915504|17043471653386768115
dataset\_work\final\spinach\train\anomala\Pest-Damage(513)__Pest-Damage (296).jpg,anomala,train,spinach_sy69db2nz5,900x1200,7606051064869547753|7533967315790956648|14739751818306686411|5516495075352661516|7532304905546468968|16856418259872747113|886811219540282956|14667544656453996236
dataset\_work\final\spinach\val\anomala\Pest-Damage(513)__Pest-Damage (297).jpg,anomala,val,spinach_sy69db2nz5,900x1200,14708250046029303756|5514432624130723788|14312223473284882377|11242712144839116652|14704010080151635788|14704027647574482636|7784220275677267612|14492345451035729862
dataset\_work\final\spinach\val\anomala\Pest-Damage(513)__Pest-Damage (298).jpg,anomala,val,spinach_sy69db2nz5,900x1200,16847350048227762451|7515395235902222871|8272424384657750781|3480313410825756672|1689585528670538856|1414489374939139561|9091378928569392|18301165496433560946
dataset\_work\final\spinach\train\anomala\Pest-Damage(513)__Pest-Damage (299).jpg,anomala,train,spinach_sy69db2nz5,900x1200,17412683983313161961|8113828689235315784|7822210714957167030|5300234503889707520|5227621669993749104|16847547926967723761|27757232032026185|13166632566445543020
dataset\_work\final\spinach\val\anomala\Pest-Damage(513)__Pest-Damage (3).jpg,anomala,val,spinach_sy69db2nz5,900x1200,10961250559503710006|14305414893423891347|14268269017220845454|11258778303473454990|10597846642210867142|3906667090872835736|10236516095187435420|10236445674297295814
dataset\_work\final\spinach\train\anomala\Pest-Damage(513)__Pest-Damage (30).jpg,anomala,train,spinach_sy69db2nz5,900x1200,16466870145937542856|15608973948406435564|15032513127215500960|17619791686248402658|17045587130731437784|14451513590946170596|16325046564035987188|11569205542584295120
dataset\_work\final\spinach\val\anomala\Pest-Damage(513)__Pest-Damage (300).jpg,anomala,val,spinach_sy69db2nz5,900x1200,16991948401029139365|2885714649979235410|5514259918989217009|14816304612828433504|5921150882671365160|11946672282451562475|6975124279420952269|17423448625657579084
dataset\_work\final\spinach\train\anomala\Pest-Damage(513)__Pest-Damage (301).jpg,anomala,train,spinach_sy69db2nz5,900x1200,17574601035916755697|3483708163912350816|3588971148618417904|7173273798406216928|6970480524600956976|17420494174981383667|16184985530152684643|17349702594344701489
dataset\_work\final\spinach\test\anomala\Pest-Damage(513)__Pest-Damage (302).jpg,anomala,test,spinach_sy69db2nz5,900x1200,18009550331466149074|2344295293447456944|16774956707998531071|16738901264729653248|12702558974786701344|15198679624273293049|18168905722121448|18446126793487207656
dataset\_work\final\spinach\test\anomala\Pest-Damage(513)__Pest-Damage (303).jpg,anomala,test,spinach_sy69db2nz5,900x1200,17558864344433099675|3479741096971681574|11980590457514591218|1890709398483254960|2756013147675839024|11169829934235299315|12699612421189680410|17474977639085851558
dataset\_work\final\spinach\train\anomala\Pest-Damage(513)__Pest-Damage (304).jpg,anomala,train,spinach_sy69db2nz5,900x1200,15535499204071991078|1181784866677005210|17456950062065617875|3475985159610379828|11104529964363114000|2749187173863299543|3759972473331662128|15243320449125008370
dataset\_work\final\spinach\train\anomala\Pest-Damage(513)__Pest-Damage (305).jpg,anomala,train,spinach_sy69db2nz5,900x1200,16972966570402592663|2940313081467179798|7479240059847279558|1813937257857891996|1590695689176206888|10896298001649077483|11258567283878276121|14304295727329299303
dataset\_work\final\spinach\train\anomala\Pest-Damage(513)__Pest-Damage (306).jpg,anomala,train,spinach_sy69db2nz5,900x1200,17405866321838055392|3498750674229200616|5081914255324188365|11357680335854145096|16719076467384749616|16185680948431392497|5228122827774140061|14811942315544184390
dataset\_work\final\spinach\val\anomala\Pest-Damage(513)__Pest-Damage (307).jpg,anomala,val,spinach_sy69db2nz5,900x1200,16400169459187391428|4063978745348171736|7820381486436550374|14492080154057612952|15575478391617840696|14130909383740856803|10997252796863356617|16610989682608801644
dataset\_work\final\spinach\train\anomala\Pest-Damage(513)__Pest-Damage (308).jpg,anomala,train,spinach_sy69db2nz5,900x1200,5732254509840013214|670490055900071814|5155384842591654884|1733364907256525976|9657788287075438089|11391614589395242319|10967433921610255896|16488552550276762439
dataset\_work\final\spinach\train\anomala\Pest-Damage(513)__Pest-Damage (309).jpg,anomala,train,spinach_sy69db2nz5,900x1200,14305432467457642468|11249472141002475472|10241030964405571534|10234202661786947212|14989979963709922972|16433396605318301638|10092051124471269262|14884162707362357134
dataset\_work\final\spinach\test\anomala\Pest-Damage(513)__Pest-Damage (31).jpg,anomala,test,spinach_sy69db2nz5,900x1200,15568547104472665804|16469406719464607436|16178626559237131936|17914790638933478642|14739751715219083236|14739726426258738904|17477378764703768312|11569192434743609056
dataset\_work\final\spinach\train\anomala\Pest-Damage(513)__Pest-Damage (310).jpg,anomala,train,spinach_sy69db2nz5,900x1200,14541735091338184651|7821633573826272812|5154091782623446777|2098183931174558816|3179030524836875372|14665702982371233481|6961464632544271901|17998080877179144007
dataset\_work\final\spinach\train\anomala\Pest-Damage(513)__Pest-Damage (311).jpg,anomala,train,spinach_sy69db2nz5,900x1200,17422333037472631264|8127886917148044416|1046971581002073848|10168589365803916384|9253814726764186736|16197507297185876209|6961595354099097229|17926171596693145358
dataset\_work\final\spinach\train\anomala\Pest-Damage(513)__Pest-Damage (312).jpg,anomala,train,spinach_sy69db2nz5,900x1200,11177140591738955655|2758326794811808542|3626401610774286286|12913357588416368524|2169383770456278822|9738808996809022875|10092328219491841459|14848116385368855346
dataset\_work\final\spinach\train\anomala\Pest-Damage(513)__Pest-Damage (313).jpg,anomala,train,spinach_sy69db2nz5,900x1200,14812100731379068437|5480347737228282711|7243511338822501315|15676475097103150652|6308165506832207436|1526200372772179917|4336428870351163097|14088112121789253220
dataset\_work\final\spinach\train\anomala\Pest-Damage(513)__Pest-Damage (314).jpg,anomala,train,spinach_sy69db2nz5,900x1200,17939603748285277938|6958233008869251488|4163030399750959590|7177769237460316304|11572294075098632288|17466876471833720568|10407973280761748579|16641168435930121785
dataset\_work\final\spinach\train\anomala\Pest-Damage(513)__Pest-Damage (315).jpg,anomala,train,spinach_sy69db2nz5,900x1200,12812335310492502988|8253987710338272968|5084452993245890289|11317024760285011056|14415502677902265458|14738901749487095473|8114385019988217501|17421778282291629894
dataset\_work\final\spinach\train\anomala\Pest-Damage(513)__Pest-Damage (316).jpg,anomala,train,spinach_sy69db2nz5,900x1200,8110286075602638561|7011715475161192032|8164611742078324337|7029290017009601649|6959775782287593057|16255205413782719856|8181930115090779489|8200649300964232817
dataset\_work\final\spinach\test\anomala\Pest-Damage(513)__Pest-Damage (317).jpg,anomala,test,spinach_sy69db2nz5,900x1200,14811832467702812361|5516402787235106668|7321194172025376716|6459893653256212172|7822505828802596428|14487523812233678541|14703728561352058457|14740065403121932901
dataset\_work\final\spinach\test\anomala\Pest-Damage(513)__Pest-Damage (318).jpg,anomala,test,spinach_sy69db2nz5,900x1200,17115397237504151436|5232662866367810510|15608107704437670904|16439892555013766848|14847025687443250760|10092323992365663981|13852561383507044068|17907168686354176984
dataset\_work\final\spinach\val\anomala\Pest-Damage(513)__Pest-Damage (319).jpg,anomala,val,spinach_sy69db2nz5,900x1200,18229150618651183092|13880146932471176400|7279668348986383354|6385882359731855392|14995909564571885760|17638290550840097532|2314920702508441432|18076318914669905509
dataset\_work\final\spinach\train\anomala\Pest-Damage(513)__Pest-Damage (32).jpg,anomala,train,spinach_sy69db2nz5,900x1200,15572759243200106184|11837586959369670376|10396145339916061856|17770392858585451762|16757337927663372196|14451663141161803224|17495393008527252982|11568629252736108176
dataset\_work\final\spinach\train\anomala\Pest-Damage(513)__Pest-Damage (320).jpg,anomala,train,spinach_sy69db2nz5,900x1200,16485368838490408948|15572370292549229776|10233906111615757618|10276997990942918931|14995929502581529816|17638211092700973028|1389798156056371086|3633716671096751758
dataset\_work\final\spinach\train\anomala\Pest-Damage(513)__Pest-Damage (321).jpg,anomala,train,spinach_sy69db2nz5,900x1200,15629328676416098025|16471948648866287208|14233133060022857457|6673775164756232272|7534001171390699748|16829559950228842200|5802921337798499932|17433020273484859077
dataset\_work\final\spinach\train\anomala\Pest-Damage(513)__Pest-Damage (322).jpg,anomala,train,spinach_sy69db2nz5,900x1200,17927861496403709073|16198337555411683444|7894412287158406642|5300339406468418736|8415026645274905824|10505925460059213048|12685671032197385801|17459767556173106797
dataset\_work\final\spinach\train\anomala\Pest-Damage(513)__Pest-Damage (323).jpg,anomala,train,spinach_sy69db2nz5,900x1200,3549833914396118984|8231786525295316972|7234781061316822694|15643577864324783514|17009835325279583602|14415801573475828529|11105100645720857049|11981408113918699364
dataset\_work\final\spinach\train\anomala\Pest-Damage(513)__Pest-Damage (324).JPG,anomala,train,spinach_sy69db2nz5,675x1200,16413384296532461070|4056774112627694735|63218173865400408|18300630964686481125|10348195305178942520|1064760789921876195|16566111656831547645|6384019720384339968
dataset\_work\final\spinach\train\anomala\Pest-Damage(513)__Pest-Damage (325).JPG,anomala,train,spinach_sy69db2nz5,675x1200,16324578941923610510|3480876308064963726|22685245106604772|18083332149995605208|10235636633396203056|10290493619983781090|15604097376382809338|16486051199592189952
dataset\_work\final\spinach\train\anomala\Pest-Damage(513)__Pest-Damage (327).JPG,anomala,train,spinach_sy69db2nz5,675x1200,3228251997801989122|5425869532437273791|3512961838756698212|17437038957155493593|13825076270361168971|199405805685886252|15683476531442547953|7248710778340818992
dataset\_work\final\spinach\val\anomala\Pest-Damage(513)__Pest-Damage (328).JPG,anomala,val,spinach_sy69db2nz5,675x1200,3660456823609937422|12955887009607978127|16197368256294325276|17936929972950585031|10307834157602884787|1067049981863447602|14397663615790804216|2057191326257826016
dataset\_work\final\spinach\train\anomala\Pest-Damage(513)__Pest-Damage (329).JPG,anomala,train,spinach_sy69db2nz5,675x1200,6457078965047184909|7333561307748994063|16201866974951152204|17934713379069863629|1120531602104632933|994812342873594969|14818786486394479864|5519750871301806304
dataset\_work\final\spinach\train\anomala\Pest-Damage(513)__Pest-Damage (330).JPG,anomala,train,spinach_sy69db2nz5,675x1200,3732373717725559603|3732514354305639187|16201871237479717100|17934678210719966408|1379068571003309107|3691554275815509043|14475948568961541368|17066558592504355040
dataset\_work\final\spinach\train\anomala\Pest-Damage(513)__Pest-Damage (331).JPG,anomala,train,spinach_sy69db2nz5,675x1200,5706990425194480519|879131627203935262|13880318955576927436|18228544680389106380|2178701663128072972|9782738710038393679|14761372201148807420|14745990848412688576
dataset\_work\final\spinach\train\anomala\Pest-Damage(513)__Pest-Damage (332).JPG,anomala,train,spinach_sy69db2nz5,675x1200,7606181846443478542|7606041111088106639|6960339802366990536|18007335022438638796|10343761797396729449|1066870486607498857|14764180306552940281|14472344049272002656
dataset\_work\final\spinach\train\anomala\Pest-Damage(513)__Pest-Damage (333).JPG,anomala,train,spinach_sy69db2nz5,675x1200,3633435776666668303|12846674714359761935|16208622857315999896|17938091057231624416|1084356571909998770|1120667943417310258|16210960600135037176|11015972486957822176
dataset\_work\final\spinach\test\anomala\Pest-Damage(513)__Pest-Damage (334).JPG,anomala,test,spinach_sy69db2nz5,675x1200,7894280379867023619|5300322843052829727|8125668196215463140|17428028732966684248|2264199141796580937|236807347670781549|6397019689600146673|16473072590369113200
dataset\_work\final\spinach\val\anomala\Pest-Damage(513)__Pest-Damage (335).JPG,anomala,val,spinach_sy69db2nz5,675x1200,3489319521155321373|12954690668219698759|8126970028157094496|17360475564314373360|5156143966639278259|2129723265106406448|17342463617241246960|6974541575364593776
dataset\_work\final\spinach\train\anomala\Pest-Damage(513)__Pest-Damage (336).JPG,anomala,train,spinach_sy69db2nz5,675x1200,2799161542177049869|10620761252682075215|8090937314129004768|17360510727211101432|5696026095514969235|994562755822278694|17918915573369859312|16197368256330745968
dataset\_work\final\spinach\val\anomala\Pest-Damage(513)__Pest-Damage (337).JPG,anomala,val,spinach_sy69db2nz5,675x1200,3732532167684528670|3552361691231430279|2327407275714333796|17999980161726336216|9738627439906933809|2169202366608231475|15622079802331548921|7263351876922133536
dataset\_work\final\spinach\test\anomala\Pest-Damage(513)__Pest-Damage (338).JPG,anomala,test,spinach_sy69db2nz5,675x1200,8199943382014660126|8127958353588358791|5208566952433064612|17144586731228931800|9767970102083308656|2201781445147348081|15611383754106269165|11860964144197683272
dataset\_work\final\spinach\train\anomala\Pest-Damage(513)__Pest-Damage (34).jpg,anomala,train,spinach_sy69db2nz5,900x1200,12415744773377658056|14577472594926620396|12739581734149932720|17495524761077259506|17063742197948894666|14450949524041387436|17481864548412017906|12737885136370453680
dataset\_work\final\spinach\train\anomala\Pest-Damage(513)__Pest-Damage (340).JPG,anomala,train,spinach_sy69db2nz5,675x1200,6957250218988127110|12776298259638205470|9286589678714656992|18372688424443766520|2178666135246294705|9710688287116397920|17935276019718486270|16183852653491052672
dataset\_work\final\spinach\val\anomala\Pest-Damage(513)__Pest-Damage (341).JPG,anomala,val,spinach_sy69db2nz5,675x1200,12738869798277844510|10550824066817560199|13898328956045414620|18228579864758629572|9767829916611406994|2201782542637386160|14174172518778992892|15911389610971291840
dataset\_work\final\spinach\train\anomala\Pest-Damage(513)__Pest-Damage (342).JPG,anomala,train,spinach_sy69db2nz5,675x1200,7606051092631946523|7606024702188609063|5808531011848149092|17710069684496230105|2836929176513515113|1983216126202449513|15701465624004708085|7248556984143486032
dataset\_work\final\spinach\train\anomala\Pest-Damage(513)__Pest-Damage (343).JPG,anomala,train,spinach_sy69db2nz5,675x1200,7105728131766258701|13386534928964505167|16204119256069626080|17938090782303446264|5750614925852985017|976275667674897506|17934714443064078584|16201726308069728480
dataset\_work\final\spinach\train\anomala\Pest-Damage(513)__Pest-Damage (344).JPG,anomala,train,spinach_sy69db2nz5,675x1200,5145940429071762573|2029239479105543246|13880314626519491652|18226890980402174428|5682496048599017756|10215329774592420423|15895917533428773628|4928163520941957312
dataset\_work\final\spinach\train\anomala\Pest-Damage(513)__Pest-Damage (345).JPG,anomala,train,spinach_sy69db2nz5,675x1200,7894259459200770403|5300225606876231737|6960339810990463576|18007334746482779877|4141140736352423497|7197153587066801773|16548098064249251577|6384442077091502176
dataset\_work\final\spinach\train\anomala\Pest-Damage(513)__Pest-Damage (346).JPG,anomala,train,spinach_sy69db2nz5,675x1200,1327592766377053710|3911814528616991887|6976243621206451268|17939216957138442717|10343762899046910262|1030840867084987410|15968047695233742072|4928231690659745888
dataset\_work\final\spinach\train\anomala\Pest-Damage(513)__Pest-Damage (347).JPG,anomala,train,spinach_sy69db2nz5,675x1200,3552362151770033949|3660738814490185287|6976234256030241834|17939234691075200938|5120078675421613362|2130144665553751089|12310561852705142008|3032215695565836384
dataset\_work\final\spinach\train\anomala\Pest-Damage(513)__Pest-Damage (349).JPG,anomala,train,spinach_sy69db2nz5,675x1200,3696766507687972125|3696696967285001799|13898258112908412044|18226329959447042254|5138124804071509299|2129443327442767155|14886902450365591804|10143399490104123584
dataset\_work\final\spinach\train\anomala\Pest-Damage(513)__Pest-Damage (350).JPG,anomala,train,spinach_sy69db2nz5,675x1200,11253971255422668185|14270564866028227686|15030829993806273048|17647007160657749863|7371486657439796166|11082773808189484700|7469158166740330228|1736731513933568208
dataset\_work\final\spinach\train\anomala\Pest-Damage(513)__Pest-Damage (351).JPG,anomala,train,spinach_sy69db2nz5,675x1200,14995912551557877145|8414706796363074662|6960480522677525200|17935276466327758804|7371347565390579572|11082634714734861520|15323466687767308024|14995359740313770080
dataset\_work\final\spinach\train\anomala\Pest-Damage(513)__Pest-Damage (353).JPG,anomala,train,spinach_sy69db2nz5,675x1200,2835471296654247430|1325331555242516127|16197421041442375760|17360475542839029237|11501868057413182482|470313964712909095|17721038664740170992|5785045917850454240
dataset\_work\final\spinach\val\anomala\Pest-Damage(513)__Pest-Damage (354).JPG,anomala,val,spinach_sy69db2nz5,675x1200,2873628746243490177|1400632161890172030|4674974563184843469|18300628628205381196|9114287042397433875|9349808847988908327|5523250181315033341|14815328319605104704
dataset\_work\final\spinach\test\anomala\Pest-Damage(513)__Pest-Damage (355).JPG,anomala,test,spinach_sy69db2nz5,675x1200,7105868942451774215|4127134658940188190|16161339457155275980|17936929971889227468|2177021023319705145|545869689480191330|14755625848304758008|14743727581301590240
dataset\_work\final\spinach\train\anomala\Pest-Damage(513)__Pest-Damage (356).JPG,anomala,train,spinach_sy69db2nz5,675x1200,7606033361123490611|7606033515337884451|16183698644815092880|17935251040254019302|2531988392645725801|3691695085982813801|16629202750270334712|10420252206057691360
dataset\_work\final\spinach\train\anomala\Pest-Damage(513)__Pest-Damage (357).JPG,anomala,train,spinach_sy69db2nz5,675x1200,3696767061201751582|3696486142438116999|18181627835879424|18301756868892489423|9767795002713197619|2201780057864555827|14985418556385459453|40699643085471744
dataset\_work\final\spinach\train\anomala\Pest-Damage(513)__Pest-Damage (359).JPG,anomala,train,spinach_sy69db2nz5,675x1200,3984997954905411358|1389798772701924999|4629868198166549544|18301756864580736395|9731765102139296019|2202202822098701623|10076213483263163645|2906115457903247424
dataset\_work\final\spinach\train\anomala\Pest-Damage(513)__Pest-Damage (36).jpg,anomala,train,spinach_sy69db2nz5,900x1200,17495391857205824472|12739706099426864260|16631673745279721420|10956191483540408012|9524047884770069680|15621583130641485042|14701603076762373272|14744668799946182630
dataset\_work\final\spinach\train\anomala\Pest-Damage(513)__Pest-Damage (360).JPG,anomala,train,spinach_sy69db2nz5,675x1200,1005021310235615007|5670118271751095815|13889321756827117684|18229705763594225872|506142373165576270|2278621904020304397|15044534653332290812|8424203617569390784
dataset\_work\final\spinach\train\anomala\Pest-Damage(513)__Pest-Damage (361).JPG,anomala,train,spinach_sy69db2nz5,675x1200,1425546093941917198|1435679088586301071|6980747203419328098|18012400587580542137|10348889616556157971|1046623592131774483|13370279710817712377|7083771400159813728
dataset\_work\final\spinach\test\anomala\Pest-Damage(513)__Pest-Damage (362).JPG,anomala,test,spinach_sy69db2nz5,900x1200,3534487974339744258|8309035309743052735|644181924500738176|17289572749561755006|13805618973294677875|149297242581634353|9148471963933929711|9228042882720002056
dataset\_work\final\spinach\train\anomala\Pest-Damage(513)__Pest-Damage (363).JPG,anomala,train,spinach_sy69db2nz5,900x1200,5588579057664928821|5552382190191233875|4727704553697085472|8774854320945884920|6038074924852448845|3831523261051539021|17937493733524883065|2344154659703135297
dataset\_work\final\spinach\train\anomala\Pest-Damage(513)__Pest-Damage (364).JPG,anomala,train,spinach_sy69db2nz5,900x1200,5082086998836978716|11321542808164981703|14995929523115825216|17638069977020360409|14365089928506973853|2027832641745815366|15701456568690395124|4654501063275977936
dataset\_work\final\spinach\test\anomala\Pest-Damage(513)__Pest-Damage (365).JPG,anomala,test,spinach_sy69db2nz5,900x1200,3537590762745567746|8351863453611960255|1797163363220324352|16280667197794615039|13810037145890973555|151476719307200561|18446434864225644769|27060689891352
dataset\_work\final\spinach\train\anomala\Pest-Damage(513)__Pest-Damage (366).JPG,anomala,train,spinach_sy69db2nz5,900x1200,7236171955752955244|15693302593122814281|4931679767742660800|15398304683024841212|5280978329423301081|7812984543216692324|18228862128801231317|13853152299898662980
dataset\_work\final\spinach\train\anomala\Pest-Damage(513)__Pest-Damage (367).JPG,anomala,train,spinach_sy69db2nz5,900x1200,5282611979281324361|7857697394713781613|16255769441279184992|8711905115661399801|7882826621728984173|5285336243957878601|18011838329068709496|6958087925008996577
dataset\_work\final\spinach\train\anomala\Pest-Damage(513)__Pest-Damage (368).JPG,anomala,train,spinach_sy69db2nz5,900x1200,10632311003876662171|3913221935725422118|7553266919769948608|16840338359223482428|2748935262880812598|11212709145823055251|4357486104893895913|13889550531209777768
dataset\_work\final\spinach\train\anomala\Pest-Damage(513)__Pest-Damage (369).JPG,anomala,train,spinach_sy69db2nz5,900x1200,11207092874938911635|2601978968694206006|6958233010623533184|18011802079592903928|3904073380639677476|10631744794178062235|17939181531323365113|9282090965955022944
dataset\_work\final\spinach\train\anomala\Pest-Damage(513)__Pest-Damage (37).jpg,anomala,train,spinach_sy69db2nz5,900x1200,12271638364214756996|12271612130959531740|11837292797404860336|15752815615987289586|15897204341879492010|9549340981000555946|17441638968184446426|12704543648822544036
dataset\_work\final\spinach\train\anomala\Pest-Damage(513)__Pest-Damage (370).JPG,anomala,train,spinach_sy69db2nz5,900x1200,3606422974854994486|12956740226619713427|6978499335665012864|17934677916663608510|10639664640840617907|3898440000610896946|13759840531595584760|9282090420997511264
dataset\_work\final\spinach\train\anomala\Pest-Damage(513)__Pest-Damage (371).JPG,anomala,train,spinach_sy69db2nz5,900x1200,12869773183771382418|12873124531739211442|1794271095777951745|16688350719449160830|12877672116107257522|10561655871129950898|9141434813565016295|108253645917185560
dataset\_work\final\spinach\val\anomala\Pest-Damage(513)__Pest-Damage (372).JPG,anomala,val,spinach_sy69db2nz5,900x1200,3551524980024543744|8317389966031040467|4640000694203238624|18291905138472709360|15253601018199305587|2896170125707569|17360477213734394365|16197350193540654144
dataset\_work\final\spinach\train\anomala\Pest-Damage(513)__Pest-Damage (373).JPG,anomala,train,spinach_sy69db2nz5,900x1200,6996655614236317732|8748039500423095771|5791853482089487584|17722170923421779696|15845296914867644281|2618926841596811617|17349641525567222261|16184825656625619024
dataset\_work\final\spinach\train\anomala\Pest-Damage(513)__Pest-Damage (374).JPG,anomala,train,spinach_sy69db2nz5,900x1200,2309395076222552612|8921497366988435355|4063540019201872448|16418125909271754489|11218446122886811515|2596967354036259872|17993788213544016099|4652812353729487928
dataset\_work\final\spinach\train\anomala\Pest-Damage(513)__Pest-Damage (375).JPG,anomala,train,spinach_sy69db2nz5,900x1200,5048301035956479242|11317311869716880303|11689125059258783812|13430656638361265880|12635914242276134813|731109876141068102|15629394842294379450|4942766889481615522
dataset\_work\final\spinach\train\anomala\Pest-Damage(513)__Pest-Damage (376).JPG,anomala,train,spinach_sy69db2nz5,900x1200,2381575265838700038|8885478470940596127|1184613957656690816|17577802815335038206|11499883991097364347|438586452726385953|18373815131871572211|9277441887463567376
dataset\_work\final\spinach\train\anomala\Pest-Damage(513)__Pest-Damage (377).JPG,anomala,train,spinach_sy69db2nz5,900x1200,3687328818506703410|3732252222715310515|8710128936510742929|16274010706614302836|12948160415281433395|3612492925432638515|8374626741203163361|10511844187305468024
dataset\_work\final\spinach\train\anomala\Pest-Damage(513)__Pest-Damage (378).JPG,anomala,train,spinach_sy69db2nz5,900x1200,3615280088626823682|12955606634437787583|6978499207033970832|18006735530966300918|13816862922796682163|144718846099336242|17778142905085912313|10439513381539731552
dataset\_work\final\spinach\val\anomala\Pest-Damage(513)__Pest-Damage (379).JPG,anomala,val,spinach_sy69db2nz5,900x1200,3174504555998948370|14667704155973045175|6958092413233042144|18011802611042727672|13207733410671857355|1309471130131303980|17921695707929507577|16182022993438609504
dataset\_work\final\spinach\train\anomala\Pest-Damage(513)__Pest-Damage (38).jpg,anomala,train,spinach_sy69db2nz5,900x1200,17063186841220910796|14469087171058306636|17349711909441228540|13878983609624726720|5516372016015789256|14739743949390269676|13874506432500374720|18216668057517934320
dataset\_work\final\spinach\train\anomala\Pest-Damage(513)__Pest-Damage (380).JPG,anomala,train,spinach_sy69db2nz5,900x1200,7609981760791521298|7621945544655227831|8128025385651443936|17423528173236627192|13243832021854701161|1308346883853687913|17917227294889266417|16183716240664874096
dataset\_work\final\spinach\train\anomala\Pest-Damage(513)__Pest-Damage (381).JPG,anomala,train,spinach_sy69db2nz5,900x1200,3624701258457555985|12920156723567516535|16270553444904618128|8704479632668140786|8636669394247634355|1235189230586973490|17484326750216703096|10396713869645892833
dataset\_work\final\spinach\train\anomala\Pest-Damage(513)__Pest-Damage (382).JPG,anomala,train,spinach_sy69db2nz5,900x1200,2542577857449493251|4138050593217265471|8714690189430912144|16280737566687678838|4557448308516154681|217031599866071331|8561842961364349153|10409116216509395064
dataset\_work\final\spinach\train\anomala\Pest-Damage(513)__Pest-Damage (383).JPG,anomala,train,spinach_sy69db2nz5,900x1200,7533420719603934209|16829555034362403199|16270395115088809056|8686475130027101920|9212409970947493609|100362387287608424|16199034009950325880|6956968673593445601
dataset\_work\final\spinach\test\anomala\Pest-Damage(513)__Pest-Damage (384).JPG,anomala,test,spinach_sy69db2nz5,900x1200,1555442983540361220|6311283723498024799|14022006158690883776|13575761383513368568|6912970036276598359|290565765273982485|17917508458447070908|13841844512960059586
dataset\_work\final\spinach\train\anomala\Pest-Damage(513)__Pest-Damage (385).JPG,anomala,train,spinach_sy69db2nz5,900x1200,3606343224946198020|12956730299589302239|2325141895482238132|18003410831146408082|16111503755224928179|289934950127242290|10581461070167595257|13034710468559651872
dataset\_work\final\spinach\val\anomala\Pest-Damage(513)__Pest-Damage (386).JPG,anomala,val,spinach_sy69db2nz5,900x1200,6385557862039373848|16538923376757861799|16181167581848967632|17874381248953804532|12064314538251486949|1749805801545899608|17610986709897383672|15031093778130571232
dataset\_work\final\spinach\train\anomala\Pest-Damage(513)__Pest-Damage (387).JPG,anomala,train,spinach_sy69db2nz5,900x1200,6939350085839759364|17964188467567971295|16198476055496674528|17927931315530681584|16126139705281367545|299645532237090144|17351470597452778744|16198476123947715808
dataset\_work\final\spinach\train\anomala\Pest-Damage(513)__Pest-Damage (388).JPG,anomala,train,spinach_sy69db2nz5,900x1200,3696626911100146701|3696768194055100239|16234525845611145396|8704339342997244114|5753239737117658419|942455254800026931|15188617133958810744|13035823105642024161
dataset\_work\final\spinach\train\anomala\Pest-Damage(513)__Pest-Damage (39).jpg,anomala,train,spinach_sy69db2nz5,900x1200,12972985439657299144|10533160445019672300|10386503653938112152|17787982879160835046|17063742200209026450|14450949525898856884|16616906101662473206|10963528472819278992
dataset\_work\final\spinach\train\anomala\Pest-Damage(513)__Pest-Damage (390).JPG,anomala,train,spinach_sy69db2nz5,900x1200,2471498205708949509|13496618062422337371|16305454069979862176|4101871714817201370|6622487862516272571|367126960541158434|15768481682552187960|11589055064846387426
dataset\_work\final\spinach\val\anomala\Pest-Damage(513)__Pest-Damage (391).JPG,anomala,val,spinach_sy69db2nz5,900x1200,2399582504522485765|8884791957189949279|16270551275946960016|8704550482450241782|6915150918042209659|364877364255477025|17787220215319678072|10440637160269597921
dataset\_work\final\spinach\train\anomala\Pest-Damage(513)__Pest-Damage (392).JPG,anomala,train,spinach_sy69db2nz5,900x1200,5552427304242539536|5588697841365076311|4726543370231389392|9000038254082770676|6325743931129302861|1183477028157853261|17637934090895222396|15031922805468731457
dataset\_work\final\spinach\train\anomala\Pest-Damage(513)__Pest-Damage (393).JPG,anomala,train,spinach_sy69db2nz5,900x1200,7858375834234465297|5300461930988555095|14163326319070075040|6669412149435557074|6326164455537676105|1237381105272688237|15196490442528231004|11590044591633370820
dataset\_work\final\spinach\val\anomala\Pest-Damage(513)__Pest-Damage (394).JPG,anomala,val,spinach_sy69db2nz5,900x1200,2327532037022155788|4273228368655146831|14037887362262426800|13615761060939618546|5755547055708589371|865830557744778528|17498989959429158076|12746480074993750210
dataset\_work\final\spinach\train\anomala\Pest-Damage(513)__Pest-Damage (395).JPG,anomala,train,spinach_sy69db2nz5,900x1200,866533408762710040|14960727262470434279|6962053060576706592|17908153821941986939|16675999345483358159|1749735658295592460|8932580911099905784|2341898466691554912
dataset\_work\final\spinach\test\anomala\Pest-Damage(513)__Pest-Damage (396).JPG,anomala,test,spinach_sy69db2nz5,900x1200,3552789917701243909|8326326844828409631|16255769510309061776|8711905082442438902|2296778142071557491|361462586216762929|17787220490065536632|10440637151939434721
dataset\_work\final\spinach\train\anomala\Pest-Damage(513)__Pest-Damage (397).JPG,anomala,train,spinach_sy69db2nz5,900x1200,16610272732437685271|10970256521963625239|9879873005890099296|7838450398562084089|1719122774832594584|1667544138314908646|18006745406507435884|6978341014978960521
dataset\_work\final\spinach\train\anomala\Pest-Damage(513)__Pest-Damage (398).JPG,anomala,train,spinach_sy69db2nz5,900x1200,14737474542487099432|14744256585736775147|7106150377830521040|13296463963847386740|16998006723419545292|2907159935605769932|8423674163977750200|15030790553155313250
dataset\_work\final\spinach\train\anomala\Pest-Damage(513)__Pest-Damage (4).jpg,anomala,train,spinach_sy69db2nz5,900x1200,17909723916547596184|16198892860139570918|2306550008797433824|13528600246672625392|16575000466724212448|10961518668506172664|17297815081567829947|16181164265535898144
dataset\_work\final\spinach\train\anomala\Pest-Damage(513)__Pest-Damage (40).jpg,anomala,train,spinach_sy69db2nz5,900x1200,10533090591596056256|13135749518003244796|10386996304000976528|17769970645457542134|18198508603064601526|13875052907076660626|17769969477494938614|10378059456373466768
dataset\_work\final\spinach\train\anomala\Pest-Damage(513)__Pest-Damage (400).JPG,anomala,train,spinach_sy69db2nz5,900x1200,2327250530777045028|8920803065386100187|6978499275518662896|18006735495534929264|15845226578533404027|2600914572601609248|8135126587315512569|17318763951510313056
dataset\_work\final\spinach\train\anomala\Pest-Damage(513)__Pest-Damage (401).JPG,anomala,train,spinach_sy69db2nz5,900x1200,3552784970991671317|8326345538686281047|16184982951763466848|8126400843768833272|6333623542891908467|1520051250778295857|17916522232856102512|6943034601784515808
dataset\_work\final\spinach\train\anomala\Pest-Damage(513)__Pest-Damage (402).JPG,anomala,train,spinach_sy69db2nz5,900x1200,14197082287732513333|6385870105954067795|4654532054616650432|18007330312067462140|6027273218873335640|3844465561210390213|18209151755032454905|13849158395304122432
dataset\_work\final\spinach\val\anomala\Pest-Damage(513)__Pest-Damage (403).JPG,anomala,val,spinach_sy69db2nz5,900x1200,5588456067048549397|5588416329612643155|16184842219634333760|17926234182658287353|6038074786809876045|1525680269614353997|18007307797712586488|4654483886827150560
dataset\_work\final\spinach\train\anomala\Pest-Damage(513)__Pest-Damage (404).JPG,anomala,train,spinach_sy69db2nz5,900x1200,10670755017751268646|15462892835164737307|13875617305395214512|18228006994489762802|1968052761077192662|2741926973761853076|17502084424276375292|12697996247510323392
dataset\_work\final\spinach\train\anomala\Pest-Damage(513)__Pest-Damage (405).JPG,anomala,train,spinach_sy69db2nz5,900x1200,580004061888982065|17280195249088220019|16200039598990589952|17921132484241129215|8343845537419022319|3543256543368973320|18446435450440103160|36055241922892512
dataset\_work\final\spinach\train\anomala\Pest-Damage(513)__Pest-Damage (406).JPG,anomala,train,spinach_sy69db2nz5,900x1200,5660913746548967477|10164103255379668307|13850886960674801728|18222623528229236477|6047572462808731277|3839368465561128782|18261752494550148092|4649997656301254848
dataset\_work\final\spinach\val\anomala\Pest-Damage(513)__Pest-Damage (407).JPG,anomala,val,spinach_sy69db2nz5,900x1200,11855337957200631304|6529663171456374253|5227618405954655296|17135672681025492669|17119760038907780698|582695322797442724|13679371347042750189|4653406146373848136
dataset\_work\final\spinach\train\anomala\Pest-Damage(513)__Pest-Damage (408).JPG,anomala,train,spinach_sy69db2nz5,900x1200,5768299748831855368|17676495561171615471|14144834513873310784|15334139696928773885|17239329729413599221|577333004580293968|18290991121180839380|4653373168781380804
dataset\_work\final\spinach\train\anomala\Pest-Damage(513)__Pest-Damage (409).JPG,anomala,train,spinach_sy69db2nz5,900x1200,5516354356985013249|14811810373994109811|14455496177855797312|17061397954101241593|8312339852207034061|82267173934304844|18007299276623038188|4654501470156987592
dataset\_work\final\spinach\train\anomala\Pest-Damage(513)__Pest-Damage (41).jpg,anomala,train,spinach_sy69db2nz5,900x1200,9965795368145178248|12415727733372259566|10396717017310579890|17783886099111726258|17189288251685752236|9857964063787470218|12883829998096403958|12847659260402682000
dataset\_work\final\spinach\test\anomala\Pest-Damage(513)__Pest-Damage (410).JPG,anomala,test,spinach_sy69db2nz5,900x1200,3624427956753678341|3732796483172126047|7557207429589258272|16859478674968585723|6867230556645412147|378385983232429106|18133117794439854313|2328532591807357032
dataset\_work\final\spinach\train\anomala\Pest-Damage(513)__Pest-Damage (411).JPG,anomala,train,spinach_sy69db2nz5,900x1200,5588420728863016997|5588420882370260315|6961452517246407744|17926234767244908157|6623964977207152205|2686484378633080397|9067684650155493112|4653406279246322784
dataset\_work\final\spinach\val\anomala\Pest-Damage(513)__Pest-Damage (412).JPG,anomala,val,spinach_sy69db2nz5,900x1200,2453632825531372314|13497164452854576679|17348033148869973056|17365007990639810300|2825565729822035899|1878855429808590114|18219003895687347440|4653370901844771056
dataset\_work\final\spinach\test\anomala\Pest-Damage(513)__Pest-Damage (413).JPG,anomala,test,spinach_sy69db2nz5,900x1200,3677203415423603977|3741734409989739887|6980734033136730304|18012373787943042556|8022400841699814707|672493261911033907|18229980611300227321|13853239702478184544
dataset\_work\final\spinach\val\anomala\Pest-Damage(513)__Pest-Damage (414).JPG,anomala,val,spinach_sy69db2nz5,900x1200,2543440969635210262|3732788751184550295|11592437016987191584|17940307710335937915|10942037970651696435|1595479393333824547|8893983142915275000|2326562404107608224
dataset\_work\final\spinach\train\anomala\Pest-Damage(513)__Pest-Damage (415).JPG,anomala,train,spinach_sy69db2nz5,900x1200,5264310517990509329|7894412805620313143|7259829052982723648|15707683653648113405|3975635917562351213|1246139528596819529|18293313149080173785|4648867348698677348
dataset\_work\final\spinach\test\anomala\Pest-Damage(513)__Pest-Damage (416).JPG,anomala,test,spinach_sy69db2nz5,900x1200,3289333171701418497|5443179691337558333|16183711916036347936|17935277118152173049|4443305768754580043|74921336883881517|18006981786074605304|2330782261845727456
dataset\_work\final\spinach\test\anomala\Pest-Damage(513)__Pest-Damage (417).JPG,anomala,test,spinach_sy69db2nz5,900x1200,597877134513950977|8056261985646310783|17350289140580532321|17360469258307812473|9184509315583036783|94865923744615432|8772034109255380208|7043803737824741616
dataset\_work\final\spinach\train\anomala\Pest-Damage(513)__Pest-Damage (418).jpg,anomala,train,spinach_sy69db2nz5,900x1200,2471524186783620632|2453764822838249223|2379174950172051236|2457872753630256402|542577184536399138|1737833340169243682|1305267908370111522|2614202157679182881
dataset\_work\final\spinach\val\anomala\Pest-Damage(513)__Pest-Damage (419).jpg,anomala,val,spinach_sy69db2nz5,900x1200,586116174044923396|874346550196674328|649154978660943632|5201724911449348100|1774153337693610508|289935785498321416|295053113151008840|1154966059418321417
dataset\_work\final\spinach\train\anomala\Pest-Damage(513)__Pest-Damage (42).jpg,anomala,train,spinach_sy69db2nz5,900x1200,9553849013561953956|16039032476977827546|11566940728949345952|17914772916765953786|15748585639397267166|11857435978930558596|18054542911886827256|11533162324202849952
dataset\_work\final\spinach\test\anomala\Pest-Damage(513)__Pest-Damage (420).jpg,anomala,test,spinach_sy69db2nz5,900x1200,5086850135214165576|1244690056943734345|2399934314215083585|6957249083418316353|5300339953732371985|5228140575242295366|4723729720110058848|4723729670133468705
dataset\_work\final\spinach\train\anomala\Pest-Damage(513)__Pest-Damage (421).jpg,anomala,train,spinach_sy69db2nz5,1200x900,658096240199142921|4949768455576850252|5588433992857880340|5588447236980676626|5516653852031234372|652484495421153801|1303861593941446221|1443126135945399885
dataset\_work\final\spinach\train\anomala\Pest-Damage(513)__Pest-Damage (422).jpg,anomala,train,spinach_sy69db2nz5,900x1200,883563348554029382|441649679328298513|1300781930056666637|2614354552129686856|1244830897233862918|5051101610714612492|5228007488666552356|958780767734730002
dataset\_work\final\spinach\train\anomala\Pest-Damage(513)__Pest-Damage (423).jpg,anomala,train,spinach_sy69db2nz5,900x1200,4721473470793725440|4726016704379327232|5228124081827843916|652493197766757901|41402330044667457|15225157006886465|940758878077783561|5516631449346215496
dataset\_work\final\spinach\train\anomala\Pest-Damage(513)__Pest-Damage (424).jpg,anomala,train,spinach_sy69db2nz5,900x1200,1045132218500848707|234203755892934176|3264342852889167399|5354108284962774298|2343577402490175491|4835756743811039502|1917739791946698058|2830102847235181869
dataset\_work\final\spinach\train\anomala\Pest-Damage(513)__Pest-Damage (425).jpg,anomala,train,spinach_sy69db2nz5,900x1200,1299303946024520706|1443558228788973088|2453501474832254480|2453500918622951428|2309941505639057428|147508341324515346|331187290805505058|1154687971364310050
dataset\_work\final\spinach\train\anomala\Pest-Damage(513)__Pest-Damage (426).jpg,anomala,train,spinach_sy69db2nz5,900x1200,1585720287255992642|450507517338797617|147790333727360512|2327672292677426432|3550700432844537862|4762844829180494102|44347833503796512|19719223602187522
dataset\_work\final\spinach\train\anomala\Pest-Damage(513)__Pest-Damage (427).jpg,anomala,train,spinach_sy69db2nz5,900x1200,865337708120573456|585482301280720900|1156936401481957892|290549377662459912|331046518797443080|1154689034229645836|585547791212546052|288807647795416592
dataset\_work\final\spinach\train\anomala\Pest-Damage(513)__Pest-Damage (428).jpg,anomala,train,spinach_sy69db2nz5,900x1200,2325702449010985014|152434709841709330|2017619294951460130|216347669282311458|1299726766252629250|3911532570475382304|2471788000193740803|2471788000183713820
dataset\_work\final\spinach\train\anomala\Pest-Damage(513)__Pest-Damage (429).jpg,anomala,train,spinach_sy69db2nz5,900x1200,1443701232099628804|1461434598718641692|2740232595739969041|11105099455745824836|2023830676361398292|330758513625008404|4906703813508668826|1226675675273037606
dataset\_work\final\spinach\train\anomala\Pest-Damage(513)__Pest-Damage (43).jpg,anomala,train,spinach_sy69db2nz5,900x1200,25347356400993984|10500806572612860|2844127133744|17941972124650698979|18202597024674489600|13890867402717878784|16427094267172814584|3458817511938719744
dataset\_work\final\spinach\train\anomala\Pest-Damage(513)__Pest-Damage (430).jpg,anomala,train,spinach_sy69db2nz5,900x1200,738614747909803566|738737893213637898|2400012347269074720|4615501590443199552|760297082992345098|3336612256050200586|4615237536523881792|2328227517679160865
dataset\_work\final\spinach\train\anomala\Pest-Damage(513)__Pest-Damage (431).jpg,anomala,train,spinach_sy69db2nz5,900x1200,728516764401796709|2884435968697769801|2381453241941952321|2453342662038331201|5269096300985648936|7279530222221138954|4692499140176120866|4685756986222906401
dataset\_work\final\spinach\train\anomala\Pest-Damage(513)__Pest-Damage (432).jpg,anomala,train,spinach_sy69db2nz5,900x1200,593971777139770916|901726026053164050|4687727156097592594|4687151270113004324|1341121658837238540|2595769034950983176|2615354567123733569|1309744878194200129
dataset\_work\final\spinach\val\anomala\Pest-Damage(513)__Pest-Damage (433).jpg,anomala,val,spinach_sy69db2nz5,900x1200,1045149776932147558|234335662433059865|742334513515744845|3192292981386677581|1820728708181737475|7390721754573734158|5588270693810523436|5570564157499854090
dataset\_work\final\spinach\train\anomala\Pest-Damage(513)__Pest-Damage (435).jpg,anomala,train,spinach_sy69db2nz5,900x1200,3245981711326217801|5335690421739691593|688495708979547649|5228149422741163328|5304746934449081418|5297925461228850221|4651416008666287688|94042411495820809
dataset\_work\final\spinach\train\anomala\Pest-Damage(513)__Pest-Damage (436).jpg,anomala,train,spinach_sy69db2nz5,900x1200,2614355552504880130|1300711939668051488|1163132254948885521|295580638061140002|2307538591939431698|188200139105388580|2456746814110243332|1226113329165378576
dataset\_work\final\spinach\train\anomala\Pest-Damage(513)__Pest-Damage (437).jpg,anomala,train,spinach_sy69db2nz5,900x1200,3081753019680788099|11735419858082238014|2327804682703359024|16973398076794260979|4507555786969767074|9479671663522399274|17567871678885629419|3480163840581586464
dataset\_work\final\spinach\train\anomala\Pest-Damage(513)__Pest-Damage (438).jpg,anomala,train,spinach_sy69db2nz5,900x1200,5299776387661416459|3012510325305928751|3606826974528292864|12938454285260156147|3417121671341329961|849086376444333129|17576580811704995507|20281621651787314
dataset\_work\final\spinach\test\anomala\Pest-Damage(513)__Pest-Damage (439).jpg,anomala,test,spinach_sy69db2nz5,900x1200,16196666349562830539|44058681080514092|4759193367874619044|2435971427028868314|3208272757469453312|14636196549355292384|15752481295198834209|11873334822980881474
dataset\_work\final\spinach\train\anomala\Pest-Damage(513)__Pest-Damage (44).jpg,anomala,train,spinach_sy69db2nz5,900x1200,5229309364028269712|14823109213326072310|9533643803287522496|16036629010667490992|17787281288672294605|10404589572678586952|12704249478074174942|13874480041943780996
dataset\_work\final\spinach\train\anomala\Pest-Damage(513)__Pest-Damage (440).jpg,anomala,train,spinach_sy69db2nz5,900x1200,17063169798798036696|14469095962856819940|17349703062311069414|13879001408445782168|16468571056392555720|15622572623803632876|10995694840978513088|16638142223120582384
dataset\_work\final\spinach\train\anomala\Pest-Damage(513)__Pest-Damage (441).jpg,anomala,train,spinach_sy69db2nz5,900x1200,17135527147725556972|5209545582456327880|16198495743626364656|16198469910959922416|14469646805228735560|17045067027579915757|17337907022074924256|17349702181223058656
dataset\_work\final\spinach\train\anomala\Pest-Damage(513)__Pest-Damage (442).jpg,anomala,train,spinach_sy69db2nz5,900x1200,17504804141200281316|12702558906008702680|17349703270281504496|13879001356142811376|15604443994179651760|16469108840001891826|17336622185352961216|17358719727673263856
dataset\_work\final\spinach\test\anomala\Pest-Damage(513)__Pest-Damage (443).jpg,anomala,test,spinach_sy69db2nz5,1200x900,18360629615278863291|9226766251052970530|14450528408805281545|17054593711291108975|2464193656023616640|13525213717302595326|8002366636031389420|688918316371643080
dataset\_work\final\spinach\train\anomala\Pest-Damage(513)__Pest-Damage (444).jpg,anomala,train,spinach_sy69db2nz5,1200x900,14123872285043918352|14753571649070538743|5480342050877353168|14812223792734783696|17843014605169213388|1154618063984984772|15044428053328924621|15000415199861018188
dataset\_work\final\spinach\train\anomala\Pest-Damage(513)__Pest-Damage (445).jpg,anomala,train,spinach_sy69db2nz5,900x1200,16342453808655736790|11568638151901251092|10090195131828735500|14703749478614011855|1442870533850893472|15465122694526127330|14956207226844745420|868639625094301580
dataset\_work\final\spinach\train\anomala\Pest-Damage(513)__Pest-Damage (446).jpg,anomala,train,spinach_sy69db2nz5,900x1200,16757082890887964621|16739464367096666956|3480745001615558148|17549708865224810198|5484006671615676136|14782827453858352616|15464867470725582323|289922658279575088
dataset\_work\final\spinach\train\anomala\Pest-Damage(513)__Pest-Damage (447).jpg,anomala,train,spinach_sy69db2nz5,900x1200,14018894454013759434|11551318679300542380|13134619821412124420|10528622335525068703|12398140561901964960|14559907845595106754|11465943835124571538|290221776989538230
dataset\_work\final\spinach\test\anomala\Pest-Damage(513)__Pest-Damage (448).jpg,anomala,test,spinach_sy69db2nz5,900x1200,16599016527779277819|10386794521936997152|5918648668613444498|13058535828881358774|2317954179559990672|18098593816768240614|13132266952346909109|10521265333304763218
dataset\_work\final\spinach\train\anomala\Pest-Damage(513)__Pest-Damage (449).jpg,anomala,train,spinach_sy69db2nz5,1200x900,16467133925926259732|14996493143510535635|14415246285408177376|12416286764033822392|15262002214546120400|1462717818041763812|13316754935568879532|16144426163723177416
dataset\_work\final\spinach\train\anomala\Pest-Damage(513)__Pest-Damage (45).jpg,anomala,train,spinach_sy69db2nz5,900x1200,10383417578046754560|17746167827315757055|9232386980529538696|18084520066398396142|18379084112205793270|4228748669819280|17194208169331522042|9837663836243959936
dataset\_work\final\spinach\train\anomala\Pest-Damage(513)__Pest-Damage (450).jpg,anomala,train,spinach_sy69db2nz5,900x1200,16306847189875525607|12703825547296710168|12683982695509724816|17482707736449748982|1737869434528091568|16683333233824189922|17766435646711177202|10380250782855268016
dataset\_work\final\spinach\train\anomala\Pest-Damage(513)__Pest-Damage (451).jpg,anomala,train,spinach_sy69db2nz5,900x1200,16883236679544381415|12127504458814260760|12685671579997640328|17495655619806337006|1731237197678202280|16690082999069199850|17192244303721582066|9806033103126203568
dataset\_work\final\spinach\train\anomala\Pest-Damage(513)__Pest-Damage (452).jpg,anomala,train,spinach_sy69db2nz5,900x1200,14739893483700979703|5516353324645228048|11566958098537383440|18058897012939267831|1161372570541788748|17836250357162806988|17842869417689980666|1154652355406825120
dataset\_work\final\spinach\train\anomala\Pest-Damage(513)__Pest-Damage (453).jpg,anomala,train,spinach_sy69db2nz5,900x1200,13948558919126720409|6356411998944298598|10108130365098135452|14847573295909244614|7351593175947097688|11069609493783155649|14271413741339610574|11281238937421170572
dataset\_work\final\spinach\train\anomala\Pest-Damage(513)__Pest-Damage (454).jpg,anomala,train,spinach_sy69db2nz5,900x1200,14523711939928885235|7822213856789143088|14526392583091359376|7838030365982691062|3467224238142164588|17548151939719990985|17766171764058474092|10416270783907993801
dataset\_work\final\spinach\train\anomala\Pest-Damage(513)__Pest-Damage (455).jpg,anomala,train,spinach_sy69db2nz5,1200x900,11567375877864395906|16869980864549672638|14424526193579051756|7533277096964435144|13751211631641501418|9409293985946765216|14459974626934229864|17062617320489627336
dataset\_work\final\spinach\train\anomala\Pest-Damage(513)__Pest-Damage (456).jpg,anomala,train,spinach_sy69db2nz5,900x1200,16288705333521442221|12686401775449561354|10527180772615261586|13170230908978941878|745783374880640944|12494548971502112226|13136876534936618678|10524083461194455186
dataset\_work\final\spinach\train\anomala\Pest-Damage(513)__Pest-Damage (457).jpg,anomala,train,spinach_sy69db2nz5,900x1200,14739774976299887533|14739774719199684680|14739778374618483969|14739880899085028989|5199456549251288780|12532263268509781708|9029302864057700044|111778857492057804
dataset\_work\final\spinach\train\anomala\Pest-Damage(513)__Pest-Damage (458).jpg,anomala,train,spinach_sy69db2nz5,900x1200,16721759432195657125|16721590701830065498|12721576200922074370|17496070152878247871|6506872456190758888|11911334505138294760|13785411923179196146|147781128002899120
dataset\_work\final\spinach\test\anomala\Pest-Damage(513)__Pest-Damage (459).jpg,anomala,test,spinach_sy69db2nz5,900x1200,16306846639792803787|13280427033261116716|3462711842354105362|17478363738218155959|3174200077049548216|14650103053849349602|13244962462079356914|1300429833129823792
dataset\_work\final\spinach\train\anomala\Pest-Damage(513)__Pest-Damage (46).jpg,anomala,train,spinach_sy69db2nz5,900x1200,14415052650892693000|17063591702893137903|11530906142382654688|18059363240161828592|17262085420427955948|580404713456798920|17356476242852814842|16178079998106797728
dataset\_work\final\spinach\val\anomala\Pest-Damage(513)__Pest-Damage (461).jpg,anomala,val,spinach_sy69db2nz5,900x1200,15000802681013882795|12991633741633686826|12704244564375767168|17477676336755331006|3030093715265702836|12344242933217504720|13713334486050967026|9225709663529160368
dataset\_work\final\spinach\test\anomala\Pest-Damage(513)__Pest-Damage (462).jpg,anomala,test,spinach_sy69db2nz5,900x1200,14137728934481907123|15867110636938743090|10964019902905974914|16351337965561053110|3624709981519819740|12920139717655999428|13186433190524349410|9367493852115904664
dataset\_work\final\spinach\val\anomala\Pest-Damage(513)__Pest-Damage (463).jpg,anomala,val,spinach_sy69db2nz5,900x1200,1454607221270466469|9658897449211530584|10962327773838739842|16625916667885481662|6344778122298919814|11911893022487162644|13722062474178444262|9406065269841011352
dataset\_work\final\spinach\train\anomala\Pest-Damage(513)__Pest-Damage (464).jpg,anomala,train,spinach_sy69db2nz5,900x1200,14450959781291040668|17063583894404400070|16430977602930706382|15609210446154243724|14268262531985821420|11249797579264724168|10096603188943560664|14881886751245141732
dataset\_work\final\spinach\train\anomala\Pest-Damage(513)__Pest-Damage (465).jpg,anomala,train,spinach_sy69db2nz5,900x1200,16198469960686607847|17927878103154951704|12704265558381528210|17477491670735838390|1731086616545381624|16689653194380725472|13176422170773327090|10557720773523295920
dataset\_work\final\spinach\test\anomala\Pest-Damage(513)__Pest-Damage (466).jpg,anomala,test,spinach_sy69db2nz5,900x1200,14595655185356110771|12433887780894090034|16343296119990880198|13262062015233859228|3612805152526536364|12914983817721122506|11249489594813451448|14305423680321998818
dataset\_work\final\spinach\test\anomala\Pest-Damage(513)__Pest-Damage (467).jpg,anomala,test,spinach_sy69db2nz5,900x1200,15140317132401659854|12990513360239725708|12990522121771752642|14996184318576936892|10091456322946156468|14902286987505835474|13602857963544255952|13987071048459962292
dataset\_work\final\spinach\test\anomala\Pest-Damage(513)__Pest-Damage (468).jpg,anomala,test,spinach_sy69db2nz5,900x1200,16342893647732117464|13279996046245564132|12684264222033938096|17446679042510986994|16433088767864491192|15604707912019070434|17482443888287162354|12720002730870900656
dataset\_work\final\spinach\train\anomala\Pest-Damage(513)__Pest-Damage (469).jpg,anomala,train,spinach_sy69db2nz5,900x1200,16466905365544404964|10997283462473522904|5047131393814400712|11326336721561292524|15572887873101471384|16467200103110903524|17045595858675642269|14451495982048938822
dataset\_work\final\spinach\test\anomala\Pest-Damage(513)__Pest-Damage (47).jpg,anomala,test,spinach_sy69db2nz5,900x1200,9821662540579949584|17171537287673007607|11549065861118446752|18054260836193455602|17855962419475402222|1174321381216505224|17495796462395493882|11550763323109033632
dataset\_work\final\spinach\train\anomala\Pest-Damage(513)__Pest-Damage (470).jpg,anomala,train,spinach_sy69db2nz5,900x1200,17751656490157882616|10386794558502912928|10387005598843783556|17769952945823444190|11584250613626447248|17887346120628984566|16027244629381258230|9568200012669527696
dataset\_work\final\spinach\train\anomala\Pest-Damage(513)__Pest-Damage (471).jpg,anomala,train,spinach_sy69db2nz5,900x1200,14876177395106692346|9561507726431863456|1739592955716642456|16707120098824788710|11583855549649564036|18067323516831429326|16616661078190709735|10963524643990152216
dataset\_work\final\spinach\train\anomala\Pest-Damage(513)__Pest-Damage (472).jpg,anomala,train,spinach_sy69db2nz5,900x1200,15861153856213167918|14161352806880578443|14881923998637687683|10096528440244780862|10019129323958273988|3327992377785917148|4485421853121388172|9440434774968076238
dataset\_work\final\spinach\train\anomala\Pest-Damage(513)__Pest-Damage (473).jpg,anomala,train,spinach_sy69db2nz5,900x1200,14451082049745267622|12452046211229625242|2450806071936385922|13492572532120434878|11108998379534732972|11973689475794373832|13706770557125476283|9404399149417431842
dataset\_work\final\spinach\val\anomala\Pest-Damage(513)__Pest-Damage (474).jpg,anomala,val,spinach_sy69db2nz5,900x1200,14305467874801053288|11249467690141452777|5487115403297528771|14743548474696345148|16828013434034658972|7525030158160070598|4334159504902691788|14094893712813729356
dataset\_work\final\spinach\test\anomala\Pest-Damage(513)__Pest-Damage (475).jpg,anomala,test,spinach_sy69db2nz5,1200x900,7459963473900013188|1809962703472795614|867588793626232774|14965230015823945372|16041596736904830489|9513347626815031143|11249485008960597967|14305459088808151564
dataset\_work\final\spinach\train\anomala\Pest-Damage(513)__Pest-Damage (476).jpg,anomala,train,spinach_sy69db2nz5,900x1200,15752517476270417648|11873189610205191136|3462721720913463244|17550262830911135436|16184568353661896356|17304583674878991578|14708249744607514611|14737769278171188784
dataset\_work\final\spinach\train\anomala\Pest-Damage(513)__Pest-Damage (477).jpg,anomala,train,spinach_sy69db2nz5,900x1200,14739753004549744564|10092011775253486546|5480646770502600646|14776076400791330716|15139707101779529356|12981396511343480524|11249766551750643661|14269430256521383756
dataset\_work\final\spinach\train\anomala\Pest-Damage(513)__Pest-Damage (479).jpg,anomala,train,spinach_sy69db2nz5,900x1200,14703807736287530812|14740045327537999811|5773372155471468431|17656145981196932878|14055469562651578316|4327694702979256012|1015472927073306613|10310712085459443536
dataset\_work\final\spinach\test\anomala\Pest-Damage(513)__Pest-Damage (48).jpg,anomala,test,spinach_sy69db2nz5,900x1200,14125020261687725256|15897454995693883116|14455998515519129292|17043484727125188300|17063601443272630236|14450950760984676036|14744247652231120620|14737492149700828872
dataset\_work\final\spinach\train\anomala\Pest-Damage(513)__Pest-Damage (480).jpg,anomala,train,spinach_sy69db2nz5,900x1200,16185417023165000954|13872805513748400544|14703142303031595975|14758171869824882204|11585805866361390784|18044885007807782624|2023826639519993804|14380898671573994700
dataset\_work\final\spinach\train\anomala\Pest-Damage(513)__Pest-Damage (481).jpg,anomala,train,spinach_sy69db2nz5,1200x900,14306554047198893018|11253957975604410020|11104490399586813668|11972598654959066776|11832666086893366940|15749993100381490118|10997270268471617446|16466878976993991578
dataset\_work\final\spinach\train\anomala\Pest-Damage(513)__Pest-Damage (483).jpg,anomala,train,spinach_sy69db2nz5,900x1200,11983671957030084086|11136713700568090128|3624287309983599792|12920140303847837170|1172789778967334298|17770524730865897126|17495655568475377075|12703677268112591922
dataset\_work\final\spinach\train\anomala\Pest-Damage(513)__Pest-Damage (484).jpg,anomala,train,spinach_sy69db2nz5,900x1200,14739726495174037304|14739752762990202851|7391272455146801094|11040072263542709916|16361327973248241356|4039521226212216524|11249458722989618841|14305445790411363174
dataset\_work\final\spinach\train\anomala\Pest-Damage(513)__Pest-Damage (485).jpg,anomala,train,spinach_sy69db2nz5,900x1200,11875437200885126370|15603880975851050672|616436998660671136|17189851698038217952|12742393202697276632|16326735190691401380|16184870719369219822|11585108905139015176
dataset\_work\final\spinach\train\anomala\Pest-Damage(513)__Pest-Damage (486).jpg,anomala,train,spinach_sy69db2nz5,900x1200,17153232566420967372|9857427660832706508|2739062698666084260|11186703151941950682|14703983451260767368|14704023187893914862|15716505223799717787|11873603128984797990
dataset\_work\final\spinach\test\anomala\Pest-Damage(513)__Pest-Damage (487).jpg,anomala,test,spinach_sy69db2nz5,900x1200,10961250414041698087|14305415158570094363|219846272259407774|4399822631328744326|1949793773572294598|2814484953066053272|9656583154555621181|11402893336354032899
dataset\_work\final\spinach\train\anomala\Pest-Damage(513)__Pest-Damage (488).jpg,anomala,train,spinach_sy69db2nz5,900x1200,14595655287761217330|12433887832665168819|7354128718371456994|11029112246341934776|12905925869331779244|3613873938363289290|13267075908382429081|16323023084348837734
dataset\_work\final\spinach\train\anomala\Pest-Damage(513)__Pest-Damage (489).jpg,anomala,train,spinach_sy69db2nz5,900x1200,12847800014994868174|10578267432799903628|2758317895780091810|11177158287138627002|10096823108390276498|14845842423490170034|13410934876274564507|11693476669510862630
dataset\_work\final\spinach\train\anomala\Pest-Damage(513)__Pest-Damage (49).jpg,anomala,train,spinach_sy69db2nz5,900x1200,5516649118944530318|10092064680230719374|10233043708246984644|10249972091426643676|10236518449433480844|10236445751908732748|15861158348208947086|14161317381989925774
dataset\_work\final\spinach\train\anomala\Pest-Damage(513)__Pest-Damage (490).jpg,anomala,train,spinach_sy69db2nz5,900x1200,42957949952788455|18223400410894507800|16422250194824037280|4042066625698413760|1738129125841233660|16647335171189544960|13852007195304925240|11566109277043943395
dataset\_work\final\spinach\train\anomala\Pest-Damage(513)__Pest-Damage (491).jpg,anomala,train,spinach_sy69db2nz5,900x1200,16973651565570112754|2922447116453266352|2595786592573179814|11209344140761308314|12737040849223716392|17454842933869448939|11104802712101293979|12017586376268973604
dataset\_work\final\spinach\train\anomala\Pest-Damage(513)__Pest-Damage (492).jpg,anomala,train,spinach_sy69db2nz5,900x1200,14737531783459843756|14744260950179417034|5478072883103893478|14816595646549008024|14594788958566325964|12406896917613348556|10961241583959121869|16611275829359806028
dataset\_work\final\spinach\val\anomala\Pest-Damage(513)__Pest-Damage (493).jpg,anomala,val,spinach_sy69db2nz5,900x1200,14739766180804243260|14739765922501430147|1339564717144641478|13192757718002110108|9442670777824153292|4336728050057842380|11245012237902354103|14307669174184810258
dataset\_work\final\spinach\train\anomala\Pest-Damage(513)__Pest-Damage (494).jpg,anomala,train,spinach_sy69db2nz5,900x1200,13135185949107396300|10551245766582830796|12972072902928320164|15176303044955381210|14737470331544300946|14744291546661538230|15752815508527750610|11837293271721117364
dataset\_work\final\spinach\train\anomala\Pest-Damage(513)__Pest-Damage (495).jpg,anomala,train,spinach_sy69db2nz5,900x1200,15892964651077275182|14127259159255388043|9657423001115496387|11429871212227661372|10020312484400533188|3318674943380000732|4327479001461268382|14055502865490708102
dataset\_work\final\spinach\train\anomala\Pest-Damage(513)__Pest-Damage (496).jpg,anomala,train,spinach_sy69db2nz5,900x1200,12847800015533610908|12739995253872465606|2614202312733968056|15788844155511152098|14273661056945409456|11283526042004638898|16329276299035942363|13278444712588691236
dataset\_work\final\spinach\val\anomala\Pest-Damage(513)__Pest-Damage (497).jpg,anomala,val,spinach_sy69db2nz5,900x1200,17189155827366565718|9839972776576751509|2759324585103164387|11181618838241750584|10743160006147542664|6203432677444848878|4048233807622909339|16393968178710399782
dataset\_work\final\spinach\val\anomala\Pest-Damage(513)__Pest-Damage (498).jpg,anomala,val,spinach_sy69db2nz5,900x1200,15428379107163872796|10720615020373116615|591738530882464912|17263173748503858100|14377194870173779860|2062242969919757526|13027624403118953455|10388723542144792072
dataset\_work\final\spinach\train\anomala\Pest-Damage(513)__Pest-Damage (499).jpg,anomala,train,spinach_sy69db2nz5,900x1200,17063601477901555606|14450950846950348694|11999571840530105318|10961250491555003544|10815142833923001544|10815156079199506156|10969702386098970264|16628296096485705638
dataset\_work\final\spinach\train\anomala\Pest-Damage(513)__Pest-Damage (5).jpg,anomala,train,spinach_sy69db2nz5,900x1200,16738927685433531290|12163525705943164582|2451936386773927600|13411472418224905458|11972277787152534952|11140558658169883880|17481916552002346938|12738012774475958050
dataset\_work\final\spinach\train\anomala\Pest-Damage(513)__Pest-Damage (50).jpg,anomala,train,spinach_sy69db2nz5,433x577,1459340097250299456|432634285276990977|228635761766516257|2308689916309970242|76164388465541382|4651679822259306516|4800043588368796192|2397616577664461827
dataset\_work\final\spinach\train\anomala\Pest-Damage(513)__Pest-Damage (500).jpg,anomala,train,spinach_sy69db2nz5,900x1200,13136030598112446420|10578267381058707152|3748827857721116336|15248975269504916722|14996453578205220242|15314252176072527030|17482004049547927507|12701995994448070196
dataset\_work\final\spinach\train\anomala\Pest-Damage(513)__Pest-Damage (501).jpg,anomala,train,spinach_sy69db2nz5,900x1200,10981578176492932620|14310496964145287118|3210524559162187678|14667721746662950534|14884167155935975878|868644058168780440|9657439669146062539|11430003445039599148
dataset\_work\final\spinach\train\anomala\Pest-Damage(513)__Pest-Damage (502).jpg,anomala,train,spinach_sy69db2nz5,900x1200,14703733140592367514|14740030038164051622|14305432734280257164|11249471926292156366|11967853404062715852|11139413148910948044|14884220147008478876|10092009610087729094
dataset\_work\final\spinach\train\anomala\Pest-Damage(513)__Pest-Damage (503).jpg,anomala,train,spinach_sy69db2nz5,900x1200,14595082338790481814|12452060508570978198|3604866619451083724|12906488699330440908|10810621555480710828|10817416640411897034|14712748903372889523|14738886622637393714
dataset\_work\final\spinach\val\anomala\Pest-Damage(513)__Pest-Damage (504).jpg,anomala,val,spinach_sy69db2nz5,900x1200,14451663141706601278|14739725292379256707|2739045123383086990|11186711810528971918|9455055745717800652|4472926719256268488|10235625559085236123|10290447053822296870
dataset\_work\final\spinach\train\anomala\Pest-Damage(513)__Pest-Damage (505).jpg,anomala,train,spinach_sy69db2nz5,900x1200,15753071612379207672|11855192942460999648|2740184268902729446|11177678325400182424|16147405153238746788|17876800166202679002|10997243898108518299|16610980833021855526
dataset\_work\final\spinach\val\anomala\Pest-Damage(513)__Pest-Damage (506).jpg,anomala,val,spinach_sy69db2nz5,900x1200,16145006705465839524|13874911001441603034|2886252258692353202|16973256909893061810|15712238980379872704|11839848001962381024|12883846611232329195|12883820119469788712
dataset\_work\final\spinach\test\anomala\Pest-Damage(513)__Pest-Damage (507).jpg,anomala,test,spinach_sy69db2nz5,900x1200,16757478766008043507|12109790287502450224|3675783040074747570|3692810076941160114|3467225423763345064|17548011082374090472|12866237794946596659|12866237846477931315
dataset\_work\final\spinach\train\anomala\Pest-Damage(513)__Pest-Damage (508).jpg,anomala,train,spinach_sy69db2nz5,900x1200,12847729693747383746|12884108137632583612|2456887349826249616|13539938273206352374|13569151712627576242|13982846806569929906|17742262986930055099|10404312443644680226
dataset\_work\final\spinach\train\anomala\Pest-Damage(513)__Pest-Damage (509).jpg,anomala,train,spinach_sy69db2nz5,900x1200,16617330581795741396|10972604907481925332|3748687635821872824|15248413380802747618|15277946249710814872|15320730446575082726|16328943009892638163|13314345959338214964
dataset\_work\final\spinach\val\anomala\Pest-Damage(513)__Pest-Damage (51).jpg,anomala,val,spinach_sy69db2nz5,433x577,288237310881701432|576494343352157955|2453344190642459403|2452244280593101864|218291569157865480|4043703180687966212|2897006702360463394|797984872726989858
dataset\_work\final\spinach\train\anomala\Pest-Damage(513)__Pest-Damage (510).jpg,anomala,train,spinach_sy69db2nz5,900x1200,17783604538428594084|10433871835099502298|2616322153536390886|15784324200516198040|15714764627777670288|11859964821515455734|10997330965754219995|16611110524121992996
dataset\_work\final\spinach\train\anomala\Pest-Damage(513)__Pest-Damage (511).jpg,anomala,train,spinach_sy69db2nz5,900x1200,14737487872518229996|14744282957459427016|5913827826058366688|13057961956757966584|14415520150435897036|17045864224973358796|17910287072928937909|16180878427134562898
dataset\_work\final\spinach\train\anomala\Pest-Damage(513)__Pest-Damage (512).jpg,anomala,train,spinach_sy69db2nz5,900x1200,15608943161779099574|14161049127964055442|5082056023528411106|11321511935958519480|10526925840554886852|13120985851190025944|13262581035991244445|16325279316232865606
dataset\_work\final\spinach\train\anomala\Pest-Damage(513)__Pest-Damage (513).jpg,anomala,train,spinach_sy69db2nz5,900x1200,15712370853585817486|11839556803640364942|3621891448368252816|12915530258291039474|10236412758145781412|10236452339960384986|17445888511905250739|10432310545406968626
dataset\_work\final\spinach\val\anomala\Pest-Damage(513)__Pest-Damage (52).jpg,anomala,val,spinach_sy69db2nz5,577x433,2604855502526352941|5808109825637059914|7173125035787039492|2417323674656318216|5372105086712257104|3246618449426654756|586321271685352481|302739631299857507
dataset\_work\final\spinach\train\anomala\Pest-Damage(513)__Pest-Damage (53).jpg,anomala,train,spinach_sy69db2nz5,433x577,1450736899798273608|1450806271910317581|1235753778196915728|4943295694025628164|976752372666343956|5192095286738887188|331609641372719684|1163695153098466833
dataset\_work\final\spinach\train\anomala\Pest-Damage(513)__Pest-Damage (54).jpg,anomala,train,spinach_sy69db2nz5,433x577,289113486641792545|1522281592667216963|657129254594414092|5514119215172722184|4871781038969004053|2379606148440589060|621081189923849804|866554042931158537
dataset\_work\final\spinach\val\anomala\Pest-Damage(513)__Pest-Damage (55).jpg,anomala,val,spinach_sy69db2nz5,433x577,4687279098597421859|6957514409706992435|5516776532872478984|940722491451994310|3689362057381973600|2536374878488955969|14298989492426378765|594777563881508684
dataset\_work\final\spinach\train\anomala\Pest-Damage(513)__Pest-Damage (56).jpg,anomala,train,spinach_sy69db2nz5,433x577,6919224638689394708|116143180941033750|2596339703101132552|1372484163002043912|1585570068503174145|1459225885462103648|580566410645408787|580848040794720292
dataset\_work\final\spinach\train\anomala\Pest-Damage(513)__Pest-Damage (57).jpg,anomala,train,spinach_sy69db2nz5,433x577,288807167167208706|441368182525412896|1300493022634903057|2596357200370700356|2325711210198999046|188472371580764676|4940483005440133156|1226676227109489682
dataset\_work\final\spinach\train\anomala\Pest-Damage(513)__Pest-Damage (58).jpg,anomala,train,spinach_sy69db2nz5,433x577,2596341841163914512|1300430453937686530|1585423848135596034|1585423294504240144|164397460768033810|1156597198386825252|1154203668687224854|151026746480525334
dataset\_work\final\spinach\train\anomala\Pest-Damage(513)__Pest-Damage (59).jpg,anomala,train,spinach_sy69db2nz5,454x550,5590699036680071055|5590685790390262542|4867051018228663110|4120304682879106585|1016416084206261837|10315335719826462285|1819000551782952505|5044938976591186755
dataset\_work\final\spinach\test\anomala\Pest-Damage(513)__Pest-Damage (6).jpg,anomala,test,spinach_sy69db2nz5,900x1200,15572909967151704046|16467151621048179336|434323615914561230|11321793413627219596|9807172111533574116|17196774411954757336|10128203925884968861|14883875651605432070
dataset\_work\final\spinach\test\anomala\Pest-Damage(513)__Pest-Damage (60).jpg,anomala,test,spinach_sy69db2nz5,433x577,1297043337118751488|3819227508692296704|2327672290513917084|165874825014154758|10134319731245109|7670223365079058|438580096984304898|11246784171194797344
dataset\_work\final\spinach\train\anomala\Pest-Damage(513)__Pest-Damage (62).jpg,anomala,train,spinach_sy69db2nz5,900x1200,12701433211781007592|2457996261325696104|12739573073557998898|16342595009713687987|7524545893455764514|16737784172458689712|12919998396123565282|3624710055201262768
dataset\_work\final\spinach\val\anomala\Pest-Damage(513)__Pest-Damage (63).jpg,anomala,val,spinach_sy69db2nz5,300x400,2252724619186701836|521657961988856396|1746390792003214908|16700264186760234435|5519892579363929351|902520990402691871|14088673382145049575|4350016734391778328
dataset\_work\final\spinach\train\anomala\Pest-Damage(513)__Pest-Damage (64).jpg,anomala,train,spinach_sy69db2nz5,300x400,14850385890843760562|10094584838554326946|10236439318686271375|10236456781521559310|11679825467772966796|12832786657273649102|1017597106161127310|10306245078684995470
dataset\_work\final\spinach\train\anomala\Pest-Damage(513)__Pest-Damage (65).jpg,anomala,train,spinach_sy69db2nz5,300x400,4496651920920760024|9446710780491697636|10240655944758222648|10270326139353105891|16468836383515285891|15586411892129752894|16358636867711109006|4062051212342468238
dataset\_work\final\spinach\val\anomala\Pest-Damage(513)__Pest-Damage (66).jpg,anomala,val,spinach_sy69db2nz5,300x400,11245307189785993112|14271666483386189764|14305441547656305550|11249493984418670478|14125282219897720774|10961575767080374172|10243203346214887068|10239825780140115910
dataset\_work\final\spinach\train\anomala\Pest-Damage(513)__Pest-Damage (67).jpg,anomala,train,spinach_sy69db2nz5,300x400,4471880026891951761|9443781733054908278|10092010580220483102|14884290232259090055|8540812189677457283|10456811882597519166|9770170280891617230|2204096570360991372
dataset\_work\final\spinach\train\anomala\Pest-Damage(513)__Pest-Damage (68).jpg,anomala,train,spinach_sy69db2nz5,300x400,10249958883597426395|10233070938539919140|11244967475888457487|14307825056164159247|2632084798564926350|15789109344054493070|1089617247554211782|1082877422764166812
dataset\_work\final\spinach\train\anomala\Pest-Damage(513)__Pest-Damage (69).jpg,anomala,train,spinach_sy69db2nz5,300x400,10240951688032596007|10234196288397074971|10960649123857767564|16629488353674512334|1973288138070230926|2859818917527494542|14899951583311677414|10096011944198413464
dataset\_work\final\spinach\test\anomala\Pest-Damage(513)__Pest-Damage (7).jpg,anomala,test,spinach_sy69db2nz5,900x1200,14450949661204621302|12452055062956153744|2757209038295647142|11114099100220865690|10383923186253614764|17737188569096031432|11113801012781399450|12016477999232926502
dataset\_work\final\spinach\test\anomala\Pest-Damage(513)__Pest-Damage (70).jpg,anomala,test,spinach_sy69db2nz5,300x400,14054390048758949286|4336794286303434904|4331438432072895628|14107461569684918094|10977540667829595964|12026035110088870851|5642882341153392579|10091491538369256508
dataset\_work\final\spinach\test\anomala\Pest-Damage(513)__Pest-Damage (71).jpg,anomala,test,spinach_sy69db2nz5,300x400,10237642046103768737|1024394312315964794|12843787185447386394|10557507733983937319|8794833081528825614|11623401510773789582|2829260113759273874|1890753555834093234
dataset\_work\final\spinach\test\anomala\Pest-Damage(513)__Pest-Damage (72).jpg,anomala,test,spinach_sy69db2nz5,300x400,10234266550665159917|10240950061547637576|10092045919203571614|14884285877152846726|5245303189714575246|17087799727596701582|9661082234909331406|11400597643150626444
dataset\_work\final\spinach\train\anomala\Pest-Damage(513)__Pest-Damage (73).jpg,anomala,train,spinach_sy69db2nz5,900x1200,6666197843174895076|14140765747750128216|14716699382222721134|10143130311222269577|6362083028580646596|16442055704268211036|9914364544348832652|7967035549975854284
dataset\_work\final\spinach\train\anomala\Pest-Damage(513)__Pest-Damage (74).jpg,anomala,train,spinach_sy69db2nz5,300x400,1090816455412525031|1097512083357899288|438593157193936396|11499857102454754255|1736770740640103183|16692314309641577231|14955206516048893855|877768819197744646
dataset\_work\final\spinach\val\anomala\Pest-Damage(513)__Pest-Damage (75).jpg,anomala,val,spinach_sy69db2nz5,300x400,10307447805958941861|1013144074905962584|4341028511286173340|14088255281277405126|6397379845686890254|11955947702948793231|14305560081210115011|11249444756615216700
dataset\_work\final\spinach\train\anomala\Pest-Damage(513)__Pest-Damage (76).jpg,anomala,train,spinach_sy69db2nz5,300x400,2028668004762281459|14347233987889420592|10977572810845334556|7414555620609215431|3483973074030500807|17538440059773396764|14396822241478960486|2030116615628806296
dataset\_work\final\spinach\train\anomala\Pest-Damage(513)__Pest-Damage (77).jpg,anomala,train,spinach_sy69db2nz5,300x400,11391654352943525868|9662276295737936840|11391599477490386462|9662199793729248135|14414653623035041670|17018886694181083038|9771427002975721350|2163512978628351902
dataset\_work\final\spinach\test\anomala\Pest-Damage(513)__Pest-Damage (78).jpg,anomala,test,spinach_sy69db2nz5,900x1200,14948442829500247514|878323209804859524|13598311828433947953|9404334120991738928|9531981063479242764|15775432872200598479|3480381488198353538|3552720662456481468
dataset\_work\final\spinach\val\anomala\Pest-Damage(513)__Pest-Damage (79).jpg,anomala,val,spinach_sy69db2nz5,300x400,1040144444090713189|10306863524278165080|10101071996972838428|14883010909660482503|6403563871014291855|7315006234285141774|14378748527378664398|2030620570566471308
dataset\_work\final\spinach\val\anomala\Pest-Damage(513)__Pest-Damage (8).jpg,anomala,val,spinach_sy69db2nz5,900x1200,17045569487341033366|14450959642776508310|2739053919946379180|11186439130906037960|10815169153483115720|10815169307697712876|14415511182074396315|12434169392803283750
dataset\_work\final\spinach\val\anomala\Pest-Damage(513)__Pest-Damage (80).jpg,anomala,val,spinach_sy69db2nz5,300x400,14706006819849979660|14742290858182843855|14305439409065105287|11249564594100967198|14924219367756634060|884853359733577420|2168258118750510748|9734305595604961222
dataset\_work\final\spinach\train\anomala\Pest-Damage(513)__Pest-Damage (81).jpg,anomala,train,spinach_sy69db2nz5,300x400,6852092419693339693|366866331885164616|2030083539637625042|14396615356213991604|5248963168278812421|3307040102920034143|13013170722884668359|15195276208931482652
dataset\_work\final\spinach\train\anomala\Pest-Damage(513)__Pest-Damage (82).jpg,anomala,train,spinach_sy69db2nz5,300x400,2168229341992783852|9729859209571274696|10249677438757844766|10269099082119189255|14415757894780127111|17009831124229756702|509752321881375630|2177348923531411086
dataset\_work\final\spinach\train\anomala\Pest-Damage(513)__Pest-Damage (83).jpg,anomala,train,spinach_sy69db2nz5,300x400,11113844593911899001|12016603933406345825|2208618754033985052|9771147147512748999|7005981824439403430|8764852898007760026|14383249915064523399|2028438519283164702
dataset\_work\final\spinach\val\anomala\Pest-Damage(513)__Pest-Damage (84).jpg,anomala,val,spinach_sy69db2nz5,300x400,440081149210912275|11468171677206026294|11032786538902989884|7406122413900942275|3933910919135963039|1433850279479679750|14108545746153621350|4335847305410518169
dataset\_work\final\spinach\train\anomala\Pest-Damage(513)__Pest-Damage (85).jpg,anomala,train,spinach_sy69db2nz5,900x1200,1975554790944205844|480150432741509255|1447946895074528402|14386426988268014262|9784156288565291270|1507734510829333019|13171567170013603527|10523940970891057172
dataset\_work\final\spinach\train\anomala\Pest-Damage(513)__Pest-Damage (86).jpg,anomala,train,spinach_sy69db2nz5,900x1200,1042258530969405716|9768699320807091415|5517169365806360855|14769212538449979655|15522868354252837255|1461855266434217486|534114808095110860|1669021913137844300
dataset\_work\final\spinach\val\anomala\Pest-Damage(513)__Pest-Damage (87).jpg,anomala,val,spinach_sy69db2nz5,300x400,11258817765460352728|14268288895065491428|10092020647346974492|14884131842320829319|16467138564684317638|15572918771367231388|9731044125013151694|2030848654147784332
dataset\_work\final\spinach\train\anomala\Pest-Damage(513)__Pest-Damage (88).jpg,anomala,train,spinach_sy69db2nz5,300x400,1022114282077033312|1083992665588970689|2607930558446438045|14574531985421080390|13921909628034943759|6922892649477648142|5086700461912966090|11314755882995888420
dataset\_work\final\spinach\val\anomala\Pest-Damage(513)__Pest-Damage (89).jpg,anomala,val,spinach_sy69db2nz5,300x400,10240956206371639270|10234161088183078808|9732009514577889166|2165997324465807246|10957054944528238478|16577500817069645710|10240969176871800606|10234187517998600071
dataset\_work\final\spinach\test\anomala\Pest-Damage(513)__Pest-Damage (9).jpg,anomala,test,spinach_sy69db2nz5,900x1200,14451654929595371238|14739742914302152600|10420783231368397488|13152216508850486514|10993162476032790220|16577202807247441608|17490871799868524214|12718744941234200208
dataset\_work\final\spinach\train\anomala\Pest-Damage(513)__Pest-Damage (90).jpg,anomala,train,spinach_sy69db2nz5,300x400,2179558804465063622|9728730718792816536|11398073404774622750|9694867933140425607|10995278116613849991|14273656899413557022|9735420112438528902|2172541790175309470
dataset\_work\final\spinach\val\anomala\Pest-Damage(513)__Pest-Damage (91).jpg,anomala,val,spinach_sy69db2nz5,900x1200,7840939156196739219|14552333839806426130|7165313621730705728|1288466670071734516|1363621564335453385|10648918096474853484|17609230805145346321|4666158606638280803
dataset\_work\final\spinach\test\anomala\Pest-Damage(513)__Pest-Damage (92).jpg,anomala,test,spinach_sy69db2nz5,300x400,11245293987861827460|14271635697161277406|10234187192458220430|10240969074162349966|16001031490465501126|9515920492818534300|10247717944985067406|10237617959650658190
dataset\_work\final\spinach\train\anomala\Pest-Damage(513)__Pest-Damage (93).jpg,anomala,train,spinach_sy69db2nz5,300x400,11105046880752716684|11981632509922323918|11389488070758143886|9659683054353323662|14856584962367244198|10109265105155595674|10238536870184488582|10274705706751299486
dataset\_work\final\spinach\train\anomala\Pest-Damage(513)__Pest-Damage (94).jpg,anomala,train,spinach_sy69db2nz5,300x400,11033263838140386056|7351879514535636237|471632468655381786|11326049639033095716|949518929277945702|597717649275166361|2613779395989876381|1917898190826474246
dataset\_work\final\spinach\train\anomala\Pest-Damage(513)__Pest-Damage (95).jpg,anomala,train,spinach_sy69db2nz5,300x400,12903687710133136436|3618399471983905747|4142219391416606623|7152146212052207366|15261308320013825842|3759396348648690611|434323650448408931|11465917328128900153
dataset\_work\final\spinach\train\anomala\Pest-Damage(513)__Pest-Damage (96).jpg,anomala,train,spinach_sy69db2nz5,300x400,5516394031809761227|14811823895201910572|14670237687720937414|3176756485381889692|3174799372435820237|14631943483391970892|11249458851669022252|14305446049452890059
dataset\_work\final\spinach\train\anomala\Pest-Damage(513)__Pest-Damage (97).jpg,anomala,train,spinach_sy69db2nz5,300x400,2030363792036415463|14360657355209383192|6022266403767726128|3545512928199701491|1737645425144187847|16665330234103246108|17578645727183189041|3472372118638007123
dataset\_work\final\spinach\train\anomala\Pest-Damage(513)__Pest-Damage (98).jpg,anomala,train,spinach_sy69db2nz5,300x400,2175048745138717522|9730929750034817205|10961530930825928221|434469326965540679|13051461462989802375|5909610357626973982|5154252175400699654|2098209095842406296
dataset\_work\final\spinach\val\anomala\Pest-Damage(513)__Pest-Damage (99).jpg,anomala,val,spinach_sy69db2nz5,300x400,15933242818907326052|4937919125805571161|5678493285105806476|10127486767004896078|6457105644205082436|7261494773171560157|5677855568359820428|10100497055065558606
