caminho,classe,origem_dataset,categoria_original,largura,altura,formato_original
dataset\_work\spinach_classified\spinach_n56pn9fncw\saudavel\healthy__healthy (1).jpg,saudavel,spinach_n56pn9fncw,healthy,4640,3472,JPEG
dataset\_work\spinach_classified\spinach_n56pn9fncw\saudavel\healthy__healthy (10).jpg,saudavel,spinach_n56pn9fncw,healthy,4640,3472,JPEG
dataset\_work\spinach_classified\spinach_n56pn9fncw\saudavel\healthy__healthy (100).jpg,saudavel,spinach_n56pn9fncw,healthy,1440,1080,JPEG
dataset\_work\spinach_classified\spinach_n56pn9fncw\saudavel\healthy__healthy (101).jpg,saudavel,spinach_n56pn9fncw,healthy,4640,3472,JPEG
dataset\_work\spinach_classified\spinach_n56pn9fncw\saudavel\healthy__healthy (102).jpg,saudavel,spinach_n56pn9fncw,healthy,4640,3472,JPEG
dataset\_work\spinach_classified\spinach_n56pn9fncw\saudavel\healthy__healthy (103).jpg,saudavel,spinach_n56pn9fncw,healthy,4640,3472,JPEG
dataset\_work\spinach_classified\spinach_n56pn9fncw\saudavel\healthy__healthy (104).jpg,saudavel,spinach_n56pn9fncw,healthy,4640,3472,JPEG
dataset\_work\spinach_classified\spinach_n56pn9fncw\saudavel\healthy__healthy (105).jpg,saudavel,spinach_n56pn9fncw,healthy,4640,3472,JPEG
dataset\_work\spinach_classified\spinach_n56pn9fncw\saudavel\healthy__healthy (106).jpg,saudavel,spinach_n56pn9fncw,healthy,4640,3472,JPEG
dataset\_work\spinach_classified\spinach_n56pn9fncw\saudavel\healthy__healthy (107).jpg,saudavel,spinach_n56pn9fncw,healthy,4640,3472,JPEG
dataset\_work\spinach_classified\spinach_n56pn9fncw\saudavel\healthy__healthy (108).jpg,saudavel,spinach_n56pn9fncw,healthy,4640,3472,JPEG
dataset\_work\spinach_classified\spinach_n56pn9fncw\saudavel\healthy__healthy (109).jpg,saudavel,spinach_n56pn9fncw,healthy,4640,3472,JPEG
dataset\_work\spinach_classified\spinach_n56pn9fncw\saudavel\healthy__healthy (11).jpg,saudavel,spinach_n56pn9fncw,healthy,4640,3472,JPEG
dataset\_work\spinach_classified\spinach_n56pn9fncw\saudavel\healthy__healthy (110).jpg,saudavel,spinach_n56pn9fncw,healthy,4640,3472,JPEG
dataset\_work\spinach_classified\spinach_n56pn9fncw\saudavel\healthy__healthy (111).jpg,saudavel,spinach_n56pn9fncw,healthy,4640,3472,JPEG
dataset\_work\spinach_classified\spinach_n56pn9fncw\saudavel\healthy__healthy (112).jpg,saudavel,spinach_n56pn9fncw,healthy,4640,3472,JPEG
dataset\_work\spinach_classified\spinach_n56pn9fncw\saudavel\healthy__healthy (113).jpg,saudavel,spinach_n56pn9fncw,healthy,4640,3472,JPEG
dataset\_work\spinach_classified\spinach_n56pn9fncw\saudavel\healthy__healthy (114).jpg,saudavel,spinach_n56pn9fncw,healthy,4640,3472,JPEG
dataset\_work\spinach_classified\spinach_n56pn9fncw\saudavel\healthy__healthy (115).jpg,saudavel,spinach_n56pn9fncw,healthy,4640,3472,JPEG
dataset\_work\spinach_classified\spinach_n56pn9fncw\saudavel\healthy__healthy (116).jpg,saudavel,spinach_n56pn9fncw,healthy,4640,3472,JPEG
dataset\_work\spinach_classified\spinach_n56pn9fncw\saudavel\healthy__healthy (117).jpg,saudavel,spinach_n56pn9fncw,healthy,4640,3472,JPEG
dataset\_work\spinach_classified\spinach_n56pn9fncw\saudavel\healthy__healthy (118).jpg,saudavel,spinach_n56pn9fncw,healthy,4640,3472,JPEG
dataset\_work\spinach_classified\spinach_n56pn9fncw\saudavel\healthy__healthy (119).jpg,saudavel,spinach_n56pn9fncw,healthy,4640,3472,JPEG
dataset\_work\spinach_classified\spinach_n56pn9fncw\saudavel\healthy__healthy (12).jpg,saudavel,spinach_n56pn9fncw,healthy,4640,3472,JPEG
dataset\_work\spinach_classified\spinach_n56pn9fncw\saudavel\healthy__healthy (120).jpg,saudavel,spinach_n56pn9fncw,healthy,4640,3472,JPEG
dataset\_work\spinach_classified\spinach_n56pn9fncw\saudavel\healthy__healthy (121).jpg,saudavel,spinach_n56pn9fncw,healthy,1440,1080,JPEG
dataset\_work\spinach_classified\spinach_n56pn9fncw\saudavel\healthy__healthy (122).jpg,saudavel,spinach_n56pn9fncw,healthy,4640,3472,JPEG
dataset\_work\spinach_classified\spinach_n56pn9fncw\saudavel\healthy__healthy (123).jpg,saudavel,spinach_n56pn9fncw,healthy,4640,3472,JPEG
dataset\_work\spinach_classified\spinach_n56pn9fncw\saudavel\healthy__healthy (124).jpg,saudavel,spinach_n56pn9fncw,healthy,4640,3472,JPEG
dataset\_work\spinach_classified\spinach_n56pn9fncw\saudavel\healthy__healthy (125).jpg,saudavel,spinach_n56pn9fncw,healthy,4640,3472,JPEG
dataset\_work\spinach_classified\spinach_n56pn9fncw\saudavel\healthy__healthy (126).jpg,saudavel,spinach_n56pn9fncw,healthy,4640,3472,JPEG
dataset\_work\spinach_classified\spinach_n56pn9fncw\saudavel\healthy__healthy (127).jpg,saudavel,spinach_n56pn9fncw,healthy,4640,3472,JPEG
dataset\_work\spinach_classified\spinach_n56pn9fncw\saudavel\healthy__healthy (128).jpg,saudavel,spinach_n56pn9fncw,healthy,4640,3472,JPEG
dataset\_work\spinach_classified\spinach_n56pn9fncw\saudavel\healthy__healthy (129).jpg,saudavel,spinach_n56pn9fncw,healthy,1440,1080,JPEG
dataset\_work\spinach_classified\spinach_n56pn9fncw\saudavel\healthy__healthy (13).jpg,saudavel,spinach_n56pn9fncw,healthy,4640,3472,JPEG
dataset\_work\spinach_classified\spinach_n56pn9fncw\saudavel\healthy__healthy (130).jpg,saudavel,spinach_n56pn9fncw,healthy,4640,3472,JPEG
dataset\_work\spinach_classified\spinach_n56pn9fncw\saudavel\healthy__healthy (131).jpg,saudavel,spinach_n56pn9fncw,healthy,4640,3472,JPEG
dataset\_work\spinach_classified\spinach_n56pn9fncw\saudavel\healthy__healthy (132).jpg,saudavel,spinach_n56pn9fncw,healthy,4640,3472,JPEG
dataset\_work\spinach_classified\spinach_n56pn9fncw\saudavel\healthy__healthy (133).jpg,saudavel,spinach_n56pn9fncw,healthy,4640,3472,JPEG
dataset\_work\spinach_classified\spinach_n56pn9fncw\saudavel\healthy__healthy (134).jpg,saudavel,spinach_n56pn9fncw,healthy,4640,3472,JPEG
dataset\_work\spinach_classified\spinach_n56pn9fncw\saudavel\healthy__healthy (135).jpg,saudavel,spinach_n56pn9fncw,healthy,4640,3472,JPEG
dataset\_work\spinach_classified\spinach_n56pn9fncw\saudavel\healthy__healthy (136).jpg,saudavel,spinach_n56pn9fncw,healthy,4640,3472,JPEG
dataset\_work\spinach_classified\spinach_n56pn9fncw\saudavel\healthy__healthy (137).jpg,saudavel,spinach_n56pn9fncw,healthy,4640,3472,JPEG
dataset\_work\spinach_classified\spinach_n56pn9fncw\saudavel\healthy__healthy (138).jpg,saudavel,spinach_n56pn9fncw,healthy,1440,1080,JPEG
dataset\_work\spinach_classified\spinach_n56pn9fncw\saudavel\healthy__healthy (139).jpg,saudavel,spinach_n56pn9fncw,healthy,4640,3472,JPEG
dataset\_work\spinach_classified\spinach_n56pn9fncw\saudavel\healthy__healthy (14).jpg,saudavel,spinach_n56pn9fncw,healthy,4640,3472,JPEG
dataset\_work\spinach_classified\spinach_n56pn9fncw\saudavel\healthy__healthy (140).jpg,saudavel,spinach_n56pn9fncw,healthy,4640,3472,JPEG
dataset\_work\spinach_classified\spinach_n56pn9fncw\saudavel\healthy__healthy (141).jpg,saudavel,spinach_n56pn9fncw,healthy,4640,3472,JPEG
dataset\_work\spinach_classified\spinach_n56pn9fncw\saudavel\healthy__healthy (142).jpg,saudavel,spinach_n56pn9fncw,healthy,4640,3472,JPEG
dataset\_work\spinach_classified\spinach_n56pn9fncw\saudavel\healthy__healthy (143).jpg,saudavel,spinach_n56pn9fncw,healthy,4640,3472,JPEG
dataset\_work\spinach_classified\spinach_n56pn9fncw\saudavel\healthy__healthy (144).jpg,saudavel,spinach_n56pn9fncw,healthy,4640,3472,JPEG
dataset\_work\spinach_classified\spinach_n56pn9fncw\saudavel\healthy__healthy (145).jpg,saudavel,spinach_n56pn9fncw,healthy,4640,3472,JPEG
dataset\_work\spinach_classified\spinach_n56pn9fncw\saudavel\healthy__healthy (146).jpg,saudavel,spinach_n56pn9fncw,healthy,4640,3472,JPEG
dataset\_work\spinach_classified\spinach_n56pn9fncw\saudavel\healthy__healthy (147).jpg,saudavel,spinach_n56pn9fncw,healthy,4640,3472,JPEG
dataset\_work\spinach_classified\spinach_n56pn9fncw\saudavel\healthy__healthy (148).jpg,saudavel,spinach_n56pn9fncw,healthy,4640,3472,JPEG
dataset\_work\spinach_classified\spinach_n56pn9fncw\saudavel\healthy__healthy (149).jpg,saudavel,spinach_n56pn9fncw,healthy,4640,3472,JPEG
dataset\_work\spinach_classified\spinach_n56pn9fncw\saudavel\healthy__healthy (15).jpg,saudavel,spinach_n56pn9fncw,healthy,4640,3472,JPEG
dataset\_work\spinach_classified\spinach_n56pn9fncw\saudavel\healthy__healthy (150).jpg,saudavel,spinach_n56pn9fncw,healthy,4640,3472,JPEG
dataset\_work\spinach_classified\spinach_n56pn9fncw\saudavel\healthy__healthy (16).jpg,saudavel,spinach_n56pn9fncw,healthy,4640,3472,JPEG
dataset\_work\spinach_classified\spinach_n56pn9fncw\saudavel\healthy__healthy (17).jpg,saudavel,spinach_n56pn9fncw,healthy,4640,3472,JPEG
dataset\_work\spinach_classified\spinach_n56pn9fncw\saudavel\healthy__healthy (18).jpg,saudavel,spinach_n56pn9fncw,healthy,4640,3472,JPEG
dataset\_work\spinach_classified\spinach_n56pn9fncw\saudavel\healthy__healthy (19).jpg,saudavel,spinach_n56pn9fncw,healthy,4640,3472,JPEG
dataset\_work\spinach_classified\spinach_n56pn9fncw\saudavel\healthy__healthy (2).jpg,saudavel,spinach_n56pn9fncw,healthy,4640,3472,JPEG
dataset\_work\spinach_classified\spinach_n56pn9fncw\saudavel\healthy__healthy (20).jpg,saudavel,spinach_n56pn9fncw,healthy,4640,3472,JPEG
dataset\_work\spinach_classified\spinach_n56pn9fncw\saudavel\healthy__healthy (21).jpg,saudavel,spinach_n56pn9fncw,healthy,4640,3472,JPEG
dataset\_work\spinach_classified\spinach_n56pn9fncw\saudavel\healthy__healthy (22).jpg,saudavel,spinach_n56pn9fncw,healthy,1440,1080,JPEG
dataset\_work\spinach_classified\spinach_n56pn9fncw\saudavel\healthy__healthy (23).jpg,saudavel,spinach_n56pn9fncw,healthy,4640,3472,JPEG
dataset\_work\spinach_classified\spinach_n56pn9fncw\saudavel\healthy__healthy (24).jpg,saudavel,spinach_n56pn9fncw,healthy,1440,1080,JPEG
dataset\_work\spinach_classified\spinach_n56pn9fncw\saudavel\healthy__healthy (25).jpg,saudavel,spinach_n56pn9fncw,healthy,4640,3472,JPEG
dataset\_work\spinach_classified\spinach_n56pn9fncw\saudavel\healthy__healthy (26).jpg,saudavel,spinach_n56pn9fncw,healthy,4640,3472,JPEG
dataset\_work\spinach_classified\spinach_n56pn9fncw\saudavel\healthy__healthy (27).jpg,saudavel,spinach_n56pn9fncw,healthy,4640,3472,JPEG
dataset\_work\spinach_classified\spinach_n56pn9fncw\saudavel\healthy__healthy (28).jpg,saudavel,spinach_n56pn9fncw,healthy,4640,3472,JPEG
dataset\_work\spinach_classified\spinach_n56pn9fncw\saudavel\healthy__healthy (29).jpg,saudavel,spinach_n56pn9fncw,healthy,1440,1080,JPEG
dataset\_work\spinach_classified\spinach_n56pn9fncw\saudavel\healthy__healthy (3).jpg,saudavel,spinach_n56pn9fncw,healthy,4640,3472,JPEG
dataset\_work\spinach_classified\spinach_n56pn9fncw\saudavel\healthy__healthy (30).jpg,saudavel,spinach_n56pn9fncw,healthy,1440,1080,JPEG
dataset\_work\spinach_classified\spinach_n56pn9fncw\saudavel\healthy__healthy (31).jpg,saudavel,spinach_n56pn9fncw,healthy,4640,3472,JPEG
dataset\_work\spinach_classified\spinach_n56pn9fncw\saudavel\healthy__healthy (32).jpg,saudavel,spinach_n56pn9fncw,healthy,1440,1080,JPEG
dataset\_work\spinach_classified\spinach_n56pn9fncw\saudavel\healthy__healthy (33).jpg,saudavel,spinach_n56pn9fncw,healthy,4640,3472,JPEG
dataset\_work\spinach_classified\spinach_n56pn9fncw\saudavel\healthy__healthy (34).jpg,saudavel,spinach_n56pn9fncw,healthy,1440,1080,JPEG
dataset\_work\spinach_classified\spinach_n56pn9fncw\saudavel\healthy__healthy (35).jpg,saudavel,spinach_n56pn9fncw,healthy,1440,1080,JPEG
dataset\_work\spinach_classified\spinach_n56pn9fncw\saudavel\healthy__healthy (36).jpg,saudavel,spinach_n56pn9fncw,healthy,4640,3472,JPEG
dataset\_work\spinach_classified\spinach_n56pn9fncw\saudavel\healthy__healthy (37).jpg,saudavel,spinach_n56pn9fncw,healthy,1440,1080,JPEG
dataset\_work\spinach_classified\spinach_n56pn9fncw\saudavel\healthy__healthy (38).jpg,saudavel,spinach_n56pn9fncw,healthy,4640,3472,JPEG
dataset\_work\spinach_classified\spinach_n56pn9fncw\saudavel\healthy__healthy (39).jpg,saudavel,spinach_n56pn9fncw,healthy,4640,3472,JPEG
dataset\_work\spinach_classified\spinach_n56pn9fncw\saudavel\healthy__healthy (4).jpg,saudavel,spinach_n56pn9fncw,healthy,720,960,JPEG
dataset\_work\spinach_classified\spinach_n56pn9fncw\saudavel\healthy__healthy (40).jpg,saudavel,spinach_n56pn9fncw,healthy,1440,1080,JPEG
dataset\_work\spinach_classified\spinach_n56pn9fncw\saudavel\healthy__healthy (41).jpg,saudavel,spinach_n56pn9fncw,healthy,4640,3472,JPEG
dataset\_work\spinach_classified\spinach_n56pn9fncw\saudavel\healthy__healthy (42).jpg,saudavel,spinach_n56pn9fncw,healthy,1440,1080,JPEG
dataset\_work\spinach_classified\spinach_n56pn9fncw\saudavel\healthy__healthy (43).jpg,saudavel,spinach_n56pn9fncw,healthy,4640,3472,JPEG
dataset\_work\spinach_classified\spinach_n56pn9fncw\saudavel\healthy__healthy (44).jpg,saudavel,spinach_n56pn9fncw,healthy,4640,3472,JPEG
dataset\_work\spinach_classified\spinach_n56pn9fncw\saudavel\healthy__healthy (45).jpg,saudavel,spinach_n56pn9fncw,healthy,4640,3472,JPEG
dataset\_work\spinach_classified\spinach_n56pn9fncw\saudavel\healthy__healthy (46).jpg,saudavel,spinach_n56pn9fncw,healthy,4640,3472,JPEG
dataset\_work\spinach_classified\spinach_n56pn9fncw\saudavel\healthy__healthy (47).jpg,saudavel,spinach_n56pn9fncw,healthy,4640,3472,JPEG
dataset\_work\spinach_classified\spinach_n56pn9fncw\saudavel\healthy__healthy (48).jpg,saudavel,spinach_n56pn9fncw,healthy,4640,3472,JPEG
dataset\_work\spinach_classified\spinach_n56pn9fncw\saudavel\healthy__healthy (49).jpg,saudavel,spinach_n56pn9fncw,healthy,4640,3472,JPEG
dataset\_work\spinach_classified\spinach_n56pn9fncw\saudavel\healthy__healthy (5).jpg,saudavel,spinach_n56pn9fncw,healthy,4640,3472,JPEG
dataset\_work\spinach_classified\spinach_n56pn9fncw\saudavel\healthy__healthy (50).jpg,saudavel,spinach_n56pn9fncw,healthy,4640,3472,JPEG
dataset\_work\spinach_classified\spinach_n56pn9fncw\saudavel\healthy__healthy (51).jpg,saudavel,spinach_n56pn9fncw,healthy,4640,3472,JPEG
dataset\_work\spinach_classified\spinach_n56pn9fncw\saudavel\healthy__healthy (52).jpg,saudavel,spinach_n56pn9fncw,healthy,4640,3472,JPEG
dataset\_work\spinach_classified\spinach_n56pn9fncw\saudavel\healthy__healthy (53).jpg,saudavel,spinach_n56pn9fncw,healthy,4640,3472,JPEG
dataset\_work\spinach_classified\spinach_n56pn9fncw\saudavel\healthy__healthy (54).jpg,saudavel,spinach_n56pn9fncw,healthy,4640,3472,JPEG
dataset\_work\spinach_classified\spinach_n56pn9fncw\saudavel\healthy__healthy (55).jpg,saudavel,spinach_n56pn9fncw,healthy,1440,1080,JPEG
dataset\_work\spinach_classified\spinach_n56pn9fncw\saudavel\healthy__healthy (56).jpg,saudavel,spinach_n56pn9fncw,healthy,4640,3472,JPEG
dataset\_work\spinach_classified\spinach_n56pn9fncw\saudavel\healthy__healthy (57).jpg,saudavel,spinach_n56pn9fncw,healthy,4640,3472,JPEG
dataset\_work\spinach_classified\spinach_n56pn9fncw\saudavel\healthy__healthy (58).jpg,saudavel,spinach_n56pn9fncw,healthy,4640,3472,JPEG
dataset\_work\spinach_classified\spinach_n56pn9fncw\saudavel\healthy__healthy (59).jpg,saudavel,spinach_n56pn9fncw,healthy,4640,3472,JPEG
dataset\_work\spinach_classified\spinach_n56pn9fncw\saudavel\healthy__healthy (6).jpg,saudavel,spinach_n56pn9fncw,healthy,720,960,JPEG
dataset\_work\spinach_classified\spinach_n56pn9fncw\saudavel\healthy__healthy (60).jpg,saudavel,spinach_n56pn9fncw,healthy,4640,3472,JPEG
dataset\_work\spinach_classified\spinach_n56pn9fncw\saudavel\healthy__healthy (61).jpg,saudavel,spinach_n56pn9fncw,healthy,4640,3472,JPEG
dataset\_work\spinach_classified\spinach_n56pn9fncw\saudavel\healthy__healthy (62).jpg,saudavel,spinach_n56pn9fncw,healthy,4640,3472,JPEG
dataset\_work\spinach_classified\spinach_n56pn9fncw\saudavel\healthy__healthy (63).jpg,saudavel,spinach_n56pn9fncw,healthy,4640,3472,JPEG
dataset\_work\spinach_classified\spinach_n56pn9fncw\saudavel\healthy__healthy (64).jpg,saudavel,spinach_n56pn9fncw,healthy,4640,3472,JPEG
dataset\_work\spinach_classified\spinach_n56pn9fncw\saudavel\healthy__healthy (65).jpg,saudavel,spinach_n56pn9fncw,healthy,4640,3472,JPEG
dataset\_work\spinach_classified\spinach_n56pn9fncw\saudavel\healthy__healthy (66).jpg,saudavel,spinach_n56pn9fncw,healthy,4640,3472,JPEG
dataset\_work\spinach_classified\spinach_n56pn9fncw\saudavel\healthy__healthy (67).jpg,saudavel,spinach_n56pn9fncw,healthy,4640,3472,JPEG
dataset\_work\spinach_classified\spinach_n56pn9fncw\saudavel\healthy__healthy (68).jpg,saudavel,spinach_n56pn9fncw,healthy,4640,3472,JPEG
dataset\_work\spinach_classified\spinach_n56pn9fncw\saudavel\healthy__healthy (69).jpg,saudavel,spinach_n56pn9fncw,healthy,4640,3472,JPEG
dataset\_work\spinach_classified\spinach_n56pn9fncw\saudavel\healthy__healthy (7).jpg,saudavel,spinach_n56pn9fncw,healthy,4640,3472,JPEG
dataset\_work\spinach_classified\spinach_n56pn9fncw\saudavel\healthy__healthy (70).jpg,saudavel,spinach_n56pn9fncw,healthy,4640,3472,JPEG
dataset\_work\spinach_classified\spinach_n56pn9fncw\saudavel\healthy__healthy (71).jpg,saudavel,spinach_n56pn9fncw,healthy,4640,3472,JPEG
dataset\_work\spinach_classified\spinach_n56pn9fncw\saudavel\healthy__healthy (72).jpg,saudavel,spinach_n56pn9fncw,healthy,4640,3472,JPEG
dataset\_work\spinach_classified\spinach_n56pn9fncw\saudavel\healthy__healthy (73).jpg,saudavel,spinach_n56pn9fncw,healthy,4640,3472,JPEG
dataset\_work\spinach_classified\spinach_n56pn9fncw\saudavel\healthy__healthy (74).jpg,saudavel,spinach_n56pn9fncw,healthy,4640,3472,JPEG
dataset\_work\spinach_classified\spinach_n56pn9fncw\saudavel\healthy__healthy (75).jpg,saudavel,spinach_n56pn9fncw,healthy,4640,3472,JPEG
dataset\_work\spinach_classified\spinach_n56pn9fncw\saudavel\healthy__healthy (76).jpg,saudavel,spinach_n56pn9fncw,healthy,4640,3472,JPEG
dataset\_work\spinach_classified\spinach_n56pn9fncw\saudavel\healthy__healthy (77).jpg,saudavel,spinach_n56pn9fncw,healthy,4640,3472,JPEG
dataset\_work\spinach_classified\spinach_n56pn9fncw\saudavel\healthy__healthy (78).jpg,saudavel,spinach_n56pn9fncw,healthy,4640,3472,JPEG
dataset\_work\spinach_classified\spinach_n56pn9fncw\saudavel\healthy__healthy (79).jpg,saudavel,spinach_n56pn9fncw,healthy,4640,3472,JPEG
dataset\_work\spinach_classified\spinach_n56pn9fncw\saudavel\healthy__healthy (8).jpg,saudavel,spinach_n56pn9fncw,healthy,1440,1080,JPEG
dataset\_work\spinach_classified\spinach_n56pn9fncw\saudavel\healthy__healthy (80).jpg,saudavel,spinach_n56pn9fncw,healthy,4640,3472,JPEG
dataset\_work\spinach_classified\spinach_n56pn9fncw\saudavel\healthy__healthy (81).jpg,saudavel,spinach_n56pn9fncw,healthy,4640,3472,JPEG
dataset\_work\spinach_classified\spinach_n56pn9fncw\saudavel\healthy__healthy (82).jpg,saudavel,spinach_n56pn9fncw,healthy,1440,1080,JPEG
dataset\_work\spinach_classified\spinach_n56pn9fncw\saudavel\healthy__healthy (83).jpg,saudavel,spinach_n56pn9fncw,healthy,4640,3472,JPEG
dataset\_work\spinach_classified\spinach_n56pn9fncw\saudavel\healthy__healthy (84).jpg,saudavel,spinach_n56pn9fncw,healthy,4640,3472,JPEG
dataset\_work\spinach_classified\spinach_n56pn9fncw\saudavel\healthy__healthy (85).jpg,saudavel,spinach_n56pn9fncw,healthy,4640,3472,JPEG
dataset\_work\spinach_classified\spinach_n56pn9fncw\saudavel\healthy__healthy (86).jpg,saudavel,spinach_n56pn9fncw,healthy,4640,3472,JPEG
dataset\_work\spinach_classified\spinach_n56pn9fncw\saudavel\healthy__healthy (87).jpg,saudavel,spinach_n56pn9fncw,healthy,4640,3472,JPEG
dataset\_work\spinach_classified\spinach_n56pn9fncw\saudavel\healthy__healthy (88).jpg,saudavel,spinach_n56pn9fncw,healthy,4640,3472,JPEG
dataset\_work\spinach_classified\spinach_n56pn9fncw\saudavel\healthy__healthy (89).jpg,saudavel,spinach_n56pn9fncw,healthy,4640,3472,JPEG
dataset\_work\spinach_classified\spinach_n56pn9fncw\saudavel\healthy__healthy (9).jpg,saudavel,spinach_n56pn9fncw,healthy,4640,3472,JPEG
dataset\_work\spinach_classified\spinach_n56pn9fncw\saudavel\healthy__healthy (90).jpg,saudavel,spinach_n56pn9fncw,healthy,4640,3472,JPEG
dataset\_work\spinach_classified\spinach_n56pn9fncw\saudavel\healthy__healthy (91).jpg,saudavel,spinach_n56pn9fncw,healthy,4640,3472,JPEG
dataset\_work\spinach_classified\spinach_n56pn9fncw\saudavel\healthy__healthy (92).jpg,saudavel,spinach_n56pn9fncw,healthy,4640,3472,JPEG
dataset\_work\spinach_classified\spinach_n56pn9fncw\saudavel\healthy__healthy (93).jpg,saudavel,spinach_n56pn9fncw,healthy,4640,3472,JPEG
dataset\_work\spinach_classified\spinach_n56pn9fncw\saudavel\healthy__healthy (94).jpg,saudavel,spinach_n56pn9fncw,healthy,4640,3472,JPEG
dataset\_work\spinach_classified\spinach_n56pn9fncw\saudavel\healthy__healthy (95).jpg,saudavel,spinach_n56pn9fncw,healthy,4640,3472,JPEG
dataset\_work\spinach_classified\spinach_n56pn9fncw\saudavel\healthy__healthy (96).jpg,saudavel,spinach_n56pn9fncw,healthy,4640,3472,JPEG
dataset\_work\spinach_classified\spinach_n56pn9fncw\saudavel\healthy__healthy (97).jpg,saudavel,spinach_n56pn9fncw,healthy,4640,3472,JPEG
dataset\_work\spinach_classified\spinach_n56pn9fncw\saudavel\healthy__healthy (98).jpg,saudavel,spinach_n56pn9fncw,healthy,4640,3472,JPEG
dataset\_work\spinach_classified\spinach_n56pn9fncw\saudavel\healthy__healthy (99).jpg,saudavel,spinach_n56pn9fncw,healthy,4640,3472,JPEG
dataset\_work\spinach_classified\spinach_n56pn9fncw\anomala\anthracnose_leaf_spot__anthracnose_leaf_spot (1).jpg,anomala,spinach_n56pn9fncw,anthracnose_leaf_spot,4640,3472,JPEG
dataset\_work\spinach_classified\spinach_n56pn9fncw\anomala\anthracnose_leaf_spot__anthracnose_leaf_spot (10).jpg,anomala,spinach_n56pn9fncw,anthracnose_leaf_spot,4640,3472,JPEG
dataset\_work\spinach_classified\spinach_n56pn9fncw\anomala\anthracnose_leaf_spot__anthracnose_leaf_spot (100).jpg,anomala,spinach_n56pn9fncw,anthracnose_leaf_spot,4640,3472,JPEG
dataset\_work\spinach_classified\spinach_n56pn9fncw\anomala\anthracnose_leaf_spot__anthracnose_leaf_spot (101).jpg,anomala,spinach_n56pn9fncw,anthracnose_leaf_spot,1440,1080,JPEG
dataset\_work\spinach_classified\spinach_n56pn9fncw\anomala\anthracnose_leaf_spot__anthracnose_leaf_spot (102).jpg,anomala,spinach_n56pn9fncw,anthracnose_leaf_spot,4640,3472,JPEG
dataset\_work\spinach_classified\spinach_n56pn9fncw\anomala\anthracnose_leaf_spot__anthracnose_leaf_spot (103).jpg,anomala,spinach_n56pn9fncw,anthracnose_leaf_spot,1440,1080,JPEG
dataset\_work\spinach_classified\spinach_n56pn9fncw\anomala\anthracnose_leaf_spot__anthracnose_leaf_spot (104).jpg,anomala,spinach_n56pn9fncw,anthracnose_leaf_spot,4640,3472,JPEG
dataset\_work\spinach_classified\spinach_n56pn9fncw\anomala\anthracnose_leaf_spot__anthracnose_leaf_spot (105).jpg,anomala,spinach_n56pn9fncw,anthracnose_leaf_spot,4640,3472,JPEG
dataset\_work\spinach_classified\spinach_n56pn9fncw\anomala\anthracnose_leaf_spot__anthracnose_leaf_spot (106).jpg,anomala,spinach_n56pn9fncw,anthracnose_leaf_spot,4640,3472,JPEG
dataset\_work\spinach_classified\spinach_n56pn9fncw\anomala\anthracnose_leaf_spot__anthracnose_leaf_spot (107).jpg,anomala,spinach_n56pn9fncw,anthracnose_leaf_spot,4640,3472,JPEG
dataset\_work\spinach_classified\spinach_n56pn9fncw\anomala\anthracnose_leaf_spot__anthracnose_leaf_spot (108).jpg,anomala,spinach_n56pn9fncw,anthracnose_leaf_spot,1440,1080,JPEG
dataset\_work\spinach_classified\spinach_n56pn9fncw\anomala\anthracnose_leaf_spot__anthracnose_leaf_spot (109).jpg,anomala,spinach_n56pn9fncw,anthracnose_leaf_spot,4640,3472,JPEG
dataset\_work\spinach_classified\spinach_n56pn9fncw\anomala\anthracnose_leaf_spot__anthracnose_leaf_spot (11).jpg,anomala,spinach_n56pn9fncw,anthracnose_leaf_spot,1440,1080,JPEG
dataset\_work\spinach_classified\spinach_n56pn9fncw\anomala\anthracnose_leaf_spot__anthracnose_leaf_spot (110).jpg,anomala,spinach_n56pn9fncw,anthracnose_leaf_spot,4640,3472,JPEG
dataset\_work\spinach_classified\spinach_n56pn9fncw\anomala\anthracnose_leaf_spot__anthracnose_leaf_spot (111).jpg,anomala,spinach_n56pn9fncw,anthracnose_leaf_spot,4640,3472,JPEG
dataset\_work\spinach_classified\spinach_n56pn9fncw\anomala\anthracnose_leaf_spot__anthracnose_leaf_spot (112).jpg,anomala,spinach_n56pn9fncw,anthracnose_leaf_spot,4640,3472,JPEG
dataset\_work\spinach_classified\spinach_n56pn9fncw\anomala\anthracnose_leaf_spot__anthracnose_leaf_spot (113).jpg,anomala,spinach_n56pn9fncw,anthracnose_leaf_spot,1440,1080,JPEG
dataset\_work\spinach_classified\spinach_n56pn9fncw\anomala\anthracnose_leaf_spot__anthracnose_leaf_spot (114).jpg,anomala,spinach_n56pn9fncw,anthracnose_leaf_spot,4640,3472,JPEG
dataset\_work\spinach_classified\spinach_n56pn9fncw\anomala\anthracnose_leaf_spot__anthracnose_leaf_spot (115).jpg,anomala,spinach_n56pn9fncw,anthracnose_leaf_spot,4640,3472,JPEG
dataset\_work\spinach_classified\spinach_n56pn9fncw\anomala\anthracnose_leaf_spot__anthracnose_leaf_spot (116).jpg,anomala,spinach_n56pn9fncw,anthracnose_leaf_spot,4640,3472,JPEG
dataset\_work\spinach_classified\spinach_n56pn9fncw\anomala\anthracnose_leaf_spot__anthracnose_leaf_spot (117).jpg,anomala,spinach_n56pn9fncw,anthracnose_leaf_spot,4640,3472,JPEG
dataset\_work\spinach_classified\spinach_n56pn9fncw\anomala\anthracnose_leaf_spot__anthracnose_leaf_spot (118).jpg,anomala,spinach_n56pn9fncw,anthracnose_leaf_spot,4640,3472,JPEG
dataset\_work\spinach_classified\spinach_n56pn9fncw\anomala\anthracnose_leaf_spot__anthracnose_leaf_spot (119).jpg,anomala,spinach_n56pn9fncw,anthracnose_leaf_spot,4640,3472,JPEG
dataset\_work\spinach_classified\spinach_n56pn9fncw\anomala\anthracnose_leaf_spot__anthracnose_leaf_spot (12).jpg,anomala,spinach_n56pn9fncw,anthracnose_leaf_spot,4640,3472,JPEG
dataset\_work\spinach_classified\spinach_n56pn9fncw\anomala\anthracnose_leaf_spot__anthracnose_leaf_spot (120).jpg,anomala,spinach_n56pn9fncw,anthracnose_leaf_spot,4640,3472,JPEG
dataset\_work\spinach_classified\spinach_n56pn9fncw\anomala\anthracnose_leaf_spot__anthracnose_leaf_spot (121).jpg,anomala,spinach_n56pn9fncw,anthracnose_leaf_spot,4640,3472,JPEG
dataset\_work\spinach_classified\spinach_n56pn9fncw\anomala\anthracnose_leaf_spot__anthracnose_leaf_spot (122).jpg,anomala,spinach_n56pn9fncw,anthracnose_leaf_spot,4640,3472,JPEG
dataset\_work\spinach_classified\spinach_n56pn9fncw\anomala\anthracnose_leaf_spot__anthracnose_leaf_spot (123).jpg,anomala,spinach_n56pn9fncw,anthracnose_leaf_spot,4640,3472,JPEG
dataset\_work\spinach_classified\spinach_n56pn9fncw\anomala\anthracnose_leaf_spot__anthracnose_leaf_spot (124).jpg,anomala,spinach_n56pn9fncw,anthracnose_leaf_spot,4640,3472,JPEG
dataset\_work\spinach_classified\spinach_n56pn9fncw\anomala\anthracnose_leaf_spot__anthracnose_leaf_spot (125).jpg,anomala,spinach_n56pn9fncw,anthracnose_leaf_spot,4640,3472,JPEG
dataset\_work\spinach_classified\spinach_n56pn9fncw\anomala\anthracnose_leaf_spot__anthracnose_leaf_spot (126).jpg,anomala,spinach_n56pn9fncw,anthracnose_leaf_spot,1440,1080,JPEG
dataset\_work\spinach_classified\spinach_n56pn9fncw\anomala\anthracnose_leaf_spot__anthracnose_leaf_spot (127).jpg,anomala,spinach_n56pn9fncw,anthracnose_leaf_spot,4640,3472,JPEG
dataset\_work\spinach_classified\spinach_n56pn9fncw\anomala\anthracnose_leaf_spot__anthracnose_leaf_spot (128).jpg,anomala,spinach_n56pn9fncw,anthracnose_leaf_spot,4640,3472,JPEG
dataset\_work\spinach_classified\spinach_n56pn9fncw\anomala\anthracnose_leaf_spot__anthracnose_leaf_spot (129).jpg,anomala,spinach_n56pn9fncw,anthracnose_leaf_spot,4640,3472,JPEG
dataset\_work\spinach_classified\spinach_n56pn9fncw\anomala\anthracnose_leaf_spot__anthracnose_leaf_spot (13).jpg,anomala,spinach_n56pn9fncw,anthracnose_leaf_spot,4640,3472,JPEG
dataset\_work\spinach_classified\spinach_n56pn9fncw\anomala\anthracnose_leaf_spot__anthracnose_leaf_spot (130).jpg,anomala,spinach_n56pn9fncw,anthracnose_leaf_spot,4640,3472,JPEG
dataset\_work\spinach_classified\spinach_n56pn9fncw\anomala\anthracnose_leaf_spot__anthracnose_leaf_spot (131).jpg,anomala,spinach_n56pn9fncw,anthracnose_leaf_spot,4640,3472,JPEG
dataset\_work\spinach_classified\spinach_n56pn9fncw\anomala\anthracnose_leaf_spot__anthracnose_leaf_spot (132).jpg,anomala,spinach_n56pn9fncw,anthracnose_leaf_spot,4640,3472,JPEG
dataset\_work\spinach_classified\spinach_n56pn9fncw\anomala\anthracnose_leaf_spot__anthracnose_leaf_spot (133).jpg,anomala,spinach_n56pn9fncw,anthracnose_leaf_spot,4640,3472,JPEG
dataset\_work\spinach_classified\spinach_n56pn9fncw\anomala\anthracnose_leaf_spot__anthracnose_leaf_spot (134).jpg,anomala,spinach_n56pn9fncw,anthracnose_leaf_spot,4640,3472,JPEG
dataset\_work\spinach_classified\spinach_n56pn9fncw\anomala\anthracnose_leaf_spot__anthracnose_leaf_spot (135).jpg,anomala,spinach_n56pn9fncw,anthracnose_leaf_spot,4640,3472,JPEG
dataset\_work\spinach_classified\spinach_n56pn9fncw\anomala\anthracnose_leaf_spot__anthracnose_leaf_spot (136).jpg,anomala,spinach_n56pn9fncw,anthracnose_leaf_spot,1440,1080,JPEG
dataset\_work\spinach_classified\spinach_n56pn9fncw\anomala\anthracnose_leaf_spot__anthracnose_leaf_spot (137).jpg,anomala,spinach_n56pn9fncw,anthracnose_leaf_spot,4640,3472,JPEG
dataset\_work\spinach_classified\spinach_n56pn9fncw\anomala\anthracnose_leaf_spot__anthracnose_leaf_spot (138).jpg,anomala,spinach_n56pn9fncw,anthracnose_leaf_spot,4640,3472,JPEG
dataset\_work\spinach_classified\spinach_n56pn9fncw\anomala\anthracnose_leaf_spot__anthracnose_leaf_spot (139).jpg,anomala,spinach_n56pn9fncw,anthracnose_leaf_spot,720,960,JPEG
dataset\_work\spinach_classified\spinach_n56pn9fncw\anomala\anthracnose_leaf_spot__anthracnose_leaf_spot (14).jpg,anomala,spinach_n56pn9fncw,anthracnose_leaf_spot,4640,3472,JPEG
dataset\_work\spinach_classified\spinach_n56pn9fncw\anomala\anthracnose_leaf_spot__anthracnose_leaf_spot (140).jpg,anomala,spinach_n56pn9fncw,anthracnose_leaf_spot,4640,3472,JPEG
dataset\_work\spinach_classified\spinach_n56pn9fncw\anomala\anthracnose_leaf_spot__anthracnose_leaf_spot (141).jpg,anomala,spinach_n56pn9fncw,anthracnose_leaf_spot,4640,3472,JPEG
dataset\_work\spinach_classified\spinach_n56pn9fncw\anomala\anthracnose_leaf_spot__anthracnose_leaf_spot (142).jpg,anomala,spinach_n56pn9fncw,anthracnose_leaf_spot,4640,3472,JPEG
dataset\_work\spinach_classified\spinach_n56pn9fncw\anomala\anthracnose_leaf_spot__anthracnose_leaf_spot (143).jpg,anomala,spinach_n56pn9fncw,anthracnose_leaf_spot,4640,3472,JPEG
dataset\_work\spinach_classified\spinach_n56pn9fncw\anomala\anthracnose_leaf_spot__anthracnose_leaf_spot (144).jpg,anomala,spinach_n56pn9fncw,anthracnose_leaf_spot,4640,3472,JPEG
dataset\_work\spinach_classified\spinach_n56pn9fncw\anomala\anthracnose_leaf_spot__anthracnose_leaf_spot (145).jpg,anomala,spinach_n56pn9fncw,anthracnose_leaf_spot,4640,3472,JPEG
dataset\_work\spinach_classified\spinach_n56pn9fncw\anomala\anthracnose_leaf_spot__anthracnose_leaf_spot (146).jpg,anomala,spinach_n56pn9fncw,anthracnose_leaf_spot,4640,3472,JPEG
dataset\_work\spinach_classified\spinach_n56pn9fncw\anomala\anthracnose_leaf_spot__anthracnose_leaf_spot (147).jpg,anomala,spinach_n56pn9fncw,anthracnose_leaf_spot,1440,1080,JPEG
dataset\_work\spinach_classified\spinach_n56pn9fncw\anomala\anthracnose_leaf_spot__anthracnose_leaf_spot (148).jpg,anomala,spinach_n56pn9fncw,anthracnose_leaf_spot,4640,3472,JPEG
dataset\_work\spinach_classified\spinach_n56pn9fncw\anomala\anthracnose_leaf_spot__anthracnose_leaf_spot (149).jpg,anomala,spinach_n56pn9fncw,anthracnose_leaf_spot,4640,3472,JPEG
dataset\_work\spinach_classified\spinach_n56pn9fncw\anomala\anthracnose_leaf_spot__anthracnose_leaf_spot (15).jpg,anomala,spinach_n56pn9fncw,anthracnose_leaf_spot,1440,1080,JPEG
dataset\_work\spinach_classified\spinach_n56pn9fncw\anomala\anthracnose_leaf_spot__anthracnose_leaf_spot (150).jpg,anomala,spinach_n56pn9fncw,anthracnose_leaf_spot,4640,3472,JPEG
dataset\_work\spinach_classified\spinach_n56pn9fncw\anomala\anthracnose_leaf_spot__anthracnose_leaf_spot (151).jpg,anomala,spinach_n56pn9fncw,anthracnose_leaf_spot,4640,3472,JPEG
dataset\_work\spinach_classified\spinach_n56pn9fncw\anomala\anthracnose_leaf_spot__anthracnose_leaf_spot (152).jpg,anomala,spinach_n56pn9fncw,anthracnose_leaf_spot,4640,3472,JPEG
dataset\_work\spinach_classified\spinach_n56pn9fncw\anomala\anthracnose_leaf_spot__anthracnose_leaf_spot (153).jpg,anomala,spinach_n56pn9fncw,anthracnose_leaf_spot,4640,3472,JPEG
dataset\_work\spinach_classified\spinach_n56pn9fncw\anomala\anthracnose_leaf_spot__anthracnose_leaf_spot (154).jpg,anomala,spinach_n56pn9fncw,anthracnose_leaf_spot,1440,1080,JPEG
dataset\_work\spinach_classified\spinach_n56pn9fncw\anomala\anthracnose_leaf_spot__anthracnose_leaf_spot (155).jpg,anomala,spinach_n56pn9fncw,anthracnose_leaf_spot,4640,3472,JPEG
dataset\_work\spinach_classified\spinach_n56pn9fncw\anomala\anthracnose_leaf_spot__anthracnose_leaf_spot (156).jpg,anomala,spinach_n56pn9fncw,anthracnose_leaf_spot,1440,1080,JPEG
dataset\_work\spinach_classified\spinach_n56pn9fncw\anomala\anthracnose_leaf_spot__anthracnose_leaf_spot (157).jpg,anomala,spinach_n56pn9fncw,anthracnose_leaf_spot,1440,1080,JPEG
dataset\_work\spinach_classified\spinach_n56pn9fncw\anomala\anthracnose_leaf_spot__anthracnose_leaf_spot (158).jpg,anomala,spinach_n56pn9fncw,anthracnose_leaf_spot,1080,1440,JPEG
dataset\_work\spinach_classified\spinach_n56pn9fncw\anomala\anthracnose_leaf_spot__anthracnose_leaf_spot (159).jpg,anomala,spinach_n56pn9fncw,anthracnose_leaf_spot,4640,3472,JPEG
dataset\_work\spinach_classified\spinach_n56pn9fncw\anomala\anthracnose_leaf_spot__anthracnose_leaf_spot (16).jpg,anomala,spinach_n56pn9fncw,anthracnose_leaf_spot,4640,3472,JPEG
dataset\_work\spinach_classified\spinach_n56pn9fncw\anomala\anthracnose_leaf_spot__anthracnose_leaf_spot (160).jpg,anomala,spinach_n56pn9fncw,anthracnose_leaf_spot,4640,3472,JPEG
dataset\_work\spinach_classified\spinach_n56pn9fncw\anomala\anthracnose_leaf_spot__anthracnose_leaf_spot (161).jpg,anomala,spinach_n56pn9fncw,anthracnose_leaf_spot,4640,3472,JPEG
dataset\_work\spinach_classified\spinach_n56pn9fncw\anomala\anthracnose_leaf_spot__anthracnose_leaf_spot (162).jpg,anomala,spinach_n56pn9fncw,anthracnose_leaf_spot,4640,3472,JPEG
dataset\_work\spinach_classified\spinach_n56pn9fncw\anomala\anthracnose_leaf_spot__anthracnose_leaf_spot (163).jpg,anomala,spinach_n56pn9fncw,anthracnose_leaf_spot,4640,3472,JPEG
dataset\_work\spinach_classified\spinach_n56pn9fncw\anomala\anthracnose_leaf_spot__anthracnose_leaf_spot (164).jpg,anomala,spinach_n56pn9fncw,anthracnose_leaf_spot,1440,1080,JPEG
dataset\_work\spinach_classified\spinach_n56pn9fncw\anomala\anthracnose_leaf_spot__anthracnose_leaf_spot (165).jpg,anomala,spinach_n56pn9fncw,anthracnose_leaf_spot,4640,3472,JPEG
dataset\_work\spinach_classified\spinach_n56pn9fncw\anomala\anthracnose_leaf_spot__anthracnose_leaf_spot (166).jpg,anomala,spinach_n56pn9fncw,anthracnose_leaf_spot,1440,1080,JPEG
dataset\_work\spinach_classified\spinach_n56pn9fncw\anomala\anthracnose_leaf_spot__anthracnose_leaf_spot (167).jpg,anomala,spinach_n56pn9fncw,anthracnose_leaf_spot,4640,3472,JPEG
dataset\_work\spinach_classified\spinach_n56pn9fncw\anomala\anthracnose_leaf_spot__anthracnose_leaf_spot (168).jpg,anomala,spinach_n56pn9fncw,anthracnose_leaf_spot,4640,3472,JPEG
dataset\_work\spinach_classified\spinach_n56pn9fncw\anomala\anthracnose_leaf_spot__anthracnose_leaf_spot (169).jpg,anomala,spinach_n56pn9fncw,anthracnose_leaf_spot,4640,3472,JPEG
dataset\_work\spinach_classified\spinach_n56pn9fncw\anomala\anthracnose_leaf_spot__anthracnose_leaf_spot (17).jpg,anomala,spinach_n56pn9fncw,anthracnose_leaf_spot,4640,3472,JPEG
dataset\_work\spinach_classified\spinach_n56pn9fncw\anomala\anthracnose_leaf_spot__anthracnose_leaf_spot (170).jpg,anomala,spinach_n56pn9fncw,anthracnose_leaf_spot,4640,3472,JPEG
dataset\_work\spinach_classified\spinach_n56pn9fncw\anomala\anthracnose_leaf_spot__anthracnose_leaf_spot (171).jpg,anomala,spinach_n56pn9fncw,anthracnose_leaf_spot,1440,1080,JPEG
dataset\_work\spinach_classified\spinach_n56pn9fncw\anomala\anthracnose_leaf_spot__anthracnose_leaf_spot (172).jpg,anomala,spinach_n56pn9fncw,anthracnose_leaf_spot,4640,3472,JPEG
dataset\_work\spinach_classified\spinach_n56pn9fncw\anomala\anthracnose_leaf_spot__anthracnose_leaf_spot (173).jpg,anomala,spinach_n56pn9fncw,anthracnose_leaf_spot,4640,3472,JPEG
dataset\_work\spinach_classified\spinach_n56pn9fncw\anomala\anthracnose_leaf_spot__anthracnose_leaf_spot (174).jpg,anomala,spinach_n56pn9fncw,anthracnose_leaf_spot,4640,3472,JPEG
dataset\_work\spinach_classified\spinach_n56pn9fncw\anomala\anthracnose_leaf_spot__anthracnose_leaf_spot (175).jpg,anomala,spinach_n56pn9fncw,anthracnose_leaf_spot,4640,3472,JPEG
dataset\_work\spinach_classified\spinach_n56pn9fncw\anomala\anthracnose_leaf_spot__anthracnose_leaf_spot (176).jpg,anomala,spinach_n56pn9fncw,anthracnose_leaf_spot,4640,3472,JPEG
dataset\_work\spinach_classified\spinach_n56pn9fncw\anomala\anthracnose_leaf_spot__anthracnose_leaf_spot (177).jpg,anomala,spinach_n56pn9fncw,anthracnose_leaf_spot,4640,3472,JPEG
dataset\_work\spinach_classified\spinach_n56pn9fncw\anomala\anthracnose_leaf_spot__anthracnose_leaf_spot (178).jpg,anomala,spinach_n56pn9fncw,anthracnose_leaf_spot,4640,3472,JPEG
dataset\_work\spinach_classified\spinach_n56pn9fncw\anomala\anthracnose_leaf_spot__anthracnose_leaf_spot (179).jpg,anomala,spinach_n56pn9fncw,anthracnose_leaf_spot,4640,3472,JPEG
dataset\_work\spinach_classified\spinach_n56pn9fncw\anomala\anthracnose_leaf_spot__anthracnose_leaf_spot (18).jpg,anomala,spinach_n56pn9fncw,anthracnose_leaf_spot,4640,3472,JPEG
dataset\_work\spinach_classified\spinach_n56pn9fncw\anomala\anthracnose_leaf_spot__anthracnose_leaf_spot (180).jpg,anomala,spinach_n56pn9fncw,anthracnose_leaf_spot,1440,1080,JPEG
dataset\_work\spinach_classified\spinach_n56pn9fncw\anomala\anthracnose_leaf_spot__anthracnose_leaf_spot (181).jpg,anomala,spinach_n56pn9fncw,anthracnose_leaf_spot,4640,3472,JPEG
dataset\_work\spinach_classified\spinach_n56pn9fncw\anomala\anthracnose_leaf_spot__anthracnose_leaf_spot (182).jpg,anomala,spinach_n56pn9fncw,anthracnose_leaf_spot,4640,3472,JPEG
dataset\_work\spinach_classified\spinach_n56pn9fncw\anomala\anthracnose_leaf_spot__anthracnose_leaf_spot (183).jpg,anomala,spinach_n56pn9fncw,anthracnose_leaf_spot,4640,3472,JPEG
dataset\_work\spinach_classified\spinach_n56pn9fncw\anomala\anthracnose_leaf_spot__anthracnose_leaf_spot (184).jpg,anomala,spinach_n56pn9fncw,anthracnose_leaf_spot,4640,3472,JPEG
dataset\_work\spinach_classified\spinach_n56pn9fncw\anomala\anthracnose_leaf_spot__anthracnose_leaf_spot (185).jpg,anomala,spinach_n56pn9fncw,anthracnose_leaf_spot,4640,3472,JPEG
dataset\_work\spinach_classified\spinach_n56pn9fncw\anomala\anthracnose_leaf_spot__anthracnose_leaf_spot (186).jpg,anomala,spinach_n56pn9fncw,anthracnose_leaf_spot,4640,3472,JPEG
dataset\_work\spinach_classified\spinach_n56pn9fncw\anomala\anthracnose_leaf_spot__anthracnose_leaf_spot (187).jpg,anomala,spinach_n56pn9fncw,anthracnose_leaf_spot,4640,3472,JPEG
dataset\_work\spinach_classified\spinach_n56pn9fncw\anomala\anthracnose_leaf_spot__anthracnose_leaf_spot (188).jpg,anomala,spinach_n56pn9fncw,anthracnose_leaf_spot,1440,1080,JPEG
dataset\_work\spinach_classified\spinach_n56pn9fncw\anomala\anthracnose_leaf_spot__anthracnose_leaf_spot (189).jpg,anomala,spinach_n56pn9fncw,anthracnose_leaf_spot,4640,3472,JPEG
dataset\_work\spinach_classified\spinach_n56pn9fncw\anomala\anthracnose_leaf_spot__anthracnose_leaf_spot (19).jpg,anomala,spinach_n56pn9fncw,anthracnose_leaf_spot,4640,3472,JPEG
dataset\_work\spinach_classified\spinach_n56pn9fncw\anomala\anthracnose_leaf_spot__anthracnose_leaf_spot (190).jpg,anomala,spinach_n56pn9fncw,anthracnose_leaf_spot,4640,3472,JPEG
dataset\_work\spinach_classified\spinach_n56pn9fncw\anomala\anthracnose_leaf_spot__anthracnose_leaf_spot (191).jpg,anomala,spinach_n56pn9fncw,anthracnose_leaf_spot,4640,3472,JPEG
dataset\_work\spinach_classified\spinach_n56pn9fncw\anomala\anthracnose_leaf_spot__anthracnose_leaf_spot (192).jpg,anomala,spinach_n56pn9fncw,anthracnose_leaf_spot,4640,3472,JPEG
dataset\_work\spinach_classified\spinach_n56pn9fncw\anomala\anthracnose_leaf_spot__anthracnose_leaf_spot (193).jpg,anomala,spinach_n56pn9fncw,anthracnose_leaf_spot,4640,3472,JPEG
dataset\_work\spinach_classified\spinach_n56pn9fncw\anomala\anthracnose_leaf_spot__anthracnose_leaf_spot (194).jpg,anomala,spinach_n56pn9fncw,anthracnose_leaf_spot,4640,3472,JPEG
dataset\_work\spinach_classified\spinach_n56pn9fncw\anomala\anthracnose_leaf_spot__anthracnose_leaf_spot (195).jpg,anomala,spinach_n56pn9fncw,anthracnose_leaf_spot,4640,3472,JPEG
dataset\_work\spinach_classified\spinach_n56pn9fncw\anomala\anthracnose_leaf_spot__anthracnose_leaf_spot (196).jpg,anomala,spinach_n56pn9fncw,anthracnose_leaf_spot,1440,1080,JPEG
dataset\_work\spinach_classified\spinach_n56pn9fncw\anomala\anthracnose_leaf_spot__anthracnose_leaf_spot (197).jpg,anomala,spinach_n56pn9fncw,anthracnose_leaf_spot,1440,1080,JPEG
dataset\_work\spinach_classified\spinach_n56pn9fncw\anomala\anthracnose_leaf_spot__anthracnose_leaf_spot (198).jpg,anomala,spinach_n56pn9fncw,anthracnose_leaf_spot,1440,1080,JPEG
dataset\_work\spinach_classified\spinach_n56pn9fncw\anomala\anthracnose_leaf_spot__anthracnose_leaf_spot (199).jpg,anomala,spinach_n56pn9fncw,anthracnose_leaf_spot,1440,1080,JPEG
dataset\_work\spinach_classified\spinach_n56pn9fncw\anomala\anthracnose_leaf_spot__anthracnose_leaf_spot (2).jpg,anomala,spinach_n56pn9fncw,anthracnose_leaf_spot,4640,3472,JPEG
dataset\_work\spinach_classified\spinach_n56pn9fncw\anomala\anthracnose_leaf_spot__anthracnose_leaf_spot (20).jpg,anomala,spinach_n56pn9fncw,anthracnose_leaf_spot,4640,3472,JPEG
dataset\_work\spinach_classified\spinach_n56pn9fncw\anomala\anthracnose_leaf_spot__anthracnose_leaf_spot (200).jpg,anomala,spinach_n56pn9fncw,anthracnose_leaf_spot,1440,1080,JPEG
dataset\_work\spinach_classified\spinach_n56pn9fncw\anomala\anthracnose_leaf_spot__anthracnose_leaf_spot (201).jpg,anomala,spinach_n56pn9fncw,anthracnose_leaf_spot,1440,1080,JPEG
dataset\_work\spinach_classified\spinach_n56pn9fncw\anomala\anthracnose_leaf_spot__anthracnose_leaf_spot (202).jpg,anomala,spinach_n56pn9fncw,anthracnose_leaf_spot,1440,1080,JPEG
dataset\_work\spinach_classified\spinach_n56pn9fncw\anomala\anthracnose_leaf_spot__anthracnose_leaf_spot (203).jpg,anomala,spinach_n56pn9fncw,anthracnose_leaf_spot,1440,1080,JPEG
dataset\_work\spinach_classified\spinach_n56pn9fncw\anomala\anthracnose_leaf_spot__anthracnose_leaf_spot (204).jpg,anomala,spinach_n56pn9fncw,anthracnose_leaf_spot,4640,3472,JPEG
dataset\_work\spinach_classified\spinach_n56pn9fncw\anomala\anthracnose_leaf_spot__anthracnose_leaf_spot (205).jpg,anomala,spinach_n56pn9fncw,anthracnose_leaf_spot,4640,3472,JPEG
dataset\_work\spinach_classified\spinach_n56pn9fncw\anomala\anthracnose_leaf_spot__anthracnose_leaf_spot (206).jpg,anomala,spinach_n56pn9fncw,anthracnose_leaf_spot,4640,3472,JPEG
dataset\_work\spinach_classified\spinach_n56pn9fncw\anomala\anthracnose_leaf_spot__anthracnose_leaf_spot (207).jpg,anomala,spinach_n56pn9fncw,anthracnose_leaf_spot,4640,3472,JPEG
dataset\_work\spinach_classified\spinach_n56pn9fncw\anomala\anthracnose_leaf_spot__anthracnose_leaf_spot (208).jpg,anomala,spinach_n56pn9fncw,anthracnose_leaf_spot,4640,3472,JPEG
dataset\_work\spinach_classified\spinach_n56pn9fncw\anomala\anthracnose_leaf_spot__anthracnose_leaf_spot (209).jpg,anomala,spinach_n56pn9fncw,anthracnose_leaf_spot,4640,3472,JPEG
dataset\_work\spinach_classified\spinach_n56pn9fncw\anomala\anthracnose_leaf_spot__anthracnose_leaf_spot (21).jpg,anomala,spinach_n56pn9fncw,anthracnose_leaf_spot,4640,3472,JPEG
dataset\_work\spinach_classified\spinach_n56pn9fncw\anomala\anthracnose_leaf_spot__anthracnose_leaf_spot (210).jpg,anomala,spinach_n56pn9fncw,anthracnose_leaf_spot,4640,3472,JPEG
dataset\_work\spinach_classified\spinach_n56pn9fncw\anomala\anthracnose_leaf_spot__anthracnose_leaf_spot (211).jpg,anomala,spinach_n56pn9fncw,anthracnose_leaf_spot,1440,1080,JPEG
dataset\_work\spinach_classified\spinach_n56pn9fncw\anomala\anthracnose_leaf_spot__anthracnose_leaf_spot (212).jpg,anomala,spinach_n56pn9fncw,anthracnose_leaf_spot,4640,3472,JPEG
dataset\_work\spinach_classified\spinach_n56pn9fncw\anomala\anthracnose_leaf_spot__anthracnose_leaf_spot (213).jpg,anomala,spinach_n56pn9fncw,anthracnose_leaf_spot,4640,3472,JPEG
dataset\_work\spinach_classified\spinach_n56pn9fncw\anomala\anthracnose_leaf_spot__anthracnose_leaf_spot (214).jpg,anomala,spinach_n56pn9fncw,anthracnose_leaf_spot,4640,3472,JPEG
dataset\_work\spinach_classified\spinach_n56pn9fncw\anomala\anthracnose_leaf_spot__anthracnose_leaf_spot (22).jpg,anomala,spinach_n56pn9fncw,anthracnose_leaf_spot,4640,3472,JPEG
dataset\_work\spinach_classified\spinach_n56pn9fncw\anomala\anthracnose_leaf_spot__anthracnose_leaf_spot (23).jpg,anomala,spinach_n56pn9fncw,anthracnose_leaf_spot,4640,3472,JPEG
dataset\_work\spinach_classified\spinach_n56pn9fncw\anomala\anthracnose_leaf_spot__anthracnose_leaf_spot (24).jpg,anomala,spinach_n56pn9fncw,anthracnose_leaf_spot,1440,1080,JPEG
dataset\_work\spinach_classified\spinach_n56pn9fncw\anomala\anthracnose_leaf_spot__anthracnose_leaf_spot (25).jpg,anomala,spinach_n56pn9fncw,anthracnose_leaf_spot,1440,1080,JPEG
dataset\_work\spinach_classified\spinach_n56pn9fncw\anomala\anthracnose_leaf_spot__anthracnose_leaf_spot (26).jpg,anomala,spinach_n56pn9fncw,anthracnose_leaf_spot,1440,1080,JPEG
dataset\_work\spinach_classified\spinach_n56pn9fncw\anomala\anthracnose_leaf_spot__anthracnose_leaf_spot (27).jpg,anomala,spinach_n56pn9fncw,anthracnose_leaf_spot,1440,1080,JPEG
dataset\_work\spinach_classified\spinach_n56pn9fncw\anomala\anthracnose_leaf_spot__anthracnose_leaf_spot (28).jpg,anomala,spinach_n56pn9fncw,anthracnose_leaf_spot,1440,1080,JPEG
dataset\_work\spinach_classified\spinach_n56pn9fncw\anomala\anthracnose_leaf_spot__anthracnose_leaf_spot (29).jpg,anomala,spinach_n56pn9fncw,anthracnose_leaf_spot,4640,3472,JPEG
dataset\_work\spinach_classified\spinach_n56pn9fncw\anomala\anthracnose_leaf_spot__anthracnose_leaf_spot (3).jpg,anomala,spinach_n56pn9fncw,anthracnose_leaf_spot,4640,3472,JPEG
dataset\_work\spinach_classified\spinach_n56pn9fncw\anomala\anthracnose_leaf_spot__anthracnose_leaf_spot (30).jpg,anomala,spinach_n56pn9fncw,anthracnose_leaf_spot,4640,3472,JPEG
dataset\_work\spinach_classified\spinach_n56pn9fncw\anomala\anthracnose_leaf_spot__anthracnose_leaf_spot (31).jpg,anomala,spinach_n56pn9fncw,anthracnose_leaf_spot,4640,3472,JPEG
dataset\_work\spinach_classified\spinach_n56pn9fncw\anomala\anthracnose_leaf_spot__anthracnose_leaf_spot (32).jpg,anomala,spinach_n56pn9fncw,anthracnose_leaf_spot,4640,3472,JPEG
dataset\_work\spinach_classified\spinach_n56pn9fncw\anomala\anthracnose_leaf_spot__anthracnose_leaf_spot (33).jpg,anomala,spinach_n56pn9fncw,anthracnose_leaf_spot,4640,3472,JPEG
dataset\_work\spinach_classified\spinach_n56pn9fncw\anomala\anthracnose_leaf_spot__anthracnose_leaf_spot (34).jpg,anomala,spinach_n56pn9fncw,anthracnose_leaf_spot,4640,3472,JPEG
dataset\_work\spinach_classified\spinach_n56pn9fncw\anomala\anthracnose_leaf_spot__anthracnose_leaf_spot (35).jpg,anomala,spinach_n56pn9fncw,anthracnose_leaf_spot,4640,3472,JPEG
dataset\_work\spinach_classified\spinach_n56pn9fncw\anomala\anthracnose_leaf_spot__anthracnose_leaf_spot (36).jpg,anomala,spinach_n56pn9fncw,anthracnose_leaf_spot,4640,3472,JPEG
dataset\_work\spinach_classified\spinach_n56pn9fncw\anomala\anthracnose_leaf_spot__anthracnose_leaf_spot (37).jpg,anomala,spinach_n56pn9fncw,anthracnose_leaf_spot,4640,3472,JPEG
dataset\_work\spinach_classified\spinach_n56pn9fncw\anomala\anthracnose_leaf_spot__anthracnose_leaf_spot (38).jpg,anomala,spinach_n56pn9fncw,anthracnose_leaf_spot,1440,1080,JPEG
dataset\_work\spinach_classified\spinach_n56pn9fncw\anomala\anthracnose_leaf_spot__anthracnose_leaf_spot (39).jpg,anomala,spinach_n56pn9fncw,anthracnose_leaf_spot,1440,1080,JPEG
dataset\_work\spinach_classified\spinach_n56pn9fncw\anomala\anthracnose_leaf_spot__anthracnose_leaf_spot (4).jpg,anomala,spinach_n56pn9fncw,anthracnose_leaf_spot,4640,3472,JPEG
dataset\_work\spinach_classified\spinach_n56pn9fncw\anomala\anthracnose_leaf_spot__anthracnose_leaf_spot (40).jpg,anomala,spinach_n56pn9fncw,anthracnose_leaf_spot,1440,1080,JPEG
dataset\_work\spinach_classified\spinach_n56pn9fncw\anomala\anthracnose_leaf_spot__anthracnose_leaf_spot (41).jpg,anomala,spinach_n56pn9fncw,anthracnose_leaf_spot,4640,3472,JPEG
dataset\_work\spinach_classified\spinach_n56pn9fncw\anomala\anthracnose_leaf_spot__anthracnose_leaf_spot (42).jpg,anomala,spinach_n56pn9fncw,anthracnose_leaf_spot,4640,3472,JPEG
dataset\_work\spinach_classified\spinach_n56pn9fncw\anomala\anthracnose_leaf_spot__anthracnose_leaf_spot (43).jpg,anomala,spinach_n56pn9fncw,anthracnose_leaf_spot,4640,3472,JPEG
dataset\_work\spinach_classified\spinach_n56pn9fncw\anomala\anthracnose_leaf_spot__anthracnose_leaf_spot (44).jpg,anomala,spinach_n56pn9fncw,anthracnose_leaf_spot,1440,1080,JPEG
dataset\_work\spinach_classified\spinach_n56pn9fncw\anomala\anthracnose_leaf_spot__anthracnose_leaf_spot (45).jpg,anomala,spinach_n56pn9fncw,anthracnose_leaf_spot,4640,3472,JPEG
dataset\_work\spinach_classified\spinach_n56pn9fncw\anomala\anthracnose_leaf_spot__anthracnose_leaf_spot (46).jpg,anomala,spinach_n56pn9fncw,anthracnose_leaf_spot,4640,3472,JPEG
dataset\_work\spinach_classified\spinach_n56pn9fncw\anomala\anthracnose_leaf_spot__anthracnose_leaf_spot (47).jpg,anomala,spinach_n56pn9fncw,anthracnose_leaf_spot,4640,3472,JPEG
dataset\_work\spinach_classified\spinach_n56pn9fncw\anomala\anthracnose_leaf_spot__anthracnose_leaf_spot (48).jpg,anomala,spinach_n56pn9fncw,anthracnose_leaf_spot,4640,3472,JPEG
dataset\_work\spinach_classified\spinach_n56pn9fncw\anomala\anthracnose_leaf_spot__anthracnose_leaf_spot (49).jpg,anomala,spinach_n56pn9fncw,anthracnose_leaf_spot,4640,3472,JPEG
dataset\_work\spinach_classified\spinach_n56pn9fncw\anomala\anthracnose_leaf_spot__anthracnose_leaf_spot (5).jpg,anomala,spinach_n56pn9fncw,anthracnose_leaf_spot,4640,3472,JPEG
dataset\_work\spinach_classified\spinach_n56pn9fncw\anomala\anthracnose_leaf_spot__anthracnose_leaf_spot (50).jpg,anomala,spinach_n56pn9fncw,anthracnose_leaf_spot,4640,3472,JPEG
dataset\_work\spinach_classified\spinach_n56pn9fncw\anomala\anthracnose_leaf_spot__anthracnose_leaf_spot (51).jpg,anomala,spinach_n56pn9fncw,anthracnose_leaf_spot,4640,3472,JPEG
dataset\_work\spinach_classified\spinach_n56pn9fncw\anomala\anthracnose_leaf_spot__anthracnose_leaf_spot (52).jpg,anomala,spinach_n56pn9fncw,anthracnose_leaf_spot,1440,1080,JPEG
dataset\_work\spinach_classified\spinach_n56pn9fncw\anomala\anthracnose_leaf_spot__anthracnose_leaf_spot (53).jpg,anomala,spinach_n56pn9fncw,anthracnose_leaf_spot,4640,3472,JPEG
dataset\_work\spinach_classified\spinach_n56pn9fncw\anomala\anthracnose_leaf_spot__anthracnose_leaf_spot (54).jpg,anomala,spinach_n56pn9fncw,anthracnose_leaf_spot,4640,3472,JPEG
dataset\_work\spinach_classified\spinach_n56pn9fncw\anomala\anthracnose_leaf_spot__anthracnose_leaf_spot (55).jpg,anomala,spinach_n56pn9fncw,anthracnose_leaf_spot,4640,3472,JPEG
dataset\_work\spinach_classified\spinach_n56pn9fncw\anomala\anthracnose_leaf_spot__anthracnose_leaf_spot (56).jpg,anomala,spinach_n56pn9fncw,anthracnose_leaf_spot,4640,3472,JPEG
dataset\_work\spinach_classified\spinach_n56pn9fncw\anomala\anthracnose_leaf_spot__anthracnose_leaf_spot (57).jpg,anomala,spinach_n56pn9fncw,anthracnose_leaf_spot,4640,3472,JPEG
dataset\_work\spinach_classified\spinach_n56pn9fncw\anomala\anthracnose_leaf_spot__anthracnose_leaf_spot (58).jpg,anomala,spinach_n56pn9fncw,anthracnose_leaf_spot,4640,3472,JPEG
dataset\_work\spinach_classified\spinach_n56pn9fncw\anomala\anthracnose_leaf_spot__anthracnose_leaf_spot (59).jpg,anomala,spinach_n56pn9fncw,anthracnose_leaf_spot,4640,3472,JPEG
dataset\_work\spinach_classified\spinach_n56pn9fncw\anomala\anthracnose_leaf_spot__anthracnose_leaf_spot (6).jpg,anomala,spinach_n56pn9fncw,anthracnose_leaf_spot,4640,3472,JPEG
dataset\_work\spinach_classified\spinach_n56pn9fncw\anomala\anthracnose_leaf_spot__anthracnose_leaf_spot (60).jpg,anomala,spinach_n56pn9fncw,anthracnose_leaf_spot,1440,1080,JPEG
dataset\_work\spinach_classified\spinach_n56pn9fncw\anomala\anthracnose_leaf_spot__anthracnose_leaf_spot (61).jpg,anomala,spinach_n56pn9fncw,anthracnose_leaf_spot,4640,3472,JPEG
dataset\_work\spinach_classified\spinach_n56pn9fncw\anomala\anthracnose_leaf_spot__anthracnose_leaf_spot (62).jpg,anomala,spinach_n56pn9fncw,anthracnose_leaf_spot,1440,1080,JPEG
dataset\_work\spinach_classified\spinach_n56pn9fncw\anomala\anthracnose_leaf_spot__anthracnose_leaf_spot (63).jpg,anomala,spinach_n56pn9fncw,anthracnose_leaf_spot,4640,3472,JPEG
dataset\_work\spinach_classified\spinach_n56pn9fncw\anomala\anthracnose_leaf_spot__anthracnose_leaf_spot (64).jpg,anomala,spinach_n56pn9fncw,anthracnose_leaf_spot,4640,3472,JPEG
dataset\_work\spinach_classified\spinach_n56pn9fncw\anomala\anthracnose_leaf_spot__anthracnose_leaf_spot (65).jpg,anomala,spinach_n56pn9fncw,anthracnose_leaf_spot,4640,3472,JPEG
dataset\_work\spinach_classified\spinach_n56pn9fncw\anomala\anthracnose_leaf_spot__anthracnose_leaf_spot (66).jpg,anomala,spinach_n56pn9fncw,anthracnose_leaf_spot,1440,1080,JPEG
dataset\_work\spinach_classified\spinach_n56pn9fncw\anomala\anthracnose_leaf_spot__anthracnose_leaf_spot (67).jpg,anomala,spinach_n56pn9fncw,anthracnose_leaf_spot,1440,1080,JPEG
dataset\_work\spinach_classified\spinach_n56pn9fncw\anomala\anthracnose_leaf_spot__anthracnose_leaf_spot (68).jpg,anomala,spinach_n56pn9fncw,anthracnose_leaf_spot,4640,3472,JPEG
dataset\_work\spinach_classified\spinach_n56pn9fncw\anomala\anthracnose_leaf_spot__anthracnose_leaf_spot (69).jpg,anomala,spinach_n56pn9fncw,anthracnose_leaf_spot,4640,3472,JPEG
dataset\_work\spinach_classified\spinach_n56pn9fncw\anomala\anthracnose_leaf_spot__anthracnose_leaf_spot (7).jpg,anomala,spinach_n56pn9fncw,anthracnose_leaf_spot,4640,3472,JPEG
dataset\_work\spinach_classified\spinach_n56pn9fncw\anomala\anthracnose_leaf_spot__anthracnose_leaf_spot (70).jpg,anomala,spinach_n56pn9fncw,anthracnose_leaf_spot,1440,1080,JPEG
dataset\_work\spinach_classified\spinach_n56pn9fncw\anomala\anthracnose_leaf_spot__anthracnose_leaf_spot (71).jpg,anomala,spinach_n56pn9fncw,anthracnose_leaf_spot,4640,3472,JPEG
dataset\_work\spinach_classified\spinach_n56pn9fncw\anomala\anthracnose_leaf_spot__anthracnose_leaf_spot (72).jpg,anomala,spinach_n56pn9fncw,anthracnose_leaf_spot,4640,3472,JPEG
dataset\_work\spinach_classified\spinach_n56pn9fncw\anomala\anthracnose_leaf_spot__anthracnose_leaf_spot (73).jpg,anomala,spinach_n56pn9fncw,anthracnose_leaf_spot,4640,3472,JPEG
dataset\_work\spinach_classified\spinach_n56pn9fncw\anomala\anthracnose_leaf_spot__anthracnose_leaf_spot (74).jpg,anomala,spinach_n56pn9fncw,anthracnose_leaf_spot,4640,3472,JPEG
dataset\_work\spinach_classified\spinach_n56pn9fncw\anomala\anthracnose_leaf_spot__anthracnose_leaf_spot (75).jpg,anomala,spinach_n56pn9fncw,anthracnose_leaf_spot,4640,3472,JPEG
dataset\_work\spinach_classified\spinach_n56pn9fncw\anomala\anthracnose_leaf_spot__anthracnose_leaf_spot (76).jpg,anomala,spinach_n56pn9fncw,anthracnose_leaf_spot,4640,3472,JPEG
dataset\_work\spinach_classified\spinach_n56pn9fncw\anomala\anthracnose_leaf_spot__anthracnose_leaf_spot (77).jpg,anomala,spinach_n56pn9fncw,anthracnose_leaf_spot,4640,3472,JPEG
dataset\_work\spinach_classified\spinach_n56pn9fncw\anomala\anthracnose_leaf_spot__anthracnose_leaf_spot (78).jpg,anomala,spinach_n56pn9fncw,anthracnose_leaf_spot,4640,3472,JPEG
dataset\_work\spinach_classified\spinach_n56pn9fncw\anomala\anthracnose_leaf_spot__anthracnose_leaf_spot (79).jpg,anomala,spinach_n56pn9fncw,anthracnose_leaf_spot,4640,3472,JPEG
dataset\_work\spinach_classified\spinach_n56pn9fncw\anomala\anthracnose_leaf_spot__anthracnose_leaf_spot (8).jpg,anomala,spinach_n56pn9fncw,anthracnose_leaf_spot,4640,3472,JPEG
dataset\_work\spinach_classified\spinach_n56pn9fncw\anomala\anthracnose_leaf_spot__anthracnose_leaf_spot (80).jpg,anomala,spinach_n56pn9fncw,anthracnose_leaf_spot,1440,1080,JPEG
dataset\_work\spinach_classified\spinach_n56pn9fncw\anomala\anthracnose_leaf_spot__anthracnose_leaf_spot (81).jpg,anomala,spinach_n56pn9fncw,anthracnose_leaf_spot,1440,1080,JPEG
dataset\_work\spinach_classified\spinach_n56pn9fncw\anomala\anthracnose_leaf_spot__anthracnose_leaf_spot (82).jpg,anomala,spinach_n56pn9fncw,anthracnose_leaf_spot,4640,3472,JPEG
dataset\_work\spinach_classified\spinach_n56pn9fncw\anomala\anthracnose_leaf_spot__anthracnose_leaf_spot (83).jpg,anomala,spinach_n56pn9fncw,anthracnose_leaf_spot,1440,1080,JPEG
dataset\_work\spinach_classified\spinach_n56pn9fncw\anomala\anthracnose_leaf_spot__anthracnose_leaf_spot (84).jpg,anomala,spinach_n56pn9fncw,anthracnose_leaf_spot,4640,3472,JPEG
dataset\_work\spinach_classified\spinach_n56pn9fncw\anomala\anthracnose_leaf_spot__anthracnose_leaf_spot (85).jpg,anomala,spinach_n56pn9fncw,anthracnose_leaf_spot,4640,3472,JPEG
dataset\_work\spinach_classified\spinach_n56pn9fncw\anomala\anthracnose_leaf_spot__anthracnose_leaf_spot (86).jpg,anomala,spinach_n56pn9fncw,anthracnose_leaf_spot,1440,1080,JPEG
dataset\_work\spinach_classified\spinach_n56pn9fncw\anomala\anthracnose_leaf_spot__anthracnose_leaf_spot (87).jpg,anomala,spinach_n56pn9fncw,anthracnose_leaf_spot,4640,3472,JPEG
dataset\_work\spinach_classified\spinach_n56pn9fncw\anomala\anthracnose_leaf_spot__anthracnose_leaf_spot (88).jpg,anomala,spinach_n56pn9fncw,anthracnose_leaf_spot,4640,3472,JPEG
dataset\_work\spinach_classified\spinach_n56pn9fncw\anomala\anthracnose_leaf_spot__anthracnose_leaf_spot (89).jpg,anomala,spinach_n56pn9fncw,anthracnose_leaf_spot,1440,1080,JPEG
dataset\_work\spinach_classified\spinach_n56pn9fncw\anomala\anthracnose_leaf_spot__anthracnose_leaf_spot (9).jpg,anomala,spinach_n56pn9fncw,anthracnose_leaf_spot,1440,1080,JPEG
dataset\_work\spinach_classified\spinach_n56pn9fncw\anomala\anthracnose_leaf_spot__anthracnose_leaf_spot (90).jpg,anomala,spinach_n56pn9fncw,anthracnose_leaf_spot,1440,1080,JPEG
dataset\_work\spinach_classified\spinach_n56pn9fncw\anomala\anthracnose_leaf_spot__anthracnose_leaf_spot (91).jpg,anomala,spinach_n56pn9fncw,anthracnose_leaf_spot,4640,3472,JPEG
dataset\_work\spinach_classified\spinach_n56pn9fncw\anomala\anthracnose_leaf_spot__anthracnose_leaf_spot (92).jpg,anomala,spinach_n56pn9fncw,anthracnose_leaf_spot,4640,3472,JPEG
dataset\_work\spinach_classified\spinach_n56pn9fncw\anomala\anthracnose_leaf_spot__anthracnose_leaf_spot (93).jpg,anomala,spinach_n56pn9fncw,anthracnose_leaf_spot,1440,1080,JPEG
dataset\_work\spinach_classified\spinach_n56pn9fncw\anomala\anthracnose_leaf_spot__anthracnose_leaf_spot (94).jpg,anomala,spinach_n56pn9fncw,anthracnose_leaf_spot,1440,1080,JPEG
dataset\_work\spinach_classified\spinach_n56pn9fncw\anomala\anthracnose_leaf_spot__anthracnose_leaf_spot (95).jpg,anomala,spinach_n56pn9fncw,anthracnose_leaf_spot,4640,3472,JPEG
dataset\_work\spinach_classified\spinach_n56pn9fncw\anomala\anthracnose_leaf_spot__anthracnose_leaf_spot (96).jpg,anomala,spinach_n56pn9fncw,anthracnose_leaf_spot,1440,1080,JPEG
dataset\_work\spinach_classified\spinach_n56pn9fncw\anomala\anthracnose_leaf_spot__anthracnose_leaf_spot (97).jpg,anomala,spinach_n56pn9fncw,anthracnose_leaf_spot,1440,1080,JPEG
dataset\_work\spinach_classified\spinach_n56pn9fncw\anomala\anthracnose_leaf_spot__anthracnose_leaf_spot (98).jpg,anomala,spinach_n56pn9fncw,anthracnose_leaf_spot,4640,3472,JPEG
dataset\_work\spinach_classified\spinach_n56pn9fncw\anomala\anthracnose_leaf_spot__anthracnose_leaf_spot (99).jpg,anomala,spinach_n56pn9fncw,anthracnose_leaf_spot,1440,1080,JPEG
dataset\_work\spinach_classified\spinach_n56pn9fncw\anomala\straw_mite__straw_mite (1).jpg,anomala,spinach_n56pn9fncw,straw_mite,1440,1080,JPEG
dataset\_work\spinach_classified\spinach_n56pn9fncw\anomala\straw_mite__straw_mite (10).jpg,anomala,spinach_n56pn9fncw,straw_mite,4640,3472,JPEG
dataset\_work\spinach_classified\spinach_n56pn9fncw\anomala\straw_mite__straw_mite (100).jpg,anomala,spinach_n56pn9fncw,straw_mite,4640,3472,JPEG
dataset\_work\spinach_classified\spinach_n56pn9fncw\anomala\straw_mite__straw_mite (101).jpg,anomala,spinach_n56pn9fncw,straw_mite,4640,3472,JPEG
dataset\_work\spinach_classified\spinach_n56pn9fncw\anomala\straw_mite__straw_mite (102).jpg,anomala,spinach_n56pn9fncw,straw_mite,4640,3472,JPEG
dataset\_work\spinach_classified\spinach_n56pn9fncw\anomala\straw_mite__straw_mite (103).jpg,anomala,spinach_n56pn9fncw,straw_mite,3471,4641,JPEG
dataset\_work\spinach_classified\spinach_n56pn9fncw\anomala\straw_mite__straw_mite (104).jpg,anomala,spinach_n56pn9fncw,straw_mite,4640,3472,JPEG
dataset\_work\spinach_classified\spinach_n56pn9fncw\anomala\straw_mite__straw_mite (105).jpg,anomala,spinach_n56pn9fncw,straw_mite,4640,3472,JPEG
dataset\_work\spinach_classified\spinach_n56pn9fncw\anomala\straw_mite__straw_mite (106).jpg,anomala,spinach_n56pn9fncw,straw_mite,4640,3472,JPEG
dataset\_work\spinach_classified\spinach_n56pn9fncw\anomala\straw_mite__straw_mite (107).jpg,anomala,spinach_n56pn9fncw,straw_mite,4640,3472,JPEG
dataset\_work\spinach_classified\spinach_n56pn9fncw\anomala\straw_mite__straw_mite (108).jpg,anomala,spinach_n56pn9fncw,straw_mite,4640,3472,JPEG
dataset\_work\spinach_classified\spinach_n56pn9fncw\anomala\straw_mite__straw_mite (109).jpg,anomala,spinach_n56pn9fncw,straw_mite,4640,3472,JPEG
dataset\_work\spinach_classified\spinach_n56pn9fncw\anomala\straw_mite__straw_mite (11).jpg,anomala,spinach_n56pn9fncw,straw_mite,4640,3472,JPEG
dataset\_work\spinach_classified\spinach_n56pn9fncw\anomala\straw_mite__straw_mite (110).jpg,anomala,spinach_n56pn9fncw,straw_mite,4640,3472,JPEG
dataset\_work\spinach_classified\spinach_n56pn9fncw\anomala\straw_mite__straw_mite (111).jpg,anomala,spinach_n56pn9fncw,straw_mite,4640,3472,JPEG
dataset\_work\spinach_classified\spinach_n56pn9fncw\anomala\straw_mite__straw_mite (112).jpg,anomala,spinach_n56pn9fncw,straw_mite,4640,3472,JPEG
dataset\_work\spinach_classified\spinach_n56pn9fncw\anomala\straw_mite__straw_mite (113).jpg,anomala,spinach_n56pn9fncw,straw_mite,4640,3472,JPEG
dataset\_work\spinach_classified\spinach_n56pn9fncw\anomala\straw_mite__straw_mite (114).jpg,anomala,spinach_n56pn9fncw,straw_mite,4640,3472,JPEG
dataset\_work\spinach_classified\spinach_n56pn9fncw\anomala\straw_mite__straw_mite (115).jpg,anomala,spinach_n56pn9fncw,straw_mite,4640,3472,JPEG
dataset\_work\spinach_classified\spinach_n56pn9fncw\anomala\straw_mite__straw_mite (116).jpg,anomala,spinach_n56pn9fncw,straw_mite,4640,3472,JPEG
dataset\_work\spinach_classified\spinach_n56pn9fncw\anomala\straw_mite__straw_mite (117).jpg,anomala,spinach_n56pn9fncw,straw_mite,4640,3472,JPEG
dataset\_work\spinach_classified\spinach_n56pn9fncw\anomala\straw_mite__straw_mite (118).jpg,anomala,spinach_n56pn9fncw,straw_mite,4640,3472,JPEG
dataset\_work\spinach_classified\spinach_n56pn9fncw\anomala\straw_mite__straw_mite (119).jpg,anomala,spinach_n56pn9fncw,straw_mite,1440,1080,JPEG
dataset\_work\spinach_classified\spinach_n56pn9fncw\anomala\straw_mite__straw_mite (12).jpg,anomala,spinach_n56pn9fncw,straw_mite,4640,3472,JPEG
dataset\_work\spinach_classified\spinach_n56pn9fncw\anomala\straw_mite__straw_mite (120).jpg,anomala,spinach_n56pn9fncw,straw_mite,4640,3472,JPEG
dataset\_work\spinach_classified\spinach_n56pn9fncw\anomala\straw_mite__straw_mite (121).jpg,anomala,spinach_n56pn9fncw,straw_mite,4640,3472,JPEG
dataset\_work\spinach_classified\spinach_n56pn9fncw\anomala\straw_mite__straw_mite (122).jpg,anomala,spinach_n56pn9fncw,straw_mite,4640,3472,JPEG
dataset\_work\spinach_classified\spinach_n56pn9fncw\anomala\straw_mite__straw_mite (123).jpg,anomala,spinach_n56pn9fncw,straw_mite,4640,3472,JPEG
dataset\_work\spinach_classified\spinach_n56pn9fncw\anomala\straw_mite__straw_mite (124).jpg,anomala,spinach_n56pn9fncw,straw_mite,4640,3472,JPEG
dataset\_work\spinach_classified\spinach_n56pn9fncw\anomala\straw_mite__straw_mite (125).jpg,anomala,spinach_n56pn9fncw,straw_mite,4640,3472,JPEG
dataset\_work\spinach_classified\spinach_n56pn9fncw\anomala\straw_mite__straw_mite (126).jpg,anomala,spinach_n56pn9fncw,straw_mite,4640,3472,JPEG
dataset\_work\spinach_classified\spinach_n56pn9fncw\anomala\straw_mite__straw_mite (127).jpg,anomala,spinach_n56pn9fncw,straw_mite,4640,3472,JPEG
dataset\_work\spinach_classified\spinach_n56pn9fncw\anomala\straw_mite__straw_mite (128).jpg,anomala,spinach_n56pn9fncw,straw_mite,4640,3472,JPEG
dataset\_work\spinach_classified\spinach_n56pn9fncw\anomala\straw_mite__straw_mite (129).jpg,anomala,spinach_n56pn9fncw,straw_mite,4640,3472,JPEG
dataset\_work\spinach_classified\spinach_n56pn9fncw\anomala\straw_mite__straw_mite (13).jpg,anomala,spinach_n56pn9fncw,straw_mite,4640,3472,JPEG
dataset\_work\spinach_classified\spinach_n56pn9fncw\anomala\straw_mite__straw_mite (130).jpg,anomala,spinach_n56pn9fncw,straw_mite,4640,3472,JPEG
dataset\_work\spinach_classified\spinach_n56pn9fncw\anomala\straw_mite__straw_mite (131).jpg,anomala,spinach_n56pn9fncw,straw_mite,1440,1080,JPEG
dataset\_work\spinach_classified\spinach_n56pn9fncw\anomala\straw_mite__straw_mite (132).jpg,anomala,spinach_n56pn9fncw,straw_mite,4640,3472,JPEG
dataset\_work\spinach_classified\spinach_n56pn9fncw\anomala\straw_mite__straw_mite (133).jpg,anomala,spinach_n56pn9fncw,straw_mite,4640,3472,JPEG
dataset\_work\spinach_classified\spinach_n56pn9fncw\anomala\straw_mite__straw_mite (134).jpg,anomala,spinach_n56pn9fncw,straw_mite,4640,3472,JPEG
dataset\_work\spinach_classified\spinach_n56pn9fncw\anomala\straw_mite__straw_mite (135).jpg,anomala,spinach_n56pn9fncw,straw_mite,1440,1080,JPEG
dataset\_work\spinach_classified\spinach_n56pn9fncw\anomala\straw_mite__straw_mite (136).jpg,anomala,spinach_n56pn9fncw,straw_mite,4640,3472,JPEG
dataset\_work\spinach_classified\spinach_n56pn9fncw\anomala\straw_mite__straw_mite (137).jpg,anomala,spinach_n56pn9fncw,straw_mite,4640,3472,JPEG
dataset\_work\spinach_classified\spinach_n56pn9fncw\anomala\straw_mite__straw_mite (138).jpg,anomala,spinach_n56pn9fncw,straw_mite,1440,1080,JPEG
dataset\_work\spinach_classified\spinach_n56pn9fncw\anomala\straw_mite__straw_mite (139).jpg,anomala,spinach_n56pn9fncw,straw_mite,4640,3472,JPEG
dataset\_work\spinach_classified\spinach_n56pn9fncw\anomala\straw_mite__straw_mite (14).jpg,anomala,spinach_n56pn9fncw,straw_mite,4640,3472,JPEG
dataset\_work\spinach_classified\spinach_n56pn9fncw\anomala\straw_mite__straw_mite (140).jpg,anomala,spinach_n56pn9fncw,straw_mite,4640,3472,JPEG
dataset\_work\spinach_classified\spinach_n56pn9fncw\anomala\straw_mite__straw_mite (141).jpg,anomala,spinach_n56pn9fncw,straw_mite,4640,3472,JPEG
dataset\_work\spinach_classified\spinach_n56pn9fncw\anomala\straw_mite__straw_mite (142).jpg,anomala,spinach_n56pn9fncw,straw_mite,4640,3472,JPEG
dataset\_work\spinach_classified\spinach_n56pn9fncw\anomala\straw_mite__straw_mite (143).jpg,anomala,spinach_n56pn9fncw,straw_mite,4640,3472,JPEG
dataset\_work\spinach_classified\spinach_n56pn9fncw\anomala\straw_mite__straw_mite (144).jpg,anomala,spinach_n56pn9fncw,straw_mite,4640,3472,JPEG
dataset\_work\spinach_classified\spinach_n56pn9fncw\anomala\straw_mite__straw_mite (145).jpg,anomala,spinach_n56pn9fncw,straw_mite,4640,3472,JPEG
dataset\_work\spinach_classified\spinach_n56pn9fncw\anomala\straw_mite__straw_mite (146).jpg,anomala,spinach_n56pn9fncw,straw_mite,1440,1080,JPEG
dataset\_work\spinach_classified\spinach_n56pn9fncw\anomala\straw_mite__straw_mite (147).jpg,anomala,spinach_n56pn9fncw,straw_mite,4640,3472,JPEG
dataset\_work\spinach_classified\spinach_n56pn9fncw\anomala\straw_mite__straw_mite (148).jpg,anomala,spinach_n56pn9fncw,straw_mite,4640,3472,JPEG
dataset\_work\spinach_classified\spinach_n56pn9fncw\anomala\straw_mite__straw_mite (149).jpg,anomala,spinach_n56pn9fncw,straw_mite,4640,3472,JPEG
dataset\_work\spinach_classified\spinach_n56pn9fncw\anomala\straw_mite__straw_mite (15).jpg,anomala,spinach_n56pn9fncw,straw_mite,4640,3472,JPEG
dataset\_work\spinach_classified\spinach_n56pn9fncw\anomala\straw_mite__straw_mite (150).jpg,anomala,spinach_n56pn9fncw,straw_mite,1440,1080,JPEG
dataset\_work\spinach_classified\spinach_n56pn9fncw\anomala\straw_mite__straw_mite (151).jpg,anomala,spinach_n56pn9fncw,straw_mite,4640,3472,JPEG
dataset\_work\spinach_classified\spinach_n56pn9fncw\anomala\straw_mite__straw_mite (152).jpg,anomala,spinach_n56pn9fncw,straw_mite,4640,3472,JPEG
dataset\_work\spinach_classified\spinach_n56pn9fncw\anomala\straw_mite__straw_mite (153).jpg,anomala,spinach_n56pn9fncw,straw_mite,4640,3472,JPEG
dataset\_work\spinach_classified\spinach_n56pn9fncw\anomala\straw_mite__straw_mite (154).jpg,anomala,spinach_n56pn9fncw,straw_mite,4640,3472,JPEG
dataset\_work\spinach_classified\spinach_n56pn9fncw\anomala\straw_mite__straw_mite (155).jpg,anomala,spinach_n56pn9fncw,straw_mite,4640,3472,JPEG
dataset\_work\spinach_classified\spinach_n56pn9fncw\anomala\straw_mite__straw_mite (156).jpg,anomala,spinach_n56pn9fncw,straw_mite,4640,3472,JPEG
dataset\_work\spinach_classified\spinach_n56pn9fncw\anomala\straw_mite__straw_mite (157).jpg,anomala,spinach_n56pn9fncw,straw_mite,4640,3472,JPEG
dataset\_work\spinach_classified\spinach_n56pn9fncw\anomala\straw_mite__straw_mite (158).jpg,anomala,spinach_n56pn9fncw,straw_mite,4640,3472,JPEG
dataset\_work\spinach_classified\spinach_n56pn9fncw\anomala\straw_mite__straw_mite (159).jpg,anomala,spinach_n56pn9fncw,straw_mite,4640,3472,JPEG
dataset\_work\spinach_classified\spinach_n56pn9fncw\anomala\straw_mite__straw_mite (16).jpg,anomala,spinach_n56pn9fncw,straw_mite,4640,3472,JPEG
dataset\_work\spinach_classified\spinach_n56pn9fncw\anomala\straw_mite__straw_mite (160).jpg,anomala,spinach_n56pn9fncw,straw_mite,4640,3472,JPEG
dataset\_work\spinach_classified\spinach_n56pn9fncw\anomala\straw_mite__straw_mite (161).jpg,anomala,spinach_n56pn9fncw,straw_mite,4640,3472,JPEG
dataset\_work\spinach_classified\spinach_n56pn9fncw\anomala\straw_mite__straw_mite (162).jpg,anomala,spinach_n56pn9fncw,straw_mite,4640,3472,JPEG
dataset\_work\spinach_classified\spinach_n56pn9fncw\anomala\straw_mite__straw_mite (163).jpg,anomala,spinach_n56pn9fncw,straw_mite,4640,3472,JPEG
dataset\_work\spinach_classified\spinach_n56pn9fncw\anomala\straw_mite__straw_mite (164).jpg,anomala,spinach_n56pn9fncw,straw_mite,4640,3472,JPEG
dataset\_work\spinach_classified\spinach_n56pn9fncw\anomala\straw_mite__straw_mite (165).jpg,anomala,spinach_n56pn9fncw,straw_mite,4640,3472,JPEG
dataset\_work\spinach_classified\spinach_n56pn9fncw\anomala\straw_mite__straw_mite (166).jpg,anomala,spinach_n56pn9fncw,straw_mite,1440,1080,JPEG
dataset\_work\spinach_classified\spinach_n56pn9fncw\anomala\straw_mite__straw_mite (167).jpg,anomala,spinach_n56pn9fncw,straw_mite,4640,3472,JPEG
dataset\_work\spinach_classified\spinach_n56pn9fncw\anomala\straw_mite__straw_mite (168).jpg,anomala,spinach_n56pn9fncw,straw_mite,4640,3472,JPEG
dataset\_work\spinach_classified\spinach_n56pn9fncw\anomala\straw_mite__straw_mite (169).jpg,anomala,spinach_n56pn9fncw,straw_mite,4640,3472,JPEG
dataset\_work\spinach_classified\spinach_n56pn9fncw\anomala\straw_mite__straw_mite (17).jpg,anomala,spinach_n56pn9fncw,straw_mite,4640,3472,JPEG
dataset\_work\spinach_classified\spinach_n56pn9fncw\anomala\straw_mite__straw_mite (170).jpg,anomala,spinach_n56pn9fncw,straw_mite,4640,3472,JPEG
dataset\_work\spinach_classified\spinach_n56pn9fncw\anomala\straw_mite__straw_mite (171).jpg,anomala,spinach_n56pn9fncw,straw_mite,4640,3472,JPEG
dataset\_work\spinach_classified\spinach_n56pn9fncw\anomala\straw_mite__straw_mite (172).jpg,anomala,spinach_n56pn9fncw,straw_mite,4640,3472,JPEG
dataset\_work\spinach_classified\spinach_n56pn9fncw\anomala\straw_mite__straw_mite (173).jpg,anomala,spinach_n56pn9fncw,straw_mite,1440,1080,JPEG
dataset\_work\spinach_classified\spinach_n56pn9fncw\anomala\straw_mite__straw_mite (174).jpg,anomala,spinach_n56pn9fncw,straw_mite,4640,3472,JPEG
dataset\_work\spinach_classified\spinach_n56pn9fncw\anomala\straw_mite__straw_mite (175).jpg,anomala,spinach_n56pn9fncw,straw_mite,4640,3472,JPEG
dataset\_work\spinach_classified\spinach_n56pn9fncw\anomala\straw_mite__straw_mite (176).jpg,anomala,spinach_n56pn9fncw,straw_mite,4640,3472,JPEG
dataset\_work\spinach_classified\spinach_n56pn9fncw\anomala\straw_mite__straw_mite (177).jpg,anomala,spinach_n56pn9fncw,straw_mite,4640,3472,JPEG
dataset\_work\spinach_classified\spinach_n56pn9fncw\anomala\straw_mite__straw_mite (178).jpg,anomala,spinach_n56pn9fncw,straw_mite,4640,3472,JPEG
dataset\_work\spinach_classified\spinach_n56pn9fncw\anomala\straw_mite__straw_mite (179).jpg,anomala,spinach_n56pn9fncw,straw_mite,4640,3472,JPEG
dataset\_work\spinach_classified\spinach_n56pn9fncw\anomala\straw_mite__straw_mite (18).jpg,anomala,spinach_n56pn9fncw,straw_mite,4640,3472,JPEG
dataset\_work\spinach_classified\spinach_n56pn9fncw\anomala\straw_mite__straw_mite (180).jpg,anomala,spinach_n56pn9fncw,straw_mite,1440,1080,JPEG
dataset\_work\spinach_classified\spinach_n56pn9fncw\anomala\straw_mite__straw_mite (181).jpg,anomala,spinach_n56pn9fncw,straw_mite,4640,3472,JPEG
dataset\_work\spinach_classified\spinach_n56pn9fncw\anomala\straw_mite__straw_mite (182).jpg,anomala,spinach_n56pn9fncw,straw_mite,4640,3472,JPEG
dataset\_work\spinach_classified\spinach_n56pn9fncw\anomala\straw_mite__straw_mite (183).jpg,anomala,spinach_n56pn9fncw,straw_mite,4640,3472,JPEG
dataset\_work\spinach_classified\spinach_n56pn9fncw\anomala\straw_mite__straw_mite (184).jpg,anomala,spinach_n56pn9fncw,straw_mite,4640,3472,JPEG
dataset\_work\spinach_classified\spinach_n56pn9fncw\anomala\straw_mite__straw_mite (185).jpg,anomala,spinach_n56pn9fncw,straw_mite,4640,3472,JPEG
dataset\_work\spinach_classified\spinach_n56pn9fncw\anomala\straw_mite__straw_mite (186).jpg,anomala,spinach_n56pn9fncw,straw_mite,4640,3472,JPEG
dataset\_work\spinach_classified\spinach_n56pn9fncw\anomala\straw_mite__straw_mite (187).jpg,anomala,spinach_n56pn9fncw,straw_mite,4640,3472,JPEG
dataset\_work\spinach_classified\spinach_n56pn9fncw\anomala\straw_mite__straw_mite (188).jpg,anomala,spinach_n56pn9fncw,straw_mite,4640,3472,JPEG
dataset\_work\spinach_classified\spinach_n56pn9fncw\anomala\straw_mite__straw_mite (189).jpg,anomala,spinach_n56pn9fncw,straw_mite,4640,3472,JPEG
dataset\_work\spinach_classified\spinach_n56pn9fncw\anomala\straw_mite__straw_mite (19).jpg,anomala,spinach_n56pn9fncw,straw_mite,4640,3472,JPEG
dataset\_work\spinach_classified\spinach_n56pn9fncw\anomala\straw_mite__straw_mite (190).jpg,anomala,spinach_n56pn9fncw,straw_mite,1440,1080,JPEG
dataset\_work\spinach_classified\spinach_n56pn9fncw\anomala\straw_mite__straw_mite (191).jpg,anomala,spinach_n56pn9fncw,straw_mite,1440,1080,JPEG
dataset\_work\spinach_classified\spinach_n56pn9fncw\anomala\straw_mite__straw_mite (192).jpg,anomala,spinach_n56pn9fncw,straw_mite,1440,1080,JPEG
dataset\_work\spinach_classified\spinach_n56pn9fncw\anomala\straw_mite__straw_mite (193).jpg,anomala,spinach_n56pn9fncw,straw_mite,1440,1080,JPEG
dataset\_work\spinach_classified\spinach_n56pn9fncw\anomala\straw_mite__straw_mite (194).jpg,anomala,spinach_n56pn9fncw,straw_mite,1440,1080,JPEG
dataset\_work\spinach_classified\spinach_n56pn9fncw\anomala\straw_mite__straw_mite (195).jpg,anomala,spinach_n56pn9fncw,straw_mite,1440,1080,JPEG
dataset\_work\spinach_classified\spinach_n56pn9fncw\anomala\straw_mite__straw_mite (196).jpg,anomala,spinach_n56pn9fncw,straw_mite,1440,1080,JPEG
dataset\_work\spinach_classified\spinach_n56pn9fncw\anomala\straw_mite__straw_mite (197).jpg,anomala,spinach_n56pn9fncw,straw_mite,1440,1080,JPEG
dataset\_work\spinach_classified\spinach_n56pn9fncw\anomala\straw_mite__straw_mite (198).jpg,anomala,spinach_n56pn9fncw,straw_mite,4640,3472,JPEG
dataset\_work\spinach_classified\spinach_n56pn9fncw\anomala\straw_mite__straw_mite (199).jpg,anomala,spinach_n56pn9fncw,straw_mite,4640,3472,JPEG
dataset\_work\spinach_classified\spinach_n56pn9fncw\anomala\straw_mite__straw_mite (2).jpg,anomala,spinach_n56pn9fncw,straw_mite,1440,1080,JPEG
dataset\_work\spinach_classified\spinach_n56pn9fncw\anomala\straw_mite__straw_mite (20).jpg,anomala,spinach_n56pn9fncw,straw_mite,4640,3472,JPEG
dataset\_work\spinach_classified\spinach_n56pn9fncw\anomala\straw_mite__straw_mite (200).jpg,anomala,spinach_n56pn9fncw,straw_mite,4640,3472,JPEG
dataset\_work\spinach_classified\spinach_n56pn9fncw\anomala\straw_mite__straw_mite (201).jpg,anomala,spinach_n56pn9fncw,straw_mite,4640,3472,JPEG
dataset\_work\spinach_classified\spinach_n56pn9fncw\anomala\straw_mite__straw_mite (202).jpg,anomala,spinach_n56pn9fncw,straw_mite,4640,3472,JPEG
dataset\_work\spinach_classified\spinach_n56pn9fncw\anomala\straw_mite__straw_mite (203).jpg,anomala,spinach_n56pn9fncw,straw_mite,4640,3472,JPEG
dataset\_work\spinach_classified\spinach_n56pn9fncw\anomala\straw_mite__straw_mite (204).jpg,anomala,spinach_n56pn9fncw,straw_mite,4640,3472,JPEG
dataset\_work\spinach_classified\spinach_n56pn9fncw\anomala\straw_mite__straw_mite (205).jpg,anomala,spinach_n56pn9fncw,straw_mite,1440,1080,JPEG
dataset\_work\spinach_classified\spinach_n56pn9fncw\anomala\straw_mite__straw_mite (206).jpg,anomala,spinach_n56pn9fncw,straw_mite,4640,3472,JPEG
dataset\_work\spinach_classified\spinach_n56pn9fncw\anomala\straw_mite__straw_mite (207).jpg,anomala,spinach_n56pn9fncw,straw_mite,4640,3472,JPEG
dataset\_work\spinach_classified\spinach_n56pn9fncw\anomala\straw_mite__straw_mite (208).jpg,anomala,spinach_n56pn9fncw,straw_mite,4640,3472,JPEG
dataset\_work\spinach_classified\spinach_n56pn9fncw\anomala\straw_mite__straw_mite (209).jpg,anomala,spinach_n56pn9fncw,straw_mite,4640,3472,JPEG
dataset\_work\spinach_classified\spinach_n56pn9fncw\anomala\straw_mite__straw_mite (21).jpg,anomala,spinach_n56pn9fncw,straw_mite,4640,3472,JPEG
dataset\_work\spinach_classified\spinach_n56pn9fncw\anomala\straw_mite__straw_mite (210).jpg,anomala,spinach_n56pn9fncw,straw_mite,4640,3472,JPEG
dataset\_work\spinach_classified\spinach_n56pn9fncw\anomala\straw_mite__straw_mite (211).jpg,anomala,spinach_n56pn9fncw,straw_mite,4640,3472,JPEG
dataset\_work\spinach_classified\spinach_n56pn9fncw\anomala\straw_mite__straw_mite (212).jpg,anomala,spinach_n56pn9fncw,straw_mite,4640,3472,JPEG
dataset\_work\spinach_classified\spinach_n56pn9fncw\anomala\straw_mite__straw_mite (213).jpg,anomala,spinach_n56pn9fncw,straw_mite,4640,3472,JPEG
dataset\_work\spinach_classified\spinach_n56pn9fncw\anomala\straw_mite__straw_mite (214).jpg,anomala,spinach_n56pn9fncw,straw_mite,4640,3472,JPEG
dataset\_work\spinach_classified\spinach_n56pn9fncw\anomala\straw_mite__straw_mite (215).jpg,anomala,spinach_n56pn9fncw,straw_mite,4640,3472,JPEG
dataset\_work\spinach_classified\spinach_n56pn9fncw\anomala\straw_mite__straw_mite (216).jpg,anomala,spinach_n56pn9fncw,straw_mite,4640,3472,JPEG
dataset\_work\spinach_classified\spinach_n56pn9fncw\anomala\straw_mite__straw_mite (217).jpg,anomala,spinach_n56pn9fncw,straw_mite,4640,3472,JPEG
dataset\_work\spinach_classified\spinach_n56pn9fncw\anomala\straw_mite__straw_mite (218).jpg,anomala,spinach_n56pn9fncw,straw_mite,4640,3472,JPEG
dataset\_work\spinach_classified\spinach_n56pn9fncw\anomala\straw_mite__straw_mite (219).jpg,anomala,spinach_n56pn9fncw,straw_mite,1440,1080,JPEG
dataset\_work\spinach_classified\spinach_n56pn9fncw\anomala\straw_mite__straw_mite (22).jpg,anomala,spinach_n56pn9fncw,straw_mite,4640,3472,JPEG
dataset\_work\spinach_classified\spinach_n56pn9fncw\anomala\straw_mite__straw_mite (220).jpg,anomala,spinach_n56pn9fncw,straw_mite,4640,3472,JPEG
dataset\_work\spinach_classified\spinach_n56pn9fncw\anomala\straw_mite__straw_mite (221).jpg,anomala,spinach_n56pn9fncw,straw_mite,1440,1080,JPEG
dataset\_work\spinach_classified\spinach_n56pn9fncw\anomala\straw_mite__straw_mite (222).jpg,anomala,spinach_n56pn9fncw,straw_mite,4640,3472,JPEG
dataset\_work\spinach_classified\spinach_n56pn9fncw\anomala\straw_mite__straw_mite (223).jpg,anomala,spinach_n56pn9fncw,straw_mite,4640,3472,JPEG
dataset\_work\spinach_classified\spinach_n56pn9fncw\anomala\straw_mite__straw_mite (224).jpg,anomala,spinach_n56pn9fncw,straw_mite,4640,3472,JPEG
dataset\_work\spinach_classified\spinach_n56pn9fncw\anomala\straw_mite__straw_mite (225).jpg,anomala,spinach_n56pn9fncw,straw_mite,1440,1080,JPEG
dataset\_work\spinach_classified\spinach_n56pn9fncw\anomala\straw_mite__straw_mite (226).jpg,anomala,spinach_n56pn9fncw,straw_mite,4640,3472,JPEG
dataset\_work\spinach_classified\spinach_n56pn9fncw\anomala\straw_mite__straw_mite (227).jpg,anomala,spinach_n56pn9fncw,straw_mite,4640,3472,JPEG
dataset\_work\spinach_classified\spinach_n56pn9fncw\anomala\straw_mite__straw_mite (228).jpg,anomala,spinach_n56pn9fncw,straw_mite,4640,3472,JPEG
dataset\_work\spinach_classified\spinach_n56pn9fncw\anomala\straw_mite__straw_mite (229).jpg,anomala,spinach_n56pn9fncw,straw_mite,4640,3472,JPEG
dataset\_work\spinach_classified\spinach_n56pn9fncw\anomala\straw_mite__straw_mite (23).jpg,anomala,spinach_n56pn9fncw,straw_mite,1440,1080,JPEG
dataset\_work\spinach_classified\spinach_n56pn9fncw\anomala\straw_mite__straw_mite (230).jpg,anomala,spinach_n56pn9fncw,straw_mite,1440,1080,JPEG
dataset\_work\spinach_classified\spinach_n56pn9fncw\anomala\straw_mite__straw_mite (231).jpg,anomala,spinach_n56pn9fncw,straw_mite,4640,3472,JPEG
dataset\_work\spinach_classified\spinach_n56pn9fncw\anomala\straw_mite__straw_mite (232).jpg,anomala,spinach_n56pn9fncw,straw_mite,4640,3472,JPEG
dataset\_work\spinach_classified\spinach_n56pn9fncw\anomala\straw_mite__straw_mite (233).jpg,anomala,spinach_n56pn9fncw,straw_mite,4640,3472,JPEG
dataset\_work\spinach_classified\spinach_n56pn9fncw\anomala\straw_mite__straw_mite (234).jpg,anomala,spinach_n56pn9fncw,straw_mite,1440,1080,JPEG
dataset\_work\spinach_classified\spinach_n56pn9fncw\anomala\straw_mite__straw_mite (235).jpg,anomala,spinach_n56pn9fncw,straw_mite,4640,3472,JPEG
dataset\_work\spinach_classified\spinach_n56pn9fncw\anomala\straw_mite__straw_mite (236).jpg,anomala,spinach_n56pn9fncw,straw_mite,1440,1080,JPEG
dataset\_work\spinach_classified\spinach_n56pn9fncw\anomala\straw_mite__straw_mite (237).jpg,anomala,spinach_n56pn9fncw,straw_mite,4640,3472,JPEG
dataset\_work\spinach_classified\spinach_n56pn9fncw\anomala\straw_mite__straw_mite (238).jpg,anomala,spinach_n56pn9fncw,straw_mite,4640,3472,JPEG
dataset\_work\spinach_classified\spinach_n56pn9fncw\anomala\straw_mite__straw_mite (239).jpg,anomala,spinach_n56pn9fncw,straw_mite,1440,1080,JPEG
dataset\_work\spinach_classified\spinach_n56pn9fncw\anomala\straw_mite__straw_mite (24).jpg,anomala,spinach_n56pn9fncw,straw_mite,4640,3472,JPEG
dataset\_work\spinach_classified\spinach_n56pn9fncw\anomala\straw_mite__straw_mite (25).jpg,anomala,spinach_n56pn9fncw,straw_mite,4640,3472,JPEG
dataset\_work\spinach_classified\spinach_n56pn9fncw\anomala\straw_mite__straw_mite (26).jpg,anomala,spinach_n56pn9fncw,straw_mite,1440,1080,JPEG
dataset\_work\spinach_classified\spinach_n56pn9fncw\anomala\straw_mite__straw_mite (27).jpg,anomala,spinach_n56pn9fncw,straw_mite,1440,1080,JPEG
dataset\_work\spinach_classified\spinach_n56pn9fncw\anomala\straw_mite__straw_mite (28).jpg,anomala,spinach_n56pn9fncw,straw_mite,1440,1080,JPEG
dataset\_work\spinach_classified\spinach_n56pn9fncw\anomala\straw_mite__straw_mite (29).jpg,anomala,spinach_n56pn9fncw,straw_mite,4640,3472,JPEG
dataset\_work\spinach_classified\spinach_n56pn9fncw\anomala\straw_mite__straw_mite (3).jpg,anomala,spinach_n56pn9fncw,straw_mite,4640,3472,JPEG
dataset\_work\spinach_classified\spinach_n56pn9fncw\anomala\straw_mite__straw_mite (30).jpg,anomala,spinach_n56pn9fncw,straw_mite,4640,3472,JPEG
dataset\_work\spinach_classified\spinach_n56pn9fncw\anomala\straw_mite__straw_mite (31).jpg,anomala,spinach_n56pn9fncw,straw_mite,4640,3472,JPEG
dataset\_work\spinach_classified\spinach_n56pn9fncw\anomala\straw_mite__straw_mite (32).jpg,anomala,spinach_n56pn9fncw,straw_mite,4640,3472,JPEG
dataset\_work\spinach_classified\spinach_n56pn9fncw\anomala\straw_mite__straw_mite (33).jpg,anomala,spinach_n56pn9fncw,straw_mite,4640,3472,JPEG
dataset\_work\spinach_classified\spinach_n56pn9fncw\anomala\straw_mite__straw_mite (34).jpg,anomala,spinach_n56pn9fncw,straw_mite,1440,1080,JPEG
dataset\_work\spinach_classified\spinach_n56pn9fncw\anomala\straw_mite__straw_mite (35).jpg,anomala,spinach_n56pn9fncw,straw_mite,4640,3472,JPEG
dataset\_work\spinach_classified\spinach_n56pn9fncw\anomala\straw_mite__straw_mite (36).jpg,anomala,spinach_n56pn9fncw,straw_mite,1440,1080,JPEG
dataset\_work\spinach_classified\spinach_n56pn9fncw\anomala\straw_mite__straw_mite (37).jpg,anomala,spinach_n56pn9fncw,straw_mite,1440,1080,JPEG
dataset\_work\spinach_classified\spinach_n56pn9fncw\anomala\straw_mite__straw_mite (38).jpg,anomala,spinach_n56pn9fncw,straw_mite,4640,3472,JPEG
dataset\_work\spinach_classified\spinach_n56pn9fncw\anomala\straw_mite__straw_mite (39).jpg,anomala,spinach_n56pn9fncw,straw_mite,4640,3472,JPEG
dataset\_work\spinach_classified\spinach_n56pn9fncw\anomala\straw_mite__straw_mite (4).jpg,anomala,spinach_n56pn9fncw,straw_mite,4640,3472,JPEG
dataset\_work\spinach_classified\spinach_n56pn9fncw\anomala\straw_mite__straw_mite (40).jpg,anomala,spinach_n56pn9fncw,straw_mite,4640,3472,JPEG
dataset\_work\spinach_classified\spinach_n56pn9fncw\anomala\straw_mite__straw_mite (41).jpg,anomala,spinach_n56pn9fncw,straw_mite,1440,1080,JPEG
dataset\_work\spinach_classified\spinach_n56pn9fncw\anomala\straw_mite__straw_mite (42).jpg,anomala,spinach_n56pn9fncw,straw_mite,1440,1080,JPEG
dataset\_work\spinach_classified\spinach_n56pn9fncw\anomala\straw_mite__straw_mite (43).jpg,anomala,spinach_n56pn9fncw,straw_mite,4640,3472,JPEG
dataset\_work\spinach_classified\spinach_n56pn9fncw\anomala\straw_mite__straw_mite (44).jpg,anomala,spinach_n56pn9fncw,straw_mite,4640,3472,JPEG
dataset\_work\spinach_classified\spinach_n56pn9fncw\anomala\straw_mite__straw_mite (45).jpg,anomala,spinach_n56pn9fncw,straw_mite,4640,3472,JPEG
dataset\_work\spinach_classified\spinach_n56pn9fncw\anomala\straw_mite__straw_mite (46).jpg,anomala,spinach_n56pn9fncw,straw_mite,4640,3472,JPEG
dataset\_work\spinach_classified\spinach_n56pn9fncw\anomala\straw_mite__straw_mite (47).jpg,anomala,spinach_n56pn9fncw,straw_mite,4640,3472,JPEG
dataset\_work\spinach_classified\spinach_n56pn9fncw\anomala\straw_mite__straw_mite (48).jpg,anomala,spinach_n56pn9fncw,straw_mite,4640,3472,JPEG
dataset\_work\spinach_classified\spinach_n56pn9fncw\anomala\straw_mite__straw_mite (49).jpg,anomala,spinach_n56pn9fncw,straw_mite,4640,3472,JPEG
dataset\_work\spinach_classified\spinach_n56pn9fncw\anomala\straw_mite__straw_mite (5).jpg,anomala,spinach_n56pn9fncw,straw_mite,4640,3472,JPEG
dataset\_work\spinach_classified\spinach_n56pn9fncw\anomala\straw_mite__straw_mite (50).jpg,anomala,spinach_n56pn9fncw,straw_mite,4640,3472,JPEG
dataset\_work\spinach_classified\spinach_n56pn9fncw\anomala\straw_mite__straw_mite (51).jpg,anomala,spinach_n56pn9fncw,straw_mite,4640,3472,JPEG
dataset\_work\spinach_classified\spinach_n56pn9fncw\anomala\straw_mite__straw_mite (52).jpg,anomala,spinach_n56pn9fncw,straw_mite,4640,3472,JPEG
dataset\_work\spinach_classified\spinach_n56pn9fncw\anomala\straw_mite__straw_mite (53).jpg,anomala,spinach_n56pn9fncw,straw_mite,4640,3472,JPEG
dataset\_work\spinach_classified\spinach_n56pn9fncw\anomala\straw_mite__straw_mite (54).jpg,anomala,spinach_n56pn9fncw,straw_mite,4640,3472,JPEG
dataset\_work\spinach_classified\spinach_n56pn9fncw\anomala\straw_mite__straw_mite (55).jpg,anomala,spinach_n56pn9fncw,straw_mite,4640,3472,JPEG
dataset\_work\spinach_classified\spinach_n56pn9fncw\anomala\straw_mite__straw_mite (56).jpg,anomala,spinach_n56pn9fncw,straw_mite,4640,3472,JPEG
dataset\_work\spinach_classified\spinach_n56pn9fncw\anomala\straw_mite__straw_mite (57).jpg,anomala,spinach_n56pn9fncw,straw_mite,1440,1080,JPEG
dataset\_work\spinach_classified\spinach_n56pn9fncw\anomala\straw_mite__straw_mite (58).jpg,anomala,spinach_n56pn9fncw,straw_mite,4640,3472,JPEG
dataset\_work\spinach_classified\spinach_n56pn9fncw\anomala\straw_mite__straw_mite (59).jpg,anomala,spinach_n56pn9fncw,straw_mite,4640,3472,JPEG
dataset\_work\spinach_classified\spinach_n56pn9fncw\anomala\straw_mite__straw_mite (6).jpg,anomala,spinach_n56pn9fncw,straw_mite,4640,3472,JPEG
dataset\_work\spinach_classified\spinach_n56pn9fncw\anomala\straw_mite__straw_mite (60).jpg,anomala,spinach_n56pn9fncw,straw_mite,4640,3472,JPEG
dataset\_work\spinach_classified\spinach_n56pn9fncw\anomala\straw_mite__straw_mite (61).jpg,anomala,spinach_n56pn9fncw,straw_mite,4640,3472,JPEG
dataset\_work\spinach_classified\spinach_n56pn9fncw\anomala\straw_mite__straw_mite (62).jpg,anomala,spinach_n56pn9fncw,straw_mite,1440,1080,JPEG
dataset\_work\spinach_classified\spinach_n56pn9fncw\anomala\straw_mite__straw_mite (63).jpg,anomala,spinach_n56pn9fncw,straw_mite,4640,3472,JPEG
dataset\_work\spinach_classified\spinach_n56pn9fncw\anomala\straw_mite__straw_mite (64).jpg,anomala,spinach_n56pn9fncw,straw_mite,1440,1080,JPEG
dataset\_work\spinach_classified\spinach_n56pn9fncw\anomala\straw_mite__straw_mite (65).jpg,anomala,spinach_n56pn9fncw,straw_mite,4640,3472,JPEG
dataset\_work\spinach_classified\spinach_n56pn9fncw\anomala\straw_mite__straw_mite (66).jpg,anomala,spinach_n56pn9fncw,straw_mite,4640,3472,JPEG
dataset\_work\spinach_classified\spinach_n56pn9fncw\anomala\straw_mite__straw_mite (67).jpg,anomala,spinach_n56pn9fncw,straw_mite,4640,3472,JPEG
dataset\_work\spinach_classified\spinach_n56pn9fncw\anomala\straw_mite__straw_mite (68).jpg,anomala,spinach_n56pn9fncw,straw_mite,4640,3472,JPEG
dataset\_work\spinach_classified\spinach_n56pn9fncw\anomala\straw_mite__straw_mite (69).jpg,anomala,spinach_n56pn9fncw,straw_mite,1440,1080,JPEG
dataset\_work\spinach_classified\spinach_n56pn9fncw\anomala\straw_mite__straw_mite (7).jpg,anomala,spinach_n56pn9fncw,straw_mite,1440,1080,JPEG
dataset\_work\spinach_classified\spinach_n56pn9fncw\anomala\straw_mite__straw_mite (70).jpg,anomala,spinach_n56pn9fncw,straw_mite,4640,3472,JPEG
dataset\_work\spinach_classified\spinach_n56pn9fncw\anomala\straw_mite__straw_mite (71).jpg,anomala,spinach_n56pn9fncw,straw_mite,4640,3472,JPEG
dataset\_work\spinach_classified\spinach_n56pn9fncw\anomala\straw_mite__straw_mite (72).jpg,anomala,spinach_n56pn9fncw,straw_mite,4640,3472,JPEG
dataset\_work\spinach_classified\spinach_n56pn9fncw\anomala\straw_mite__straw_mite (73).jpg,anomala,spinach_n56pn9fncw,straw_mite,4640,3472,JPEG
dataset\_work\spinach_classified\spinach_n56pn9fncw\anomala\straw_mite__straw_mite (74).jpg,anomala,spinach_n56pn9fncw,straw_mite,4640,3472,JPEG
dataset\_work\spinach_classified\spinach_n56pn9fncw\anomala\straw_mite__straw_mite (75).jpg,anomala,spinach_n56pn9fncw,straw_mite,4640,3472,JPEG
dataset\_work\spinach_classified\spinach_n56pn9fncw\anomala\straw_mite__straw_mite (76).jpg,anomala,spinach_n56pn9fncw,straw_mite,1440,1080,JPEG
dataset\_work\spinach_classified\spinach_n56pn9fncw\anomala\straw_mite__straw_mite (77).jpg,anomala,spinach_n56pn9fncw,straw_mite,1440,1080,JPEG
dataset\_work\spinach_classified\spinach_n56pn9fncw\anomala\straw_mite__straw_mite (78).jpg,anomala,spinach_n56pn9fncw,straw_mite,4640,3472,JPEG
dataset\_work\spinach_classified\spinach_n56pn9fncw\anomala\straw_mite__straw_mite (79).jpg,anomala,spinach_n56pn9fncw,straw_mite,1440,1080,JPEG
dataset\_work\spinach_classified\spinach_n56pn9fncw\anomala\straw_mite__straw_mite (8).jpg,anomala,spinach_n56pn9fncw,straw_mite,4640,3472,JPEG
dataset\_work\spinach_classified\spinach_n56pn9fncw\anomala\straw_mite__straw_mite (80).jpg,anomala,spinach_n56pn9fncw,straw_mite,4640,3472,JPEG
dataset\_work\spinach_classified\spinach_n56pn9fncw\anomala\straw_mite__straw_mite (81).jpg,anomala,spinach_n56pn9fncw,straw_mite,1440,1080,JPEG
dataset\_work\spinach_classified\spinach_n56pn9fncw\anomala\straw_mite__straw_mite (82).jpg,anomala,spinach_n56pn9fncw,straw_mite,1440,1080,JPEG
dataset\_work\spinach_classified\spinach_n56pn9fncw\anomala\straw_mite__straw_mite (83).jpg,anomala,spinach_n56pn9fncw,straw_mite,1440,1080,JPEG
dataset\_work\spinach_classified\spinach_n56pn9fncw\anomala\straw_mite__straw_mite (84).jpg,anomala,spinach_n56pn9fncw,straw_mite,4640,3472,JPEG
dataset\_work\spinach_classified\spinach_n56pn9fncw\anomala\straw_mite__straw_mite (85).jpg,anomala,spinach_n56pn9fncw,straw_mite,4640,3472,JPEG
dataset\_work\spinach_classified\spinach_n56pn9fncw\anomala\straw_mite__straw_mite (86).jpg,anomala,spinach_n56pn9fncw,straw_mite,4640,3472,JPEG
dataset\_work\spinach_classified\spinach_n56pn9fncw\anomala\straw_mite__straw_mite (87).jpg,anomala,spinach_n56pn9fncw,straw_mite,4640,3472,JPEG
dataset\_work\spinach_classified\spinach_n56pn9fncw\anomala\straw_mite__straw_mite (88).jpg,anomala,spinach_n56pn9fncw,straw_mite,4640,3472,JPEG
dataset\_work\spinach_classified\spinach_n56pn9fncw\anomala\straw_mite__straw_mite (89).jpg,anomala,spinach_n56pn9fncw,straw_mite,4640,3472,JPEG
dataset\_work\spinach_classified\spinach_n56pn9fncw\anomala\straw_mite__straw_mite (9).jpg,anomala,spinach_n56pn9fncw,straw_mite,4640,3472,JPEG
dataset\_work\spinach_classified\spinach_n56pn9fncw\anomala\straw_mite__straw_mite (90).jpg,anomala,spinach_n56pn9fncw,straw_mite,4640,3472,JPEG
dataset\_work\spinach_classified\spinach_n56pn9fncw\anomala\straw_mite__straw_mite (91).jpg,anomala,spinach_n56pn9fncw,straw_mite,4640,3472,JPEG
dataset\_work\spinach_classified\spinach_n56pn9fncw\anomala\straw_mite__straw_mite (92).jpg,anomala,spinach_n56pn9fncw,straw_mite,4640,3472,JPEG
dataset\_work\spinach_classified\spinach_n56pn9fncw\anomala\straw_mite__straw_mite (93).jpg,anomala,spinach_n56pn9fncw,straw_mite,4640,3472,JPEG
dataset\_work\spinach_classified\spinach_n56pn9fncw\anomala\straw_mite__straw_mite (94).jpg,anomala,spinach_n56pn9fncw,straw_mite,4640,3472,JPEG
dataset\_work\spinach_classified\spinach_n56pn9fncw\anomala\straw_mite__straw_mite (95).jpg,anomala,spinach_n56pn9fncw,straw_mite,4640,3472,JPEG
dataset\_work\spinach_classified\spinach_n56pn9fncw\anomala\straw_mite__straw_mite (96).jpg,anomala,spinach_n56pn9fncw,straw_mite,1440,1080,JPEG
dataset\_work\spinach_classified\spinach_n56pn9fncw\anomala\straw_mite__straw_mite (97).jpg,anomala,spinach_n56pn9fncw,straw_mite,4640,3472,JPEG
dataset\_work\spinach_classified\spinach_n56pn9fncw\anomala\straw_mite__straw_mite (98).jpg,anomala,spinach_n56pn9fncw,straw_mite,1440,1080,JPEG
dataset\_work\spinach_classified\spinach_n56pn9fncw\anomala\straw_mite__straw_mite (99).jpg,anomala,spinach_n56pn9fncw,straw_mite,4640,3472,JPEG
dataset\_work\spinach_classified\spinach_sy69db2nz5\saudavel\Healthy-Leaf(1399)__Healthy-Leaf (1).jpg,saudavel,spinach_sy69db2nz5,Healthy-Leaf(1399),300,400,JPEG
dataset\_work\spinach_classified\spinach_sy69db2nz5\saudavel\Healthy-Leaf(1399)__Healthy-Leaf (10).jpg,saudavel,spinach_sy69db2nz5,Healthy-Leaf(1399),900,1200,JPEG
dataset\_work\spinach_classified\spinach_sy69db2nz5\saudavel\Healthy-Leaf(1399)__Healthy-Leaf (100).jpg,saudavel,spinach_sy69db2nz5,Healthy-Leaf(1399),433,577,JPEG
dataset\_work\spinach_classified\spinach_sy69db2nz5\saudavel\Healthy-Leaf(1399)__Healthy-Leaf (1000).JPG,saudavel,spinach_sy69db2nz5,Healthy-Leaf(1399),675,1200,JPEG
dataset\_work\spinach_classified\spinach_sy69db2nz5\saudavel\Healthy-Leaf(1399)__Healthy-Leaf (1001).JPG,saudavel,spinach_sy69db2nz5,Healthy-Leaf(1399),675,1200,JPEG
dataset\_work\spinach_classified\spinach_sy69db2nz5\saudavel\Healthy-Leaf(1399)__Healthy-Leaf (1002).JPG,saudavel,spinach_sy69db2nz5,Healthy-Leaf(1399),675,1200,JPEG
dataset\_work\spinach_classified\spinach_sy69db2nz5\saudavel\Healthy-Leaf(1399)__Healthy-Leaf (1003).JPG,saudavel,spinach_sy69db2nz5,Healthy-Leaf(1399),675,1200,JPEG
dataset\_work\spinach_classified\spinach_sy69db2nz5\saudavel\Healthy-Leaf(1399)__Healthy-Leaf (1004).JPG,saudavel,spinach_sy69db2nz5,Healthy-Leaf(1399),675,1200,JPEG
dataset\_work\spinach_classified\spinach_sy69db2nz5\saudavel\Healthy-Leaf(1399)__Healthy-Leaf (1005).JPG,saudavel,spinach_sy69db2nz5,Healthy-Leaf(1399),675,1200,JPEG
dataset\_work\spinach_classified\spinach_sy69db2nz5\saudavel\Healthy-Leaf(1399)__Healthy-Leaf (1006).JPG,saudavel,spinach_sy69db2nz5,Healthy-Leaf(1399),675,1200,JPEG
dataset\_work\spinach_classified\spinach_sy69db2nz5\saudavel\Healthy-Leaf(1399)__Healthy-Leaf (1007).JPG,saudavel,spinach_sy69db2nz5,Healthy-Leaf(1399),675,1200,JPEG
dataset\_work\spinach_classified\spinach_sy69db2nz5\saudavel\Healthy-Leaf(1399)__Healthy-Leaf (1008).JPG,saudavel,spinach_sy69db2nz5,Healthy-Leaf(1399),675,1200,JPEG
dataset\_work\spinach_classified\spinach_sy69db2nz5\saudavel\Healthy-Leaf(1399)__Healthy-Leaf (1009).JPG,saudavel,spinach_sy69db2nz5,Healthy-Leaf(1399),675,1200,JPEG
dataset\_work\spinach_classified\spinach_sy69db2nz5\saudavel\Healthy-Leaf(1399)__Healthy-Leaf (101).jpg,saudavel,spinach_sy69db2nz5,Healthy-Leaf(1399),433,577,JPEG
dataset\_work\spinach_classified\spinach_sy69db2nz5\saudavel\Healthy-Leaf(1399)__Healthy-Leaf (1010).JPG,saudavel,spinach_sy69db2nz5,Healthy-Leaf(1399),675,1200,JPEG
dataset\_work\spinach_classified\spinach_sy69db2nz5\saudavel\Healthy-Leaf(1399)__Healthy-Leaf (1011).JPG,saudavel,spinach_sy69db2nz5,Healthy-Leaf(1399),675,1200,JPEG
dataset\_work\spinach_classified\spinach_sy69db2nz5\saudavel\Healthy-Leaf(1399)__Healthy-Leaf (1012).jpg,saudavel,spinach_sy69db2nz5,Healthy-Leaf(1399),900,1200,JPEG
dataset\_work\spinach_classified\spinach_sy69db2nz5\saudavel\Healthy-Leaf(1399)__Healthy-Leaf (1013).jpg,saudavel,spinach_sy69db2nz5,Healthy-Leaf(1399),900,1200,JPEG
dataset\_work\spinach_classified\spinach_sy69db2nz5\saudavel\Healthy-Leaf(1399)__Healthy-Leaf (1014).jpg,saudavel,spinach_sy69db2nz5,Healthy-Leaf(1399),900,1200,JPEG
dataset\_work\spinach_classified\spinach_sy69db2nz5\saudavel\Healthy-Leaf(1399)__Healthy-Leaf (1015).jpg,saudavel,spinach_sy69db2nz5,Healthy-Leaf(1399),900,1200,JPEG
dataset\_work\spinach_classified\spinach_sy69db2nz5\saudavel\Healthy-Leaf(1399)__Healthy-Leaf (1016).jpg,saudavel,spinach_sy69db2nz5,Healthy-Leaf(1399),900,1200,JPEG
dataset\_work\spinach_classified\spinach_sy69db2nz5\saudavel\Healthy-Leaf(1399)__Healthy-Leaf (1017).jpg,saudavel,spinach_sy69db2nz5,Healthy-Leaf(1399),900,1200,JPEG
dataset\_work\spinach_classified\spinach_sy69db2nz5\saudavel\Healthy-Leaf(1399)__Healthy-Leaf (1018).jpg,saudavel,spinach_sy69db2nz5,Healthy-Leaf(1399),900,1200,JPEG
dataset\_work\spinach_classified\spinach_sy69db2nz5\saudavel\Healthy-Leaf(1399)__Healthy-Leaf (1019).jpg,saudavel,spinach_sy69db2nz5,Healthy-Leaf(1399),900,1200,JPEG
dataset\_work\spinach_classified\spinach_sy69db2nz5\saudavel\Healthy-Leaf(1399)__Healthy-Leaf (102).jpg,saudavel,spinach_sy69db2nz5,Healthy-Leaf(1399),433,577,JPEG
dataset\_work\spinach_classified\spinach_sy69db2nz5\saudavel\Healthy-Leaf(1399)__Healthy-Leaf (1020).jpg,saudavel,spinach_sy69db2nz5,Healthy-Leaf(1399),900,1200,JPEG
dataset\_work\spinach_classified\spinach_sy69db2nz5\saudavel\Healthy-Leaf(1399)__Healthy-Leaf (1021).jpg,saudavel,spinach_sy69db2nz5,Healthy-Leaf(1399),900,1200,JPEG
dataset\_work\spinach_classified\spinach_sy69db2nz5\saudavel\Healthy-Leaf(1399)__Healthy-Leaf (1022).jpg,saudavel,spinach_sy69db2nz5,Healthy-Leaf(1399),900,1200,JPEG
dataset\_work\spinach_classified\spinach_sy69db2nz5\saudavel\Healthy-Leaf(1399)__Healthy-Leaf (1023).jpg,saudavel,spinach_sy69db2nz5,Healthy-Leaf(1399),900,1200,JPEG
dataset\_work\spinach_classified\spinach_sy69db2nz5\saudavel\Healthy-Leaf(1399)__Healthy-Leaf (1024).jpg,saudavel,spinach_sy69db2nz5,Healthy-Leaf(1399),900,1200,JPEG
dataset\_work\spinach_classified\spinach_sy69db2nz5\saudavel\Healthy-Leaf(1399)__Healthy-Leaf (1025).jpg,saudavel,spinach_sy69db2nz5,Healthy-Leaf(1399),900,1200,JPEG
dataset\_work\spinach_classified\spinach_sy69db2nz5\saudavel\Healthy-Leaf(1399)__Healthy-Leaf (1026).jpg,saudavel,spinach_sy69db2nz5,Healthy-Leaf(1399),900,1200,JPEG
dataset\_work\spinach_classified\spinach_sy69db2nz5\saudavel\Healthy-Leaf(1399)__Healthy-Leaf (1027).jpg,saudavel,spinach_sy69db2nz5,Healthy-Leaf(1399),900,1200,JPEG
dataset\_work\spinach_classified\spinach_sy69db2nz5\saudavel\Healthy-Leaf(1399)__Healthy-Leaf (1028).jpg,saudavel,spinach_sy69db2nz5,Healthy-Leaf(1399),900,1200,JPEG
dataset\_work\spinach_classified\spinach_sy69db2nz5\saudavel\Healthy-Leaf(1399)__Healthy-Leaf (1029).jpg,saudavel,spinach_sy69db2nz5,Healthy-Leaf(1399),900,1200,JPEG
dataset\_work\spinach_classified\spinach_sy69db2nz5\saudavel\Healthy-Leaf(1399)__Healthy-Leaf (103).jpg,saudavel,spinach_sy69db2nz5,Healthy-Leaf(1399),433,577,JPEG
dataset\_work\spinach_classified\spinach_sy69db2nz5\saudavel\Healthy-Leaf(1399)__Healthy-Leaf (1030).jpg,saudavel,spinach_sy69db2nz5,Healthy-Leaf(1399),900,1200,JPEG
dataset\_work\spinach_classified\spinach_sy69db2nz5\saudavel\Healthy-Leaf(1399)__Healthy-Leaf (1031).jpg,saudavel,spinach_sy69db2nz5,Healthy-Leaf(1399),900,1200,JPEG
dataset\_work\spinach_classified\spinach_sy69db2nz5\saudavel\Healthy-Leaf(1399)__Healthy-Leaf (1032).jpg,saudavel,spinach_sy69db2nz5,Healthy-Leaf(1399),900,1200,JPEG
dataset\_work\spinach_classified\spinach_sy69db2nz5\saudavel\Healthy-Leaf(1399)__Healthy-Leaf (1033).jpg,saudavel,spinach_sy69db2nz5,Healthy-Leaf(1399),900,1200,JPEG
dataset\_work\spinach_classified\spinach_sy69db2nz5\saudavel\Healthy-Leaf(1399)__Healthy-Leaf (1034).jpg,saudavel,spinach_sy69db2nz5,Healthy-Leaf(1399),900,1200,JPEG
dataset\_work\spinach_classified\spinach_sy69db2nz5\saudavel\Healthy-Leaf(1399)__Healthy-Leaf (1035).jpg,saudavel,spinach_sy69db2nz5,Healthy-Leaf(1399),900,1200,JPEG
dataset\_work\spinach_classified\spinach_sy69db2nz5\saudavel\Healthy-Leaf(1399)__Healthy-Leaf (1036).jpg,saudavel,spinach_sy69db2nz5,Healthy-Leaf(1399),900,1200,JPEG
dataset\_work\spinach_classified\spinach_sy69db2nz5\saudavel\Healthy-Leaf(1399)__Healthy-Leaf (1037).jpg,saudavel,spinach_sy69db2nz5,Healthy-Leaf(1399),900,1200,JPEG
dataset\_work\spinach_classified\spinach_sy69db2nz5\saudavel\Healthy-Leaf(1399)__Healthy-Leaf (1038).jpg,saudavel,spinach_sy69db2nz5,Healthy-Leaf(1399),900,1200,JPEG
dataset\_work\spinach_classified\spinach_sy69db2nz5\saudavel\Healthy-Leaf(1399)__Healthy-Leaf (1039).jpg,saudavel,spinach_sy69db2nz5,Healthy-Leaf(1399),900,1200,JPEG
dataset\_work\spinach_classified\spinach_sy69db2nz5\saudavel\Healthy-Leaf(1399)__Healthy-Leaf (104).jpg,saudavel,spinach_sy69db2nz5,Healthy-Leaf(1399),433,577,JPEG
dataset\_work\spinach_classified\spinach_sy69db2nz5\saudavel\Healthy-Leaf(1399)__Healthy-Leaf (1040).jpg,saudavel,spinach_sy69db2nz5,Healthy-Leaf(1399),900,1200,JPEG
dataset\_work\spinach_classified\spinach_sy69db2nz5\saudavel\Healthy-Leaf(1399)__Healthy-Leaf (1041).jpg,saudavel,spinach_sy69db2nz5,Healthy-Leaf(1399),900,1200,JPEG
dataset\_work\spinach_classified\spinach_sy69db2nz5\saudavel\Healthy-Leaf(1399)__Healthy-Leaf (1042).jpg,saudavel,spinach_sy69db2nz5,Healthy-Leaf(1399),900,1200,JPEG
dataset\_work\spinach_classified\spinach_sy69db2nz5\saudavel\Healthy-Leaf(1399)__Healthy-Leaf (1043).jpg,saudavel,spinach_sy69db2nz5,Healthy-Leaf(1399),900,1200,JPEG
dataset\_work\spinach_classified\spinach_sy69db2nz5\saudavel\Healthy-Leaf(1399)__Healthy-Leaf (1044).jpg,saudavel,spinach_sy69db2nz5,Healthy-Leaf(1399),900,1200,JPEG
dataset\_work\spinach_classified\spinach_sy69db2nz5\saudavel\Healthy-Leaf(1399)__Healthy-Leaf (1045).jpg,saudavel,spinach_sy69db2nz5,Healthy-Leaf(1399),900,1200,JPEG
dataset\_work\spinach_classified\spinach_sy69db2nz5\saudavel\Healthy-Leaf(1399)__Healthy-Leaf (1046).jpg,saudavel,spinach_sy69db2nz5,Healthy-Leaf(1399),900,1200,JPEG
dataset\_work\spinach_classified\spinach_sy69db2nz5\saudavel\Healthy-Leaf(1399)__Healthy-Leaf (1047).jpg,saudavel,spinach_sy69db2nz5,Healthy-Leaf(1399),900,1200,JPEG
dataset\_work\spinach_classified\spinach_sy69db2nz5\saudavel\Healthy-Leaf(1399)__Healthy-Leaf (1048).jpg,saudavel,spinach_sy69db2nz5,Healthy-Leaf(1399),900,1200,JPEG
dataset\_work\spinach_classified\spinach_sy69db2nz5\saudavel\Healthy-Leaf(1399)__Healthy-Leaf (1049).jpg,saudavel,spinach_sy69db2nz5,Healthy-Leaf(1399),900,1200,JPEG
dataset\_work\spinach_classified\spinach_sy69db2nz5\saudavel\Healthy-Leaf(1399)__Healthy-Leaf (105).jpg,saudavel,spinach_sy69db2nz5,Healthy-Leaf(1399),433,577,JPEG
dataset\_work\spinach_classified\spinach_sy69db2nz5\saudavel\Healthy-Leaf(1399)__Healthy-Leaf (1050).jpg,saudavel,spinach_sy69db2nz5,Healthy-Leaf(1399),900,1200,JPEG
dataset\_work\spinach_classified\spinach_sy69db2nz5\saudavel\Healthy-Leaf(1399)__Healthy-Leaf (1051).jpg,saudavel,spinach_sy69db2nz5,Healthy-Leaf(1399),900,1200,JPEG
dataset\_work\spinach_classified\spinach_sy69db2nz5\saudavel\Healthy-Leaf(1399)__Healthy-Leaf (1052).jpg,saudavel,spinach_sy69db2nz5,Healthy-Leaf(1399),900,1200,JPEG
dataset\_work\spinach_classified\spinach_sy69db2nz5\saudavel\Healthy-Leaf(1399)__Healthy-Leaf (1053).jpg,saudavel,spinach_sy69db2nz5,Healthy-Leaf(1399),900,1200,JPEG
dataset\_work\spinach_classified\spinach_sy69db2nz5\saudavel\Healthy-Leaf(1399)__Healthy-Leaf (1054).jpg,saudavel,spinach_sy69db2nz5,Healthy-Leaf(1399),900,1200,JPEG
dataset\_work\spinach_classified\spinach_sy69db2nz5\saudavel\Healthy-Leaf(1399)__Healthy-Leaf (1055).jpg,saudavel,spinach_sy69db2nz5,Healthy-Leaf(1399),900,1200,JPEG
dataset\_work\spinach_classified\spinach_sy69db2nz5\saudavel\Healthy-Leaf(1399)__Healthy-Leaf (1056).jpg,saudavel,spinach_sy69db2nz5,Healthy-Leaf(1399),900,1200,JPEG
dataset\_work\spinach_classified\spinach_sy69db2nz5\saudavel\Healthy-Leaf(1399)__Healthy-Leaf (1057).jpg,saudavel,spinach_sy69db2nz5,Healthy-Leaf(1399),900,1200,JPEG
dataset\_work\spinach_classified\spinach_sy69db2nz5\saudavel\Healthy-Leaf(1399)__Healthy-Leaf (1058).jpg,saudavel,spinach_sy69db2nz5,Healthy-Leaf(1399),900,1200,JPEG
dataset\_work\spinach_classified\spinach_sy69db2nz5\saudavel\Healthy-Leaf(1399)__Healthy-Leaf (1059).jpg,saudavel,spinach_sy69db2nz5,Healthy-Leaf(1399),900,1200,JPEG
dataset\_work\spinach_classified\spinach_sy69db2nz5\saudavel\Healthy-Leaf(1399)__Healthy-Leaf (106).jpg,saudavel,spinach_sy69db2nz5,Healthy-Leaf(1399),433,577,JPEG
dataset\_work\spinach_classified\spinach_sy69db2nz5\saudavel\Healthy-Leaf(1399)__Healthy-Leaf (1060).jpg,saudavel,spinach_sy69db2nz5,Healthy-Leaf(1399),900,1200,JPEG
dataset\_work\spinach_classified\spinach_sy69db2nz5\saudavel\Healthy-Leaf(1399)__Healthy-Leaf (1061).jpg,saudavel,spinach_sy69db2nz5,Healthy-Leaf(1399),900,1200,JPEG
dataset\_work\spinach_classified\spinach_sy69db2nz5\saudavel\Healthy-Leaf(1399)__Healthy-Leaf (1062).jpg,saudavel,spinach_sy69db2nz5,Healthy-Leaf(1399),900,1200,JPEG
dataset\_work\spinach_classified\spinach_sy69db2nz5\saudavel\Healthy-Leaf(1399)__Healthy-Leaf (1063).jpg,saudavel,spinach_sy69db2nz5,Healthy-Leaf(1399),900,1200,JPEG
dataset\_work\spinach_classified\spinach_sy69db2nz5\saudavel\Healthy-Leaf(1399)__Healthy-Leaf (1064).jpg,saudavel,spinach_sy69db2nz5,Healthy-Leaf(1399),900,1200,JPEG
dataset\_work\spinach_classified\spinach_sy69db2nz5\saudavel\Healthy-Leaf(1399)__Healthy-Leaf (1065).jpg,saudavel,spinach_sy69db2nz5,Healthy-Leaf(1399),900,1200,JPEG
dataset\_work\spinach_classified\spinach_sy69db2nz5\saudavel\Healthy-Leaf(1399)__Healthy-Leaf (1066).jpg,saudavel,spinach_sy69db2nz5,Healthy-Leaf(1399),900,1200,JPEG
dataset\_work\spinach_classified\spinach_sy69db2nz5\saudavel\Healthy-Leaf(1399)__Healthy-Leaf (1067).jpg,saudavel,spinach_sy69db2nz5,Healthy-Leaf(1399),900,1200,JPEG
dataset\_work\spinach_classified\spinach_sy69db2nz5\saudavel\Healthy-Leaf(1399)__Healthy-Leaf (1068).jpg,saudavel,spinach_sy69db2nz5,Healthy-Leaf(1399),900,1200,JPEG
dataset\_work\spinach_classified\spinach_sy69db2nz5\saudavel\Healthy-Leaf(1399)__Healthy-Leaf (1069).jpg,saudavel,spinach_sy69db2nz5,Healthy-Leaf(1399),900,1200,JPEG
dataset\_work\spinach_classified\spinach_sy69db2nz5\saudavel\Healthy-Leaf(1399)__Healthy-Leaf (107).jpg,saudavel,spinach_sy69db2nz5,Healthy-Leaf(1399),433,577,JPEG
dataset\_work\spinach_classified\spinach_sy69db2nz5\saudavel\Healthy-Leaf(1399)__Healthy-Leaf (1070).jpg,saudavel,spinach_sy69db2nz5,Healthy-Leaf(1399),900,1200,JPEG
dataset\_work\spinach_classified\spinach_sy69db2nz5\saudavel\Healthy-Leaf(1399)__Healthy-Leaf (1071).jpg,saudavel,spinach_sy69db2nz5,Healthy-Leaf(1399),900,1200,JPEG
dataset\_work\spinach_classified\spinach_sy69db2nz5\saudavel\Healthy-Leaf(1399)__Healthy-Leaf (1072).jpg,saudavel,spinach_sy69db2nz5,Healthy-Leaf(1399),900,1200,JPEG
dataset\_work\spinach_classified\spinach_sy69db2nz5\saudavel\Healthy-Leaf(1399)__Healthy-Leaf (1073).jpg,saudavel,spinach_sy69db2nz5,Healthy-Leaf(1399),900,1200,JPEG
dataset\_work\spinach_classified\spinach_sy69db2nz5\saudavel\Healthy-Leaf(1399)__Healthy-Leaf (1074).jpg,saudavel,spinach_sy69db2nz5,Healthy-Leaf(1399),900,1200,JPEG
dataset\_work\spinach_classified\spinach_sy69db2nz5\saudavel\Healthy-Leaf(1399)__Healthy-Leaf (1075).jpg,saudavel,spinach_sy69db2nz5,Healthy-Leaf(1399),900,1200,JPEG
dataset\_work\spinach_classified\spinach_sy69db2nz5\saudavel\Healthy-Leaf(1399)__Healthy-Leaf (1076).jpg,saudavel,spinach_sy69db2nz5,Healthy-Leaf(1399),900,1200,JPEG
dataset\_work\spinach_classified\spinach_sy69db2nz5\saudavel\Healthy-Leaf(1399)__Healthy-Leaf (1077).jpg,saudavel,spinach_sy69db2nz5,Healthy-Leaf(1399),900,1200,JPEG
dataset\_work\spinach_classified\spinach_sy69db2nz5\saudavel\Healthy-Leaf(1399)__Healthy-Leaf (1078).jpg,saudavel,spinach_sy69db2nz5,Healthy-Leaf(1399),900,1200,JPEG
dataset\_work\spinach_classified\spinach_sy69db2nz5\saudavel\Healthy-Leaf(1399)__Healthy-Leaf (1079).jpg,saudavel,spinach_sy69db2nz5,Healthy-Leaf(1399),900,1200,JPEG
dataset\_work\spinach_classified\spinach_sy69db2nz5\saudavel\Healthy-Leaf(1399)__Healthy-Leaf (108).jpg,saudavel,spinach_sy69db2nz5,Healthy-Leaf(1399),433,577,JPEG
dataset\_work\spinach_classified\spinach_sy69db2nz5\saudavel\Healthy-Leaf(1399)__Healthy-Leaf (1080).jpg,saudavel,spinach_sy69db2nz5,Healthy-Leaf(1399),900,1200,JPEG
dataset\_work\spinach_classified\spinach_sy69db2nz5\saudavel\Healthy-Leaf(1399)__Healthy-Leaf (1081).jpg,saudavel,spinach_sy69db2nz5,Healthy-Leaf(1399),900,1200,JPEG
dataset\_work\spinach_classified\spinach_sy69db2nz5\saudavel\Healthy-Leaf(1399)__Healthy-Leaf (1082).jpg,saudavel,spinach_sy69db2nz5,Healthy-Leaf(1399),900,1200,JPEG
dataset\_work\spinach_classified\spinach_sy69db2nz5\saudavel\Healthy-Leaf(1399)__Healthy-Leaf (1083).jpg,saudavel,spinach_sy69db2nz5,Healthy-Leaf(1399),900,1200,JPEG
dataset\_work\spinach_classified\spinach_sy69db2nz5\saudavel\Healthy-Leaf(1399)__Healthy-Leaf (1084).jpg,saudavel,spinach_sy69db2nz5,Healthy-Leaf(1399),900,1200,JPEG
dataset\_work\spinach_classified\spinach_sy69db2nz5\saudavel\Healthy-Leaf(1399)__Healthy-Leaf (1085).jpg,saudavel,spinach_sy69db2nz5,Healthy-Leaf(1399),900,1200,JPEG
dataset\_work\spinach_classified\spinach_sy69db2nz5\saudavel\Healthy-Leaf(1399)__Healthy-Leaf (1086).jpg,saudavel,spinach_sy69db2nz5,Healthy-Leaf(1399),900,1200,JPEG
dataset\_work\spinach_classified\spinach_sy69db2nz5\saudavel\Healthy-Leaf(1399)__Healthy-Leaf (1087).jpg,saudavel,spinach_sy69db2nz5,Healthy-Leaf(1399),900,1200,JPEG
dataset\_work\spinach_classified\spinach_sy69db2nz5\saudavel\Healthy-Leaf(1399)__Healthy-Leaf (1088).jpg,saudavel,spinach_sy69db2nz5,Healthy-Leaf(1399),900,1200,JPEG
dataset\_work\spinach_classified\spinach_sy69db2nz5\saudavel\Healthy-Leaf(1399)__Healthy-Leaf (1089).jpg,saudavel,spinach_sy69db2nz5,Healthy-Leaf(1399),900,1200,JPEG
dataset\_work\spinach_classified\spinach_sy69db2nz5\saudavel\Healthy-Leaf(1399)__Healthy-Leaf (109).jpg,saudavel,spinach_sy69db2nz5,Healthy-Leaf(1399),433,577,JPEG
dataset\_work\spinach_classified\spinach_sy69db2nz5\saudavel\Healthy-Leaf(1399)__Healthy-Leaf (1090).jpg,saudavel,spinach_sy69db2nz5,Healthy-Leaf(1399),900,1200,JPEG
dataset\_work\spinach_classified\spinach_sy69db2nz5\saudavel\Healthy-Leaf(1399)__Healthy-Leaf (1091).jpg,saudavel,spinach_sy69db2nz5,Healthy-Leaf(1399),900,1200,JPEG
dataset\_work\spinach_classified\spinach_sy69db2nz5\saudavel\Healthy-Leaf(1399)__Healthy-Leaf (1092).jpg,saudavel,spinach_sy69db2nz5,Healthy-Leaf(1399),900,1200,JPEG
dataset\_work\spinach_classified\spinach_sy69db2nz5\saudavel\Healthy-Leaf(1399)__Healthy-Leaf (1093).jpg,saudavel,spinach_sy69db2nz5,Healthy-Leaf(1399),900,1200,JPEG
dataset\_work\spinach_classified\spinach_sy69db2nz5\saudavel\Healthy-Leaf(1399)__Healthy-Leaf (1094).jpg,saudavel,spinach_sy69db2nz5,Healthy-Leaf(1399),900,1200,JPEG
dataset\_work\spinach_classified\spinach_sy69db2nz5\saudavel\Healthy-Leaf(1399)__Healthy-Leaf (1095).jpg,saudavel,spinach_sy69db2nz5,Healthy-Leaf(1399),900,1200,JPEG
dataset\_work\spinach_classified\spinach_sy69db2nz5\saudavel\Healthy-Leaf(1399)__Healthy-Leaf (1096).jpg,saudavel,spinach_sy69db2nz5,Healthy-Leaf(1399),900,1200,JPEG
dataset\_work\spinach_classified\spinach_sy69db2nz5\saudavel\Healthy-Leaf(1399)__Healthy-Leaf (1097).jpg,saudavel,spinach_sy69db2nz5,Healthy-Leaf(1399),900,1200,JPEG
dataset\_work\spinach_classified\spinach_sy69db2nz5\saudavel\Healthy-Leaf(1399)__Healthy-Leaf (1098).jpg,saudavel,spinach_sy69db2nz5,Healthy-Leaf(1399),900,1200,JPEG
dataset\_work\spinach_classified\spinach_sy69db2nz5\saudavel\Healthy-Leaf(1399)__Healthy-Leaf (1099).jpg,saudavel,spinach_sy69db2nz5,Healthy-Leaf(1399),900,1200,JPEG
dataset\_work\spinach_classified\spinach_sy69db2nz5\saudavel\Healthy-Leaf(1399)__Healthy-Leaf (11).jpg,saudavel,spinach_sy69db2nz5,Healthy-Leaf(1399),900,1200,JPEG
dataset\_work\spinach_classified\spinach_sy69db2nz5\saudavel\Healthy-Leaf(1399)__Healthy-Leaf (110).jpg,saudavel,spinach_sy69db2nz5,Healthy-Leaf(1399),433,577,JPEG
dataset\_work\spinach_classified\spinach_sy69db2nz5\saudavel\Healthy-Leaf(1399)__Healthy-Leaf (1100).jpg,saudavel,spinach_sy69db2nz5,Healthy-Leaf(1399),900,1200,JPEG
dataset\_work\spinach_classified\spinach_sy69db2nz5\saudavel\Healthy-Leaf(1399)__Healthy-Leaf (1101).jpg,saudavel,spinach_sy69db2nz5,Healthy-Leaf(1399),900,1200,JPEG
dataset\_work\spinach_classified\spinach_sy69db2nz5\saudavel\Healthy-Leaf(1399)__Healthy-Leaf (1102).jpg,saudavel,spinach_sy69db2nz5,Healthy-Leaf(1399),900,1200,JPEG
dataset\_work\spinach_classified\spinach_sy69db2nz5\saudavel\Healthy-Leaf(1399)__Healthy-Leaf (1103).jpg,saudavel,spinach_sy69db2nz5,Healthy-Leaf(1399),900,1200,JPEG
dataset\_work\spinach_classified\spinach_sy69db2nz5\saudavel\Healthy-Leaf(1399)__Healthy-Leaf (1104).jpg,saudavel,spinach_sy69db2nz5,Healthy-Leaf(1399),900,1200,JPEG
dataset\_work\spinach_classified\spinach_sy69db2nz5\saudavel\Healthy-Leaf(1399)__Healthy-Leaf (1105).jpg,saudavel,spinach_sy69db2nz5,Healthy-Leaf(1399),900,1200,JPEG
dataset\_work\spinach_classified\spinach_sy69db2nz5\saudavel\Healthy-Leaf(1399)__Healthy-Leaf (1106).jpg,saudavel,spinach_sy69db2nz5,Healthy-Leaf(1399),900,1200,JPEG
dataset\_work\spinach_classified\spinach_sy69db2nz5\saudavel\Healthy-Leaf(1399)__Healthy-Leaf (1107).jpg,saudavel,spinach_sy69db2nz5,Healthy-Leaf(1399),900,1200,JPEG
dataset\_work\spinach_classified\spinach_sy69db2nz5\saudavel\Healthy-Leaf(1399)__Healthy-Leaf (1108).jpg,saudavel,spinach_sy69db2nz5,Healthy-Leaf(1399),900,1200,JPEG
dataset\_work\spinach_classified\spinach_sy69db2nz5\saudavel\Healthy-Leaf(1399)__Healthy-Leaf (1109).jpg,saudavel,spinach_sy69db2nz5,Healthy-Leaf(1399),900,1200,JPEG
dataset\_work\spinach_classified\spinach_sy69db2nz5\saudavel\Healthy-Leaf(1399)__Healthy-Leaf (111).jpg,saudavel,spinach_sy69db2nz5,Healthy-Leaf(1399),429,582,JPEG
dataset\_work\spinach_classified\spinach_sy69db2nz5\saudavel\Healthy-Leaf(1399)__Healthy-Leaf (1110).jpg,saudavel,spinach_sy69db2nz5,Healthy-Leaf(1399),900,1200,JPEG
dataset\_work\spinach_classified\spinach_sy69db2nz5\saudavel\Healthy-Leaf(1399)__Healthy-Leaf (1111).jpg,saudavel,spinach_sy69db2nz5,Healthy-Leaf(1399),900,1200,JPEG
dataset\_work\spinach_classified\spinach_sy69db2nz5\saudavel\Healthy-Leaf(1399)__Healthy-Leaf (1112).jpg,saudavel,spinach_sy69db2nz5,Healthy-Leaf(1399),900,1200,JPEG
dataset\_work\spinach_classified\spinach_sy69db2nz5\saudavel\Healthy-Leaf(1399)__Healthy-Leaf (1113).jpg,saudavel,spinach_sy69db2nz5,Healthy-Leaf(1399),900,1200,JPEG
dataset\_work\spinach_classified\spinach_sy69db2nz5\saudavel\Healthy-Leaf(1399)__Healthy-Leaf (1114).jpg,saudavel,spinach_sy69db2nz5,Healthy-Leaf(1399),900,1200,JPEG
dataset\_work\spinach_classified\spinach_sy69db2nz5\saudavel\Healthy-Leaf(1399)__Healthy-Leaf (1115).jpg,saudavel,spinach_sy69db2nz5,Healthy-Leaf(1399),900,1200,JPEG
dataset\_work\spinach_classified\spinach_sy69db2nz5\saudavel\Healthy-Leaf(1399)__Healthy-Leaf (1116).jpg,saudavel,spinach_sy69db2nz5,Healthy-Leaf(1399),900,1200,JPEG
dataset\_work\spinach_classified\spinach_sy69db2nz5\saudavel\Healthy-Leaf(1399)__Healthy-Leaf (1117).jpg,saudavel,spinach_sy69db2nz5,Healthy-Leaf(1399),900,1200,JPEG
dataset\_work\spinach_classified\spinach_sy69db2nz5\saudavel\Healthy-Leaf(1399)__Healthy-Leaf (1118).jpg,saudavel,spinach_sy69db2nz5,Healthy-Leaf(1399),900,1200,JPEG
dataset\_work\spinach_classified\spinach_sy69db2nz5\saudavel\Healthy-Leaf(1399)__Healthy-Leaf (1119).jpg,saudavel,spinach_sy69db2nz5,Healthy-Leaf(1399),900,1200,JPEG
dataset\_work\spinach_classified\spinach_sy69db2nz5\saudavel\Healthy-Leaf(1399)__Healthy-Leaf (112).jpg,saudavel,spinach_sy69db2nz5,Healthy-Leaf(1399),429,582,JPEG
dataset\_work\spinach_classified\spinach_sy69db2nz5\saudavel\Healthy-Leaf(1399)__Healthy-Leaf (1120).jpg,saudavel,spinach_sy69db2nz5,Healthy-Leaf(1399),900,1200,JPEG
dataset\_work\spinach_classified\spinach_sy69db2nz5\saudavel\Healthy-Leaf(1399)__Healthy-Leaf (1121).jpg,saudavel,spinach_sy69db2nz5,Healthy-Leaf(1399),900,1200,JPEG
dataset\_work\spinach_classified\spinach_sy69db2nz5\saudavel\Healthy-Leaf(1399)__Healthy-Leaf (1122).jpg,saudavel,spinach_sy69db2nz5,Healthy-Leaf(1399),900,1200,JPEG
dataset\_work\spinach_classified\spinach_sy69db2nz5\saudavel\Healthy-Leaf(1399)__Healthy-Leaf (1123).jpg,saudavel,spinach_sy69db2nz5,Healthy-Leaf(1399),900,1200,JPEG
dataset\_work\spinach_classified\spinach_sy69db2nz5\saudavel\Healthy-Leaf(1399)__Healthy-Leaf (1124).jpg,saudavel,spinach_sy69db2nz5,Healthy-Leaf(1399),900,1200,JPEG
dataset\_work\spinach_classified\spinach_sy69db2nz5\saudavel\Healthy-Leaf(1399)__Healthy-Leaf (1125).jpg,saudavel,spinach_sy69db2nz5,Healthy-Leaf(1399),675,1200,JPEG
dataset\_work\spinach_classified\spinach_sy69db2nz5\saudavel\Healthy-Leaf(1399)__Healthy-Leaf (1126).jpg,saudavel,spinach_sy69db2nz5,Healthy-Leaf(1399),675,1200,JPEG
dataset\_work\spinach_classified\spinach_sy69db2nz5\saudavel\Healthy-Leaf(1399)__Healthy-Leaf (1127).jpg,saudavel,spinach_sy69db2nz5,Healthy-Leaf(1399),675,1200,JPEG
dataset\_work\spinach_classified\spinach_sy69db2nz5\saudavel\Healthy-Leaf(1399)__Healthy-Leaf (1128).jpg,saudavel,spinach_sy69db2nz5,Healthy-Leaf(1399),675,1200,JPEG
dataset\_work\spinach_classified\spinach_sy69db2nz5\saudavel\Healthy-Leaf(1399)__Healthy-Leaf (1129).jpg,saudavel,spinach_sy69db2nz5,Healthy-Leaf(1399),675,1200,JPEG
dataset\_work\spinach_classified\spinach_sy69db2nz5\saudavel\Healthy-Leaf(1399)__Healthy-Leaf (113).jpg,saudavel,spinach_sy69db2nz5,Healthy-Leaf(1399),428,583,JPEG
dataset\_work\spinach_classified\spinach_sy69db2nz5\saudavel\Healthy-Leaf(1399)__Healthy-Leaf (1130).jpg,saudavel,spinach_sy69db2nz5,Healthy-Leaf(1399),675,1200,JPEG
dataset\_work\spinach_classified\spinach_sy69db2nz5\saudavel\Healthy-Leaf(1399)__Healthy-Leaf (1131).jpg,saudavel,spinach_sy69db2nz5,Healthy-Leaf(1399),675,1200,JPEG
dataset\_work\spinach_classified\spinach_sy69db2nz5\saudavel\Healthy-Leaf(1399)__Healthy-Leaf (1132).jpg,saudavel,spinach_sy69db2nz5,Healthy-Leaf(1399),675,1200,JPEG
dataset\_work\spinach_classified\spinach_sy69db2nz5\saudavel\Healthy-Leaf(1399)__Healthy-Leaf (1133).jpg,saudavel,spinach_sy69db2nz5,Healthy-Leaf(1399),675,1200,JPEG
dataset\_work\spinach_classified\spinach_sy69db2nz5\saudavel\Healthy-Leaf(1399)__Healthy-Leaf (1134).jpg,saudavel,spinach_sy69db2nz5,Healthy-Leaf(1399),675,1200,JPEG
dataset\_work\spinach_classified\spinach_sy69db2nz5\saudavel\Healthy-Leaf(1399)__Healthy-Leaf (1135).jpg,saudavel,spinach_sy69db2nz5,Healthy-Leaf(1399),675,1200,JPEG
dataset\_work\spinach_classified\spinach_sy69db2nz5\saudavel\Healthy-Leaf(1399)__Healthy-Leaf (1136).jpg,saudavel,spinach_sy69db2nz5,Healthy-Leaf(1399),675,1200,JPEG
dataset\_work\spinach_classified\spinach_sy69db2nz5\saudavel\Healthy-Leaf(1399)__Healthy-Leaf (1137).jpg,saudavel,spinach_sy69db2nz5,Healthy-Leaf(1399),675,1200,JPEG
dataset\_work\spinach_classified\spinach_sy69db2nz5\saudavel\Healthy-Leaf(1399)__Healthy-Leaf (1138).jpg,saudavel,spinach_sy69db2nz5,Healthy-Leaf(1399),675,1200,JPEG
dataset\_work\spinach_classified\spinach_sy69db2nz5\saudavel\Healthy-Leaf(1399)__Healthy-Leaf (1139).jpg,saudavel,spinach_sy69db2nz5,Healthy-Leaf(1399),675,1200,JPEG
dataset\_work\spinach_classified\spinach_sy69db2nz5\saudavel\Healthy-Leaf(1399)__Healthy-Leaf (114).jpg,saudavel,spinach_sy69db2nz5,Healthy-Leaf(1399),413,604,JPEG
dataset\_work\spinach_classified\spinach_sy69db2nz5\saudavel\Healthy-Leaf(1399)__Healthy-Leaf (1140).jpg,saudavel,spinach_sy69db2nz5,Healthy-Leaf(1399),675,1200,JPEG
dataset\_work\spinach_classified\spinach_sy69db2nz5\saudavel\Healthy-Leaf(1399)__Healthy-Leaf (1141).jpg,saudavel,spinach_sy69db2nz5,Healthy-Leaf(1399),675,1200,JPEG
dataset\_work\spinach_classified\spinach_sy69db2nz5\saudavel\Healthy-Leaf(1399)__Healthy-Leaf (1142).jpg,saudavel,spinach_sy69db2nz5,Healthy-Leaf(1399),675,1200,JPEG
dataset\_work\spinach_classified\spinach_sy69db2nz5\saudavel\Healthy-Leaf(1399)__Healthy-Leaf (1143).jpg,saudavel,spinach_sy69db2nz5,Healthy-Leaf(1399),675,1200,JPEG
dataset\_work\spinach_classified\spinach_sy69db2nz5\saudavel\Healthy-Leaf(1399)__Healthy-Leaf (1144).jpg,saudavel,spinach_sy69db2nz5,Healthy-Leaf(1399),675,1200,JPEG
dataset\_work\spinach_classified\spinach_sy69db2nz5\saudavel\Healthy-Leaf(1399)__Healthy-Leaf (1145).jpg,saudavel,spinach_sy69db2nz5,Healthy-Leaf(1399),675,1200,JPEG
dataset\_work\spinach_classified\spinach_sy69db2nz5\saudavel\Healthy-Leaf(1399)__Healthy-Leaf (1146).jpg,saudavel,spinach_sy69db2nz5,Healthy-Leaf(1399),675,1200,JPEG
dataset\_work\spinach_classified\spinach_sy69db2nz5\saudavel\Healthy-Leaf(1399)__Healthy-Leaf (1147).jpg,saudavel,spinach_sy69db2nz5,Healthy-Leaf(1399),675,1200,JPEG
dataset\_work\spinach_classified\spinach_sy69db2nz5\saudavel\Healthy-Leaf(1399)__Healthy-Leaf (1148).jpg,saudavel,spinach_sy69db2nz5,Healthy-Leaf(1399),675,1200,JPEG
dataset\_work\spinach_classified\spinach_sy69db2nz5\saudavel\Healthy-Leaf(1399)__Healthy-Leaf (1149).jpg,saudavel,spinach_sy69db2nz5,Healthy-Leaf(1399),675,1200,JPEG
dataset\_work\spinach_classified\spinach_sy69db2nz5\saudavel\Healthy-Leaf(1399)__Healthy-Leaf (115).jpg,saudavel,spinach_sy69db2nz5,Healthy-Leaf(1399),405,615,JPEG
dataset\_work\spinach_classified\spinach_sy69db2nz5\saudavel\Healthy-Leaf(1399)__Healthy-Leaf (1150).jpg,saudavel,spinach_sy69db2nz5,Healthy-Leaf(1399),675,1200,JPEG
dataset\_work\spinach_classified\spinach_sy69db2nz5\saudavel\Healthy-Leaf(1399)__Healthy-Leaf (1151).jpg,saudavel,spinach_sy69db2nz5,Healthy-Leaf(1399),675,1200,JPEG
dataset\_work\spinach_classified\spinach_sy69db2nz5\saudavel\Healthy-Leaf(1399)__Healthy-Leaf (1152).jpg,saudavel,spinach_sy69db2nz5,Healthy-Leaf(1399),675,1200,JPEG
dataset\_work\spinach_classified\spinach_sy69db2nz5\saudavel\Healthy-Leaf(1399)__Healthy-Leaf (1153).jpg,saudavel,spinach_sy69db2nz5,Healthy-Leaf(1399),675,1200,JPEG
dataset\_work\spinach_classified\spinach_sy69db2nz5\saudavel\Healthy-Leaf(1399)__Healthy-Leaf (1154).jpg,saudavel,spinach_sy69db2nz5,Healthy-Leaf(1399),675,1200,JPEG
dataset\_work\spinach_classified\spinach_sy69db2nz5\saudavel\Healthy-Leaf(1399)__Healthy-Leaf (1155).jpg,saudavel,spinach_sy69db2nz5,Healthy-Leaf(1399),675,1200,JPEG
dataset\_work\spinach_classified\spinach_sy69db2nz5\saudavel\Healthy-Leaf(1399)__Healthy-Leaf (1156).jpg,saudavel,spinach_sy69db2nz5,Healthy-Leaf(1399),675,1200,JPEG
dataset\_work\spinach_classified\spinach_sy69db2nz5\saudavel\Healthy-Leaf(1399)__Healthy-Leaf (1157).jpg,saudavel,spinach_sy69db2nz5,Healthy-Leaf(1399),675,1200,JPEG
dataset\_work\spinach_classified\spinach_sy69db2nz5\saudavel\Healthy-Leaf(1399)__Healthy-Leaf (1158).jpg,saudavel,spinach_sy69db2nz5,Healthy-Leaf(1399),675,1200,JPEG
dataset\_work\spinach_classified\spinach_sy69db2nz5\saudavel\Healthy-Leaf(1399)__Healthy-Leaf (1159).jpg,saudavel,spinach_sy69db2nz5,Healthy-Leaf(1399),675,1200,JPEG
dataset\_work\spinach_classified\spinach_sy69db2nz5\saudavel\Healthy-Leaf(1399)__Healthy-Leaf (116).jpg,saudavel,spinach_sy69db2nz5,Healthy-Leaf(1399),488,512,JPEG
dataset\_work\spinach_classified\spinach_sy69db2nz5\saudavel\Healthy-Leaf(1399)__Healthy-Leaf (1160).jpg,saudavel,spinach_sy69db2nz5,Healthy-Leaf(1399),675,1200,JPEG
dataset\_work\spinach_classified\spinach_sy69db2nz5\saudavel\Healthy-Leaf(1399)__Healthy-Leaf (1161).jpg,saudavel,spinach_sy69db2nz5,Healthy-Leaf(1399),675,1200,JPEG
dataset\_work\spinach_classified\spinach_sy69db2nz5\saudavel\Healthy-Leaf(1399)__Healthy-Leaf (1162).jpg,saudavel,spinach_sy69db2nz5,Healthy-Leaf(1399),675,1200,JPEG
dataset\_work\spinach_classified\spinach_sy69db2nz5\saudavel\Healthy-Leaf(1399)__Healthy-Leaf (1163).jpg,saudavel,spinach_sy69db2nz5,Healthy-Leaf(1399),675,1200,JPEG
dataset\_work\spinach_classified\spinach_sy69db2nz5\saudavel\Healthy-Leaf(1399)__Healthy-Leaf (1164).jpg,saudavel,spinach_sy69db2nz5,Healthy-Leaf(1399),675,1200,JPEG
dataset\_work\spinach_classified\spinach_sy69db2nz5\saudavel\Healthy-Leaf(1399)__Healthy-Leaf (1165).jpg,saudavel,spinach_sy69db2nz5,Healthy-Leaf(1399),675,1200,JPEG
dataset\_work\spinach_classified\spinach_sy69db2nz5\saudavel\Healthy-Leaf(1399)__Healthy-Leaf (1166).jpg,saudavel,spinach_sy69db2nz5,Healthy-Leaf(1399),675,1200,JPEG
dataset\_work\spinach_classified\spinach_sy69db2nz5\saudavel\Healthy-Leaf(1399)__Healthy-Leaf (1167).jpg,saudavel,spinach_sy69db2nz5,Healthy-Leaf(1399),675,1200,JPEG
dataset\_work\spinach_classified\spinach_sy69db2nz5\saudavel\Healthy-Leaf(1399)__Healthy-Leaf (1168).jpg,saudavel,spinach_sy69db2nz5,Healthy-Leaf(1399),675,1200,JPEG
dataset\_work\spinach_classified\spinach_sy69db2nz5\saudavel\Healthy-Leaf(1399)__Healthy-Leaf (1169).jpg,saudavel,spinach_sy69db2nz5,Healthy-Leaf(1399),675,1200,JPEG
dataset\_work\spinach_classified\spinach_sy69db2nz5\saudavel\Healthy-Leaf(1399)__Healthy-Leaf (117).jpg,saudavel,spinach_sy69db2nz5,Healthy-Leaf(1399),438,570,JPEG
dataset\_work\spinach_classified\spinach_sy69db2nz5\saudavel\Healthy-Leaf(1399)__Healthy-Leaf (1170).jpg,saudavel,spinach_sy69db2nz5,Healthy-Leaf(1399),675,1200,JPEG
dataset\_work\spinach_classified\spinach_sy69db2nz5\saudavel\Healthy-Leaf(1399)__Healthy-Leaf (1171).jpg,saudavel,spinach_sy69db2nz5,Healthy-Leaf(1399),675,1200,JPEG
dataset\_work\spinach_classified\spinach_sy69db2nz5\saudavel\Healthy-Leaf(1399)__Healthy-Leaf (1172).jpg,saudavel,spinach_sy69db2nz5,Healthy-Leaf(1399),675,1200,JPEG
dataset\_work\spinach_classified\spinach_sy69db2nz5\saudavel\Healthy-Leaf(1399)__Healthy-Leaf (1173).jpg,saudavel,spinach_sy69db2nz5,Healthy-Leaf(1399),675,1200,JPEG
dataset\_work\spinach_classified\spinach_sy69db2nz5\saudavel\Healthy-Leaf(1399)__Healthy-Leaf (1174).jpg,saudavel,spinach_sy69db2nz5,Healthy-Leaf(1399),675,1200,JPEG
dataset\_work\spinach_classified\spinach_sy69db2nz5\saudavel\Healthy-Leaf(1399)__Healthy-Leaf (1175).jpg,saudavel,spinach_sy69db2nz5,Healthy-Leaf(1399),675,1200,JPEG
dataset\_work\spinach_classified\spinach_sy69db2nz5\saudavel\Healthy-Leaf(1399)__Healthy-Leaf (1176).jpg,saudavel,spinach_sy69db2nz5,Healthy-Leaf(1399),675,1200,JPEG
dataset\_work\spinach_classified\spinach_sy69db2nz5\saudavel\Healthy-Leaf(1399)__Healthy-Leaf (1177).jpg,saudavel,spinach_sy69db2nz5,Healthy-Leaf(1399),675,1200,JPEG
dataset\_work\spinach_classified\spinach_sy69db2nz5\saudavel\Healthy-Leaf(1399)__Healthy-Leaf (1178).jpg,saudavel,spinach_sy69db2nz5,Healthy-Leaf(1399),675,1200,JPEG
dataset\_work\spinach_classified\spinach_sy69db2nz5\saudavel\Healthy-Leaf(1399)__Healthy-Leaf (1179).jpg,saudavel,spinach_sy69db2nz5,Healthy-Leaf(1399),675,1200,JPEG
dataset\_work\spinach_classified\spinach_sy69db2nz5\saudavel\Healthy-Leaf(1399)__Healthy-Leaf (118).jpg,saudavel,spinach_sy69db2nz5,Healthy-Leaf(1399),433,577,JPEG
dataset\_work\spinach_classified\spinach_sy69db2nz5\saudavel\Healthy-Leaf(1399)__Healthy-Leaf (1180).jpg,saudavel,spinach_sy69db2nz5,Healthy-Leaf(1399),675,1200,JPEG
dataset\_work\spinach_classified\spinach_sy69db2nz5\saudavel\Healthy-Leaf(1399)__Healthy-Leaf (1181).jpg,saudavel,spinach_sy69db2nz5,Healthy-Leaf(1399),675,1200,JPEG
dataset\_work\spinach_classified\spinach_sy69db2nz5\saudavel\Healthy-Leaf(1399)__Healthy-Leaf (1182).jpg,saudavel,spinach_sy69db2nz5,Healthy-Leaf(1399),675,1200,JPEG
dataset\_work\spinach_classified\spinach_sy69db2nz5\saudavel\Healthy-Leaf(1399)__Healthy-Leaf (1183).jpg,saudavel,spinach_sy69db2nz5,Healthy-Leaf(1399),675,1200,JPEG
dataset\_work\spinach_classified\spinach_sy69db2nz5\saudavel\Healthy-Leaf(1399)__Healthy-Leaf (1184).jpg,saudavel,spinach_sy69db2nz5,Healthy-Leaf(1399),675,1200,JPEG
dataset\_work\spinach_classified\spinach_sy69db2nz5\saudavel\Healthy-Leaf(1399)__Healthy-Leaf (1185).jpg,saudavel,spinach_sy69db2nz5,Healthy-Leaf(1399),675,1200,JPEG
dataset\_work\spinach_classified\spinach_sy69db2nz5\saudavel\Healthy-Leaf(1399)__Healthy-Leaf (1186).jpg,saudavel,spinach_sy69db2nz5,Healthy-Leaf(1399),675,1200,JPEG
dataset\_work\spinach_classified\spinach_sy69db2nz5\saudavel\Healthy-Leaf(1399)__Healthy-Leaf (1187).jpg,saudavel,spinach_sy69db2nz5,Healthy-Leaf(1399),675,1200,JPEG
dataset\_work\spinach_classified\spinach_sy69db2nz5\saudavel\Healthy-Leaf(1399)__Healthy-Leaf (1188).jpg,saudavel,spinach_sy69db2nz5,Healthy-Leaf(1399),675,1200,JPEG
dataset\_work\spinach_classified\spinach_sy69db2nz5\saudavel\Healthy-Leaf(1399)__Healthy-Leaf (1189).jpg,saudavel,spinach_sy69db2nz5,Healthy-Leaf(1399),675,1200,JPEG
dataset\_work\spinach_classified\spinach_sy69db2nz5\saudavel\Healthy-Leaf(1399)__Healthy-Leaf (119).jpg,saudavel,spinach_sy69db2nz5,Healthy-Leaf(1399),433,577,JPEG
dataset\_work\spinach_classified\spinach_sy69db2nz5\saudavel\Healthy-Leaf(1399)__Healthy-Leaf (1190).jpg,saudavel,spinach_sy69db2nz5,Healthy-Leaf(1399),675,1200,JPEG
dataset\_work\spinach_classified\spinach_sy69db2nz5\saudavel\Healthy-Leaf(1399)__Healthy-Leaf (1191).jpg,saudavel,spinach_sy69db2nz5,Healthy-Leaf(1399),675,1200,JPEG
dataset\_work\spinach_classified\spinach_sy69db2nz5\saudavel\Healthy-Leaf(1399)__Healthy-Leaf (1192).jpg,saudavel,spinach_sy69db2nz5,Healthy-Leaf(1399),675,1200,JPEG
dataset\_work\spinach_classified\spinach_sy69db2nz5\saudavel\Healthy-Leaf(1399)__Healthy-Leaf (1193).jpg,saudavel,spinach_sy69db2nz5,Healthy-Leaf(1399),675,1200,JPEG
dataset\_work\spinach_classified\spinach_sy69db2nz5\saudavel\Healthy-Leaf(1399)__Healthy-Leaf (1194).jpg,saudavel,spinach_sy69db2nz5,Healthy-Leaf(1399),675,1200,JPEG
dataset\_work\spinach_classified\spinach_sy69db2nz5\saudavel\Healthy-Leaf(1399)__Healthy-Leaf (1195).jpg,saudavel,spinach_sy69db2nz5,Healthy-Leaf(1399),675,1200,JPEG
dataset\_work\spinach_classified\spinach_sy69db2nz5\saudavel\Healthy-Leaf(1399)__Healthy-Leaf (1196).jpg,saudavel,spinach_sy69db2nz5,Healthy-Leaf(1399),675,1200,JPEG
dataset\_work\spinach_classified\spinach_sy69db2nz5\saudavel\Healthy-Leaf(1399)__Healthy-Leaf (1197).jpg,saudavel,spinach_sy69db2nz5,Healthy-Leaf(1399),675,1200,JPEG
dataset\_work\spinach_classified\spinach_sy69db2nz5\saudavel\Healthy-Leaf(1399)__Healthy-Leaf (1198).jpg,saudavel,spinach_sy69db2nz5,Healthy-Leaf(1399),675,1200,JPEG
dataset\_work\spinach_classified\spinach_sy69db2nz5\saudavel\Healthy-Leaf(1399)__Healthy-Leaf (1199).jpg,saudavel,spinach_sy69db2nz5,Healthy-Leaf(1399),675,1200,JPEG
dataset\_work\spinach_classified\spinach_sy69db2nz5\saudavel\Healthy-Leaf(1399)__Healthy-Leaf (12).jpg,saudavel,spinach_sy69db2nz5,Healthy-Leaf(1399),900,1200,JPEG
dataset\_work\spinach_classified\spinach_sy69db2nz5\saudavel\Healthy-Leaf(1399)__Healthy-Leaf (120).jpg,saudavel,spinach_sy69db2nz5,Healthy-Leaf(1399),433,577,JPEG
dataset\_work\spinach_classified\spinach_sy69db2nz5\saudavel\Healthy-Leaf(1399)__Healthy-Leaf (1200).jpg,saudavel,spinach_sy69db2nz5,Healthy-Leaf(1399),675,1200,JPEG
dataset\_work\spinach_classified\spinach_sy69db2nz5\saudavel\Healthy-Leaf(1399)__Healthy-Leaf (1201).jpg,saudavel,spinach_sy69db2nz5,Healthy-Leaf(1399),675,1200,JPEG
dataset\_work\spinach_classified\spinach_sy69db2nz5\saudavel\Healthy-Leaf(1399)__Healthy-Leaf (1202).jpg,saudavel,spinach_sy69db2nz5,Healthy-Leaf(1399),675,1200,JPEG
dataset\_work\spinach_classified\spinach_sy69db2nz5\saudavel\Healthy-Leaf(1399)__Healthy-Leaf (1203).jpg,saudavel,spinach_sy69db2nz5,Healthy-Leaf(1399),675,1200,JPEG
dataset\_work\spinach_classified\spinach_sy69db2nz5\saudavel\Healthy-Leaf(1399)__Healthy-Leaf (1204).jpg,saudavel,spinach_sy69db2nz5,Healthy-Leaf(1399),675,1200,JPEG
dataset\_work\spinach_classified\spinach_sy69db2nz5\saudavel\Healthy-Leaf(1399)__Healthy-Leaf (1205).jpg,saudavel,spinach_sy69db2nz5,Healthy-Leaf(1399),675,1200,JPEG
dataset\_work\spinach_classified\spinach_sy69db2nz5\saudavel\Healthy-Leaf(1399)__Healthy-Leaf (1206).jpg,saudavel,spinach_sy69db2nz5,Healthy-Leaf(1399),675,1200,JPEG
dataset\_work\spinach_classified\spinach_sy69db2nz5\saudavel\Healthy-Leaf(1399)__Healthy-Leaf (1207).jpg,saudavel,spinach_sy69db2nz5,Healthy-Leaf(1399),675,1200,JPEG
dataset\_work\spinach_classified\spinach_sy69db2nz5\saudavel\Healthy-Leaf(1399)__Healthy-Leaf (1208).jpg,saudavel,spinach_sy69db2nz5,Healthy-Leaf(1399),675,1200,JPEG
dataset\_work\spinach_classified\spinach_sy69db2nz5\saudavel\Healthy-Leaf(1399)__Healthy-Leaf (1209).jpg,saudavel,spinach_sy69db2nz5,Healthy-Leaf(1399),675,1200,JPEG
dataset\_work\spinach_classified\spinach_sy69db2nz5\saudavel\Healthy-Leaf(1399)__Healthy-Leaf (121).jpg,saudavel,spinach_sy69db2nz5,Healthy-Leaf(1399),433,577,JPEG
dataset\_work\spinach_classified\spinach_sy69db2nz5\saudavel\Healthy-Leaf(1399)__Healthy-Leaf (1210).jpg,saudavel,spinach_sy69db2nz5,Healthy-Leaf(1399),675,1200,JPEG
dataset\_work\spinach_classified\spinach_sy69db2nz5\saudavel\Healthy-Leaf(1399)__Healthy-Leaf (1211).jpg,saudavel,spinach_sy69db2nz5,Healthy-Leaf(1399),675,1200,JPEG
dataset\_work\spinach_classified\spinach_sy69db2nz5\saudavel\Healthy-Leaf(1399)__Healthy-Leaf (1212).jpg,saudavel,spinach_sy69db2nz5,Healthy-Leaf(1399),675,1200,JPEG
dataset\_work\spinach_classified\spinach_sy69db2nz5\saudavel\Healthy-Leaf(1399)__Healthy-Leaf (1213).jpg,saudavel,spinach_sy69db2nz5,Healthy-Leaf(1399),675,1200,JPEG
dataset\_work\spinach_classified\spinach_sy69db2nz5\saudavel\Healthy-Leaf(1399)__Healthy-Leaf (1214).jpg,saudavel,spinach_sy69db2nz5,Healthy-Leaf(1399),675,1200,JPEG
dataset\_work\spinach_classified\spinach_sy69db2nz5\saudavel\Healthy-Leaf(1399)__Healthy-Leaf (1215).jpg,saudavel,spinach_sy69db2nz5,Healthy-Leaf(1399),675,1200,JPEG
dataset\_work\spinach_classified\spinach_sy69db2nz5\saudavel\Healthy-Leaf(1399)__Healthy-Leaf (1216).jpg,saudavel,spinach_sy69db2nz5,Healthy-Leaf(1399),675,1200,JPEG
dataset\_work\spinach_classified\spinach_sy69db2nz5\saudavel\Healthy-Leaf(1399)__Healthy-Leaf (1217).jpg,saudavel,spinach_sy69db2nz5,Healthy-Leaf(1399),675,1200,JPEG
dataset\_work\spinach_classified\spinach_sy69db2nz5\saudavel\Healthy-Leaf(1399)__Healthy-Leaf (1218).jpg,saudavel,spinach_sy69db2nz5,Healthy-Leaf(1399),675,1200,JPEG
dataset\_work\spinach_classified\spinach_sy69db2nz5\saudavel\Healthy-Leaf(1399)__Healthy-Leaf (1219).jpg,saudavel,spinach_sy69db2nz5,Healthy-Leaf(1399),675,1200,JPEG
dataset\_work\spinach_classified\spinach_sy69db2nz5\saudavel\Healthy-Leaf(1399)__Healthy-Leaf (122).jpg,saudavel,spinach_sy69db2nz5,Healthy-Leaf(1399),433,577,JPEG
dataset\_work\spinach_classified\spinach_sy69db2nz5\saudavel\Healthy-Leaf(1399)__Healthy-Leaf (1220).jpg,saudavel,spinach_sy69db2nz5,Healthy-Leaf(1399),675,1200,JPEG
dataset\_work\spinach_classified\spinach_sy69db2nz5\saudavel\Healthy-Leaf(1399)__Healthy-Leaf (1221).jpg,saudavel,spinach_sy69db2nz5,Healthy-Leaf(1399),675,1200,JPEG
dataset\_work\spinach_classified\spinach_sy69db2nz5\saudavel\Healthy-Leaf(1399)__Healthy-Leaf (1222).jpg,saudavel,spinach_sy69db2nz5,Healthy-Leaf(1399),675,1200,JPEG
dataset\_work\spinach_classified\spinach_sy69db2nz5\saudavel\Healthy-Leaf(1399)__Healthy-Leaf (1223).jpg,saudavel,spinach_sy69db2nz5,Healthy-Leaf(1399),675,1200,JPEG
dataset\_work\spinach_classified\spinach_sy69db2nz5\saudavel\Healthy-Leaf(1399)__Healthy-Leaf (1224).jpg,saudavel,spinach_sy69db2nz5,Healthy-Leaf(1399),675,1200,JPEG
dataset\_work\spinach_classified\spinach_sy69db2nz5\saudavel\Healthy-Leaf(1399)__Healthy-Leaf (1225).jpg,saudavel,spinach_sy69db2nz5,Healthy-Leaf(1399),675,1200,JPEG
dataset\_work\spinach_classified\spinach_sy69db2nz5\saudavel\Healthy-Leaf(1399)__Healthy-Leaf (1226).jpg,saudavel,spinach_sy69db2nz5,Healthy-Leaf(1399),675,1200,JPEG
dataset\_work\spinach_classified\spinach_sy69db2nz5\saudavel\Healthy-Leaf(1399)__Healthy-Leaf (1227).jpg,saudavel,spinach_sy69db2nz5,Healthy-Leaf(1399),675,1200,JPEG
dataset\_work\spinach_classified\spinach_sy69db2nz5\saudavel\Healthy-Leaf(1399)__Healthy-Leaf (1228).jpg,saudavel,spinach_sy69db2nz5,Healthy-Leaf(1399),675,1200,JPEG
dataset\_work\spinach_classified\spinach_sy69db2nz5\saudavel\Healthy-Leaf(1399)__Healthy-Leaf (1229).jpg,saudavel,spinach_sy69db2nz5,Healthy-Leaf(1399),675,1200,JPEG
dataset\_work\spinach_classified\spinach_sy69db2nz5\saudavel\Healthy-Leaf(1399)__Healthy-Leaf (123).jpg,saudavel,spinach_sy69db2nz5,Healthy-Leaf(1399),900,1200,JPEG
dataset\_work\spinach_classified\spinach_sy69db2nz5\saudavel\Healthy-Leaf(1399)__Healthy-Leaf (1230).jpg,saudavel,spinach_sy69db2nz5,Healthy-Leaf(1399),675,1200,JPEG
dataset\_work\spinach_classified\spinach_sy69db2nz5\saudavel\Healthy-Leaf(1399)__Healthy-Leaf (1231).jpg,saudavel,spinach_sy69db2nz5,Healthy-Leaf(1399),675,1200,JPEG
dataset\_work\spinach_classified\spinach_sy69db2nz5\saudavel\Healthy-Leaf(1399)__Healthy-Leaf (1232).jpg,saudavel,spinach_sy69db2nz5,Healthy-Leaf(1399),675,1200,JPEG
dataset\_work\spinach_classified\spinach_sy69db2nz5\saudavel\Healthy-Leaf(1399)__Healthy-Leaf (1233).jpg,saudavel,spinach_sy69db2nz5,Healthy-Leaf(1399),675,1200,JPEG
dataset\_work\spinach_classified\spinach_sy69db2nz5\saudavel\Healthy-Leaf(1399)__Healthy-Leaf (1234).jpg,saudavel,spinach_sy69db2nz5,Healthy-Leaf(1399),675,1200,JPEG
dataset\_work\spinach_classified\spinach_sy69db2nz5\saudavel\Healthy-Leaf(1399)__Healthy-Leaf (1235).jpg,saudavel,spinach_sy69db2nz5,Healthy-Leaf(1399),675,1200,JPEG
dataset\_work\spinach_classified\spinach_sy69db2nz5\saudavel\Healthy-Leaf(1399)__Healthy-Leaf (1236).jpg,saudavel,spinach_sy69db2nz5,Healthy-Leaf(1399),675,1200,JPEG
dataset\_work\spinach_classified\spinach_sy69db2nz5\saudavel\Healthy-Leaf(1399)__Healthy-Leaf (1237).jpg,saudavel,spinach_sy69db2nz5,Healthy-Leaf(1399),675,1200,JPEG
dataset\_work\spinach_classified\spinach_sy69db2nz5\saudavel\Healthy-Leaf(1399)__Healthy-Leaf (1238).jpg,saudavel,spinach_sy69db2nz5,Healthy-Leaf(1399),675,1200,JPEG
dataset\_work\spinach_classified\spinach_sy69db2nz5\saudavel\Healthy-Leaf(1399)__Healthy-Leaf (1239).jpg,saudavel,spinach_sy69db2nz5,Healthy-Leaf(1399),675,1200,JPEG
dataset\_work\spinach_classified\spinach_sy69db2nz5\saudavel\Healthy-Leaf(1399)__Healthy-Leaf (124).jpg,saudavel,spinach_sy69db2nz5,Healthy-Leaf(1399),900,1200,JPEG
dataset\_work\spinach_classified\spinach_sy69db2nz5\saudavel\Healthy-Leaf(1399)__Healthy-Leaf (1240).jpg,saudavel,spinach_sy69db2nz5,Healthy-Leaf(1399),675,1200,JPEG
dataset\_work\spinach_classified\spinach_sy69db2nz5\saudavel\Healthy-Leaf(1399)__Healthy-Leaf (1241).jpg,saudavel,spinach_sy69db2nz5,Healthy-Leaf(1399),675,1200,JPEG
dataset\_work\spinach_classified\spinach_sy69db2nz5\saudavel\Healthy-Leaf(1399)__Healthy-Leaf (1242).jpg,saudavel,spinach_sy69db2nz5,Healthy-Leaf(1399),675,1200,JPEG
dataset\_work\spinach_classified\spinach_sy69db2nz5\saudavel\Healthy-Leaf(1399)__Healthy-Leaf (1243).jpg,saudavel,spinach_sy69db2nz5,Healthy-Leaf(1399),675,1200,JPEG
dataset\_work\spinach_classified\spinach_sy69db2nz5\saudavel\Healthy-Leaf(1399)__Healthy-Leaf (1244).jpg,saudavel,spinach_sy69db2nz5,Healthy-Leaf(1399),675,1200,JPEG
dataset\_work\spinach_classified\spinach_sy69db2nz5\saudavel\Healthy-Leaf(1399)__Healthy-Leaf (1245).jpg,saudavel,spinach_sy69db2nz5,Healthy-Leaf(1399),675,1200,JPEG
dataset\_work\spinach_classified\spinach_sy69db2nz5\saudavel\Healthy-Leaf(1399)__Healthy-Leaf (1246).jpg,saudavel,spinach_sy69db2nz5,Healthy-Leaf(1399),675,1200,JPEG
dataset\_work\spinach_classified\spinach_sy69db2nz5\saudavel\Healthy-Leaf(1399)__Healthy-Leaf (1247).jpg,saudavel,spinach_sy69db2nz5,Healthy-Leaf(1399),675,1200,JPEG
dataset\_work\spinach_classified\spinach_sy69db2nz5\saudavel\Healthy-Leaf(1399)__Healthy-Leaf (1248).jpg,saudavel,spinach_sy69db2nz5,Healthy-Leaf(1399),675,1200,JPEG
dataset\_work\spinach_classified\spinach_sy69db2nz5\saudavel\Healthy-Leaf(1399)__Healthy-Leaf (1249).jpg,saudavel,spinach_sy69db2nz5,Healthy-Leaf(1399),675,1200,JPEG
dataset\_work\spinach_classified\spinach_sy69db2nz5\saudavel\Healthy-Leaf(1399)__Healthy-Leaf (125).jpg,saudavel,spinach_sy69db2nz5,Healthy-Leaf(1399),900,1200,JPEG
dataset\_work\spinach_classified\spinach_sy69db2nz5\saudavel\Healthy-Leaf(1399)__Healthy-Leaf (1250).jpg,saudavel,spinach_sy69db2nz5,Healthy-Leaf(1399),675,1200,JPEG
dataset\_work\spinach_classified\spinach_sy69db2nz5\saudavel\Healthy-Leaf(1399)__Healthy-Leaf (1251).jpg,saudavel,spinach_sy69db2nz5,Healthy-Leaf(1399),675,1200,JPEG
dataset\_work\spinach_classified\spinach_sy69db2nz5\saudavel\Healthy-Leaf(1399)__Healthy-Leaf (1252).jpg,saudavel,spinach_sy69db2nz5,Healthy-Leaf(1399),675,1200,JPEG
dataset\_work\spinach_classified\spinach_sy69db2nz5\saudavel\Healthy-Leaf(1399)__Healthy-Leaf (1253).jpg,saudavel,spinach_sy69db2nz5,Healthy-Leaf(1399),675,1200,JPEG
dataset\_work\spinach_classified\spinach_sy69db2nz5\saudavel\Healthy-Leaf(1399)__Healthy-Leaf (1254).jpg,saudavel,spinach_sy69db2nz5,Healthy-Leaf(1399),675,1200,JPEG
dataset\_work\spinach_classified\spinach_sy69db2nz5\saudavel\Healthy-Leaf(1399)__Healthy-Leaf (1255).jpg,saudavel,spinach_sy69db2nz5,Healthy-Leaf(1399),675,1200,JPEG
dataset\_work\spinach_classified\spinach_sy69db2nz5\saudavel\Healthy-Leaf(1399)__Healthy-Leaf (1256).jpg,saudavel,spinach_sy69db2nz5,Healthy-Leaf(1399),675,1200,JPEG
dataset\_work\spinach_classified\spinach_sy69db2nz5\saudavel\Healthy-Leaf(1399)__Healthy-Leaf (1257).jpg,saudavel,spinach_sy69db2nz5,Healthy-Leaf(1399),675,1200,JPEG
dataset\_work\spinach_classified\spinach_sy69db2nz5\saudavel\Healthy-Leaf(1399)__Healthy-Leaf (1258).jpg,saudavel,spinach_sy69db2nz5,Healthy-Leaf(1399),675,1200,JPEG
dataset\_work\spinach_classified\spinach_sy69db2nz5\saudavel\Healthy-Leaf(1399)__Healthy-Leaf (1259).jpg,saudavel,spinach_sy69db2nz5,Healthy-Leaf(1399),675,1200,JPEG
dataset\_work\spinach_classified\spinach_sy69db2nz5\saudavel\Healthy-Leaf(1399)__Healthy-Leaf (126).jpg,saudavel,spinach_sy69db2nz5,Healthy-Leaf(1399),900,1200,JPEG
dataset\_work\spinach_classified\spinach_sy69db2nz5\saudavel\Healthy-Leaf(1399)__Healthy-Leaf (1260).jpg,saudavel,spinach_sy69db2nz5,Healthy-Leaf(1399),675,1200,JPEG
dataset\_work\spinach_classified\spinach_sy69db2nz5\saudavel\Healthy-Leaf(1399)__Healthy-Leaf (1261).jpg,saudavel,spinach_sy69db2nz5,Healthy-Leaf(1399),675,1200,JPEG
dataset\_work\spinach_classified\spinach_sy69db2nz5\saudavel\Healthy-Leaf(1399)__Healthy-Leaf (1262).jpg,saudavel,spinach_sy69db2nz5,Healthy-Leaf(1399),675,1200,JPEG
dataset\_work\spinach_classified\spinach_sy69db2nz5\saudavel\Healthy-Leaf(1399)__Healthy-Leaf (1263).jpg,saudavel,spinach_sy69db2nz5,Healthy-Leaf(1399),675,1200,JPEG
dataset\_work\spinach_classified\spinach_sy69db2nz5\saudavel\Healthy-Leaf(1399)__Healthy-Leaf (1264).jpg,saudavel,spinach_sy69db2nz5,Healthy-Leaf(1399),675,1200,JPEG
dataset\_work\spinach_classified\spinach_sy69db2nz5\saudavel\Healthy-Leaf(1399)__Healthy-Leaf (1265).jpg,saudavel,spinach_sy69db2nz5,Healthy-Leaf(1399),675,1200,JPEG
dataset\_work\spinach_classified\spinach_sy69db2nz5\saudavel\Healthy-Leaf(1399)__Healthy-Leaf (1266).jpg,saudavel,spinach_sy69db2nz5,Healthy-Leaf(1399),675,1200,JPEG
dataset\_work\spinach_classified\spinach_sy69db2nz5\saudavel\Healthy-Leaf(1399)__Healthy-Leaf (1267).jpg,saudavel,spinach_sy69db2nz5,Healthy-Leaf(1399),675,1200,JPEG
dataset\_work\spinach_classified\spinach_sy69db2nz5\saudavel\Healthy-Leaf(1399)__Healthy-Leaf (1268).jpg,saudavel,spinach_sy69db2nz5,Healthy-Leaf(1399),675,1200,JPEG
dataset\_work\spinach_classified\spinach_sy69db2nz5\saudavel\Healthy-Leaf(1399)__Healthy-Leaf (1269).jpg,saudavel,spinach_sy69db2nz5,Healthy-Leaf(1399),675,1200,JPEG
dataset\_work\spinach_classified\spinach_sy69db2nz5\saudavel\Healthy-Leaf(1399)__Healthy-Leaf (127).jpg,saudavel,spinach_sy69db2nz5,Healthy-Leaf(1399),900,1200,JPEG
dataset\_work\spinach_classified\spinach_sy69db2nz5\saudavel\Healthy-Leaf(1399)__Healthy-Leaf (1270).jpg,saudavel,spinach_sy69db2nz5,Healthy-Leaf(1399),675,1200,JPEG
dataset\_work\spinach_classified\spinach_sy69db2nz5\saudavel\Healthy-Leaf(1399)__Healthy-Leaf (1271).jpg,saudavel,spinach_sy69db2nz5,Healthy-Leaf(1399),675,1200,JPEG
dataset\_work\spinach_classified\spinach_sy69db2nz5\saudavel\Healthy-Leaf(1399)__Healthy-Leaf (1272).jpg,saudavel,spinach_sy69db2nz5,Healthy-Leaf(1399),675,1200,JPEG
dataset\_work\spinach_classified\spinach_sy69db2nz5\saudavel\Healthy-Leaf(1399)__Healthy-Leaf (1273).jpg,saudavel,spinach_sy69db2nz5,Healthy-Leaf(1399),675,1200,JPEG
dataset\_work\spinach_classified\spinach_sy69db2nz5\saudavel\Healthy-Leaf(1399)__Healthy-Leaf (1274).jpg,saudavel,spinach_sy69db2nz5,Healthy-Leaf(1399),675,1200,JPEG
dataset\_work\spinach_classified\spinach_sy69db2nz5\saudavel\Healthy-Leaf(1399)__Healthy-Leaf (1275).jpg,saudavel,spinach_sy69db2nz5,Healthy-Leaf(1399),675,1200,JPEG
dataset\_work\spinach_classified\spinach_sy69db2nz5\saudavel\Healthy-Leaf(1399)__Healthy-Leaf (1276).jpg,saudavel,spinach_sy69db2nz5,Healthy-Leaf(1399),675,1200,JPEG
dataset\_work\spinach_classified\spinach_sy69db2nz5\saudavel\Healthy-Leaf(1399)__Healthy-Leaf (1277).jpg,saudavel,spinach_sy69db2nz5,Healthy-Leaf(1399),675,1200,JPEG
dataset\_work\spinach_classified\spinach_sy69db2nz5\saudavel\Healthy-Leaf(1399)__Healthy-Leaf (1278).jpg,saudavel,spinach_sy69db2nz5,Healthy-Leaf(1399),675,1200,JPEG
dataset\_work\spinach_classified\spinach_sy69db2nz5\saudavel\Healthy-Leaf(1399)__Healthy-Leaf (1279).jpg,saudavel,spinach_sy69db2nz5,Healthy-Leaf(1399),675,1200,JPEG
dataset\_work\spinach_classified\spinach_sy69db2nz5\saudavel\Healthy-Leaf(1399)__Healthy-Leaf (128).jpg,saudavel,spinach_sy69db2nz5,Healthy-Leaf(1399),900,1200,JPEG
dataset\_work\spinach_classified\spinach_sy69db2nz5\saudavel\Healthy-Leaf(1399)__Healthy-Leaf (1280).jpg,saudavel,spinach_sy69db2nz5,Healthy-Leaf(1399),675,1200,JPEG
dataset\_work\spinach_classified\spinach_sy69db2nz5\saudavel\Healthy-Leaf(1399)__Healthy-Leaf (1281).jpg,saudavel,spinach_sy69db2nz5,Healthy-Leaf(1399),675,1200,JPEG
dataset\_work\spinach_classified\spinach_sy69db2nz5\saudavel\Healthy-Leaf(1399)__Healthy-Leaf (1282).jpg,saudavel,spinach_sy69db2nz5,Healthy-Leaf(1399),675,1200,JPEG
dataset\_work\spinach_classified\spinach_sy69db2nz5\saudavel\Healthy-Leaf(1399)__Healthy-Leaf (1283).jpg,saudavel,spinach_sy69db2nz5,Healthy-Leaf(1399),675,1200,JPEG
dataset\_work\spinach_classified\spinach_sy69db2nz5\saudavel\Healthy-Leaf(1399)__Healthy-Leaf (1284).jpg,saudavel,spinach_sy69db2nz5,Healthy-Leaf(1399),675,1200,JPEG
dataset\_work\spinach_classified\spinach_sy69db2nz5\saudavel\Healthy-Leaf(1399)__Healthy-Leaf (1285).jpg,saudavel,spinach_sy69db2nz5,Healthy-Leaf(1399),675,1200,JPEG
dataset\_work\spinach_classified\spinach_sy69db2nz5\saudavel\Healthy-Leaf(1399)__Healthy-Leaf (1286).jpg,saudavel,spinach_sy69db2nz5,Healthy-Leaf(1399),675,1200,JPEG
dataset\_work\spinach_classified\spinach_sy69db2nz5\saudavel\Healthy-Leaf(1399)__Healthy-Leaf (1287).jpg,saudavel,spinach_sy69db2nz5,Healthy-Leaf(1399),675,1200,JPEG
dataset\_work\spinach_classified\spinach_sy69db2nz5\saudavel\Healthy-Leaf(1399)__Healthy-Leaf (1288).jpg,saudavel,spinach_sy69db2nz5,Healthy-Leaf(1399),675,1200,JPEG
dataset\_work\spinach_classified\spinach_sy69db2nz5\saudavel\Healthy-Leaf(1399)__Healthy-Leaf (1289).jpg,saudavel,spinach_sy69db2nz5,Healthy-Leaf(1399),675,1200,JPEG
dataset\_work\spinach_classified\spinach_sy69db2nz5\saudavel\Healthy-Leaf(1399)__Healthy-Leaf (129).jpg,saudavel,spinach_sy69db2nz5,Healthy-Leaf(1399),900,1200,JPEG
dataset\_work\spinach_classified\spinach_sy69db2nz5\saudavel\Healthy-Leaf(1399)__Healthy-Leaf (1290).jpg,saudavel,spinach_sy69db2nz5,Healthy-Leaf(1399),675,1200,JPEG
dataset\_work\spinach_classified\spinach_sy69db2nz5\saudavel\Healthy-Leaf(1399)__Healthy-Leaf (1291).jpg,saudavel,spinach_sy69db2nz5,Healthy-Leaf(1399),675,1200,JPEG
dataset\_work\spinach_classified\spinach_sy69db2nz5\saudavel\Healthy-Leaf(1399)__Healthy-Leaf (1292).jpg,saudavel,spinach_sy69db2nz5,Healthy-Leaf(1399),675,1200,JPEG
dataset\_work\spinach_classified\spinach_sy69db2nz5\saudavel\Healthy-Leaf(1399)__Healthy-Leaf (1293).jpg,saudavel,spinach_sy69db2nz5,Healthy-Leaf(1399),675,1200,JPEG
dataset\_work\spinach_classified\spinach_sy69db2nz5\saudavel\Healthy-Leaf(1399)__Healthy-Leaf (1294).jpg,saudavel,spinach_sy69db2nz5,Healthy-Leaf(1399),675,1200,JPEG
dataset\_work\spinach_classified\spinach_sy69db2nz5\saudavel\Healthy-Leaf(1399)__Healthy-Leaf (1295).jpg,saudavel,spinach_sy69db2nz5,Healthy-Leaf(1399),675,1200,JPEG
dataset\_work\spinach_classified\spinach_sy69db2nz5\saudavel\Healthy-Leaf(1399)__Healthy-Leaf (1296).jpg,saudavel,spinach_sy69db2nz5,Healthy-Leaf(1399),675,1200,JPEG
dataset\_work\spinach_classified\spinach_sy69db2nz5\saudavel\Healthy-Leaf(1399)__Healthy-Leaf (1297).jpg,saudavel,spinach_sy69db2nz5,Healthy-Leaf(1399),675,1200,JPEG
dataset\_work\spinach_classified\spinach_sy69db2nz5\saudavel\Healthy-Leaf(1399)__Healthy-Leaf (1298).jpg,saudavel,spinach_sy69db2nz5,Healthy-Leaf(1399),675,1200,JPEG
dataset\_work\spinach_classified\spinach_sy69db2nz5\saudavel\Healthy-Leaf(1399)__Healthy-Leaf (1299).jpg,saudavel,spinach_sy69db2nz5,Healthy-Leaf(1399),675,1200,JPEG
dataset\_work\spinach_classified\spinach_sy69db2nz5\saudavel\Healthy-Leaf(1399)__Healthy-Leaf (13).jpg,saudavel,spinach_sy69db2nz5,Healthy-Leaf(1399),900,1200,JPEG
dataset\_work\spinach_classified\spinach_sy69db2nz5\saudavel\Healthy-Leaf(1399)__Healthy-Leaf (130).jpg,saudavel,spinach_sy69db2nz5,Healthy-Leaf(1399),900,1200,JPEG
dataset\_work\spinach_classified\spinach_sy69db2nz5\saudavel\Healthy-Leaf(1399)__Healthy-Leaf (1300).jpg,saudavel,spinach_sy69db2nz5,Healthy-Leaf(1399),675,1200,JPEG
dataset\_work\spinach_classified\spinach_sy69db2nz5\saudavel\Healthy-Leaf(1399)__Healthy-Leaf (1301).jpg,saudavel,spinach_sy69db2nz5,Healthy-Leaf(1399),675,1200,JPEG
dataset\_work\spinach_classified\spinach_sy69db2nz5\saudavel\Healthy-Leaf(1399)__Healthy-Leaf (1302).jpg,saudavel,spinach_sy69db2nz5,Healthy-Leaf(1399),675,1200,JPEG
dataset\_work\spinach_classified\spinach_sy69db2nz5\saudavel\Healthy-Leaf(1399)__Healthy-Leaf (1303).jpg,saudavel,spinach_sy69db2nz5,Healthy-Leaf(1399),675,1200,JPEG
dataset\_work\spinach_classified\spinach_sy69db2nz5\saudavel\Healthy-Leaf(1399)__Healthy-Leaf (1304).jpg,saudavel,spinach_sy69db2nz5,Healthy-Leaf(1399),675,1200,JPEG
dataset\_work\spinach_classified\spinach_sy69db2nz5\saudavel\Healthy-Leaf(1399)__Healthy-Leaf (1305).jpg,saudavel,spinach_sy69db2nz5,Healthy-Leaf(1399),675,1200,JPEG
dataset\_work\spinach_classified\spinach_sy69db2nz5\saudavel\Healthy-Leaf(1399)__Healthy-Leaf (1306).jpg,saudavel,spinach_sy69db2nz5,Healthy-Leaf(1399),675,1200,JPEG
dataset\_work\spinach_classified\spinach_sy69db2nz5\saudavel\Healthy-Leaf(1399)__Healthy-Leaf (1307).jpg,saudavel,spinach_sy69db2nz5,Healthy-Leaf(1399),675,1200,JPEG
dataset\_work\spinach_classified\spinach_sy69db2nz5\saudavel\Healthy-Leaf(1399)__Healthy-Leaf (1308).jpg,saudavel,spinach_sy69db2nz5,Healthy-Leaf(1399),675,1200,JPEG
dataset\_work\spinach_classified\spinach_sy69db2nz5\saudavel\Healthy-Leaf(1399)__Healthy-Leaf (1309).jpg,saudavel,spinach_sy69db2nz5,Healthy-Leaf(1399),675,1200,JPEG
dataset\_work\spinach_classified\spinach_sy69db2nz5\saudavel\Healthy-Leaf(1399)__Healthy-Leaf (131).jpg,saudavel,spinach_sy69db2nz5,Healthy-Leaf(1399),900,1200,JPEG
dataset\_work\spinach_classified\spinach_sy69db2nz5\saudavel\Healthy-Leaf(1399)__Healthy-Leaf (1310).jpg,saudavel,spinach_sy69db2nz5,Healthy-Leaf(1399),675,1200,JPEG
dataset\_work\spinach_classified\spinach_sy69db2nz5\saudavel\Healthy-Leaf(1399)__Healthy-Leaf (1311).jpg,saudavel,spinach_sy69db2nz5,Healthy-Leaf(1399),675,1200,JPEG
dataset\_work\spinach_classified\spinach_sy69db2nz5\saudavel\Healthy-Leaf(1399)__Healthy-Leaf (1312).jpg,saudavel,spinach_sy69db2nz5,Healthy-Leaf(1399),675,1200,JPEG
dataset\_work\spinach_classified\spinach_sy69db2nz5\saudavel\Healthy-Leaf(1399)__Healthy-Leaf (1313).jpg,saudavel,spinach_sy69db2nz5,Healthy-Leaf(1399),675,1200,JPEG
dataset\_work\spinach_classified\spinach_sy69db2nz5\saudavel\Healthy-Leaf(1399)__Healthy-Leaf (1314).jpg,saudavel,spinach_sy69db2nz5,Healthy-Leaf(1399),675,1200,JPEG
dataset\_work\spinach_classified\spinach_sy69db2nz5\saudavel\Healthy-Leaf(1399)__Healthy-Leaf (1315).jpg,saudavel,spinach_sy69db2nz5,Healthy-Leaf(1399),675,1200,JPEG
dataset\_work\spinach_classified\spinach_sy69db2nz5\saudavel\Healthy-Leaf(1399)__Healthy-Leaf (1316).jpg,saudavel,spinach_sy69db2nz5,Healthy-Leaf(1399),675,1200,JPEG
dataset\_work\spinach_classified\spinach_sy69db2nz5\saudavel\Healthy-Leaf(1399)__Healthy-Leaf (1317).jpg,saudavel,spinach_sy69db2nz5,Healthy-Leaf(1399),675,1200,JPEG
dataset\_work\spinach_classified\spinach_sy69db2nz5\saudavel\Healthy-Leaf(1399)__Healthy-Leaf (1318).jpg,saudavel,spinach_sy69db2nz5,Healthy-Leaf(1399),675,1200,JPEG
dataset\_work\spinach_classified\spinach_sy69db2nz5\saudavel\Healthy-Leaf(1399)__Healthy-Leaf (1319).jpg,saudavel,spinach_sy69db2nz5,Healthy-Leaf(1399),675,1200,JPEG
dataset\_work\spinach_classified\spinach_sy69db2nz5\saudavel\Healthy-Leaf(1399)__Healthy-Leaf (132).jpg,saudavel,spinach_sy69db2nz5,Healthy-Leaf(1399),900,1200,JPEG
dataset\_work\spinach_classified\spinach_sy69db2nz5\saudavel\Healthy-Leaf(1399)__Healthy-Leaf (1320).jpg,saudavel,spinach_sy69db2nz5,Healthy-Leaf(1399),675,1200,JPEG
dataset\_work\spinach_classified\spinach_sy69db2nz5\saudavel\Healthy-Leaf(1399)__Healthy-Leaf (1321).jpg,saudavel,spinach_sy69db2nz5,Healthy-Leaf(1399),675,1200,JPEG
dataset\_work\spinach_classified\spinach_sy69db2nz5\saudavel\Healthy-Leaf(1399)__Healthy-Leaf (1322).jpg,saudavel,spinach_sy69db2nz5,Healthy-Leaf(1399),675,1200,JPEG
dataset\_work\spinach_classified\spinach_sy69db2nz5\saudavel\Healthy-Leaf(1399)__Healthy-Leaf (1323).jpg,saudavel,spinach_sy69db2nz5,Healthy-Leaf(1399),675,1200,JPEG
dataset\_work\spinach_classified\spinach_sy69db2nz5\saudavel\Healthy-Leaf(1399)__Healthy-Leaf (1324).jpg,saudavel,spinach_sy69db2nz5,Healthy-Leaf(1399),675,1200,JPEG
dataset\_work\spinach_classified\spinach_sy69db2nz5\saudavel\Healthy-Leaf(1399)__Healthy-Leaf (1325).jpg,saudavel,spinach_sy69db2nz5,Healthy-Leaf(1399),675,1200,JPEG
dataset\_work\spinach_classified\spinach_sy69db2nz5\saudavel\Healthy-Leaf(1399)__Healthy-Leaf (1326).jpg,saudavel,spinach_sy69db2nz5,Healthy-Leaf(1399),900,1200,JPEG
dataset\_work\spinach_classified\spinach_sy69db2nz5\saudavel\Healthy-Leaf(1399)__Healthy-Leaf (1327).jpg,saudavel,spinach_sy69db2nz5,Healthy-Leaf(1399),900,1200,JPEG
dataset\_work\spinach_classified\spinach_sy69db2nz5\saudavel\Healthy-Leaf(1399)__Healthy-Leaf (1328).jpg,saudavel,spinach_sy69db2nz5,Healthy-Leaf(1399),900,1200,JPEG
dataset\_work\spinach_classified\spinach_sy69db2nz5\saudavel\Healthy-Leaf(1399)__Healthy-Leaf (1329).jpg,saudavel,spinach_sy69db2nz5,Healthy-Leaf(1399),900,1200,JPEG
dataset\_work\spinach_classified\spinach_sy69db2nz5\saudavel\Healthy-Leaf(1399)__Healthy-Leaf (133).jpg,saudavel,spinach_sy69db2nz5,Healthy-Leaf(1399),900,1200,JPEG
dataset\_work\spinach_classified\spinach_sy69db2nz5\saudavel\Healthy-Leaf(1399)__Healthy-Leaf (1330).jpg,saudavel,spinach_sy69db2nz5,Healthy-Leaf(1399),900,1200,JPEG
dataset\_work\spinach_classified\spinach_sy69db2nz5\saudavel\Healthy-Leaf(1399)__Healthy-Leaf (1331).jpg,saudavel,spinach_sy69db2nz5,Healthy-Leaf(1399),900,1200,JPEG
dataset\_work\spinach_classified\spinach_sy69db2nz5\saudavel\Healthy-Leaf(1399)__Healthy-Leaf (1332).jpg,saudavel,spinach_sy69db2nz5,Healthy-Leaf(1399),900,1200,JPEG
dataset\_work\spinach_classified\spinach_sy69db2nz5\saudavel\Healthy-Leaf(1399)__Healthy-Leaf (1333).jpg,saudavel,spinach_sy69db2nz5,Healthy-Leaf(1399),900,1200,JPEG
dataset\_work\spinach_classified\spinach_sy69db2nz5\saudavel\Healthy-Leaf(1399)__Healthy-Leaf (1334).jpg,saudavel,spinach_sy69db2nz5,Healthy-Leaf(1399),900,1200,JPEG
dataset\_work\spinach_classified\spinach_sy69db2nz5\saudavel\Healthy-Leaf(1399)__Healthy-Leaf (1335).jpg,saudavel,spinach_sy69db2nz5,Healthy-Leaf(1399),900,1200,JPEG
dataset\_work\spinach_classified\spinach_sy69db2nz5\saudavel\Healthy-Leaf(1399)__Healthy-Leaf (1336).jpg,saudavel,spinach_sy69db2nz5,Healthy-Leaf(1399),900,1200,JPEG
dataset\_work\spinach_classified\spinach_sy69db2nz5\saudavel\Healthy-Leaf(1399)__Healthy-Leaf (1337).jpg,saudavel,spinach_sy69db2nz5,Healthy-Leaf(1399),1200,900,JPEG
dataset\_work\spinach_classified\spinach_sy69db2nz5\saudavel\Healthy-Leaf(1399)__Healthy-Leaf (1338).jpg,saudavel,spinach_sy69db2nz5,Healthy-Leaf(1399),1200,900,JPEG
dataset\_work\spinach_classified\spinach_sy69db2nz5\saudavel\Healthy-Leaf(1399)__Healthy-Leaf (1339).jpg,saudavel,spinach_sy69db2nz5,Healthy-Leaf(1399),900,1200,JPEG
dataset\_work\spinach_classified\spinach_sy69db2nz5\saudavel\Healthy-Leaf(1399)__Healthy-Leaf (134).jpg,saudavel,spinach_sy69db2nz5,Healthy-Leaf(1399),900,1200,JPEG
dataset\_work\spinach_classified\spinach_sy69db2nz5\saudavel\Healthy-Leaf(1399)__Healthy-Leaf (1340).jpg,saudavel,spinach_sy69db2nz5,Healthy-Leaf(1399),900,1200,JPEG
dataset\_work\spinach_classified\spinach_sy69db2nz5\saudavel\Healthy-Leaf(1399)__Healthy-Leaf (1341).jpg,saudavel,spinach_sy69db2nz5,Healthy-Leaf(1399),900,1200,JPEG
dataset\_work\spinach_classified\spinach_sy69db2nz5\saudavel\Healthy-Leaf(1399)__Healthy-Leaf (1342).jpg,saudavel,spinach_sy69db2nz5,Healthy-Leaf(1399),900,1200,JPEG
dataset\_work\spinach_classified\spinach_sy69db2nz5\saudavel\Healthy-Leaf(1399)__Healthy-Leaf (1343).jpg,saudavel,spinach_sy69db2nz5,Healthy-Leaf(1399),900,1200,JPEG
dataset\_work\spinach_classified\spinach_sy69db2nz5\saudavel\Healthy-Leaf(1399)__Healthy-Leaf (1344).jpg,saudavel,spinach_sy69db2nz5,Healthy-Leaf(1399),900,1200,JPEG
dataset\_work\spinach_classified\spinach_sy69db2nz5\saudavel\Healthy-Leaf(1399)__Healthy-Leaf (1345).jpg,saudavel,spinach_sy69db2nz5,Healthy-Leaf(1399),1200,900,JPEG
dataset\_work\spinach_classified\spinach_sy69db2nz5\saudavel\Healthy-Leaf(1399)__Healthy-Leaf (1346).jpg,saudavel,spinach_sy69db2nz5,Healthy-Leaf(1399),900,1200,JPEG
dataset\_work\spinach_classified\spinach_sy69db2nz5\saudavel\Healthy-Leaf(1399)__Healthy-Leaf (1347).jpg,saudavel,spinach_sy69db2nz5,Healthy-Leaf(1399),900,1200,JPEG
dataset\_work\spinach_classified\spinach_sy69db2nz5\saudavel\Healthy-Leaf(1399)__Healthy-Leaf (1348).jpg,saudavel,spinach_sy69db2nz5,Healthy-Leaf(1399),900,1200,JPEG
dataset\_work\spinach_classified\spinach_sy69db2nz5\saudavel\Healthy-Leaf(1399)__Healthy-Leaf (1349).jpg,saudavel,spinach_sy69db2nz5,Healthy-Leaf(1399),900,1200,JPEG
dataset\_work\spinach_classified\spinach_sy69db2nz5\saudavel\Healthy-Leaf(1399)__Healthy-Leaf (135).jpg,saudavel,spinach_sy69db2nz5,Healthy-Leaf(1399),900,1200,JPEG
dataset\_work\spinach_classified\spinach_sy69db2nz5\saudavel\Healthy-Leaf(1399)__Healthy-Leaf (1350).jpg,saudavel,spinach_sy69db2nz5,Healthy-Leaf(1399),900,1200,JPEG
dataset\_work\spinach_classified\spinach_sy69db2nz5\saudavel\Healthy-Leaf(1399)__Healthy-Leaf (1351).jpg,saudavel,spinach_sy69db2nz5,Healthy-Leaf(1399),900,1200,JPEG
dataset\_work\spinach_classified\spinach_sy69db2nz5\saudavel\Healthy-Leaf(1399)__Healthy-Leaf (1352).jpg,saudavel,spinach_sy69db2nz5,Healthy-Leaf(1399),1200,900,JPEG
dataset\_work\spinach_classified\spinach_sy69db2nz5\saudavel\Healthy-Leaf(1399)__Healthy-Leaf (1353).jpg,saudavel,spinach_sy69db2nz5,Healthy-Leaf(1399),900,1200,JPEG
dataset\_work\spinach_classified\spinach_sy69db2nz5\saudavel\Healthy-Leaf(1399)__Healthy-Leaf (1354).jpg,saudavel,spinach_sy69db2nz5,Healthy-Leaf(1399),900,1200,JPEG
dataset\_work\spinach_classified\spinach_sy69db2nz5\saudavel\Healthy-Leaf(1399)__Healthy-Leaf (1355).jpg,saudavel,spinach_sy69db2nz5,Healthy-Leaf(1399),900,1200,JPEG
dataset\_work\spinach_classified\spinach_sy69db2nz5\saudavel\Healthy-Leaf(1399)__Healthy-Leaf (1356).jpg,saudavel,spinach_sy69db2nz5,Healthy-Leaf(1399),900,1200,JPEG
dataset\_work\spinach_classified\spinach_sy69db2nz5\saudavel\Healthy-Leaf(1399)__Healthy-Leaf (1357).jpg,saudavel,spinach_sy69db2nz5,Healthy-Leaf(1399),900,1200,JPEG
dataset\_work\spinach_classified\spinach_sy69db2nz5\saudavel\Healthy-Leaf(1399)__Healthy-Leaf (1358).jpg,saudavel,spinach_sy69db2nz5,Healthy-Leaf(1399),900,1200,JPEG
dataset\_work\spinach_classified\spinach_sy69db2nz5\saudavel\Healthy-Leaf(1399)__Healthy-Leaf (1359).jpg,saudavel,spinach_sy69db2nz5,Healthy-Leaf(1399),900,1200,JPEG
dataset\_work\spinach_classified\spinach_sy69db2nz5\saudavel\Healthy-Leaf(1399)__Healthy-Leaf (136).jpg,saudavel,spinach_sy69db2nz5,Healthy-Leaf(1399),900,1200,JPEG
dataset\_work\spinach_classified\spinach_sy69db2nz5\saudavel\Healthy-Leaf(1399)__Healthy-Leaf (1360).jpg,saudavel,spinach_sy69db2nz5,Healthy-Leaf(1399),900,1200,JPEG
dataset\_work\spinach_classified\spinach_sy69db2nz5\saudavel\Healthy-Leaf(1399)__Healthy-Leaf (1361).jpg,saudavel,spinach_sy69db2nz5,Healthy-Leaf(1399),900,1200,JPEG
dataset\_work\spinach_classified\spinach_sy69db2nz5\saudavel\Healthy-Leaf(1399)__Healthy-Leaf (1362).jpg,saudavel,spinach_sy69db2nz5,Healthy-Leaf(1399),900,1200,JPEG
dataset\_work\spinach_classified\spinach_sy69db2nz5\saudavel\Healthy-Leaf(1399)__Healthy-Leaf (1363).jpg,saudavel,spinach_sy69db2nz5,Healthy-Leaf(1399),900,1200,JPEG
dataset\_work\spinach_classified\spinach_sy69db2nz5\saudavel\Healthy-Leaf(1399)__Healthy-Leaf (1364).jpg,saudavel,spinach_sy69db2nz5,Healthy-Leaf(1399),900,1200,JPEG
dataset\_work\spinach_classified\spinach_sy69db2nz5\saudavel\Healthy-Leaf(1399)__Healthy-Leaf (1365).jpg,saudavel,spinach_sy69db2nz5,Healthy-Leaf(1399),900,1200,JPEG
dataset\_work\spinach_classified\spinach_sy69db2nz5\saudavel\Healthy-Leaf(1399)__Healthy-Leaf (1366).jpg,saudavel,spinach_sy69db2nz5,Healthy-Leaf(1399),900,1200,JPEG
dataset\_work\spinach_classified\spinach_sy69db2nz5\saudavel\Healthy-Leaf(1399)__Healthy-Leaf (1367).jpg,saudavel,spinach_sy69db2nz5,Healthy-Leaf(1399),900,1200,JPEG
dataset\_work\spinach_classified\spinach_sy69db2nz5\saudavel\Healthy-Leaf(1399)__Healthy-Leaf (1368).jpg,saudavel,spinach_sy69db2nz5,Healthy-Leaf(1399),900,1200,JPEG
dataset\_work\spinach_classified\spinach_sy69db2nz5\saudavel\Healthy-Leaf(1399)__Healthy-Leaf (1369).jpg,saudavel,spinach_sy69db2nz5,Healthy-Leaf(1399),900,1200,JPEG
dataset\_work\spinach_classified\spinach_sy69db2nz5\saudavel\Healthy-Leaf(1399)__Healthy-Leaf (137).jpg,saudavel,spinach_sy69db2nz5,Healthy-Leaf(1399),900,1200,JPEG
dataset\_work\spinach_classified\spinach_sy69db2nz5\saudavel\Healthy-Leaf(1399)__Healthy-Leaf (1370).jpg,saudavel,spinach_sy69db2nz5,Healthy-Leaf(1399),900,1200,JPEG
dataset\_work\spinach_classified\spinach_sy69db2nz5\saudavel\Healthy-Leaf(1399)__Healthy-Leaf (1371).jpg,saudavel,spinach_sy69db2nz5,Healthy-Leaf(1399),900,1200,JPEG
dataset\_work\spinach_classified\spinach_sy69db2nz5\saudavel\Healthy-Leaf(1399)__Healthy-Leaf (1372).jpg,saudavel,spinach_sy69db2nz5,Healthy-Leaf(1399),900,1200,JPEG
dataset\_work\spinach_classified\spinach_sy69db2nz5\saudavel\Healthy-Leaf(1399)__Healthy-Leaf (1373).jpg,saudavel,spinach_sy69db2nz5,Healthy-Leaf(1399),900,1200,JPEG
dataset\_work\spinach_classified\spinach_sy69db2nz5\saudavel\Healthy-Leaf(1399)__Healthy-Leaf (1374).jpg,saudavel,spinach_sy69db2nz5,Healthy-Leaf(1399),900,1200,JPEG
dataset\_work\spinach_classified\spinach_sy69db2nz5\saudavel\Healthy-Leaf(1399)__Healthy-Leaf (1375).jpg,saudavel,spinach_sy69db2nz5,Healthy-Leaf(1399),900,1200,JPEG
dataset\_work\spinach_classified\spinach_sy69db2nz5\saudavel\Healthy-Leaf(1399)__Healthy-Leaf (1376).jpg,saudavel,spinach_sy69db2nz5,Healthy-Leaf(1399),900,1200,JPEG
dataset\_work\spinach_classified\spinach_sy69db2nz5\saudavel\Healthy-Leaf(1399)__Healthy-Leaf (1377).jpg,saudavel,spinach_sy69db2nz5,Healthy-Leaf(1399),900,1200,JPEG
dataset\_work\spinach_classified\spinach_sy69db2nz5\saudavel\Healthy-Leaf(1399)__Healthy-Leaf (1378).jpg,saudavel,spinach_sy69db2nz5,Healthy-Leaf(1399),900,1200,JPEG
dataset\_work\spinach_classified\spinach_sy69db2nz5\saudavel\Healthy-Leaf(1399)__Healthy-Leaf (1379).jpg,saudavel,spinach_sy69db2nz5,Healthy-Leaf(1399),900,1200,JPEG
dataset\_work\spinach_classified\spinach_sy69db2nz5\saudavel\Healthy-Leaf(1399)__Healthy-Leaf (138).jpg,saudavel,spinach_sy69db2nz5,Healthy-Leaf(1399),900,1200,JPEG
dataset\_work\spinach_classified\spinach_sy69db2nz5\saudavel\Healthy-Leaf(1399)__Healthy-Leaf (1380).jpg,saudavel,spinach_sy69db2nz5,Healthy-Leaf(1399),900,1200,JPEG
dataset\_work\spinach_classified\spinach_sy69db2nz5\saudavel\Healthy-Leaf(1399)__Healthy-Leaf (1381).jpg,saudavel,spinach_sy69db2nz5,Healthy-Leaf(1399),900,1200,JPEG
dataset\_work\spinach_classified\spinach_sy69db2nz5\saudavel\Healthy-Leaf(1399)__Healthy-Leaf (1382).jpg,saudavel,spinach_sy69db2nz5,Healthy-Leaf(1399),900,1200,JPEG
dataset\_work\spinach_classified\spinach_sy69db2nz5\saudavel\Healthy-Leaf(1399)__Healthy-Leaf (1383).jpg,saudavel,spinach_sy69db2nz5,Healthy-Leaf(1399),900,1200,JPEG
dataset\_work\spinach_classified\spinach_sy69db2nz5\saudavel\Healthy-Leaf(1399)__Healthy-Leaf (1384).jpg,saudavel,spinach_sy69db2nz5,Healthy-Leaf(1399),900,1200,JPEG
dataset\_work\spinach_classified\spinach_sy69db2nz5\saudavel\Healthy-Leaf(1399)__Healthy-Leaf (1385).jpg,saudavel,spinach_sy69db2nz5,Healthy-Leaf(1399),900,1200,JPEG
dataset\_work\spinach_classified\spinach_sy69db2nz5\saudavel\Healthy-Leaf(1399)__Healthy-Leaf (1386).jpg,saudavel,spinach_sy69db2nz5,Healthy-Leaf(1399),900,1200,JPEG
dataset\_work\spinach_classified\spinach_sy69db2nz5\saudavel\Healthy-Leaf(1399)__Healthy-Leaf (1387).jpg,saudavel,spinach_sy69db2nz5,Healthy-Leaf(1399),900,1200,JPEG
dataset\_work\spinach_classified\spinach_sy69db2nz5\saudavel\Healthy-Leaf(1399)__Healthy-Leaf (1388).jpg,saudavel,spinach_sy69db2nz5,Healthy-Leaf(1399),900,1200,JPEG
dataset\_work\spinach_classified\spinach_sy69db2nz5\saudavel\Healthy-Leaf(1399)__Healthy-Leaf (1389).jpg,saudavel,spinach_sy69db2nz5,Healthy-Leaf(1399),900,1200,JPEG
dataset\_work\spinach_classified\spinach_sy69db2nz5\saudavel\Healthy-Leaf(1399)__Healthy-Leaf (139).jpg,saudavel,spinach_sy69db2nz5,Healthy-Leaf(1399),900,1200,JPEG
dataset\_work\spinach_classified\spinach_sy69db2nz5\saudavel\Healthy-Leaf(1399)__Healthy-Leaf (1390).jpg,saudavel,spinach_sy69db2nz5,Healthy-Leaf(1399),900,1200,JPEG
dataset\_work\spinach_classified\spinach_sy69db2nz5\saudavel\Healthy-Leaf(1399)__Healthy-Leaf (1391).jpg,saudavel,spinach_sy69db2nz5,Healthy-Leaf(1399),900,1200,JPEG
dataset\_work\spinach_classified\spinach_sy69db2nz5\saudavel\Healthy-Leaf(1399)__Healthy-Leaf (1392).jpg,saudavel,spinach_sy69db2nz5,Healthy-Leaf(1399),900,1200,JPEG
dataset\_work\spinach_classified\spinach_sy69db2nz5\saudavel\Healthy-Leaf(1399)__Healthy-Leaf (1393).jpg,saudavel,spinach_sy69db2nz5,Healthy-Leaf(1399),900,1200,JPEG
dataset\_work\spinach_classified\spinach_sy69db2nz5\saudavel\Healthy-Leaf(1399)__Healthy-Leaf (1394).jpg,saudavel,spinach_sy69db2nz5,Healthy-Leaf(1399),900,1200,JPEG
dataset\_work\spinach_classified\spinach_sy69db2nz5\saudavel\Healthy-Leaf(1399)__Healthy-Leaf (1395).jpg,saudavel,spinach_sy69db2nz5,Healthy-Leaf(1399),1200,900,JPEG
dataset\_work\spinach_classified\spinach_sy69db2nz5\saudavel\Healthy-Leaf(1399)__Healthy-Leaf (1396).jpg,saudavel,spinach_sy69db2nz5,Healthy-Leaf(1399),900,1200,JPEG
dataset\_work\spinach_classified\spinach_sy69db2nz5\saudavel\Healthy-Leaf(1399)__Healthy-Leaf (1397).jpg,saudavel,spinach_sy69db2nz5,Healthy-Leaf(1399),900,1200,JPEG
dataset\_work\spinach_classified\spinach_sy69db2nz5\saudavel\Healthy-Leaf(1399)__Healthy-Leaf (1398).jpg,saudavel,spinach_sy69db2nz5,Healthy-Leaf(1399),1200,900,JPEG
dataset\_work\spinach_classified\spinach_sy69db2nz5\saudavel\Healthy-Leaf(1399)__Healthy-Leaf (1399).jpg,saudavel,spinach_sy69db2nz5,Healthy-Leaf(1399),900,1200,JPEG
dataset\_work\spinach_classified\spinach_sy69db2nz5\saudavel\Healthy-Leaf(1399)__Healthy-Leaf (14).jpg,saudavel,spinach_sy69db2nz5,Healthy-Leaf(1399),900,1200,JPEG
dataset\_work\spinach_classified\spinach_sy69db2nz5\saudavel\Healthy-Leaf(1399)__Healthy-Leaf (140).JPG,saudavel,spinach_sy69db2nz5,Healthy-Leaf(1399),900,1200,JPEG
dataset\_work\spinach_classified\spinach_sy69db2nz5\saudavel\Healthy-Leaf(1399)__Healthy-Leaf (141).JPG,saudavel,spinach_sy69db2nz5,Healthy-Leaf(1399),900,1200,JPEG
dataset\_work\spinach_classified\spinach_sy69db2nz5\saudavel\Healthy-Leaf(1399)__Healthy-Leaf (142).JPG,saudavel,spinach_sy69db2nz5,Healthy-Leaf(1399),900,1200,JPEG
dataset\_work\spinach_classified\spinach_sy69db2nz5\saudavel\Healthy-Leaf(1399)__Healthy-Leaf (143).JPG,saudavel,spinach_sy69db2nz5,Healthy-Leaf(1399),900,1200,JPEG
dataset\_work\spinach_classified\spinach_sy69db2nz5\saudavel\Healthy-Leaf(1399)__Healthy-Leaf (144).JPG,saudavel,spinach_sy69db2nz5,Healthy-Leaf(1399),900,1200,JPEG
dataset\_work\spinach_classified\spinach_sy69db2nz5\saudavel\Healthy-Leaf(1399)__Healthy-Leaf (145).JPG,saudavel,spinach_sy69db2nz5,Healthy-Leaf(1399),900,1200,JPEG
dataset\_work\spinach_classified\spinach_sy69db2nz5\saudavel\Healthy-Leaf(1399)__Healthy-Leaf (146).JPG,saudavel,spinach_sy69db2nz5,Healthy-Leaf(1399),900,1200,JPEG
dataset\_work\spinach_classified\spinach_sy69db2nz5\saudavel\Healthy-Leaf(1399)__Healthy-Leaf (147).JPG,saudavel,spinach_sy69db2nz5,Healthy-Leaf(1399),900,1200,JPEG
dataset\_work\spinach_classified\spinach_sy69db2nz5\saudavel\Healthy-Leaf(1399)__Healthy-Leaf (148).JPG,saudavel,spinach_sy69db2nz5,Healthy-Leaf(1399),900,1200,JPEG
dataset\_work\spinach_classified\spinach_sy69db2nz5\saudavel\Healthy-Leaf(1399)__Healthy-Leaf (149).JPG,saudavel,spinach_sy69db2nz5,Healthy-Leaf(1399),900,1200,JPEG
dataset\_work\spinach_classified\spinach_sy69db2nz5\saudavel\Healthy-Leaf(1399)__Healthy-Leaf (15).jpg,saudavel,spinach_sy69db2nz5,Healthy-Leaf(1399),1200,900,JPEG
dataset\_work\spinach_classified\spinach_sy69db2nz5\saudavel\Healthy-Leaf(1399)__Healthy-Leaf (150).JPG,saudavel,spinach_sy69db2nz5,Healthy-Leaf(1399),900,1200,JPEG
dataset\_work\spinach_classified\spinach_sy69db2nz5\saudavel\Healthy-Leaf(1399)__Healthy-Leaf (151).JPG,saudavel,spinach_sy69db2nz5,Healthy-Leaf(1399),900,1200,JPEG
dataset\_work\spinach_classified\spinach_sy69db2nz5\saudavel\Healthy-Leaf(1399)__Healthy-Leaf (152).JPG,saudavel,spinach_sy69db2nz5,Healthy-Leaf(1399),900,1200,JPEG
dataset\_work\spinach_classified\spinach_sy69db2nz5\saudavel\Healthy-Leaf(1399)__Healthy-Leaf (153).JPG,saudavel,spinach_sy69db2nz5,Healthy-Leaf(1399),900,1200,JPEG
dataset\_work\spinach_classified\spinach_sy69db2nz5\saudavel\Healthy-Leaf(1399)__Healthy-Leaf (154).JPG,saudavel,spinach_sy69db2nz5,Healthy-Leaf(1399),900,1200,JPEG
dataset\_work\spinach_classified\spinach_sy69db2nz5\saudavel\Healthy-Leaf(1399)__Healthy-Leaf (155).JPG,saudavel,spinach_sy69db2nz5,Healthy-Leaf(1399),900,1200,JPEG
dataset\_work\spinach_classified\spinach_sy69db2nz5\saudavel\Healthy-Leaf(1399)__Healthy-Leaf (156).JPG,saudavel,spinach_sy69db2nz5,Healthy-Leaf(1399),900,1200,JPEG
dataset\_work\spinach_classified\spinach_sy69db2nz5\saudavel\Healthy-Leaf(1399)__Healthy-Leaf (157).JPG,saudavel,spinach_sy69db2nz5,Healthy-Leaf(1399),900,1200,JPEG
dataset\_work\spinach_classified\spinach_sy69db2nz5\saudavel\Healthy-Leaf(1399)__Healthy-Leaf (158).JPG,saudavel,spinach_sy69db2nz5,Healthy-Leaf(1399),900,1200,JPEG
dataset\_work\spinach_classified\spinach_sy69db2nz5\saudavel\Healthy-Leaf(1399)__Healthy-Leaf (159).JPG,saudavel,spinach_sy69db2nz5,Healthy-Leaf(1399),900,1200,JPEG
dataset\_work\spinach_classified\spinach_sy69db2nz5\saudavel\Healthy-Leaf(1399)__Healthy-Leaf (16).jpg,saudavel,spinach_sy69db2nz5,Healthy-Leaf(1399),900,1200,JPEG
dataset\_work\spinach_classified\spinach_sy69db2nz5\saudavel\Healthy-Leaf(1399)__Healthy-Leaf (160).JPG,saudavel,spinach_sy69db2nz5,Healthy-Leaf(1399),900,1200,JPEG
dataset\_work\spinach_classified\spinach_sy69db2nz5\saudavel\Healthy-Leaf(1399)__Healthy-Leaf (161).JPG,saudavel,spinach_sy69db2nz5,Healthy-Leaf(1399),900,1200,JPEG
dataset\_work\spinach_classified\spinach_sy69db2nz5\saudavel\Healthy-Leaf(1399)__Healthy-Leaf (162).JPG,saudavel,spinach_sy69db2nz5,Healthy-Leaf(1399),900,1200,JPEG
dataset\_work\spinach_classified\spinach_sy69db2nz5\saudavel\Healthy-Leaf(1399)__Healthy-Leaf (163).JPG,saudavel,spinach_sy69db2nz5,Healthy-Leaf(1399),900,1200,JPEG
dataset\_work\spinach_classified\spinach_sy69db2nz5\saudavel\Healthy-Leaf(1399)__Healthy-Leaf (164).JPG,saudavel,spinach_sy69db2nz5,Healthy-Leaf(1399),900,1200,JPEG
dataset\_work\spinach_classified\spinach_sy69db2nz5\saudavel\Healthy-Leaf(1399)__Healthy-Leaf (165).JPG,saudavel,spinach_sy69db2nz5,Healthy-Leaf(1399),900,1200,JPEG
dataset\_work\spinach_classified\spinach_sy69db2nz5\saudavel\Healthy-Leaf(1399)__Healthy-Leaf (166).JPG,saudavel,spinach_sy69db2nz5,Healthy-Leaf(1399),900,1200,JPEG
dataset\_work\spinach_classified\spinach_sy69db2nz5\saudavel\Healthy-Leaf(1399)__Healthy-Leaf (167).JPG,saudavel,spinach_sy69db2nz5,Healthy-Leaf(1399),900,1200,JPEG
dataset\_work\spinach_classified\spinach_sy69db2nz5\saudavel\Healthy-Leaf(1399)__Healthy-Leaf (168).JPG,saudavel,spinach_sy69db2nz5,Healthy-Leaf(1399),900,1200,JPEG
dataset\_work\spinach_classified\spinach_sy69db2nz5\saudavel\Healthy-Leaf(1399)__Healthy-Leaf (169).JPG,saudavel,spinach_sy69db2nz5,Healthy-Leaf(1399),900,1200,JPEG
dataset\_work\spinach_classified\spinach_sy69db2nz5\saudavel\Healthy-Leaf(1399)__Healthy-Leaf (17).jpg,saudavel,spinach_sy69db2nz5,Healthy-Leaf(1399),900,1200,JPEG
dataset\_work\spinach_classified\spinach_sy69db2nz5\saudavel\Healthy-Leaf(1399)__Healthy-Leaf (170).JPG,saudavel,spinach_sy69db2nz5,Healthy-Leaf(1399),900,1200,JPEG
dataset\_work\spinach_classified\spinach_sy69db2nz5\saudavel\Healthy-Leaf(1399)__Healthy-Leaf (171).JPG,saudavel,spinach_sy69db2nz5,Healthy-Leaf(1399),900,1200,JPEG
dataset\_work\spinach_classified\spinach_sy69db2nz5\saudavel\Healthy-Leaf(1399)__Healthy-Leaf (172).JPG,saudavel,spinach_sy69db2nz5,Healthy-Leaf(1399),900,1200,JPEG
dataset\_work\spinach_classified\spinach_sy69db2nz5\saudavel\Healthy-Leaf(1399)__Healthy-Leaf (173).JPG,saudavel,spinach_sy69db2nz5,Healthy-Leaf(1399),900,1200,JPEG
dataset\_work\spinach_classified\spinach_sy69db2nz5\saudavel\Healthy-Leaf(1399)__Healthy-Leaf (174).JPG,saudavel,spinach_sy69db2nz5,Healthy-Leaf(1399),900,1200,JPEG
dataset\_work\spinach_classified\spinach_sy69db2nz5\saudavel\Healthy-Leaf(1399)__Healthy-Leaf (175).JPG,saudavel,spinach_sy69db2nz5,Healthy-Leaf(1399),900,1200,JPEG
dataset\_work\spinach_classified\spinach_sy69db2nz5\saudavel\Healthy-Leaf(1399)__Healthy-Leaf (176).JPG,saudavel,spinach_sy69db2nz5,Healthy-Leaf(1399),900,1200,JPEG
dataset\_work\spinach_classified\spinach_sy69db2nz5\saudavel\Healthy-Leaf(1399)__Healthy-Leaf (177).JPG,saudavel,spinach_sy69db2nz5,Healthy-Leaf(1399),900,1200,JPEG
dataset\_work\spinach_classified\spinach_sy69db2nz5\saudavel\Healthy-Leaf(1399)__Healthy-Leaf (178).JPG,saudavel,spinach_sy69db2nz5,Healthy-Leaf(1399),900,1200,JPEG
dataset\_work\spinach_classified\spinach_sy69db2nz5\saudavel\Healthy-Leaf(1399)__Healthy-Leaf (179).JPG,saudavel,spinach_sy69db2nz5,Healthy-Leaf(1399),900,1200,JPEG
dataset\_work\spinach_classified\spinach_sy69db2nz5\saudavel\Healthy-Leaf(1399)__Healthy-Leaf (18).jpg,saudavel,spinach_sy69db2nz5,Healthy-Leaf(1399),900,1200,JPEG
dataset\_work\spinach_classified\spinach_sy69db2nz5\saudavel\Healthy-Leaf(1399)__Healthy-Leaf (180).JPG,saudavel,spinach_sy69db2nz5,Healthy-Leaf(1399),900,1200,JPEG
dataset\_work\spinach_classified\spinach_sy69db2nz5\saudavel\Healthy-Leaf(1399)__Healthy-Leaf (181).JPG,saudavel,spinach_sy69db2nz5,Healthy-Leaf(1399),900,1200,JPEG
dataset\_work\spinach_classified\spinach_sy69db2nz5\saudavel\Healthy-Leaf(1399)__Healthy-Leaf (182).JPG,saudavel,spinach_sy69db2nz5,Healthy-Leaf(1399),900,1200,JPEG
dataset\_work\spinach_classified\spinach_sy69db2nz5\saudavel\Healthy-Leaf(1399)__Healthy-Leaf (183).JPG,saudavel,spinach_sy69db2nz5,Healthy-Leaf(1399),900,1200,JPEG
dataset\_work\spinach_classified\spinach_sy69db2nz5\saudavel\Healthy-Leaf(1399)__Healthy-Leaf (184).JPG,saudavel,spinach_sy69db2nz5,Healthy-Leaf(1399),900,1200,JPEG
dataset\_work\spinach_classified\spinach_sy69db2nz5\saudavel\Healthy-Leaf(1399)__Healthy-Leaf (185).JPG,saudavel,spinach_sy69db2nz5,Healthy-Leaf(1399),900,1200,JPEG
dataset\_work\spinach_classified\spinach_sy69db2nz5\saudavel\Healthy-Leaf(1399)__Healthy-Leaf (186).JPG,saudavel,spinach_sy69db2nz5,Healthy-Leaf(1399),900,1200,JPEG
dataset\_work\spinach_classified\spinach_sy69db2nz5\saudavel\Healthy-Leaf(1399)__Healthy-Leaf (187).JPG,saudavel,spinach_sy69db2nz5,Healthy-Leaf(1399),900,1200,JPEG
dataset\_work\spinach_classified\spinach_sy69db2nz5\saudavel\Healthy-Leaf(1399)__Healthy-Leaf (188).JPG,saudavel,spinach_sy69db2nz5,Healthy-Leaf(1399),900,1200,JPEG
dataset\_work\spinach_classified\spinach_sy69db2nz5\saudavel\Healthy-Leaf(1399)__Healthy-Leaf (189).JPG,saudavel,spinach_sy69db2nz5,Healthy-Leaf(1399),900,1200,JPEG
dataset\_work\spinach_classified\spinach_sy69db2nz5\saudavel\Healthy-Leaf(1399)__Healthy-Leaf (19).jpg,saudavel,spinach_sy69db2nz5,Healthy-Leaf(1399),900,1200,JPEG
dataset\_work\spinach_classified\spinach_sy69db2nz5\saudavel\Healthy-Leaf(1399)__Healthy-Leaf (190).JPG,saudavel,spinach_sy69db2nz5,Healthy-Leaf(1399),900,1200,JPEG
dataset\_work\spinach_classified\spinach_sy69db2nz5\saudavel\Healthy-Leaf(1399)__Healthy-Leaf (191).JPG,saudavel,spinach_sy69db2nz5,Healthy-Leaf(1399),900,1200,JPEG
dataset\_work\spinach_classified\spinach_sy69db2nz5\saudavel\Healthy-Leaf(1399)__Healthy-Leaf (192).JPG,saudavel,spinach_sy69db2nz5,Healthy-Leaf(1399),900,1200,JPEG
dataset\_work\spinach_classified\spinach_sy69db2nz5\saudavel\Healthy-Leaf(1399)__Healthy-Leaf (193).JPG,saudavel,spinach_sy69db2nz5,Healthy-Leaf(1399),900,1200,JPEG
dataset\_work\spinach_classified\spinach_sy69db2nz5\saudavel\Healthy-Leaf(1399)__Healthy-Leaf (194).JPG,saudavel,spinach_sy69db2nz5,Healthy-Leaf(1399),900,1200,JPEG
dataset\_work\spinach_classified\spinach_sy69db2nz5\saudavel\Healthy-Leaf(1399)__Healthy-Leaf (195).JPG,saudavel,spinach_sy69db2nz5,Healthy-Leaf(1399),900,1200,JPEG
dataset\_work\spinach_classified\spinach_sy69db2nz5\saudavel\Healthy-Leaf(1399)__Healthy-Leaf (196).JPG,saudavel,spinach_sy69db2nz5,Healthy-Leaf(1399),900,1200,JPEG
dataset\_work\spinach_classified\spinach_sy69db2nz5\saudavel\Healthy-Leaf(1399)__Healthy-Leaf (197).JPG,saudavel,spinach_sy69db2nz5,Healthy-Leaf(1399),900,1200,JPEG
dataset\_work\spinach_classified\spinach_sy69db2nz5\saudavel\Healthy-Leaf(1399)__Healthy-Leaf (198).JPG,saudavel,spinach_sy69db2nz5,Healthy-Leaf(1399),900,1200,JPEG
dataset\_work\spinach_classified\spinach_sy69db2nz5\saudavel\Healthy-Leaf(1399)__Healthy-Leaf (199).JPG,saudavel,spinach_sy69db2nz5,Healthy-Leaf(1399),900,1200,JPEG
dataset\_work\spinach_classified\spinach_sy69db2nz5\saudavel\Healthy-Leaf(1399)__Healthy-Leaf (2).jpg,saudavel,spinach_sy69db2nz5,Healthy-Leaf(1399),900,1200,JPEG
dataset\_work\spinach_classified\spinach_sy69db2nz5\saudavel\Healthy-Leaf(1399)__Healthy-Leaf (20).jpg,saudavel,spinach_sy69db2nz5,Healthy-Leaf(1399),1200,900,JPEG
dataset\_work\spinach_classified\spinach_sy69db2nz5\saudavel\Healthy-Leaf(1399)__Healthy-Leaf (200).JPG,saudavel,spinach_sy69db2nz5,Healthy-Leaf(1399),900,1200,JPEG
dataset\_work\spinach_classified\spinach_sy69db2nz5\saudavel\Healthy-Leaf(1399)__Healthy-Leaf (201).JPG,saudavel,spinach_sy69db2nz5,Healthy-Leaf(1399),900,1200,JPEG
dataset\_work\spinach_classified\spinach_sy69db2nz5\saudavel\Healthy-Leaf(1399)__Healthy-Leaf (202).JPG,saudavel,spinach_sy69db2nz5,Healthy-Leaf(1399),900,1200,JPEG
dataset\_work\spinach_classified\spinach_sy69db2nz5\saudavel\Healthy-Leaf(1399)__Healthy-Leaf (203).JPG,saudavel,spinach_sy69db2nz5,Healthy-Leaf(1399),900,1200,JPEG
dataset\_work\spinach_classified\spinach_sy69db2nz5\saudavel\Healthy-Leaf(1399)__Healthy-Leaf (204).JPG,saudavel,spinach_sy69db2nz5,Healthy-Leaf(1399),900,1200,JPEG
dataset\_work\spinach_classified\spinach_sy69db2nz5\saudavel\Healthy-Leaf(1399)__Healthy-Leaf (205).JPG,saudavel,spinach_sy69db2nz5,Healthy-Leaf(1399),900,1200,JPEG
dataset\_work\spinach_classified\spinach_sy69db2nz5\saudavel\Healthy-Leaf(1399)__Healthy-Leaf (206).JPG,saudavel,spinach_sy69db2nz5,Healthy-Leaf(1399),900,1200,JPEG
dataset\_work\spinach_classified\spinach_sy69db2nz5\saudavel\Healthy-Leaf(1399)__Healthy-Leaf (207).JPG,saudavel,spinach_sy69db2nz5,Healthy-Leaf(1399),900,1200,JPEG
dataset\_work\spinach_classified\spinach_sy69db2nz5\saudavel\Healthy-Leaf(1399)__Healthy-Leaf (208).JPG,saudavel,spinach_sy69db2nz5,Healthy-Leaf(1399),900,1200,JPEG
dataset\_work\spinach_classified\spinach_sy69db2nz5\saudavel\Healthy-Leaf(1399)__Healthy-Leaf (209).JPG,saudavel,spinach_sy69db2nz5,Healthy-Leaf(1399),900,1200,JPEG
dataset\_work\spinach_classified\spinach_sy69db2nz5\saudavel\Healthy-Leaf(1399)__Healthy-Leaf (21).jpg,saudavel,spinach_sy69db2nz5,Healthy-Leaf(1399),900,1200,JPEG
dataset\_work\spinach_classified\spinach_sy69db2nz5\saudavel\Healthy-Leaf(1399)__Healthy-Leaf (210).JPG,saudavel,spinach_sy69db2nz5,Healthy-Leaf(1399),900,1200,JPEG
dataset\_work\spinach_classified\spinach_sy69db2nz5\saudavel\Healthy-Leaf(1399)__Healthy-Leaf (211).JPG,saudavel,spinach_sy69db2nz5,Healthy-Leaf(1399),900,1200,JPEG
dataset\_work\spinach_classified\spinach_sy69db2nz5\saudavel\Healthy-Leaf(1399)__Healthy-Leaf (212).JPG,saudavel,spinach_sy69db2nz5,Healthy-Leaf(1399),900,1200,JPEG
dataset\_work\spinach_classified\spinach_sy69db2nz5\saudavel\Healthy-Leaf(1399)__Healthy-Leaf (213).JPG,saudavel,spinach_sy69db2nz5,Healthy-Leaf(1399),900,1200,JPEG
dataset\_work\spinach_classified\spinach_sy69db2nz5\saudavel\Healthy-Leaf(1399)__Healthy-Leaf (214).JPG,saudavel,spinach_sy69db2nz5,Healthy-Leaf(1399),900,1200,JPEG
dataset\_work\spinach_classified\spinach_sy69db2nz5\saudavel\Healthy-Leaf(1399)__Healthy-Leaf (215).JPG,saudavel,spinach_sy69db2nz5,Healthy-Leaf(1399),900,1200,JPEG
dataset\_work\spinach_classified\spinach_sy69db2nz5\saudavel\Healthy-Leaf(1399)__Healthy-Leaf (216).JPG,saudavel,spinach_sy69db2nz5,Healthy-Leaf(1399),900,1200,JPEG
dataset\_work\spinach_classified\spinach_sy69db2nz5\saudavel\Healthy-Leaf(1399)__Healthy-Leaf (217).JPG,saudavel,spinach_sy69db2nz5,Healthy-Leaf(1399),900,1200,JPEG
dataset\_work\spinach_classified\spinach_sy69db2nz5\saudavel\Healthy-Leaf(1399)__Healthy-Leaf (218).JPG,saudavel,spinach_sy69db2nz5,Healthy-Leaf(1399),900,1200,JPEG
dataset\_work\spinach_classified\spinach_sy69db2nz5\saudavel\Healthy-Leaf(1399)__Healthy-Leaf (219).JPG,saudavel,spinach_sy69db2nz5,Healthy-Leaf(1399),900,1200,JPEG
dataset\_work\spinach_classified\spinach_sy69db2nz5\saudavel\Healthy-Leaf(1399)__Healthy-Leaf (22).jpg,saudavel,spinach_sy69db2nz5,Healthy-Leaf(1399),1200,900,JPEG
dataset\_work\spinach_classified\spinach_sy69db2nz5\saudavel\Healthy-Leaf(1399)__Healthy-Leaf (220).JPG,saudavel,spinach_sy69db2nz5,Healthy-Leaf(1399),900,1200,JPEG
dataset\_work\spinach_classified\spinach_sy69db2nz5\saudavel\Healthy-Leaf(1399)__Healthy-Leaf (221).JPG,saudavel,spinach_sy69db2nz5,Healthy-Leaf(1399),900,1200,JPEG
dataset\_work\spinach_classified\spinach_sy69db2nz5\saudavel\Healthy-Leaf(1399)__Healthy-Leaf (222).JPG,saudavel,spinach_sy69db2nz5,Healthy-Leaf(1399),900,1200,JPEG
dataset\_work\spinach_classified\spinach_sy69db2nz5\saudavel\Healthy-Leaf(1399)__Healthy-Leaf (223).JPG,saudavel,spinach_sy69db2nz5,Healthy-Leaf(1399),900,1200,JPEG
dataset\_work\spinach_classified\spinach_sy69db2nz5\saudavel\Healthy-Leaf(1399)__Healthy-Leaf (224).JPG,saudavel,spinach_sy69db2nz5,Healthy-Leaf(1399),900,1200,JPEG
dataset\_work\spinach_classified\spinach_sy69db2nz5\saudavel\Healthy-Leaf(1399)__Healthy-Leaf (225).JPG,saudavel,spinach_sy69db2nz5,Healthy-Leaf(1399),900,1200,JPEG
dataset\_work\spinach_classified\spinach_sy69db2nz5\saudavel\Healthy-Leaf(1399)__Healthy-Leaf (226).JPG,saudavel,spinach_sy69db2nz5,Healthy-Leaf(1399),900,1200,JPEG
dataset\_work\spinach_classified\spinach_sy69db2nz5\saudavel\Healthy-Leaf(1399)__Healthy-Leaf (227).JPG,saudavel,spinach_sy69db2nz5,Healthy-Leaf(1399),900,1200,JPEG
dataset\_work\spinach_classified\spinach_sy69db2nz5\saudavel\Healthy-Leaf(1399)__Healthy-Leaf (228).JPG,saudavel,spinach_sy69db2nz5,Healthy-Leaf(1399),900,1200,JPEG
dataset\_work\spinach_classified\spinach_sy69db2nz5\saudavel\Healthy-Leaf(1399)__Healthy-Leaf (229).JPG,saudavel,spinach_sy69db2nz5,Healthy-Leaf(1399),900,1200,JPEG
dataset\_work\spinach_classified\spinach_sy69db2nz5\saudavel\Healthy-Leaf(1399)__Healthy-Leaf (23).jpg,saudavel,spinach_sy69db2nz5,Healthy-Leaf(1399),900,1200,JPEG
dataset\_work\spinach_classified\spinach_sy69db2nz5\saudavel\Healthy-Leaf(1399)__Healthy-Leaf (230).JPG,saudavel,spinach_sy69db2nz5,Healthy-Leaf(1399),900,1200,JPEG
dataset\_work\spinach_classified\spinach_sy69db2nz5\saudavel\Healthy-Leaf(1399)__Healthy-Leaf (231).JPG,saudavel,spinach_sy69db2nz5,Healthy-Leaf(1399),900,1200,JPEG
dataset\_work\spinach_classified\spinach_sy69db2nz5\saudavel\Healthy-Leaf(1399)__Healthy-Leaf (232).JPG,saudavel,spinach_sy69db2nz5,Healthy-Leaf(1399),900,1200,JPEG
dataset\_work\spinach_classified\spinach_sy69db2nz5\saudavel\Healthy-Leaf(1399)__Healthy-Leaf (233).JPG,saudavel,spinach_sy69db2nz5,Healthy-Leaf(1399),900,1200,JPEG
dataset\_work\spinach_classified\spinach_sy69db2nz5\saudavel\Healthy-Leaf(1399)__Healthy-Leaf (234).JPG,saudavel,spinach_sy69db2nz5,Healthy-Leaf(1399),900,1200,JPEG
dataset\_work\spinach_classified\spinach_sy69db2nz5\saudavel\Healthy-Leaf(1399)__Healthy-Leaf (235).JPG,saudavel,spinach_sy69db2nz5,Healthy-Leaf(1399),900,1200,JPEG
dataset\_work\spinach_classified\spinach_sy69db2nz5\saudavel\Healthy-Leaf(1399)__Healthy-Leaf (236).JPG,saudavel,spinach_sy69db2nz5,Healthy-Leaf(1399),900,1200,JPEG
dataset\_work\spinach_classified\spinach_sy69db2nz5\saudavel\Healthy-Leaf(1399)__Healthy-Leaf (237).JPG,saudavel,spinach_sy69db2nz5,Healthy-Leaf(1399),900,1200,JPEG
dataset\_work\spinach_classified\spinach_sy69db2nz5\saudavel\Healthy-Leaf(1399)__Healthy-Leaf (238).JPG,saudavel,spinach_sy69db2nz5,Healthy-Leaf(1399),900,1200,JPEG
dataset\_work\spinach_classified\spinach_sy69db2nz5\saudavel\Healthy-Leaf(1399)__Healthy-Leaf (239).JPG,saudavel,spinach_sy69db2nz5,Healthy-Leaf(1399),900,1200,JPEG
dataset\_work\spinach_classified\spinach_sy69db2nz5\saudavel\Healthy-Leaf(1399)__Healthy-Leaf (24).jpg,saudavel,spinach_sy69db2nz5,Healthy-Leaf(1399),900,1200,JPEG
dataset\_work\spinach_classified\spinach_sy69db2nz5\saudavel\Healthy-Leaf(1399)__Healthy-Leaf (240).JPG,saudavel,spinach_sy69db2nz5,Healthy-Leaf(1399),900,1200,JPEG
dataset\_work\spinach_classified\spinach_sy69db2nz5\saudavel\Healthy-Leaf(1399)__Healthy-Leaf (241).JPG,saudavel,spinach_sy69db2nz5,Healthy-Leaf(1399),900,1200,JPEG
dataset\_work\spinach_classified\spinach_sy69db2nz5\saudavel\Healthy-Leaf(1399)__Healthy-Leaf (242).JPG,saudavel,spinach_sy69db2nz5,Healthy-Leaf(1399),900,1200,JPEG
dataset\_work\spinach_classified\spinach_sy69db2nz5\saudavel\Healthy-Leaf(1399)__Healthy-Leaf (243).JPG,saudavel,spinach_sy69db2nz5,Healthy-Leaf(1399),900,1200,JPEG
dataset\_work\spinach_classified\spinach_sy69db2nz5\saudavel\Healthy-Leaf(1399)__Healthy-Leaf (244).JPG,saudavel,spinach_sy69db2nz5,Healthy-Leaf(1399),900,1200,JPEG
dataset\_work\spinach_classified\spinach_sy69db2nz5\saudavel\Healthy-Leaf(1399)__Healthy-Leaf (245).JPG,saudavel,spinach_sy69db2nz5,Healthy-Leaf(1399),900,1200,JPEG
dataset\_work\spinach_classified\spinach_sy69db2nz5\saudavel\Healthy-Leaf(1399)__Healthy-Leaf (246).JPG,saudavel,spinach_sy69db2nz5,Healthy-Leaf(1399),900,1200,JPEG
dataset\_work\spinach_classified\spinach_sy69db2nz5\saudavel\Healthy-Leaf(1399)__Healthy-Leaf (247).JPG,saudavel,spinach_sy69db2nz5,Healthy-Leaf(1399),900,1200,JPEG
dataset\_work\spinach_classified\spinach_sy69db2nz5\saudavel\Healthy-Leaf(1399)__Healthy-Leaf (248).JPG,saudavel,spinach_sy69db2nz5,Healthy-Leaf(1399),900,1200,JPEG
dataset\_work\spinach_classified\spinach_sy69db2nz5\saudavel\Healthy-Leaf(1399)__Healthy-Leaf (249).JPG,saudavel,spinach_sy69db2nz5,Healthy-Leaf(1399),900,1200,JPEG
dataset\_work\spinach_classified\spinach_sy69db2nz5\saudavel\Healthy-Leaf(1399)__Healthy-Leaf (25).jpg,saudavel,spinach_sy69db2nz5,Healthy-Leaf(1399),900,1200,JPEG
dataset\_work\spinach_classified\spinach_sy69db2nz5\saudavel\Healthy-Leaf(1399)__Healthy-Leaf (250).JPG,saudavel,spinach_sy69db2nz5,Healthy-Leaf(1399),900,1200,JPEG
dataset\_work\spinach_classified\spinach_sy69db2nz5\saudavel\Healthy-Leaf(1399)__Healthy-Leaf (251).JPG,saudavel,spinach_sy69db2nz5,Healthy-Leaf(1399),900,1200,JPEG
dataset\_work\spinach_classified\spinach_sy69db2nz5\saudavel\Healthy-Leaf(1399)__Healthy-Leaf (252).JPG,saudavel,spinach_sy69db2nz5,Healthy-Leaf(1399),900,1200,JPEG
dataset\_work\spinach_classified\spinach_sy69db2nz5\saudavel\Healthy-Leaf(1399)__Healthy-Leaf (253).JPG,saudavel,spinach_sy69db2nz5,Healthy-Leaf(1399),900,1200,JPEG
dataset\_work\spinach_classified\spinach_sy69db2nz5\saudavel\Healthy-Leaf(1399)__Healthy-Leaf (254).JPG,saudavel,spinach_sy69db2nz5,Healthy-Leaf(1399),900,1200,JPEG
dataset\_work\spinach_classified\spinach_sy69db2nz5\saudavel\Healthy-Leaf(1399)__Healthy-Leaf (255).JPG,saudavel,spinach_sy69db2nz5,Healthy-Leaf(1399),900,1200,JPEG
dataset\_work\spinach_classified\spinach_sy69db2nz5\saudavel\Healthy-Leaf(1399)__Healthy-Leaf (256).JPG,saudavel,spinach_sy69db2nz5,Healthy-Leaf(1399),900,1200,JPEG
dataset\_work\spinach_classified\spinach_sy69db2nz5\saudavel\Healthy-Leaf(1399)__Healthy-Leaf (257).JPG,saudavel,spinach_sy69db2nz5,Healthy-Leaf(1399),900,1200,JPEG
dataset\_work\spinach_classified\spinach_sy69db2nz5\saudavel\Healthy-Leaf(1399)__Healthy-Leaf (258).JPG,saudavel,spinach_sy69db2nz5,Healthy-Leaf(1399),900,1200,JPEG
dataset\_work\spinach_classified\spinach_sy69db2nz5\saudavel\Healthy-Leaf(1399)__Healthy-Leaf (259).JPG,saudavel,spinach_sy69db2nz5,Healthy-Leaf(1399),900,1200,JPEG
dataset\_work\spinach_classified\spinach_sy69db2nz5\saudavel\Healthy-Leaf(1399)__Healthy-Leaf (26).jpg,saudavel,spinach_sy69db2nz5,Healthy-Leaf(1399),900,1200,JPEG
dataset\_work\spinach_classified\spinach_sy69db2nz5\saudavel\Healthy-Leaf(1399)__Healthy-Leaf (260).JPG,saudavel,spinach_sy69db2nz5,Healthy-Leaf(1399),900,1200,JPEG
dataset\_work\spinach_classified\spinach_sy69db2nz5\saudavel\Healthy-Leaf(1399)__Healthy-Leaf (261).JPG,saudavel,spinach_sy69db2nz5,Healthy-Leaf(1399),900,1200,JPEG
dataset\_work\spinach_classified\spinach_sy69db2nz5\saudavel\Healthy-Leaf(1399)__Healthy-Leaf (262).JPG,saudavel,spinach_sy69db2nz5,Healthy-Leaf(1399),900,1200,JPEG
dataset\_work\spinach_classified\spinach_sy69db2nz5\saudavel\Healthy-Leaf(1399)__Healthy-Leaf (263).JPG,saudavel,spinach_sy69db2nz5,Healthy-Leaf(1399),900,1200,JPEG
dataset\_work\spinach_classified\spinach_sy69db2nz5\saudavel\Healthy-Leaf(1399)__Healthy-Leaf (264).JPG,saudavel,spinach_sy69db2nz5,Healthy-Leaf(1399),900,1200,JPEG
dataset\_work\spinach_classified\spinach_sy69db2nz5\saudavel\Healthy-Leaf(1399)__Healthy-Leaf (265).JPG,saudavel,spinach_sy69db2nz5,Healthy-Leaf(1399),900,1200,JPEG
dataset\_work\spinach_classified\spinach_sy69db2nz5\saudavel\Healthy-Leaf(1399)__Healthy-Leaf (266).JPG,saudavel,spinach_sy69db2nz5,Healthy-Leaf(1399),900,1200,JPEG
dataset\_work\spinach_classified\spinach_sy69db2nz5\saudavel\Healthy-Leaf(1399)__Healthy-Leaf (267).JPG,saudavel,spinach_sy69db2nz5,Healthy-Leaf(1399),900,1200,JPEG
dataset\_work\spinach_classified\spinach_sy69db2nz5\saudavel\Healthy-Leaf(1399)__Healthy-Leaf (268).JPG,saudavel,spinach_sy69db2nz5,Healthy-Leaf(1399),900,1200,JPEG
dataset\_work\spinach_classified\spinach_sy69db2nz5\saudavel\Healthy-Leaf(1399)__Healthy-Leaf (269).JPG,saudavel,spinach_sy69db2nz5,Healthy-Leaf(1399),900,1200,JPEG
dataset\_work\spinach_classified\spinach_sy69db2nz5\saudavel\Healthy-Leaf(1399)__Healthy-Leaf (27).jpg,saudavel,spinach_sy69db2nz5,Healthy-Leaf(1399),900,1200,JPEG
dataset\_work\spinach_classified\spinach_sy69db2nz5\saudavel\Healthy-Leaf(1399)__Healthy-Leaf (270).jpg,saudavel,spinach_sy69db2nz5,Healthy-Leaf(1399),900,1200,JPEG
dataset\_work\spinach_classified\spinach_sy69db2nz5\saudavel\Healthy-Leaf(1399)__Healthy-Leaf (271).jpg,saudavel,spinach_sy69db2nz5,Healthy-Leaf(1399),900,1200,JPEG
dataset\_work\spinach_classified\spinach_sy69db2nz5\saudavel\Healthy-Leaf(1399)__Healthy-Leaf (272).jpg,saudavel,spinach_sy69db2nz5,Healthy-Leaf(1399),900,1200,JPEG
dataset\_work\spinach_classified\spinach_sy69db2nz5\saudavel\Healthy-Leaf(1399)__Healthy-Leaf (273).jpg,saudavel,spinach_sy69db2nz5,Healthy-Leaf(1399),900,1200,JPEG
dataset\_work\spinach_classified\spinach_sy69db2nz5\saudavel\Healthy-Leaf(1399)__Healthy-Leaf (274).jpg,saudavel,spinach_sy69db2nz5,Healthy-Leaf(1399),900,1200,JPEG
dataset\_work\spinach_classified\spinach_sy69db2nz5\saudavel\Healthy-Leaf(1399)__Healthy-Leaf (275).jpg,saudavel,spinach_sy69db2nz5,Healthy-Leaf(1399),900,1200,JPEG
dataset\_work\spinach_classified\spinach_sy69db2nz5\saudavel\Healthy-Leaf(1399)__Healthy-Leaf (276).jpg,saudavel,spinach_sy69db2nz5,Healthy-Leaf(1399),900,1200,JPEG
dataset\_work\spinach_classified\spinach_sy69db2nz5\saudavel\Healthy-Leaf(1399)__Healthy-Leaf (277).jpg,saudavel,spinach_sy69db2nz5,Healthy-Leaf(1399),900,1200,JPEG
dataset\_work\spinach_classified\spinach_sy69db2nz5\saudavel\Healthy-Leaf(1399)__Healthy-Leaf (278).jpg,saudavel,spinach_sy69db2nz5,Healthy-Leaf(1399),900,1200,JPEG
dataset\_work\spinach_classified\spinach_sy69db2nz5\saudavel\Healthy-Leaf(1399)__Healthy-Leaf (279).jpg,saudavel,spinach_sy69db2nz5,Healthy-Leaf(1399),900,1200,JPEG
dataset\_work\spinach_classified\spinach_sy69db2nz5\saudavel\Healthy-Leaf(1399)__Healthy-Leaf (28).jpg,saudavel,spinach_sy69db2nz5,Healthy-Leaf(1399),900,1200,JPEG
dataset\_work\spinach_classified\spinach_sy69db2nz5\saudavel\Healthy-Leaf(1399)__Healthy-Leaf (280).jpg,saudavel,spinach_sy69db2nz5,Healthy-Leaf(1399),900,1200,JPEG
dataset\_work\spinach_classified\spinach_sy69db2nz5\saudavel\Healthy-Leaf(1399)__Healthy-Leaf (281).jpg,saudavel,spinach_sy69db2nz5,Healthy-Leaf(1399),900,1200,JPEG
dataset\_work\spinach_classified\spinach_sy69db2nz5\saudavel\Healthy-Leaf(1399)__Healthy-Leaf (282).jpg,saudavel,spinach_sy69db2nz5,Healthy-Leaf(1399),900,1200,JPEG
dataset\_work\spinach_classified\spinach_sy69db2nz5\saudavel\Healthy-Leaf(1399)__Healthy-Leaf (283).jpg,saudavel,spinach_sy69db2nz5,Healthy-Leaf(1399),900,1200,JPEG
dataset\_work\spinach_classified\spinach_sy69db2nz5\saudavel\Healthy-Leaf(1399)__Healthy-Leaf (284).jpg,saudavel,spinach_sy69db2nz5,Healthy-Leaf(1399),900,1200,JPEG
dataset\_work\spinach_classified\spinach_sy69db2nz5\saudavel\Healthy-Leaf(1399)__Healthy-Leaf (285).jpg,saudavel,spinach_sy69db2nz5,Healthy-Leaf(1399),900,1200,JPEG
dataset\_work\spinach_classified\spinach_sy69db2nz5\saudavel\Healthy-Leaf(1399)__Healthy-Leaf (286).jpg,saudavel,spinach_sy69db2nz5,Healthy-Leaf(1399),900,1200,JPEG
dataset\_work\spinach_classified\spinach_sy69db2nz5\saudavel\Healthy-Leaf(1399)__Healthy-Leaf (287).jpg,saudavel,spinach_sy69db2nz5,Healthy-Leaf(1399),900,1200,JPEG
dataset\_work\spinach_classified\spinach_sy69db2nz5\saudavel\Healthy-Leaf(1399)__Healthy-Leaf (288).jpg,saudavel,spinach_sy69db2nz5,Healthy-Leaf(1399),900,1200,JPEG
dataset\_work\spinach_classified\spinach_sy69db2nz5\saudavel\Healthy-Leaf(1399)__Healthy-Leaf (289).jpg,saudavel,spinach_sy69db2nz5,Healthy-Leaf(1399),900,1200,JPEG
dataset\_work\spinach_classified\spinach_sy69db2nz5\saudavel\Healthy-Leaf(1399)__Healthy-Leaf (29).jpg,saudavel,spinach_sy69db2nz5,Healthy-Leaf(1399),900,1200,JPEG
dataset\_work\spinach_classified\spinach_sy69db2nz5\saudavel\Healthy-Leaf(1399)__Healthy-Leaf (290).jpg,saudavel,spinach_sy69db2nz5,Healthy-Leaf(1399),900,1200,JPEG
dataset\_work\spinach_classified\spinach_sy69db2nz5\saudavel\Healthy-Leaf(1399)__Healthy-Leaf (291).jpg,saudavel,spinach_sy69db2nz5,Healthy-Leaf(1399),900,1200,JPEG
dataset\_work\spinach_classified\spinach_sy69db2nz5\saudavel\Healthy-Leaf(1399)__Healthy-Leaf (292).jpg,saudavel,spinach_sy69db2nz5,Healthy-Leaf(1399),900,1200,JPEG
dataset\_work\spinach_classified\spinach_sy69db2nz5\saudavel\Healthy-Leaf(1399)__Healthy-Leaf (293).jpg,saudavel,spinach_sy69db2nz5,Healthy-Leaf(1399),900,1200,JPEG
dataset\_work\spinach_classified\spinach_sy69db2nz5\saudavel\Healthy-Leaf(1399)__Healthy-Leaf (294).jpg,saudavel,spinach_sy69db2nz5,Healthy-Leaf(1399),900,1200,JPEG
dataset\_work\spinach_classified\spinach_sy69db2nz5\saudavel\Healthy-Leaf(1399)__Healthy-Leaf (295).jpg,saudavel,spinach_sy69db2nz5,Healthy-Leaf(1399),900,1200,JPEG
dataset\_work\spinach_classified\spinach_sy69db2nz5\saudavel\Healthy-Leaf(1399)__Healthy-Leaf (296).jpg,saudavel,spinach_sy69db2nz5,Healthy-Leaf(1399),900,1200,JPEG
dataset\_work\spinach_classified\spinach_sy69db2nz5\saudavel\Healthy-Leaf(1399)__Healthy-Leaf (297).jpg,saudavel,spinach_sy69db2nz5,Healthy-Leaf(1399),675,1200,JPEG
dataset\_work\spinach_classified\spinach_sy69db2nz5\saudavel\Healthy-Leaf(1399)__Healthy-Leaf (298).jpg,saudavel,spinach_sy69db2nz5,Healthy-Leaf(1399),675,1200,JPEG
dataset\_work\spinach_classified\spinach_sy69db2nz5\saudavel\Healthy-Leaf(1399)__Healthy-Leaf (299).jpg,saudavel,spinach_sy69db2nz5,Healthy-Leaf(1399),675,1200,JPEG
dataset\_work\spinach_classified\spinach_sy69db2nz5\saudavel\Healthy-Leaf(1399)__Healthy-Leaf (3).jpg,saudavel,spinach_sy69db2nz5,Healthy-Leaf(1399),900,1200,JPEG
dataset\_work\spinach_classified\spinach_sy69db2nz5\saudavel\Healthy-Leaf(1399)__Healthy-Leaf (30).jpg,saudavel,spinach_sy69db2nz5,Healthy-Leaf(1399),1200,900,JPEG
dataset\_work\spinach_classified\spinach_sy69db2nz5\saudavel\Healthy-Leaf(1399)__Healthy-Leaf (300).jpg,saudavel,spinach_sy69db2nz5,Healthy-Leaf(1399),900,1200,JPEG
dataset\_work\spinach_classified\spinach_sy69db2nz5\saudavel\Healthy-Leaf(1399)__Healthy-Leaf (301).jpg,saudavel,spinach_sy69db2nz5,Healthy-Leaf(1399),900,1200,JPEG
dataset\_work\spinach_classified\spinach_sy69db2nz5\saudavel\Healthy-Leaf(1399)__Healthy-Leaf (302).jpg,saudavel,spinach_sy69db2nz5,Healthy-Leaf(1399),900,1200,JPEG
dataset\_work\spinach_classified\spinach_sy69db2nz5\saudavel\Healthy-Leaf(1399)__Healthy-Leaf (303).jpg,saudavel,spinach_sy69db2nz5,Healthy-Leaf(1399),900,1200,JPEG
dataset\_work\spinach_classified\spinach_sy69db2nz5\saudavel\Healthy-Leaf(1399)__Healthy-Leaf (304).jpg,saudavel,spinach_sy69db2nz5,Healthy-Leaf(1399),900,1200,JPEG
dataset\_work\spinach_classified\spinach_sy69db2nz5\saudavel\Healthy-Leaf(1399)__Healthy-Leaf (305).jpg,saudavel,spinach_sy69db2nz5,Healthy-Leaf(1399),900,1200,JPEG
dataset\_work\spinach_classified\spinach_sy69db2nz5\saudavel\Healthy-Leaf(1399)__Healthy-Leaf (306).jpg,saudavel,spinach_sy69db2nz5,Healthy-Leaf(1399),900,1200,JPEG
dataset\_work\spinach_classified\spinach_sy69db2nz5\saudavel\Healthy-Leaf(1399)__Healthy-Leaf (307).jpg,saudavel,spinach_sy69db2nz5,Healthy-Leaf(1399),900,1200,JPEG
dataset\_work\spinach_classified\spinach_sy69db2nz5\saudavel\Healthy-Leaf(1399)__Healthy-Leaf (308).jpg,saudavel,spinach_sy69db2nz5,Healthy-Leaf(1399),900,1200,JPEG
dataset\_work\spinach_classified\spinach_sy69db2nz5\saudavel\Healthy-Leaf(1399)__Healthy-Leaf (309).jpg,saudavel,spinach_sy69db2nz5,Healthy-Leaf(1399),900,1200,JPEG
dataset\_work\spinach_classified\spinach_sy69db2nz5\saudavel\Healthy-Leaf(1399)__Healthy-Leaf (31).jpg,saudavel,spinach_sy69db2nz5,Healthy-Leaf(1399),900,1200,JPEG
dataset\_work\spinach_classified\spinach_sy69db2nz5\saudavel\Healthy-Leaf(1399)__Healthy-Leaf (310).jpg,saudavel,spinach_sy69db2nz5,Healthy-Leaf(1399),900,1200,JPEG
dataset\_work\spinach_classified\spinach_sy69db2nz5\saudavel\Healthy-Leaf(1399)__Healthy-Leaf (311).jpg,saudavel,spinach_sy69db2nz5,Healthy-Leaf(1399),900,1200,JPEG
dataset\_work\spinach_classified\spinach_sy69db2nz5\saudavel\Healthy-Leaf(1399)__Healthy-Leaf (312).jpg,saudavel,spinach_sy69db2nz5,Healthy-Leaf(1399),900,1200,JPEG
dataset\_work\spinach_classified\spinach_sy69db2nz5\saudavel\Healthy-Leaf(1399)__Healthy-Leaf (313).jpg,saudavel,spinach_sy69db2nz5,Healthy-Leaf(1399),900,1200,JPEG
dataset\_work\spinach_classified\spinach_sy69db2nz5\saudavel\Healthy-Leaf(1399)__Healthy-Leaf (314).jpg,saudavel,spinach_sy69db2nz5,Healthy-Leaf(1399),900,1200,JPEG
dataset\_work\spinach_classified\spinach_sy69db2nz5\saudavel\Healthy-Leaf(1399)__Healthy-Leaf (315).jpg,saudavel,spinach_sy69db2nz5,Healthy-Leaf(1399),900,1200,JPEG
dataset\_work\spinach_classified\spinach_sy69db2nz5\saudavel\Healthy-Leaf(1399)__Healthy-Leaf (316).jpg,saudavel,spinach_sy69db2nz5,Healthy-Leaf(1399),900,1200,JPEG
dataset\_work\spinach_classified\spinach_sy69db2nz5\saudavel\Healthy-Leaf(1399)__Healthy-Leaf (317).jpg,saudavel,spinach_sy69db2nz5,Healthy-Leaf(1399),900,1200,JPEG
dataset\_work\spinach_classified\spinach_sy69db2nz5\saudavel\Healthy-Leaf(1399)__Healthy-Leaf (318).jpg,saudavel,spinach_sy69db2nz5,Healthy-Leaf(1399),900,1200,JPEG
dataset\_work\spinach_classified\spinach_sy69db2nz5\saudavel\Healthy-Leaf(1399)__Healthy-Leaf (319).jpg,saudavel,spinach_sy69db2nz5,Healthy-Leaf(1399),900,1200,JPEG
dataset\_work\spinach_classified\spinach_sy69db2nz5\saudavel\Healthy-Leaf(1399)__Healthy-Leaf (32).jpg,saudavel,spinach_sy69db2nz5,Healthy-Leaf(1399),900,1200,JPEG
dataset\_work\spinach_classified\spinach_sy69db2nz5\saudavel\Healthy-Leaf(1399)__Healthy-Leaf (320).jpg,saudavel,spinach_sy69db2nz5,Healthy-Leaf(1399),900,1200,JPEG
dataset\_work\spinach_classified\spinach_sy69db2nz5\saudavel\Healthy-Leaf(1399)__Healthy-Leaf (321).jpg,saudavel,spinach_sy69db2nz5,Healthy-Leaf(1399),900,1200,JPEG
dataset\_work\spinach_classified\spinach_sy69db2nz5\saudavel\Healthy-Leaf(1399)__Healthy-Leaf (322).jpg,saudavel,spinach_sy69db2nz5,Healthy-Leaf(1399),900,1200,JPEG
dataset\_work\spinach_classified\spinach_sy69db2nz5\saudavel\Healthy-Leaf(1399)__Healthy-Leaf (323).jpg,saudavel,spinach_sy69db2nz5,Healthy-Leaf(1399),900,1200,JPEG
dataset\_work\spinach_classified\spinach_sy69db2nz5\saudavel\Healthy-Leaf(1399)__Healthy-Leaf (324).jpg,saudavel,spinach_sy69db2nz5,Healthy-Leaf(1399),900,1200,JPEG
dataset\_work\spinach_classified\spinach_sy69db2nz5\saudavel\Healthy-Leaf(1399)__Healthy-Leaf (325).jpg,saudavel,spinach_sy69db2nz5,Healthy-Leaf(1399),900,1200,JPEG
dataset\_work\spinach_classified\spinach_sy69db2nz5\saudavel\Healthy-Leaf(1399)__Healthy-Leaf (326).jpg,saudavel,spinach_sy69db2nz5,Healthy-Leaf(1399),900,1200,JPEG
dataset\_work\spinach_classified\spinach_sy69db2nz5\saudavel\Healthy-Leaf(1399)__Healthy-Leaf (327).jpg,saudavel,spinach_sy69db2nz5,Healthy-Leaf(1399),900,1200,JPEG
dataset\_work\spinach_classified\spinach_sy69db2nz5\saudavel\Healthy-Leaf(1399)__Healthy-Leaf (328).jpg,saudavel,spinach_sy69db2nz5,Healthy-Leaf(1399),900,1200,JPEG
dataset\_work\spinach_classified\spinach_sy69db2nz5\saudavel\Healthy-Leaf(1399)__Healthy-Leaf (329).jpg,saudavel,spinach_sy69db2nz5,Healthy-Leaf(1399),900,1200,JPEG
dataset\_work\spinach_classified\spinach_sy69db2nz5\saudavel\Healthy-Leaf(1399)__Healthy-Leaf (33).jpg,saudavel,spinach_sy69db2nz5,Healthy-Leaf(1399),900,1200,JPEG
dataset\_work\spinach_classified\spinach_sy69db2nz5\saudavel\Healthy-Leaf(1399)__Healthy-Leaf (330).jpg,saudavel,spinach_sy69db2nz5,Healthy-Leaf(1399),900,1200,JPEG
dataset\_work\spinach_classified\spinach_sy69db2nz5\saudavel\Healthy-Leaf(1399)__Healthy-Leaf (331).jpg,saudavel,spinach_sy69db2nz5,Healthy-Leaf(1399),900,1200,JPEG
dataset\_work\spinach_classified\spinach_sy69db2nz5\saudavel\Healthy-Leaf(1399)__Healthy-Leaf (332).jpg,saudavel,spinach_sy69db2nz5,Healthy-Leaf(1399),900,1200,JPEG
dataset\_work\spinach_classified\spinach_sy69db2nz5\saudavel\Healthy-Leaf(1399)__Healthy-Leaf (333).jpg,saudavel,spinach_sy69db2nz5,Healthy-Leaf(1399),900,1200,JPEG
dataset\_work\spinach_classified\spinach_sy69db2nz5\saudavel\Healthy-Leaf(1399)__Healthy-Leaf (334).jpg,saudavel,spinach_sy69db2nz5,Healthy-Leaf(1399),900,1200,JPEG
dataset\_work\spinach_classified\spinach_sy69db2nz5\saudavel\Healthy-Leaf(1399)__Healthy-Leaf (335).jpg,saudavel,spinach_sy69db2nz5,Healthy-Leaf(1399),900,1200,JPEG
dataset\_work\spinach_classified\spinach_sy69db2nz5\saudavel\Healthy-Leaf(1399)__Healthy-Leaf (336).jpg,saudavel,spinach_sy69db2nz5,Healthy-Leaf(1399),900,1200,JPEG
dataset\_work\spinach_classified\spinach_sy69db2nz5\saudavel\Healthy-Leaf(1399)__Healthy-Leaf (337).jpg,saudavel,spinach_sy69db2nz5,Healthy-Leaf(1399),900,1200,JPEG
dataset\_work\spinach_classified\spinach_sy69db2nz5\saudavel\Healthy-Leaf(1399)__Healthy-Leaf (338).jpg,saudavel,spinach_sy69db2nz5,Healthy-Leaf(1399),900,1200,JPEG
dataset\_work\spinach_classified\spinach_sy69db2nz5\saudavel\Healthy-Leaf(1399)__Healthy-Leaf (339).jpg,saudavel,spinach_sy69db2nz5,Healthy-Leaf(1399),900,1200,JPEG
dataset\_work\spinach_classified\spinach_sy69db2nz5\saudavel\Healthy-Leaf(1399)__Healthy-Leaf (34).jpg,saudavel,spinach_sy69db2nz5,Healthy-Leaf(1399),900,1200,JPEG
dataset\_work\spinach_classified\spinach_sy69db2nz5\saudavel\Healthy-Leaf(1399)__Healthy-Leaf (340).jpg,saudavel,spinach_sy69db2nz5,Healthy-Leaf(1399),900,1200,JPEG
dataset\_work\spinach_classified\spinach_sy69db2nz5\saudavel\Healthy-Leaf(1399)__Healthy-Leaf (341).jpg,saudavel,spinach_sy69db2nz5,Healthy-Leaf(1399),900,1200,JPEG
dataset\_work\spinach_classified\spinach_sy69db2nz5\saudavel\Healthy-Leaf(1399)__Healthy-Leaf (342).jpg,saudavel,spinach_sy69db2nz5,Healthy-Leaf(1399),900,1200,JPEG
dataset\_work\spinach_classified\spinach_sy69db2nz5\saudavel\Healthy-Leaf(1399)__Healthy-Leaf (343).jpg,saudavel,spinach_sy69db2nz5,Healthy-Leaf(1399),900,1200,JPEG
dataset\_work\spinach_classified\spinach_sy69db2nz5\saudavel\Healthy-Leaf(1399)__Healthy-Leaf (344).jpg,saudavel,spinach_sy69db2nz5,Healthy-Leaf(1399),900,1200,JPEG
dataset\_work\spinach_classified\spinach_sy69db2nz5\saudavel\Healthy-Leaf(1399)__Healthy-Leaf (345).jpg,saudavel,spinach_sy69db2nz5,Healthy-Leaf(1399),900,1200,JPEG
dataset\_work\spinach_classified\spinach_sy69db2nz5\saudavel\Healthy-Leaf(1399)__Healthy-Leaf (346).jpg,saudavel,spinach_sy69db2nz5,Healthy-Leaf(1399),900,1200,JPEG
dataset\_work\spinach_classified\spinach_sy69db2nz5\saudavel\Healthy-Leaf(1399)__Healthy-Leaf (347).jpg,saudavel,spinach_sy69db2nz5,Healthy-Leaf(1399),900,1200,JPEG
dataset\_work\spinach_classified\spinach_sy69db2nz5\saudavel\Healthy-Leaf(1399)__Healthy-Leaf (348).jpg,saudavel,spinach_sy69db2nz5,Healthy-Leaf(1399),900,1200,JPEG
dataset\_work\spinach_classified\spinach_sy69db2nz5\saudavel\Healthy-Leaf(1399)__Healthy-Leaf (349).jpg,saudavel,spinach_sy69db2nz5,Healthy-Leaf(1399),900,1200,JPEG
dataset\_work\spinach_classified\spinach_sy69db2nz5\saudavel\Healthy-Leaf(1399)__Healthy-Leaf (35).jpg,saudavel,spinach_sy69db2nz5,Healthy-Leaf(1399),900,1200,JPEG
dataset\_work\spinach_classified\spinach_sy69db2nz5\saudavel\Healthy-Leaf(1399)__Healthy-Leaf (350).jpg,saudavel,spinach_sy69db2nz5,Healthy-Leaf(1399),900,1200,JPEG
dataset\_work\spinach_classified\spinach_sy69db2nz5\saudavel\Healthy-Leaf(1399)__Healthy-Leaf (351).jpg,saudavel,spinach_sy69db2nz5,Healthy-Leaf(1399),900,1200,JPEG
dataset\_work\spinach_classified\spinach_sy69db2nz5\saudavel\Healthy-Leaf(1399)__Healthy-Leaf (352).jpg,saudavel,spinach_sy69db2nz5,Healthy-Leaf(1399),900,1200,JPEG
dataset\_work\spinach_classified\spinach_sy69db2nz5\saudavel\Healthy-Leaf(1399)__Healthy-Leaf (353).jpg,saudavel,spinach_sy69db2nz5,Healthy-Leaf(1399),900,1200,JPEG
dataset\_work\spinach_classified\spinach_sy69db2nz5\saudavel\Healthy-Leaf(1399)__Healthy-Leaf (354).jpg,saudavel,spinach_sy69db2nz5,Healthy-Leaf(1399),900,1200,JPEG
dataset\_work\spinach_classified\spinach_sy69db2nz5\saudavel\Healthy-Leaf(1399)__Healthy-Leaf (355).jpg,saudavel,spinach_sy69db2nz5,Healthy-Leaf(1399),900,1200,JPEG
dataset\_work\spinach_classified\spinach_sy69db2nz5\saudavel\Healthy-Leaf(1399)__Healthy-Leaf (356).jpg,saudavel,spinach_sy69db2nz5,Healthy-Leaf(1399),900,1200,JPEG
dataset\_work\spinach_classified\spinach_sy69db2nz5\saudavel\Healthy-Leaf(1399)__Healthy-Leaf (357).jpg,saudavel,spinach_sy69db2nz5,Healthy-Leaf(1399),900,1200,JPEG
dataset\_work\spinach_classified\spinach_sy69db2nz5\saudavel\Healthy-Leaf(1399)__Healthy-Leaf (358).jpg,saudavel,spinach_sy69db2nz5,Healthy-Leaf(1399),900,1200,JPEG
dataset\_work\spinach_classified\spinach_sy69db2nz5\saudavel\Healthy-Leaf(1399)__Healthy-Leaf (359).jpg,saudavel,spinach_sy69db2nz5,Healthy-Leaf(1399),900,1200,JPEG
dataset\_work\spinach_classified\spinach_sy69db2nz5\saudavel\Healthy-Leaf(1399)__Healthy-Leaf (36).jpg,saudavel,spinach_sy69db2nz5,Healthy-Leaf(1399),900,1200,JPEG
dataset\_work\spinach_classified\spinach_sy69db2nz5\saudavel\Healthy-Leaf(1399)__Healthy-Leaf (360).jpg,saudavel,spinach_sy69db2nz5,Healthy-Leaf(1399),900,1200,JPEG
dataset\_work\spinach_classified\spinach_sy69db2nz5\saudavel\Healthy-Leaf(1399)__Healthy-Leaf (361).jpg,saudavel,spinach_sy69db2nz5,Healthy-Leaf(1399),900,1200,JPEG
dataset\_work\spinach_classified\spinach_sy69db2nz5\saudavel\Healthy-Leaf(1399)__Healthy-Leaf (362).jpg,saudavel,spinach_sy69db2nz5,Healthy-Leaf(1399),900,1200,JPEG
dataset\_work\spinach_classified\spinach_sy69db2nz5\saudavel\Healthy-Leaf(1399)__Healthy-Leaf (363).jpg,saudavel,spinach_sy69db2nz5,Healthy-Leaf(1399),900,1200,JPEG
dataset\_work\spinach_classified\spinach_sy69db2nz5\saudavel\Healthy-Leaf(1399)__Healthy-Leaf (364).jpg,saudavel,spinach_sy69db2nz5,Healthy-Leaf(1399),900,1200,JPEG
dataset\_work\spinach_classified\spinach_sy69db2nz5\saudavel\Healthy-Leaf(1399)__Healthy-Leaf (365).jpg,saudavel,spinach_sy69db2nz5,Healthy-Leaf(1399),900,1200,JPEG
dataset\_work\spinach_classified\spinach_sy69db2nz5\saudavel\Healthy-Leaf(1399)__Healthy-Leaf (366).jpg,saudavel,spinach_sy69db2nz5,Healthy-Leaf(1399),900,1200,JPEG
dataset\_work\spinach_classified\spinach_sy69db2nz5\saudavel\Healthy-Leaf(1399)__Healthy-Leaf (367).jpg,saudavel,spinach_sy69db2nz5,Healthy-Leaf(1399),900,1200,JPEG
dataset\_work\spinach_classified\spinach_sy69db2nz5\saudavel\Healthy-Leaf(1399)__Healthy-Leaf (368).jpg,saudavel,spinach_sy69db2nz5,Healthy-Leaf(1399),900,1200,JPEG
dataset\_work\spinach_classified\spinach_sy69db2nz5\saudavel\Healthy-Leaf(1399)__Healthy-Leaf (369).jpg,saudavel,spinach_sy69db2nz5,Healthy-Leaf(1399),900,1200,JPEG
dataset\_work\spinach_classified\spinach_sy69db2nz5\saudavel\Healthy-Leaf(1399)__Healthy-Leaf (37).jpg,saudavel,spinach_sy69db2nz5,Healthy-Leaf(1399),900,1200,JPEG
dataset\_work\spinach_classified\spinach_sy69db2nz5\saudavel\Healthy-Leaf(1399)__Healthy-Leaf (370).jpg,saudavel,spinach_sy69db2nz5,Healthy-Leaf(1399),900,1200,JPEG
dataset\_work\spinach_classified\spinach_sy69db2nz5\saudavel\Healthy-Leaf(1399)__Healthy-Leaf (371).jpg,saudavel,spinach_sy69db2nz5,Healthy-Leaf(1399),900,1200,JPEG
dataset\_work\spinach_classified\spinach_sy69db2nz5\saudavel\Healthy-Leaf(1399)__Healthy-Leaf (372).jpg,saudavel,spinach_sy69db2nz5,Healthy-Leaf(1399),900,1200,JPEG
dataset\_work\spinach_classified\spinach_sy69db2nz5\saudavel\Healthy-Leaf(1399)__Healthy-Leaf (373).jpg,saudavel,spinach_sy69db2nz5,Healthy-Leaf(1399),900,1200,JPEG
dataset\_work\spinach_classified\spinach_sy69db2nz5\saudavel\Healthy-Leaf(1399)__Healthy-Leaf (374).jpg,saudavel,spinach_sy69db2nz5,Healthy-Leaf(1399),900,1200,JPEG
dataset\_work\spinach_classified\spinach_sy69db2nz5\saudavel\Healthy-Leaf(1399)__Healthy-Leaf (375).jpg,saudavel,spinach_sy69db2nz5,Healthy-Leaf(1399),900,1200,JPEG
dataset\_work\spinach_classified\spinach_sy69db2nz5\saudavel\Healthy-Leaf(1399)__Healthy-Leaf (376).jpg,saudavel,spinach_sy69db2nz5,Healthy-Leaf(1399),900,1200,JPEG
dataset\_work\spinach_classified\spinach_sy69db2nz5\saudavel\Healthy-Leaf(1399)__Healthy-Leaf (377).jpg,saudavel,spinach_sy69db2nz5,Healthy-Leaf(1399),900,1200,JPEG
dataset\_work\spinach_classified\spinach_sy69db2nz5\saudavel\Healthy-Leaf(1399)__Healthy-Leaf (378).jpg,saudavel,spinach_sy69db2nz5,Healthy-Leaf(1399),900,1200,JPEG
dataset\_work\spinach_classified\spinach_sy69db2nz5\saudavel\Healthy-Leaf(1399)__Healthy-Leaf (379).jpg,saudavel,spinach_sy69db2nz5,Healthy-Leaf(1399),900,1200,JPEG
dataset\_work\spinach_classified\spinach_sy69db2nz5\saudavel\Healthy-Leaf(1399)__Healthy-Leaf (38).jpg,saudavel,spinach_sy69db2nz5,Healthy-Leaf(1399),900,1200,JPEG
dataset\_work\spinach_classified\spinach_sy69db2nz5\saudavel\Healthy-Leaf(1399)__Healthy-Leaf (380).jpg,saudavel,spinach_sy69db2nz5,Healthy-Leaf(1399),900,1200,JPEG
dataset\_work\spinach_classified\spinach_sy69db2nz5\saudavel\Healthy-Leaf(1399)__Healthy-Leaf (381).jpg,saudavel,spinach_sy69db2nz5,Healthy-Leaf(1399),900,1200,JPEG
dataset\_work\spinach_classified\spinach_sy69db2nz5\saudavel\Healthy-Leaf(1399)__Healthy-Leaf (382).jpg,saudavel,spinach_sy69db2nz5,Healthy-Leaf(1399),900,1200,JPEG
dataset\_work\spinach_classified\spinach_sy69db2nz5\saudavel\Healthy-Leaf(1399)__Healthy-Leaf (383).jpg,saudavel,spinach_sy69db2nz5,Healthy-Leaf(1399),900,1200,JPEG
dataset\_work\spinach_classified\spinach_sy69db2nz5\saudavel\Healthy-Leaf(1399)__Healthy-Leaf (384).jpg,saudavel,spinach_sy69db2nz5,Healthy-Leaf(1399),900,1200,JPEG
dataset\_work\spinach_classified\spinach_sy69db2nz5\saudavel\Healthy-Leaf(1399)__Healthy-Leaf (385).jpg,saudavel,spinach_sy69db2nz5,Healthy-Leaf(1399),900,1200,JPEG
dataset\_work\spinach_classified\spinach_sy69db2nz5\saudavel\Healthy-Leaf(1399)__Healthy-Leaf (386).jpg,saudavel,spinach_sy69db2nz5,Healthy-Leaf(1399),900,1200,JPEG
dataset\_work\spinach_classified\spinach_sy69db2nz5\saudavel\Healthy-Leaf(1399)__Healthy-Leaf (387).jpg,saudavel,spinach_sy69db2nz5,Healthy-Leaf(1399),900,1200,JPEG
dataset\_work\spinach_classified\spinach_sy69db2nz5\saudavel\Healthy-Leaf(1399)__Healthy-Leaf (388).jpg,saudavel,spinach_sy69db2nz5,Healthy-Leaf(1399),900,1200,JPEG
dataset\_work\spinach_classified\spinach_sy69db2nz5\saudavel\Healthy-Leaf(1399)__Healthy-Leaf (389).jpg,saudavel,spinach_sy69db2nz5,Healthy-Leaf(1399),900,1200,JPEG
dataset\_work\spinach_classified\spinach_sy69db2nz5\saudavel\Healthy-Leaf(1399)__Healthy-Leaf (39).jpg,saudavel,spinach_sy69db2nz5,Healthy-Leaf(1399),300,400,JPEG
dataset\_work\spinach_classified\spinach_sy69db2nz5\saudavel\Healthy-Leaf(1399)__Healthy-Leaf (390).jpg,saudavel,spinach_sy69db2nz5,Healthy-Leaf(1399),900,1200,JPEG
dataset\_work\spinach_classified\spinach_sy69db2nz5\saudavel\Healthy-Leaf(1399)__Healthy-Leaf (391).jpg,saudavel,spinach_sy69db2nz5,Healthy-Leaf(1399),900,1200,JPEG
dataset\_work\spinach_classified\spinach_sy69db2nz5\saudavel\Healthy-Leaf(1399)__Healthy-Leaf (392).jpg,saudavel,spinach_sy69db2nz5,Healthy-Leaf(1399),900,1200,JPEG
dataset\_work\spinach_classified\spinach_sy69db2nz5\saudavel\Healthy-Leaf(1399)__Healthy-Leaf (393).jpg,saudavel,spinach_sy69db2nz5,Healthy-Leaf(1399),900,1200,JPEG
dataset\_work\spinach_classified\spinach_sy69db2nz5\saudavel\Healthy-Leaf(1399)__Healthy-Leaf (394).jpg,saudavel,spinach_sy69db2nz5,Healthy-Leaf(1399),900,1200,JPEG
dataset\_work\spinach_classified\spinach_sy69db2nz5\saudavel\Healthy-Leaf(1399)__Healthy-Leaf (395).jpg,saudavel,spinach_sy69db2nz5,Healthy-Leaf(1399),900,1200,JPEG
dataset\_work\spinach_classified\spinach_sy69db2nz5\saudavel\Healthy-Leaf(1399)__Healthy-Leaf (396).jpg,saudavel,spinach_sy69db2nz5,Healthy-Leaf(1399),900,1200,JPEG
dataset\_work\spinach_classified\spinach_sy69db2nz5\saudavel\Healthy-Leaf(1399)__Healthy-Leaf (397).jpg,saudavel,spinach_sy69db2nz5,Healthy-Leaf(1399),900,1200,JPEG
dataset\_work\spinach_classified\spinach_sy69db2nz5\saudavel\Healthy-Leaf(1399)__Healthy-Leaf (398).jpg,saudavel,spinach_sy69db2nz5,Healthy-Leaf(1399),900,1200,JPEG
dataset\_work\spinach_classified\spinach_sy69db2nz5\saudavel\Healthy-Leaf(1399)__Healthy-Leaf (399).jpg,saudavel,spinach_sy69db2nz5,Healthy-Leaf(1399),900,1200,JPEG
dataset\_work\spinach_classified\spinach_sy69db2nz5\saudavel\Healthy-Leaf(1399)__Healthy-Leaf (4).jpg,saudavel,spinach_sy69db2nz5,Healthy-Leaf(1399),900,1200,JPEG
dataset\_work\spinach_classified\spinach_sy69db2nz5\saudavel\Healthy-Leaf(1399)__Healthy-Leaf (40).jpg,saudavel,spinach_sy69db2nz5,Healthy-Leaf(1399),300,400,JPEG
dataset\_work\spinach_classified\spinach_sy69db2nz5\saudavel\Healthy-Leaf(1399)__Healthy-Leaf (400).jpg,saudavel,spinach_sy69db2nz5,Healthy-Leaf(1399),900,1200,JPEG
dataset\_work\spinach_classified\spinach_sy69db2nz5\saudavel\Healthy-Leaf(1399)__Healthy-Leaf (401).jpg,saudavel,spinach_sy69db2nz5,Healthy-Leaf(1399),900,1200,JPEG
dataset\_work\spinach_classified\spinach_sy69db2nz5\saudavel\Healthy-Leaf(1399)__Healthy-Leaf (402).jpg,saudavel,spinach_sy69db2nz5,Healthy-Leaf(1399),900,1200,JPEG
dataset\_work\spinach_classified\spinach_sy69db2nz5\saudavel\Healthy-Leaf(1399)__Healthy-Leaf (403).jpg,saudavel,spinach_sy69db2nz5,Healthy-Leaf(1399),900,1200,JPEG
dataset\_work\spinach_classified\spinach_sy69db2nz5\saudavel\Healthy-Leaf(1399)__Healthy-Leaf (404).jpg,saudavel,spinach_sy69db2nz5,Healthy-Leaf(1399),900,1200,JPEG
dataset\_work\spinach_classified\spinach_sy69db2nz5\saudavel\Healthy-Leaf(1399)__Healthy-Leaf (405).jpg,saudavel,spinach_sy69db2nz5,Healthy-Leaf(1399),900,1200,JPEG
dataset\_work\spinach_classified\spinach_sy69db2nz5\saudavel\Healthy-Leaf(1399)__Healthy-Leaf (406).jpg,saudavel,spinach_sy69db2nz5,Healthy-Leaf(1399),900,1200,JPEG
dataset\_work\spinach_classified\spinach_sy69db2nz5\saudavel\Healthy-Leaf(1399)__Healthy-Leaf (407).jpg,saudavel,spinach_sy69db2nz5,Healthy-Leaf(1399),900,1200,JPEG
dataset\_work\spinach_classified\spinach_sy69db2nz5\saudavel\Healthy-Leaf(1399)__Healthy-Leaf (408).jpg,saudavel,spinach_sy69db2nz5,Healthy-Leaf(1399),900,1200,JPEG
dataset\_work\spinach_classified\spinach_sy69db2nz5\saudavel\Healthy-Leaf(1399)__Healthy-Leaf (409).jpg,saudavel,spinach_sy69db2nz5,Healthy-Leaf(1399),900,1200,JPEG
dataset\_work\spinach_classified\spinach_sy69db2nz5\saudavel\Healthy-Leaf(1399)__Healthy-Leaf (41).jpg,saudavel,spinach_sy69db2nz5,Healthy-Leaf(1399),300,400,JPEG
dataset\_work\spinach_classified\spinach_sy69db2nz5\saudavel\Healthy-Leaf(1399)__Healthy-Leaf (410).jpg,saudavel,spinach_sy69db2nz5,Healthy-Leaf(1399),900,1200,JPEG
dataset\_work\spinach_classified\spinach_sy69db2nz5\saudavel\Healthy-Leaf(1399)__Healthy-Leaf (411).jpg,saudavel,spinach_sy69db2nz5,Healthy-Leaf(1399),900,1200,JPEG
dataset\_work\spinach_classified\spinach_sy69db2nz5\saudavel\Healthy-Leaf(1399)__Healthy-Leaf (412).jpg,saudavel,spinach_sy69db2nz5,Healthy-Leaf(1399),900,1200,JPEG
dataset\_work\spinach_classified\spinach_sy69db2nz5\saudavel\Healthy-Leaf(1399)__Healthy-Leaf (413).jpg,saudavel,spinach_sy69db2nz5,Healthy-Leaf(1399),900,1200,JPEG
dataset\_work\spinach_classified\spinach_sy69db2nz5\saudavel\Healthy-Leaf(1399)__Healthy-Leaf (414).jpg,saudavel,spinach_sy69db2nz5,Healthy-Leaf(1399),900,1200,JPEG
dataset\_work\spinach_classified\spinach_sy69db2nz5\saudavel\Healthy-Leaf(1399)__Healthy-Leaf (415).jpg,saudavel,spinach_sy69db2nz5,Healthy-Leaf(1399),900,1200,JPEG
dataset\_work\spinach_classified\spinach_sy69db2nz5\saudavel\Healthy-Leaf(1399)__Healthy-Leaf (416).jpg,saudavel,spinach_sy69db2nz5,Healthy-Leaf(1399),900,1200,JPEG
dataset\_work\spinach_classified\spinach_sy69db2nz5\saudavel\Healthy-Leaf(1399)__Healthy-Leaf (417).jpg,saudavel,spinach_sy69db2nz5,Healthy-Leaf(1399),900,1200,JPEG
dataset\_work\spinach_classified\spinach_sy69db2nz5\saudavel\Healthy-Leaf(1399)__Healthy-Leaf (418).jpg,saudavel,spinach_sy69db2nz5,Healthy-Leaf(1399),900,1200,JPEG
dataset\_work\spinach_classified\spinach_sy69db2nz5\saudavel\Healthy-Leaf(1399)__Healthy-Leaf (419).jpg,saudavel,spinach_sy69db2nz5,Healthy-Leaf(1399),900,1200,JPEG
dataset\_work\spinach_classified\spinach_sy69db2nz5\saudavel\Healthy-Leaf(1399)__Healthy-Leaf (42).jpg,saudavel,spinach_sy69db2nz5,Healthy-Leaf(1399),300,400,JPEG
dataset\_work\spinach_classified\spinach_sy69db2nz5\saudavel\Healthy-Leaf(1399)__Healthy-Leaf (420).jpg,saudavel,spinach_sy69db2nz5,Healthy-Leaf(1399),900,1200,JPEG
dataset\_work\spinach_classified\spinach_sy69db2nz5\saudavel\Healthy-Leaf(1399)__Healthy-Leaf (421).jpg,saudavel,spinach_sy69db2nz5,Healthy-Leaf(1399),900,1200,JPEG
dataset\_work\spinach_classified\spinach_sy69db2nz5\saudavel\Healthy-Leaf(1399)__Healthy-Leaf (422).jpg,saudavel,spinach_sy69db2nz5,Healthy-Leaf(1399),900,1200,JPEG
dataset\_work\spinach_classified\spinach_sy69db2nz5\saudavel\Healthy-Leaf(1399)__Healthy-Leaf (423).jpg,saudavel,spinach_sy69db2nz5,Healthy-Leaf(1399),900,1200,JPEG
dataset\_work\spinach_classified\spinach_sy69db2nz5\saudavel\Healthy-Leaf(1399)__Healthy-Leaf (424).jpg,saudavel,spinach_sy69db2nz5,Healthy-Leaf(1399),900,1200,JPEG
dataset\_work\spinach_classified\spinach_sy69db2nz5\saudavel\Healthy-Leaf(1399)__Healthy-Leaf (425).jpg,saudavel,spinach_sy69db2nz5,Healthy-Leaf(1399),900,1200,JPEG
dataset\_work\spinach_classified\spinach_sy69db2nz5\saudavel\Healthy-Leaf(1399)__Healthy-Leaf (426).jpg,saudavel,spinach_sy69db2nz5,Healthy-Leaf(1399),900,1200,JPEG
dataset\_work\spinach_classified\spinach_sy69db2nz5\saudavel\Healthy-Leaf(1399)__Healthy-Leaf (427).jpg,saudavel,spinach_sy69db2nz5,Healthy-Leaf(1399),900,1200,JPEG
dataset\_work\spinach_classified\spinach_sy69db2nz5\saudavel\Healthy-Leaf(1399)__Healthy-Leaf (428).jpg,saudavel,spinach_sy69db2nz5,Healthy-Leaf(1399),900,1200,JPEG
dataset\_work\spinach_classified\spinach_sy69db2nz5\saudavel\Healthy-Leaf(1399)__Healthy-Leaf (429).jpg,saudavel,spinach_sy69db2nz5,Healthy-Leaf(1399),900,1200,JPEG
dataset\_work\spinach_classified\spinach_sy69db2nz5\saudavel\Healthy-Leaf(1399)__Healthy-Leaf (43).jpg,saudavel,spinach_sy69db2nz5,Healthy-Leaf(1399),300,400,JPEG
dataset\_work\spinach_classified\spinach_sy69db2nz5\saudavel\Healthy-Leaf(1399)__Healthy-Leaf (430).jpg,saudavel,spinach_sy69db2nz5,Healthy-Leaf(1399),900,1200,JPEG
dataset\_work\spinach_classified\spinach_sy69db2nz5\saudavel\Healthy-Leaf(1399)__Healthy-Leaf (431).jpg,saudavel,spinach_sy69db2nz5,Healthy-Leaf(1399),900,1200,JPEG
dataset\_work\spinach_classified\spinach_sy69db2nz5\saudavel\Healthy-Leaf(1399)__Healthy-Leaf (432).jpg,saudavel,spinach_sy69db2nz5,Healthy-Leaf(1399),900,1200,JPEG
dataset\_work\spinach_classified\spinach_sy69db2nz5\saudavel\Healthy-Leaf(1399)__Healthy-Leaf (433).jpg,saudavel,spinach_sy69db2nz5,Healthy-Leaf(1399),900,1200,JPEG
dataset\_work\spinach_classified\spinach_sy69db2nz5\saudavel\Healthy-Leaf(1399)__Healthy-Leaf (434).jpg,saudavel,spinach_sy69db2nz5,Healthy-Leaf(1399),900,1200,JPEG
dataset\_work\spinach_classified\spinach_sy69db2nz5\saudavel\Healthy-Leaf(1399)__Healthy-Leaf (435).jpg,saudavel,spinach_sy69db2nz5,Healthy-Leaf(1399),900,1200,JPEG
dataset\_work\spinach_classified\spinach_sy69db2nz5\saudavel\Healthy-Leaf(1399)__Healthy-Leaf (436).jpg,saudavel,spinach_sy69db2nz5,Healthy-Leaf(1399),900,1200,JPEG
dataset\_work\spinach_classified\spinach_sy69db2nz5\saudavel\Healthy-Leaf(1399)__Healthy-Leaf (437).jpg,saudavel,spinach_sy69db2nz5,Healthy-Leaf(1399),900,1200,JPEG
dataset\_work\spinach_classified\spinach_sy69db2nz5\saudavel\Healthy-Leaf(1399)__Healthy-Leaf (438).jpg,saudavel,spinach_sy69db2nz5,Healthy-Leaf(1399),900,1200,JPEG
dataset\_work\spinach_classified\spinach_sy69db2nz5\saudavel\Healthy-Leaf(1399)__Healthy-Leaf (439).jpg,saudavel,spinach_sy69db2nz5,Healthy-Leaf(1399),900,1200,JPEG
dataset\_work\spinach_classified\spinach_sy69db2nz5\saudavel\Healthy-Leaf(1399)__Healthy-Leaf (44).jpg,saudavel,spinach_sy69db2nz5,Healthy-Leaf(1399),300,400,JPEG
dataset\_work\spinach_classified\spinach_sy69db2nz5\saudavel\Healthy-Leaf(1399)__Healthy-Leaf (440).jpg,saudavel,spinach_sy69db2nz5,Healthy-Leaf(1399),900,1200,JPEG
dataset\_work\spinach_classified\spinach_sy69db2nz5\saudavel\Healthy-Leaf(1399)__Healthy-Leaf (441).jpg,saudavel,spinach_sy69db2nz5,Healthy-Leaf(1399),900,1200,JPEG
dataset\_work\spinach_classified\spinach_sy69db2nz5\saudavel\Healthy-Leaf(1399)__Healthy-Leaf (442).jpg,saudavel,spinach_sy69db2nz5,Healthy-Leaf(1399),900,1200,JPEG
dataset\_work\spinach_classified\spinach_sy69db2nz5\saudavel\Healthy-Leaf(1399)__Healthy-Leaf (443).jpg,saudavel,spinach_sy69db2nz5,Healthy-Leaf(1399),900,1200,JPEG
dataset\_work\spinach_classified\spinach_sy69db2nz5\saudavel\Healthy-Leaf(1399)__Healthy-Leaf (444).jpg,saudavel,spinach_sy69db2nz5,Healthy-Leaf(1399),900,1200,JPEG
dataset\_work\spinach_classified\spinach_sy69db2nz5\saudavel\Healthy-Leaf(1399)__Healthy-Leaf (445).jpg,saudavel,spinach_sy69db2nz5,Healthy-Leaf(1399),900,1200,JPEG
dataset\_work\spinach_classified\spinach_sy69db2nz5\saudavel\Healthy-Leaf(1399)__Healthy-Leaf (446).jpg,saudavel,spinach_sy69db2nz5,Healthy-Leaf(1399),900,1200,JPEG
dataset\_work\spinach_classified\spinach_sy69db2nz5\saudavel\Healthy-Leaf(1399)__Healthy-Leaf (447).jpg,saudavel,spinach_sy69db2nz5,Healthy-Leaf(1399),900,1200,JPEG
dataset\_work\spinach_classified\spinach_sy69db2nz5\saudavel\Healthy-Leaf(1399)__Healthy-Leaf (448).jpg,saudavel,spinach_sy69db2nz5,Healthy-Leaf(1399),900,1200,JPEG
dataset\_work\spinach_classified\spinach_sy69db2nz5\saudavel\Healthy-Leaf(1399)__Healthy-Leaf (449).jpg,saudavel,spinach_sy69db2nz5,Healthy-Leaf(1399),900,1200,JPEG
dataset\_work\spinach_classified\spinach_sy69db2nz5\saudavel\Healthy-Leaf(1399)__Healthy-Leaf (45).jpg,saudavel,spinach_sy69db2nz5,Healthy-Leaf(1399),300,400,JPEG
dataset\_work\spinach_classified\spinach_sy69db2nz5\saudavel\Healthy-Leaf(1399)__Healthy-Leaf (450).jpg,saudavel,spinach_sy69db2nz5,Healthy-Leaf(1399),900,1200,JPEG
dataset\_work\spinach_classified\spinach_sy69db2nz5\saudavel\Healthy-Leaf(1399)__Healthy-Leaf (451).jpg,saudavel,spinach_sy69db2nz5,Healthy-Leaf(1399),900,1200,JPEG
dataset\_work\spinach_classified\spinach_sy69db2nz5\saudavel\Healthy-Leaf(1399)__Healthy-Leaf (452).jpg,saudavel,spinach_sy69db2nz5,Healthy-Leaf(1399),900,1200,JPEG
dataset\_work\spinach_classified\spinach_sy69db2nz5\saudavel\Healthy-Leaf(1399)__Healthy-Leaf (453).jpg,saudavel,spinach_sy69db2nz5,Healthy-Leaf(1399),900,1200,JPEG
dataset\_work\spinach_classified\spinach_sy69db2nz5\saudavel\Healthy-Leaf(1399)__Healthy-Leaf (454).jpg,saudavel,spinach_sy69db2nz5,Healthy-Leaf(1399),900,1200,JPEG
dataset\_work\spinach_classified\spinach_sy69db2nz5\saudavel\Healthy-Leaf(1399)__Healthy-Leaf (455).jpg,saudavel,spinach_sy69db2nz5,Healthy-Leaf(1399),900,1200,JPEG
dataset\_work\spinach_classified\spinach_sy69db2nz5\saudavel\Healthy-Leaf(1399)__Healthy-Leaf (456).jpg,saudavel,spinach_sy69db2nz5,Healthy-Leaf(1399),900,1200,JPEG
dataset\_work\spinach_classified\spinach_sy69db2nz5\saudavel\Healthy-Leaf(1399)__Healthy-Leaf (457).jpg,saudavel,spinach_sy69db2nz5,Healthy-Leaf(1399),900,1200,JPEG
dataset\_work\spinach_classified\spinach_sy69db2nz5\saudavel\Healthy-Leaf(1399)__Healthy-Leaf (458).jpg,saudavel,spinach_sy69db2nz5,Healthy-Leaf(1399),900,1200,JPEG
dataset\_work\spinach_classified\spinach_sy69db2nz5\saudavel\Healthy-Leaf(1399)__Healthy-Leaf (459).jpg,saudavel,spinach_sy69db2nz5,Healthy-Leaf(1399),900,1200,JPEG
dataset\_work\spinach_classified\spinach_sy69db2nz5\saudavel\Healthy-Leaf(1399)__Healthy-Leaf (46).jpg,saudavel,spinach_sy69db2nz5,Healthy-Leaf(1399),300,400,JPEG
dataset\_work\spinach_classified\spinach_sy69db2nz5\saudavel\Healthy-Leaf(1399)__Healthy-Leaf (460).jpg,saudavel,spinach_sy69db2nz5,Healthy-Leaf(1399),900,1200,JPEG
dataset\_work\spinach_classified\spinach_sy69db2nz5\saudavel\Healthy-Leaf(1399)__Healthy-Leaf (461).jpg,saudavel,spinach_sy69db2nz5,Healthy-Leaf(1399),900,1200,JPEG
dataset\_work\spinach_classified\spinach_sy69db2nz5\saudavel\Healthy-Leaf(1399)__Healthy-Leaf (462).jpg,saudavel,spinach_sy69db2nz5,Healthy-Leaf(1399),900,1200,JPEG
dataset\_work\spinach_classified\spinach_sy69db2nz5\saudavel\Healthy-Leaf(1399)__Healthy-Leaf (463).jpg,saudavel,spinach_sy69db2nz5,Healthy-Leaf(1399),900,1200,JPEG
dataset\_work\spinach_classified\spinach_sy69db2nz5\saudavel\Healthy-Leaf(1399)__Healthy-Leaf (464).jpg,saudavel,spinach_sy69db2nz5,Healthy-Leaf(1399),900,1200,JPEG
dataset\_work\spinach_classified\spinach_sy69db2nz5\saudavel\Healthy-Leaf(1399)__Healthy-Leaf (465).jpg,saudavel,spinach_sy69db2nz5,Healthy-Leaf(1399),900,1200,JPEG
dataset\_work\spinach_classified\spinach_sy69db2nz5\saudavel\Healthy-Leaf(1399)__Healthy-Leaf (466).jpg,saudavel,spinach_sy69db2nz5,Healthy-Leaf(1399),900,1200,JPEG
dataset\_work\spinach_classified\spinach_sy69db2nz5\saudavel\Healthy-Leaf(1399)__Healthy-Leaf (467).jpg,saudavel,spinach_sy69db2nz5,Healthy-Leaf(1399),900,1200,JPEG
dataset\_work\spinach_classified\spinach_sy69db2nz5\saudavel\Healthy-Leaf(1399)__Healthy-Leaf (468).jpg,saudavel,spinach_sy69db2nz5,Healthy-Leaf(1399),900,1200,JPEG
dataset\_work\spinach_classified\spinach_sy69db2nz5\saudavel\Healthy-Leaf(1399)__Healthy-Leaf (469).jpg,saudavel,spinach_sy69db2nz5,Healthy-Leaf(1399),900,1200,JPEG
dataset\_work\spinach_classified\spinach_sy69db2nz5\saudavel\Healthy-Leaf(1399)__Healthy-Leaf (47).jpg,saudavel,spinach_sy69db2nz5,Healthy-Leaf(1399),300,400,JPEG
dataset\_work\spinach_classified\spinach_sy69db2nz5\saudavel\Healthy-Leaf(1399)__Healthy-Leaf (470).jpg,saudavel,spinach_sy69db2nz5,Healthy-Leaf(1399),900,1200,JPEG
dataset\_work\spinach_classified\spinach_sy69db2nz5\saudavel\Healthy-Leaf(1399)__Healthy-Leaf (471).jpg,saudavel,spinach_sy69db2nz5,Healthy-Leaf(1399),900,1200,JPEG
dataset\_work\spinach_classified\spinach_sy69db2nz5\saudavel\Healthy-Leaf(1399)__Healthy-Leaf (472).jpg,saudavel,spinach_sy69db2nz5,Healthy-Leaf(1399),900,1200,JPEG
dataset\_work\spinach_classified\spinach_sy69db2nz5\saudavel\Healthy-Leaf(1399)__Healthy-Leaf (473).jpg,saudavel,spinach_sy69db2nz5,Healthy-Leaf(1399),900,1200,JPEG
dataset\_work\spinach_classified\spinach_sy69db2nz5\saudavel\Healthy-Leaf(1399)__Healthy-Leaf (474).jpg,saudavel,spinach_sy69db2nz5,Healthy-Leaf(1399),900,1200,JPEG
dataset\_work\spinach_classified\spinach_sy69db2nz5\saudavel\Healthy-Leaf(1399)__Healthy-Leaf (475).jpg,saudavel,spinach_sy69db2nz5,Healthy-Leaf(1399),900,1200,JPEG
dataset\_work\spinach_classified\spinach_sy69db2nz5\saudavel\Healthy-Leaf(1399)__Healthy-Leaf (476).jpg,saudavel,spinach_sy69db2nz5,Healthy-Leaf(1399),900,1200,JPEG
dataset\_work\spinach_classified\spinach_sy69db2nz5\saudavel\Healthy-Leaf(1399)__Healthy-Leaf (477).jpg,saudavel,spinach_sy69db2nz5,Healthy-Leaf(1399),900,1200,JPEG
dataset\_work\spinach_classified\spinach_sy69db2nz5\saudavel\Healthy-Leaf(1399)__Healthy-Leaf (478).jpg,saudavel,spinach_sy69db2nz5,Healthy-Leaf(1399),900,1200,JPEG
dataset\_work\spinach_classified\spinach_sy69db2nz5\saudavel\Healthy-Leaf(1399)__Healthy-Leaf (479).jpg,saudavel,spinach_sy69db2nz5,Healthy-Leaf(1399),900,1200,JPEG
dataset\_work\spinach_classified\spinach_sy69db2nz5\saudavel\Healthy-Leaf(1399)__Healthy-Leaf (48).jpg,saudavel,spinach_sy69db2nz5,Healthy-Leaf(1399),300,400,JPEG
dataset\_work\spinach_classified\spinach_sy69db2nz5\saudavel\Healthy-Leaf(1399)__Healthy-Leaf (480).jpg,saudavel,spinach_sy69db2nz5,Healthy-Leaf(1399),900,1200,JPEG
dataset\_work\spinach_classified\spinach_sy69db2nz5\saudavel\Healthy-Leaf(1399)__Healthy-Leaf (481).jpg,saudavel,spinach_sy69db2nz5,Healthy-Leaf(1399),900,1200,JPEG
dataset\_work\spinach_classified\spinach_sy69db2nz5\saudavel\Healthy-Leaf(1399)__Healthy-Leaf (482).jpg,saudavel,spinach_sy69db2nz5,Healthy-Leaf(1399),900,1200,JPEG
dataset\_work\spinach_classified\spinach_sy69db2nz5\saudavel\Healthy-Leaf(1399)__Healthy-Leaf (483).jpg,saudavel,spinach_sy69db2nz5,Healthy-Leaf(1399),900,1200,JPEG
dataset\_work\spinach_classified\spinach_sy69db2nz5\saudavel\Healthy-Leaf(1399)__Healthy-Leaf (484).jpg,saudavel,spinach_sy69db2nz5,Healthy-Leaf(1399),900,1200,JPEG
dataset\_work\spinach_classified\spinach_sy69db2nz5\saudavel\Healthy-Leaf(1399)__Healthy-Leaf (485).jpg,saudavel,spinach_sy69db2nz5,Healthy-Leaf(1399),900,1200,JPEG
dataset\_work\spinach_classified\spinach_sy69db2nz5\saudavel\Healthy-Leaf(1399)__Healthy-Leaf (486).jpg,saudavel,spinach_sy69db2nz5,Healthy-Leaf(1399),900,1200,JPEG
dataset\_work\spinach_classified\spinach_sy69db2nz5\saudavel\Healthy-Leaf(1399)__Healthy-Leaf (487).jpg,saudavel,spinach_sy69db2nz5,Healthy-Leaf(1399),900,1200,JPEG
dataset\_work\spinach_classified\spinach_sy69db2nz5\saudavel\Healthy-Leaf(1399)__Healthy-Leaf (488).jpg,saudavel,spinach_sy69db2nz5,Healthy-Leaf(1399),900,1200,JPEG
dataset\_work\spinach_classified\spinach_sy69db2nz5\saudavel\Healthy-Leaf(1399)__Healthy-Leaf (489).jpg,saudavel,spinach_sy69db2nz5,Healthy-Leaf(1399),900,1200,JPEG
dataset\_work\spinach_classified\spinach_sy69db2nz5\saudavel\Healthy-Leaf(1399)__Healthy-Leaf (49).jpg,saudavel,spinach_sy69db2nz5,Healthy-Leaf(1399),300,400,JPEG
dataset\_work\spinach_classified\spinach_sy69db2nz5\saudavel\Healthy-Leaf(1399)__Healthy-Leaf (490).jpg,saudavel,spinach_sy69db2nz5,Healthy-Leaf(1399),900,1200,JPEG
dataset\_work\spinach_classified\spinach_sy69db2nz5\saudavel\Healthy-Leaf(1399)__Healthy-Leaf (491).jpg,saudavel,spinach_sy69db2nz5,Healthy-Leaf(1399),900,1200,JPEG
dataset\_work\spinach_classified\spinach_sy69db2nz5\saudavel\Healthy-Leaf(1399)__Healthy-Leaf (492).jpg,saudavel,spinach_sy69db2nz5,Healthy-Leaf(1399),900,1200,JPEG
dataset\_work\spinach_classified\spinach_sy69db2nz5\saudavel\Healthy-Leaf(1399)__Healthy-Leaf (493).jpg,saudavel,spinach_sy69db2nz5,Healthy-Leaf(1399),900,1200,JPEG
dataset\_work\spinach_classified\spinach_sy69db2nz5\saudavel\Healthy-Leaf(1399)__Healthy-Leaf (494).jpg,saudavel,spinach_sy69db2nz5,Healthy-Leaf(1399),900,1200,JPEG
dataset\_work\spinach_classified\spinach_sy69db2nz5\saudavel\Healthy-Leaf(1399)__Healthy-Leaf (495).jpg,saudavel,spinach_sy69db2nz5,Healthy-Leaf(1399),900,1200,JPEG
dataset\_work\spinach_classified\spinach_sy69db2nz5\saudavel\Healthy-Leaf(1399)__Healthy-Leaf (496).jpg,saudavel,spinach_sy69db2nz5,Healthy-Leaf(1399),900,1200,JPEG
dataset\_work\spinach_classified\spinach_sy69db2nz5\saudavel\Healthy-Leaf(1399)__Healthy-Leaf (497).jpg,saudavel,spinach_sy69db2nz5,Healthy-Leaf(1399),900,1200,JPEG
dataset\_work\spinach_classified\spinach_sy69db2nz5\saudavel\Healthy-Leaf(1399)__Healthy-Leaf (498).jpg,saudavel,spinach_sy69db2nz5,Healthy-Leaf(1399),900,1200,JPEG
dataset\_work\spinach_classified\spinach_sy69db2nz5\saudavel\Healthy-Leaf(1399)__Healthy-Leaf (499).jpg,saudavel,spinach_sy69db2nz5,Healthy-Leaf(1399),900,1200,JPEG
dataset\_work\spinach_classified\spinach_sy69db2nz5\saudavel\Healthy-Leaf(1399)__Healthy-Leaf (5).jpg,saudavel,spinach_sy69db2nz5,Healthy-Leaf(1399),900,1200,JPEG
dataset\_work\spinach_classified\spinach_sy69db2nz5\saudavel\Healthy-Leaf(1399)__Healthy-Leaf (50).jpg,saudavel,spinach_sy69db2nz5,Healthy-Leaf(1399),300,400,JPEG
dataset\_work\spinach_classified\spinach_sy69db2nz5\saudavel\Healthy-Leaf(1399)__Healthy-Leaf (500).jpg,saudavel,spinach_sy69db2nz5,Healthy-Leaf(1399),900,1200,JPEG
dataset\_work\spinach_classified\spinach_sy69db2nz5\saudavel\Healthy-Leaf(1399)__Healthy-Leaf (501).jpg,saudavel,spinach_sy69db2nz5,Healthy-Leaf(1399),900,1200,JPEG
dataset\_work\spinach_classified\spinach_sy69db2nz5\saudavel\Healthy-Leaf(1399)__Healthy-Leaf (502).jpg,saudavel,spinach_sy69db2nz5,Healthy-Leaf(1399),900,1200,JPEG
dataset\_work\spinach_classified\spinach_sy69db2nz5\saudavel\Healthy-Leaf(1399)__Healthy-Leaf (503).jpg,saudavel,spinach_sy69db2nz5,Healthy-Leaf(1399),900,1200,JPEG
dataset\_work\spinach_classified\spinach_sy69db2nz5\saudavel\Healthy-Leaf(1399)__Healthy-Leaf (504).jpg,saudavel,spinach_sy69db2nz5,Healthy-Leaf(1399),900,1200,JPEG
dataset\_work\spinach_classified\spinach_sy69db2nz5\saudavel\Healthy-Leaf(1399)__Healthy-Leaf (505).jpg,saudavel,spinach_sy69db2nz5,Healthy-Leaf(1399),900,1200,JPEG
dataset\_work\spinach_classified\spinach_sy69db2nz5\saudavel\Healthy-Leaf(1399)__Healthy-Leaf (506).jpg,saudavel,spinach_sy69db2nz5,Healthy-Leaf(1399),900,1200,JPEG
dataset\_work\spinach_classified\spinach_sy69db2nz5\saudavel\Healthy-Leaf(1399)__Healthy-Leaf (507).jpg,saudavel,spinach_sy69db2nz5,Healthy-Leaf(1399),900,1200,JPEG
dataset\_work\spinach_classified\spinach_sy69db2nz5\saudavel\Healthy-Leaf(1399)__Healthy-Leaf (508).jpg,saudavel,spinach_sy69db2nz5,Healthy-Leaf(1399),900,1200,JPEG
dataset\_work\spinach_classified\spinach_sy69db2nz5\saudavel\Healthy-Leaf(1399)__Healthy-Leaf (509).jpg,saudavel,spinach_sy69db2nz5,Healthy-Leaf(1399),900,1200,JPEG
dataset\_work\spinach_classified\spinach_sy69db2nz5\saudavel\Healthy-Leaf(1399)__Healthy-Leaf (51).jpg,saudavel,spinach_sy69db2nz5,Healthy-Leaf(1399),300,400,JPEG
dataset\_work\spinach_classified\spinach_sy69db2nz5\saudavel\Healthy-Leaf(1399)__Healthy-Leaf (510).jpg,saudavel,spinach_sy69db2nz5,Healthy-Leaf(1399),900,1200,JPEG
dataset\_work\spinach_classified\spinach_sy69db2nz5\saudavel\Healthy-Leaf(1399)__Healthy-Leaf (511).jpg,saudavel,spinach_sy69db2nz5,Healthy-Leaf(1399),900,1200,JPEG
dataset\_work\spinach_classified\spinach_sy69db2nz5\saudavel\Healthy-Leaf(1399)__Healthy-Leaf (512).jpg,saudavel,spinach_sy69db2nz5,Healthy-Leaf(1399),900,1200,JPEG
dataset\_work\spinach_classified\spinach_sy69db2nz5\saudavel\Healthy-Leaf(1399)__Healthy-Leaf (513).jpg,saudavel,spinach_sy69db2nz5,Healthy-Leaf(1399),900,1200,JPEG
dataset\_work\spinach_classified\spinach_sy69db2nz5\saudavel\Healthy-Leaf(1399)__Healthy-Leaf (514).jpg,saudavel,spinach_sy69db2nz5,Healthy-Leaf(1399),900,1200,JPEG
dataset\_work\spinach_classified\spinach_sy69db2nz5\saudavel\Healthy-Leaf(1399)__Healthy-Leaf (515).jpg,saudavel,spinach_sy69db2nz5,Healthy-Leaf(1399),900,1200,JPEG
dataset\_work\spinach_classified\spinach_sy69db2nz5\saudavel\Healthy-Leaf(1399)__Healthy-Leaf (516).jpg,saudavel,spinach_sy69db2nz5,Healthy-Leaf(1399),900,1200,JPEG
dataset\_work\spinach_classified\spinach_sy69db2nz5\saudavel\Healthy-Leaf(1399)__Healthy-Leaf (517).jpg,saudavel,spinach_sy69db2nz5,Healthy-Leaf(1399),900,1200,JPEG
dataset\_work\spinach_classified\spinach_sy69db2nz5\saudavel\Healthy-Leaf(1399)__Healthy-Leaf (518).jpg,saudavel,spinach_sy69db2nz5,Healthy-Leaf(1399),900,1200,JPEG
dataset\_work\spinach_classified\spinach_sy69db2nz5\saudavel\Healthy-Leaf(1399)__Healthy-Leaf (519).jpg,saudavel,spinach_sy69db2nz5,Healthy-Leaf(1399),900,1200,JPEG
dataset\_work\spinach_classified\spinach_sy69db2nz5\saudavel\Healthy-Leaf(1399)__Healthy-Leaf (52).jpg,saudavel,spinach_sy69db2nz5,Healthy-Leaf(1399),300,400,JPEG
dataset\_work\spinach_classified\spinach_sy69db2nz5\saudavel\Healthy-Leaf(1399)__Healthy-Leaf (520).jpg,saudavel,spinach_sy69db2nz5,Healthy-Leaf(1399),900,1200,JPEG
dataset\_work\spinach_classified\spinach_sy69db2nz5\saudavel\Healthy-Leaf(1399)__Healthy-Leaf (521).jpg,saudavel,spinach_sy69db2nz5,Healthy-Leaf(1399),900,1200,JPEG
dataset\_work\spinach_classified\spinach_sy69db2nz5\saudavel\Healthy-Leaf(1399)__Healthy-Leaf (522).jpg,saudavel,spinach_sy69db2nz5,Healthy-Leaf(1399),900,1200,JPEG
dataset\_work\spinach_classified\spinach_sy69db2nz5\saudavel\Healthy-Leaf(1399)__Healthy-Leaf (523).jpg,saudavel,spinach_sy69db2nz5,Healthy-Leaf(1399),900,1200,JPEG
dataset\_work\spinach_classified\spinach_sy69db2nz5\saudavel\Healthy-Leaf(1399)__Healthy-Leaf (524).jpg,saudavel,spinach_sy69db2nz5,Healthy-Leaf(1399),900,1200,JPEG
dataset\_work\spinach_classified\spinach_sy69db2nz5\saudavel\Healthy-Leaf(1399)__Healthy-Leaf (525).jpg,saudavel,spinach_sy69db2nz5,Healthy-Leaf(1399),900,1200,JPEG
dataset\_work\spinach_classified\spinach_sy69db2nz5\saudavel\Healthy-Leaf(1399)__Healthy-Leaf (526).jpg,saudavel,spinach_sy69db2nz5,Healthy-Leaf(1399),900,1200,JPEG
dataset\_work\spinach_classified\spinach_sy69db2nz5\saudavel\Healthy-Leaf(1399)__Healthy-Leaf (527).jpg,saudavel,spinach_sy69db2nz5,Healthy-Leaf(1399),900,1200,JPEG
dataset\_work\spinach_classified\spinach_sy69db2nz5\saudavel\Healthy-Leaf(1399)__Healthy-Leaf (528).jpg,saudavel,spinach_sy69db2nz5,Healthy-Leaf(1399),900,1200,JPEG
dataset\_work\spinach_classified\spinach_sy69db2nz5\saudavel\Healthy-Leaf(1399)__Healthy-Leaf (529).jpg,saudavel,spinach_sy69db2nz5,Healthy-Leaf(1399),900,1200,JPEG
dataset\_work\spinach_classified\spinach_sy69db2nz5\saudavel\Healthy-Leaf(1399)__Healthy-Leaf (53).jpg,saudavel,spinach_sy69db2nz5,Healthy-Leaf(1399),300,400,JPEG
dataset\_work\spinach_classified\spinach_sy69db2nz5\saudavel\Healthy-Leaf(1399)__Healthy-Leaf (530).jpg,saudavel,spinach_sy69db2nz5,Healthy-Leaf(1399),900,1200,JPEG
dataset\_work\spinach_classified\spinach_sy69db2nz5\saudavel\Healthy-Leaf(1399)__Healthy-Leaf (531).jpg,saudavel,spinach_sy69db2nz5,Healthy-Leaf(1399),900,1200,JPEG
dataset\_work\spinach_classified\spinach_sy69db2nz5\saudavel\Healthy-Leaf(1399)__Healthy-Leaf (532).jpg,saudavel,spinach_sy69db2nz5,Healthy-Leaf(1399),900,1200,JPEG
dataset\_work\spinach_classified\spinach_sy69db2nz5\saudavel\Healthy-Leaf(1399)__Healthy-Leaf (533).jpg,saudavel,spinach_sy69db2nz5,Healthy-Leaf(1399),900,1200,JPEG
dataset\_work\spinach_classified\spinach_sy69db2nz5\saudavel\Healthy-Leaf(1399)__Healthy-Leaf (534).jpg,saudavel,spinach_sy69db2nz5,Healthy-Leaf(1399),900,1200,JPEG
dataset\_work\spinach_classified\spinach_sy69db2nz5\saudavel\Healthy-Leaf(1399)__Healthy-Leaf (535).jpg,saudavel,spinach_sy69db2nz5,Healthy-Leaf(1399),900,1200,JPEG
dataset\_work\spinach_classified\spinach_sy69db2nz5\saudavel\Healthy-Leaf(1399)__Healthy-Leaf (536).jpg,saudavel,spinach_sy69db2nz5,Healthy-Leaf(1399),900,1200,JPEG
dataset\_work\spinach_classified\spinach_sy69db2nz5\saudavel\Healthy-Leaf(1399)__Healthy-Leaf (537).jpg,saudavel,spinach_sy69db2nz5,Healthy-Leaf(1399),900,1200,JPEG
dataset\_work\spinach_classified\spinach_sy69db2nz5\saudavel\Healthy-Leaf(1399)__Healthy-Leaf (538).jpg,saudavel,spinach_sy69db2nz5,Healthy-Leaf(1399),900,1200,JPEG
dataset\_work\spinach_classified\spinach_sy69db2nz5\saudavel\Healthy-Leaf(1399)__Healthy-Leaf (539).jpg,saudavel,spinach_sy69db2nz5,Healthy-Leaf(1399),900,1200,JPEG
dataset\_work\spinach_classified\spinach_sy69db2nz5\saudavel\Healthy-Leaf(1399)__Healthy-Leaf (54).jpg,saudavel,spinach_sy69db2nz5,Healthy-Leaf(1399),300,400,JPEG
dataset\_work\spinach_classified\spinach_sy69db2nz5\saudavel\Healthy-Leaf(1399)__Healthy-Leaf (540).jpg,saudavel,spinach_sy69db2nz5,Healthy-Leaf(1399),900,1200,JPEG
dataset\_work\spinach_classified\spinach_sy69db2nz5\saudavel\Healthy-Leaf(1399)__Healthy-Leaf (541).jpg,saudavel,spinach_sy69db2nz5,Healthy-Leaf(1399),900,1200,JPEG
dataset\_work\spinach_classified\spinach_sy69db2nz5\saudavel\Healthy-Leaf(1399)__Healthy-Leaf (542).jpg,saudavel,spinach_sy69db2nz5,Healthy-Leaf(1399),900,1200,JPEG
dataset\_work\spinach_classified\spinach_sy69db2nz5\saudavel\Healthy-Leaf(1399)__Healthy-Leaf (543).jpg,saudavel,spinach_sy69db2nz5,Healthy-Leaf(1399),900,1200,JPEG
dataset\_work\spinach_classified\spinach_sy69db2nz5\saudavel\Healthy-Leaf(1399)__Healthy-Leaf (544).jpg,saudavel,spinach_sy69db2nz5,Healthy-Leaf(1399),900,1200,JPEG
dataset\_work\spinach_classified\spinach_sy69db2nz5\saudavel\Healthy-Leaf(1399)__Healthy-Leaf (545).jpg,saudavel,spinach_sy69db2nz5,Healthy-Leaf(1399),900,1200,JPEG
dataset\_work\spinach_classified\spinach_sy69db2nz5\saudavel\Healthy-Leaf(1399)__Healthy-Leaf (546).jpg,saudavel,spinach_sy69db2nz5,Healthy-Leaf(1399),900,1200,JPEG
dataset\_work\spinach_classified\spinach_sy69db2nz5\saudavel\Healthy-Leaf(1399)__Healthy-Leaf (547).jpg,saudavel,spinach_sy69db2nz5,Healthy-Leaf(1399),900,1200,JPEG
dataset\_work\spinach_classified\spinach_sy69db2nz5\saudavel\Healthy-Leaf(1399)__Healthy-Leaf (548).jpg,saudavel,spinach_sy69db2nz5,Healthy-Leaf(1399),900,1200,JPEG
dataset\_work\spinach_classified\spinach_sy69db2nz5\saudavel\Healthy-Leaf(1399)__Healthy-Leaf (549).jpg,saudavel,spinach_sy69db2nz5,Healthy-Leaf(1399),900,1200,JPEG
dataset\_work\spinach_classified\spinach_sy69db2nz5\saudavel\Healthy-Leaf(1399)__Healthy-Leaf (55).jpg,saudavel,spinach_sy69db2nz5,Healthy-Leaf(1399),300,400,JPEG
dataset\_work\spinach_classified\spinach_sy69db2nz5\saudavel\Healthy-Leaf(1399)__Healthy-Leaf (550).jpg,saudavel,spinach_sy69db2nz5,Healthy-Leaf(1399),900,1200,JPEG
dataset\_work\spinach_classified\spinach_sy69db2nz5\saudavel\Healthy-Leaf(1399)__Healthy-Leaf (551).jpg,saudavel,spinach_sy69db2nz5,Healthy-Leaf(1399),900,1200,JPEG
dataset\_work\spinach_classified\spinach_sy69db2nz5\saudavel\Healthy-Leaf(1399)__Healthy-Leaf (552).jpg,saudavel,spinach_sy69db2nz5,Healthy-Leaf(1399),900,1200,JPEG
dataset\_work\spinach_classified\spinach_sy69db2nz5\saudavel\Healthy-Leaf(1399)__Healthy-Leaf (553).jpg,saudavel,spinach_sy69db2nz5,Healthy-Leaf(1399),900,1200,JPEG
dataset\_work\spinach_classified\spinach_sy69db2nz5\saudavel\Healthy-Leaf(1399)__Healthy-Leaf (554).jpg,saudavel,spinach_sy69db2nz5,Healthy-Leaf(1399),900,1200,JPEG
dataset\_work\spinach_classified\spinach_sy69db2nz5\saudavel\Healthy-Leaf(1399)__Healthy-Leaf (555).jpg,saudavel,spinach_sy69db2nz5,Healthy-Leaf(1399),900,1200,JPEG
dataset\_work\spinach_classified\spinach_sy69db2nz5\saudavel\Healthy-Leaf(1399)__Healthy-Leaf (556).jpg,saudavel,spinach_sy69db2nz5,Healthy-Leaf(1399),900,1200,JPEG
dataset\_work\spinach_classified\spinach_sy69db2nz5\saudavel\Healthy-Leaf(1399)__Healthy-Leaf (557).jpg,saudavel,spinach_sy69db2nz5,Healthy-Leaf(1399),900,1200,JPEG
dataset\_work\spinach_classified\spinach_sy69db2nz5\saudavel\Healthy-Leaf(1399)__Healthy-Leaf (558).jpg,saudavel,spinach_sy69db2nz5,Healthy-Leaf(1399),900,1200,JPEG
dataset\_work\spinach_classified\spinach_sy69db2nz5\saudavel\Healthy-Leaf(1399)__Healthy-Leaf (559).jpg,saudavel,spinach_sy69db2nz5,Healthy-Leaf(1399),900,1200,JPEG
dataset\_work\spinach_classified\spinach_sy69db2nz5\saudavel\Healthy-Leaf(1399)__Healthy-Leaf (56).jpg,saudavel,spinach_sy69db2nz5,Healthy-Leaf(1399),300,400,JPEG
dataset\_work\spinach_classified\spinach_sy69db2nz5\saudavel\Healthy-Leaf(1399)__Healthy-Leaf (560).jpg,saudavel,spinach_sy69db2nz5,Healthy-Leaf(1399),900,1200,JPEG
dataset\_work\spinach_classified\spinach_sy69db2nz5\saudavel\Healthy-Leaf(1399)__Healthy-Leaf (561).jpg,saudavel,spinach_sy69db2nz5,Healthy-Leaf(1399),900,1200,JPEG
dataset\_work\spinach_classified\spinach_sy69db2nz5\saudavel\Healthy-Leaf(1399)__Healthy-Leaf (562).jpg,saudavel,spinach_sy69db2nz5,Healthy-Leaf(1399),900,1200,JPEG
dataset\_work\spinach_classified\spinach_sy69db2nz5\saudavel\Healthy-Leaf(1399)__Healthy-Leaf (563).jpg,saudavel,spinach_sy69db2nz5,Healthy-Leaf(1399),900,1200,JPEG
dataset\_work\spinach_classified\spinach_sy69db2nz5\saudavel\Healthy-Leaf(1399)__Healthy-Leaf (564).jpg,saudavel,spinach_sy69db2nz5,Healthy-Leaf(1399),900,1200,JPEG
dataset\_work\spinach_classified\spinach_sy69db2nz5\saudavel\Healthy-Leaf(1399)__Healthy-Leaf (565).jpg,saudavel,spinach_sy69db2nz5,Healthy-Leaf(1399),900,1200,JPEG
dataset\_work\spinach_classified\spinach_sy69db2nz5\saudavel\Healthy-Leaf(1399)__Healthy-Leaf (566).jpg,saudavel,spinach_sy69db2nz5,Healthy-Leaf(1399),900,1200,JPEG
dataset\_work\spinach_classified\spinach_sy69db2nz5\saudavel\Healthy-Leaf(1399)__Healthy-Leaf (567).jpg,saudavel,spinach_sy69db2nz5,Healthy-Leaf(1399),900,1200,JPEG
dataset\_work\spinach_classified\spinach_sy69db2nz5\saudavel\Healthy-Leaf(1399)__Healthy-Leaf (568).jpg,saudavel,spinach_sy69db2nz5,Healthy-Leaf(1399),900,1200,JPEG
dataset\_work\spinach_classified\spinach_sy69db2nz5\saudavel\Healthy-Leaf(1399)__Healthy-Leaf (569).jpg,saudavel,spinach_sy69db2nz5,Healthy-Leaf(1399),900,1200,JPEG
dataset\_work\spinach_classified\spinach_sy69db2nz5\saudavel\Healthy-Leaf(1399)__Healthy-Leaf (57).jpg,saudavel,spinach_sy69db2nz5,Healthy-Leaf(1399),300,400,JPEG
dataset\_work\spinach_classified\spinach_sy69db2nz5\saudavel\Healthy-Leaf(1399)__Healthy-Leaf (570).jpg,saudavel,spinach_sy69db2nz5,Healthy-Leaf(1399),900,1200,JPEG
dataset\_work\spinach_classified\spinach_sy69db2nz5\saudavel\Healthy-Leaf(1399)__Healthy-Leaf (571).jpg,saudavel,spinach_sy69db2nz5,Healthy-Leaf(1399),900,1200,JPEG
dataset\_work\spinach_classified\spinach_sy69db2nz5\saudavel\Healthy-Leaf(1399)__Healthy-Leaf (572).jpg,saudavel,spinach_sy69db2nz5,Healthy-Leaf(1399),900,1200,JPEG
dataset\_work\spinach_classified\spinach_sy69db2nz5\saudavel\Healthy-Leaf(1399)__Healthy-Leaf (573).jpg,saudavel,spinach_sy69db2nz5,Healthy-Leaf(1399),900,1200,JPEG
dataset\_work\spinach_classified\spinach_sy69db2nz5\saudavel\Healthy-Leaf(1399)__Healthy-Leaf (574).jpg,saudavel,spinach_sy69db2nz5,Healthy-Leaf(1399),900,1200,JPEG
dataset\_work\spinach_classified\spinach_sy69db2nz5\saudavel\Healthy-Leaf(1399)__Healthy-Leaf (575).jpg,saudavel,spinach_sy69db2nz5,Healthy-Leaf(1399),900,1200,JPEG
dataset\_work\spinach_classified\spinach_sy69db2nz5\saudavel\Healthy-Leaf(1399)__Healthy-Leaf (576).jpg,saudavel,spinach_sy69db2nz5,Healthy-Leaf(1399),900,1200,JPEG
dataset\_work\spinach_classified\spinach_sy69db2nz5\saudavel\Healthy-Leaf(1399)__Healthy-Leaf (577).jpg,saudavel,spinach_sy69db2nz5,Healthy-Leaf(1399),900,1200,JPEG
dataset\_work\spinach_classified\spinach_sy69db2nz5\saudavel\Healthy-Leaf(1399)__Healthy-Leaf (578).jpg,saudavel,spinach_sy69db2nz5,Healthy-Leaf(1399),900,1200,JPEG
dataset\_work\spinach_classified\spinach_sy69db2nz5\saudavel\Healthy-Leaf(1399)__Healthy-Leaf (579).jpg,saudavel,spinach_sy69db2nz5,Healthy-Leaf(1399),900,1200,JPEG
dataset\_work\spinach_classified\spinach_sy69db2nz5\saudavel\Healthy-Leaf(1399)__Healthy-Leaf (58).jpg,saudavel,spinach_sy69db2nz5,Healthy-Leaf(1399),300,400,JPEG
dataset\_work\spinach_classified\spinach_sy69db2nz5\saudavel\Healthy-Leaf(1399)__Healthy-Leaf (580).jpg,saudavel,spinach_sy69db2nz5,Healthy-Leaf(1399),900,1200,JPEG
dataset\_work\spinach_classified\spinach_sy69db2nz5\saudavel\Healthy-Leaf(1399)__Healthy-Leaf (581).jpg,saudavel,spinach_sy69db2nz5,Healthy-Leaf(1399),900,1200,JPEG
dataset\_work\spinach_classified\spinach_sy69db2nz5\saudavel\Healthy-Leaf(1399)__Healthy-Leaf (582).jpg,saudavel,spinach_sy69db2nz5,Healthy-Leaf(1399),900,1200,JPEG
dataset\_work\spinach_classified\spinach_sy69db2nz5\saudavel\Healthy-Leaf(1399)__Healthy-Leaf (583).jpg,saudavel,spinach_sy69db2nz5,Healthy-Leaf(1399),900,1200,JPEG
dataset\_work\spinach_classified\spinach_sy69db2nz5\saudavel\Healthy-Leaf(1399)__Healthy-Leaf (584).jpg,saudavel,spinach_sy69db2nz5,Healthy-Leaf(1399),900,1200,JPEG
dataset\_work\spinach_classified\spinach_sy69db2nz5\saudavel\Healthy-Leaf(1399)__Healthy-Leaf (585).jpg,saudavel,spinach_sy69db2nz5,Healthy-Leaf(1399),900,1200,JPEG
dataset\_work\spinach_classified\spinach_sy69db2nz5\saudavel\Healthy-Leaf(1399)__Healthy-Leaf (586).jpg,saudavel,spinach_sy69db2nz5,Healthy-Leaf(1399),900,1200,JPEG
dataset\_work\spinach_classified\spinach_sy69db2nz5\saudavel\Healthy-Leaf(1399)__Healthy-Leaf (587).jpg,saudavel,spinach_sy69db2nz5,Healthy-Leaf(1399),900,1200,JPEG
dataset\_work\spinach_classified\spinach_sy69db2nz5\saudavel\Healthy-Leaf(1399)__Healthy-Leaf (588).jpg,saudavel,spinach_sy69db2nz5,Healthy-Leaf(1399),900,1200,JPEG
dataset\_work\spinach_classified\spinach_sy69db2nz5\saudavel\Healthy-Leaf(1399)__Healthy-Leaf (589).jpg,saudavel,spinach_sy69db2nz5,Healthy-Leaf(1399),900,1200,JPEG
dataset\_work\spinach_classified\spinach_sy69db2nz5\saudavel\Healthy-Leaf(1399)__Healthy-Leaf (59).jpg,saudavel,spinach_sy69db2nz5,Healthy-Leaf(1399),300,400,JPEG
dataset\_work\spinach_classified\spinach_sy69db2nz5\saudavel\Healthy-Leaf(1399)__Healthy-Leaf (590).jpg,saudavel,spinach_sy69db2nz5,Healthy-Leaf(1399),900,1200,JPEG
dataset\_work\spinach_classified\spinach_sy69db2nz5\saudavel\Healthy-Leaf(1399)__Healthy-Leaf (591).jpg,saudavel,spinach_sy69db2nz5,Healthy-Leaf(1399),900,1200,JPEG
dataset\_work\spinach_classified\spinach_sy69db2nz5\saudavel\Healthy-Leaf(1399)__Healthy-Leaf (592).jpg,saudavel,spinach_sy69db2nz5,Healthy-Leaf(1399),900,1200,JPEG
dataset\_work\spinach_classified\spinach_sy69db2nz5\saudavel\Healthy-Leaf(1399)__Healthy-Leaf (593).jpg,saudavel,spinach_sy69db2nz5,Healthy-Leaf(1399),900,1200,JPEG
dataset\_work\spinach_classified\spinach_sy69db2nz5\saudavel\Healthy-Leaf(1399)__Healthy-Leaf (594).jpg,saudavel,spinach_sy69db2nz5,Healthy-Leaf(1399),900,1200,JPEG
dataset\_work\spinach_classified\spinach_sy69db2nz5\saudavel\Healthy-Leaf(1399)__Healthy-Leaf (595).jpg,saudavel,spinach_sy69db2nz5,Healthy-Leaf(1399),900,1200,JPEG
dataset\_work\spinach_classified\spinach_sy69db2nz5\saudavel\Healthy-Leaf(1399)__Healthy-Leaf (596).jpg,saudavel,spinach_sy69db2nz5,Healthy-Leaf(1399),900,1200,JPEG
dataset\_work\spinach_classified\spinach_sy69db2nz5\saudavel\Healthy-Leaf(1399)__Healthy-Leaf (597).jpg,saudavel,spinach_sy69db2nz5,Healthy-Leaf(1399),900,1200,JPEG
dataset\_work\spinach_classified\spinach_sy69db2nz5\saudavel\Healthy-Leaf(1399)__Healthy-Leaf (598).jpg,saudavel,spinach_sy69db2nz5,Healthy-Leaf(1399),900,1200,JPEG
dataset\_work\spinach_classified\spinach_sy69db2nz5\saudavel\Healthy-Leaf(1399)__Healthy-Leaf (599).jpg,saudavel,spinach_sy69db2nz5,Healthy-Leaf(1399),900,1200,JPEG
dataset\_work\spinach_classified\spinach_sy69db2nz5\saudavel\Healthy-Leaf(1399)__Healthy-Leaf (6).jpg,saudavel,spinach_sy69db2nz5,Healthy-Leaf(1399),900,1200,JPEG
dataset\_work\spinach_classified\spinach_sy69db2nz5\saudavel\Healthy-Leaf(1399)__Healthy-Leaf (60).jpg,saudavel,spinach_sy69db2nz5,Healthy-Leaf(1399),300,400,JPEG
dataset\_work\spinach_classified\spinach_sy69db2nz5\saudavel\Healthy-Leaf(1399)__Healthy-Leaf (600).jpg,saudavel,spinach_sy69db2nz5,Healthy-Leaf(1399),900,1200,JPEG
dataset\_work\spinach_classified\spinach_sy69db2nz5\saudavel\Healthy-Leaf(1399)__Healthy-Leaf (601).jpg,saudavel,spinach_sy69db2nz5,Healthy-Leaf(1399),900,1200,JPEG
dataset\_work\spinach_classified\spinach_sy69db2nz5\saudavel\Healthy-Leaf(1399)__Healthy-Leaf (602).jpg,saudavel,spinach_sy69db2nz5,Healthy-Leaf(1399),900,1200,JPEG
dataset\_work\spinach_classified\spinach_sy69db2nz5\saudavel\Healthy-Leaf(1399)__Healthy-Leaf (603).jpg,saudavel,spinach_sy69db2nz5,Healthy-Leaf(1399),900,1200,JPEG
dataset\_work\spinach_classified\spinach_sy69db2nz5\saudavel\Healthy-Leaf(1399)__Healthy-Leaf (604).jpg,saudavel,spinach_sy69db2nz5,Healthy-Leaf(1399),900,1200,JPEG
dataset\_work\spinach_classified\spinach_sy69db2nz5\saudavel\Healthy-Leaf(1399)__Healthy-Leaf (605).jpg,saudavel,spinach_sy69db2nz5,Healthy-Leaf(1399),900,1200,JPEG
dataset\_work\spinach_classified\spinach_sy69db2nz5\saudavel\Healthy-Leaf(1399)__Healthy-Leaf (606).jpg,saudavel,spinach_sy69db2nz5,Healthy-Leaf(1399),900,1200,JPEG
dataset\_work\spinach_classified\spinach_sy69db2nz5\saudavel\Healthy-Leaf(1399)__Healthy-Leaf (607).jpg,saudavel,spinach_sy69db2nz5,Healthy-Leaf(1399),900,1200,JPEG
dataset\_work\spinach_classified\spinach_sy69db2nz5\saudavel\Healthy-Leaf(1399)__Healthy-Leaf (608).jpg,saudavel,spinach_sy69db2nz5,Healthy-Leaf(1399),900,1200,JPEG
dataset\_work\spinach_classified\spinach_sy69db2nz5\saudavel\Healthy-Leaf(1399)__Healthy-Leaf (609).jpg,saudavel,spinach_sy69db2nz5,Healthy-Leaf(1399),900,1200,JPEG
dataset\_work\spinach_classified\spinach_sy69db2nz5\saudavel\Healthy-Leaf(1399)__Healthy-Leaf (61).jpg,saudavel,spinach_sy69db2nz5,Healthy-Leaf(1399),300,400,JPEG
dataset\_work\spinach_classified\spinach_sy69db2nz5\saudavel\Healthy-Leaf(1399)__Healthy-Leaf (610).jpg,saudavel,spinach_sy69db2nz5,Healthy-Leaf(1399),900,1200,JPEG
dataset\_work\spinach_classified\spinach_sy69db2nz5\saudavel\Healthy-Leaf(1399)__Healthy-Leaf (611).jpg,saudavel,spinach_sy69db2nz5,Healthy-Leaf(1399),900,1200,JPEG
dataset\_work\spinach_classified\spinach_sy69db2nz5\saudavel\Healthy-Leaf(1399)__Healthy-Leaf (612).jpg,saudavel,spinach_sy69db2nz5,Healthy-Leaf(1399),900,1200,JPEG
dataset\_work\spinach_classified\spinach_sy69db2nz5\saudavel\Healthy-Leaf(1399)__Healthy-Leaf (613).jpg,saudavel,spinach_sy69db2nz5,Healthy-Leaf(1399),900,1200,JPEG
dataset\_work\spinach_classified\spinach_sy69db2nz5\saudavel\Healthy-Leaf(1399)__Healthy-Leaf (614).jpg,saudavel,spinach_sy69db2nz5,Healthy-Leaf(1399),900,1200,JPEG
dataset\_work\spinach_classified\spinach_sy69db2nz5\saudavel\Healthy-Leaf(1399)__Healthy-Leaf (615).jpg,saudavel,spinach_sy69db2nz5,Healthy-Leaf(1399),900,1200,JPEG
dataset\_work\spinach_classified\spinach_sy69db2nz5\saudavel\Healthy-Leaf(1399)__Healthy-Leaf (616).jpg,saudavel,spinach_sy69db2nz5,Healthy-Leaf(1399),900,1200,JPEG
dataset\_work\spinach_classified\spinach_sy69db2nz5\saudavel\Healthy-Leaf(1399)__Healthy-Leaf (617).jpg,saudavel,spinach_sy69db2nz5,Healthy-Leaf(1399),900,1200,JPEG
dataset\_work\spinach_classified\spinach_sy69db2nz5\saudavel\Healthy-Leaf(1399)__Healthy-Leaf (618).jpg,saudavel,spinach_sy69db2nz5,Healthy-Leaf(1399),900,1200,JPEG
dataset\_work\spinach_classified\spinach_sy69db2nz5\saudavel\Healthy-Leaf(1399)__Healthy-Leaf (619).jpg,saudavel,spinach_sy69db2nz5,Healthy-Leaf(1399),900,1200,JPEG
dataset\_work\spinach_classified\spinach_sy69db2nz5\saudavel\Healthy-Leaf(1399)__Healthy-Leaf (62).jpg,saudavel,spinach_sy69db2nz5,Healthy-Leaf(1399),300,400,JPEG
dataset\_work\spinach_classified\spinach_sy69db2nz5\saudavel\Healthy-Leaf(1399)__Healthy-Leaf (620).jpg,saudavel,spinach_sy69db2nz5,Healthy-Leaf(1399),900,1200,JPEG
dataset\_work\spinach_classified\spinach_sy69db2nz5\saudavel\Healthy-Leaf(1399)__Healthy-Leaf (621).jpg,saudavel,spinach_sy69db2nz5,Healthy-Leaf(1399),900,1200,JPEG
dataset\_work\spinach_classified\spinach_sy69db2nz5\saudavel\Healthy-Leaf(1399)__Healthy-Leaf (622).jpg,saudavel,spinach_sy69db2nz5,Healthy-Leaf(1399),900,1200,JPEG
dataset\_work\spinach_classified\spinach_sy69db2nz5\saudavel\Healthy-Leaf(1399)__Healthy-Leaf (623).jpg,saudavel,spinach_sy69db2nz5,Healthy-Leaf(1399),900,1200,JPEG
dataset\_work\spinach_classified\spinach_sy69db2nz5\saudavel\Healthy-Leaf(1399)__Healthy-Leaf (624).jpg,saudavel,spinach_sy69db2nz5,Healthy-Leaf(1399),900,1200,JPEG
dataset\_work\spinach_classified\spinach_sy69db2nz5\saudavel\Healthy-Leaf(1399)__Healthy-Leaf (625).jpg,saudavel,spinach_sy69db2nz5,Healthy-Leaf(1399),900,1200,JPEG
dataset\_work\spinach_classified\spinach_sy69db2nz5\saudavel\Healthy-Leaf(1399)__Healthy-Leaf (626).jpg,saudavel,spinach_sy69db2nz5,Healthy-Leaf(1399),900,1200,JPEG
dataset\_work\spinach_classified\spinach_sy69db2nz5\saudavel\Healthy-Leaf(1399)__Healthy-Leaf (627).jpg,saudavel,spinach_sy69db2nz5,Healthy-Leaf(1399),900,1200,JPEG
dataset\_work\spinach_classified\spinach_sy69db2nz5\saudavel\Healthy-Leaf(1399)__Healthy-Leaf (628).jpg,saudavel,spinach_sy69db2nz5,Healthy-Leaf(1399),900,1200,JPEG
dataset\_work\spinach_classified\spinach_sy69db2nz5\saudavel\Healthy-Leaf(1399)__Healthy-Leaf (629).jpg,saudavel,spinach_sy69db2nz5,Healthy-Leaf(1399),900,1200,JPEG
dataset\_work\spinach_classified\spinach_sy69db2nz5\saudavel\Healthy-Leaf(1399)__Healthy-Leaf (63).jpg,saudavel,spinach_sy69db2nz5,Healthy-Leaf(1399),417,598,JPEG
dataset\_work\spinach_classified\spinach_sy69db2nz5\saudavel\Healthy-Leaf(1399)__Healthy-Leaf (630).jpg,saudavel,spinach_sy69db2nz5,Healthy-Leaf(1399),900,1200,JPEG
dataset\_work\spinach_classified\spinach_sy69db2nz5\saudavel\Healthy-Leaf(1399)__Healthy-Leaf (631).jpg,saudavel,spinach_sy69db2nz5,Healthy-Leaf(1399),900,1200,JPEG
dataset\_work\spinach_classified\spinach_sy69db2nz5\saudavel\Healthy-Leaf(1399)__Healthy-Leaf (632).jpg,saudavel,spinach_sy69db2nz5,Healthy-Leaf(1399),900,1200,JPEG
dataset\_work\spinach_classified\spinach_sy69db2nz5\saudavel\Healthy-Leaf(1399)__Healthy-Leaf (633).jpg,saudavel,spinach_sy69db2nz5,Healthy-Leaf(1399),900,1200,JPEG
dataset\_work\spinach_classified\spinach_sy69db2nz5\saudavel\Healthy-Leaf(1399)__Healthy-Leaf (634).jpg,saudavel,spinach_sy69db2nz5,Healthy-Leaf(1399),900,1200,JPEG
dataset\_work\spinach_classified\spinach_sy69db2nz5\saudavel\Healthy-Leaf(1399)__Healthy-Leaf (635).jpg,saudavel,spinach_sy69db2nz5,Healthy-Leaf(1399),900,1200,JPEG
dataset\_work\spinach_classified\spinach_sy69db2nz5\saudavel\Healthy-Leaf(1399)__Healthy-Leaf (636).jpg,saudavel,spinach_sy69db2nz5,Healthy-Leaf(1399),900,1200,JPEG
dataset\_work\spinach_classified\spinach_sy69db2nz5\saudavel\Healthy-Leaf(1399)__Healthy-Leaf (637).jpg,saudavel,spinach_sy69db2nz5,Healthy-Leaf(1399),900,1200,JPEG
dataset\_work\spinach_classified\spinach_sy69db2nz5\saudavel\Healthy-Leaf(1399)__Healthy-Leaf (638).jpg,saudavel,spinach_sy69db2nz5,Healthy-Leaf(1399),900,1200,JPEG
dataset\_work\spinach_classified\spinach_sy69db2nz5\saudavel\Healthy-Leaf(1399)__Healthy-Leaf (639).jpg,saudavel,spinach_sy69db2nz5,Healthy-Leaf(1399),900,1200,JPEG
dataset\_work\spinach_classified\spinach_sy69db2nz5\saudavel\Healthy-Leaf(1399)__Healthy-Leaf (64).jpg,saudavel,spinach_sy69db2nz5,Healthy-Leaf(1399),408,612,JPEG
dataset\_work\spinach_classified\spinach_sy69db2nz5\saudavel\Healthy-Leaf(1399)__Healthy-Leaf (640).jpg,saudavel,spinach_sy69db2nz5,Healthy-Leaf(1399),900,1200,JPEG
dataset\_work\spinach_classified\spinach_sy69db2nz5\saudavel\Healthy-Leaf(1399)__Healthy-Leaf (641).jpg,saudavel,spinach_sy69db2nz5,Healthy-Leaf(1399),900,1200,JPEG
dataset\_work\spinach_classified\spinach_sy69db2nz5\saudavel\Healthy-Leaf(1399)__Healthy-Leaf (642).jpg,saudavel,spinach_sy69db2nz5,Healthy-Leaf(1399),900,1200,JPEG
dataset\_work\spinach_classified\spinach_sy69db2nz5\saudavel\Healthy-Leaf(1399)__Healthy-Leaf (643).jpg,saudavel,spinach_sy69db2nz5,Healthy-Leaf(1399),900,1200,JPEG
dataset\_work\spinach_classified\spinach_sy69db2nz5\saudavel\Healthy-Leaf(1399)__Healthy-Leaf (644).jpg,saudavel,spinach_sy69db2nz5,Healthy-Leaf(1399),900,1200,JPEG
dataset\_work\spinach_classified\spinach_sy69db2nz5\saudavel\Healthy-Leaf(1399)__Healthy-Leaf (645).jpg,saudavel,spinach_sy69db2nz5,Healthy-Leaf(1399),900,1200,JPEG
dataset\_work\spinach_classified\spinach_sy69db2nz5\saudavel\Healthy-Leaf(1399)__Healthy-Leaf (646).jpg,saudavel,spinach_sy69db2nz5,Healthy-Leaf(1399),900,1200,JPEG
dataset\_work\spinach_classified\spinach_sy69db2nz5\saudavel\Healthy-Leaf(1399)__Healthy-Leaf (647).jpg,saudavel,spinach_sy69db2nz5,Healthy-Leaf(1399),900,1200,JPEG
dataset\_work\spinach_classified\spinach_sy69db2nz5\saudavel\Healthy-Leaf(1399)__Healthy-Leaf (648).jpg,saudavel,spinach_sy69db2nz5,Healthy-Leaf(1399),900,1200,JPEG
dataset\_work\spinach_classified\spinach_sy69db2nz5\saudavel\Healthy-Leaf(1399)__Healthy-Leaf (649).jpg,saudavel,spinach_sy69db2nz5,Healthy-Leaf(1399),900,1200,JPEG
dataset\_work\spinach_classified\spinach_sy69db2nz5\saudavel\Healthy-Leaf(1399)__Healthy-Leaf (65).jpg,saudavel,spinach_sy69db2nz5,Healthy-Leaf(1399),383,652,JPEG
dataset\_work\spinach_classified\spinach_sy69db2nz5\saudavel\Healthy-Leaf(1399)__Healthy-Leaf (650).jpg,saudavel,spinach_sy69db2nz5,Healthy-Leaf(1399),900,1200,JPEG
dataset\_work\spinach_classified\spinach_sy69db2nz5\saudavel\Healthy-Leaf(1399)__Healthy-Leaf (651).jpg,saudavel,spinach_sy69db2nz5,Healthy-Leaf(1399),900,1200,JPEG
dataset\_work\spinach_classified\spinach_sy69db2nz5\saudavel\Healthy-Leaf(1399)__Healthy-Leaf (652).jpg,saudavel,spinach_sy69db2nz5,Healthy-Leaf(1399),900,1200,JPEG
dataset\_work\spinach_classified\spinach_sy69db2nz5\saudavel\Healthy-Leaf(1399)__Healthy-Leaf (653).jpg,saudavel,spinach_sy69db2nz5,Healthy-Leaf(1399),900,1200,JPEG
dataset\_work\spinach_classified\spinach_sy69db2nz5\saudavel\Healthy-Leaf(1399)__Healthy-Leaf (654).jpg,saudavel,spinach_sy69db2nz5,Healthy-Leaf(1399),900,1200,JPEG
dataset\_work\spinach_classified\spinach_sy69db2nz5\saudavel\Healthy-Leaf(1399)__Healthy-Leaf (655).jpg,saudavel,spinach_sy69db2nz5,Healthy-Leaf(1399),900,1200,JPEG
dataset\_work\spinach_classified\spinach_sy69db2nz5\saudavel\Healthy-Leaf(1399)__Healthy-Leaf (656).jpg,saudavel,spinach_sy69db2nz5,Healthy-Leaf(1399),900,1200,JPEG
dataset\_work\spinach_classified\spinach_sy69db2nz5\saudavel\Healthy-Leaf(1399)__Healthy-Leaf (657).jpg,saudavel,spinach_sy69db2nz5,Healthy-Leaf(1399),900,1200,JPEG
dataset\_work\spinach_classified\spinach_sy69db2nz5\saudavel\Healthy-Leaf(1399)__Healthy-Leaf (658).jpg,saudavel,spinach_sy69db2nz5,Healthy-Leaf(1399),900,1200,JPEG
dataset\_work\spinach_classified\spinach_sy69db2nz5\saudavel\Healthy-Leaf(1399)__Healthy-Leaf (659).jpg,saudavel,spinach_sy69db2nz5,Healthy-Leaf(1399),900,1200,JPEG
dataset\_work\spinach_classified\spinach_sy69db2nz5\saudavel\Healthy-Leaf(1399)__Healthy-Leaf (66).jpg,saudavel,spinach_sy69db2nz5,Healthy-Leaf(1399),411,607,JPEG
dataset\_work\spinach_classified\spinach_sy69db2nz5\saudavel\Healthy-Leaf(1399)__Healthy-Leaf (660).jpg,saudavel,spinach_sy69db2nz5,Healthy-Leaf(1399),900,1200,JPEG
dataset\_work\spinach_classified\spinach_sy69db2nz5\saudavel\Healthy-Leaf(1399)__Healthy-Leaf (661).jpg,saudavel,spinach_sy69db2nz5,Healthy-Leaf(1399),900,1200,JPEG
dataset\_work\spinach_classified\spinach_sy69db2nz5\saudavel\Healthy-Leaf(1399)__Healthy-Leaf (662).jpg,saudavel,spinach_sy69db2nz5,Healthy-Leaf(1399),900,1200,JPEG
dataset\_work\spinach_classified\spinach_sy69db2nz5\saudavel\Healthy-Leaf(1399)__Healthy-Leaf (663).jpg,saudavel,spinach_sy69db2nz5,Healthy-Leaf(1399),900,1200,JPEG
dataset\_work\spinach_classified\spinach_sy69db2nz5\saudavel\Healthy-Leaf(1399)__Healthy-Leaf (664).jpg,saudavel,spinach_sy69db2nz5,Healthy-Leaf(1399),900,1200,JPEG
dataset\_work\spinach_classified\spinach_sy69db2nz5\saudavel\Healthy-Leaf(1399)__Healthy-Leaf (665).jpg,saudavel,spinach_sy69db2nz5,Healthy-Leaf(1399),900,1200,JPEG
dataset\_work\spinach_classified\spinach_sy69db2nz5\saudavel\Healthy-Leaf(1399)__Healthy-Leaf (666).jpg,saudavel,spinach_sy69db2nz5,Healthy-Leaf(1399),900,1200,JPEG
dataset\_work\spinach_classified\spinach_sy69db2nz5\saudavel\Healthy-Leaf(1399)__Healthy-Leaf (667).jpg,saudavel,spinach_sy69db2nz5,Healthy-Leaf(1399),900,1200,JPEG
dataset\_work\spinach_classified\spinach_sy69db2nz5\saudavel\Healthy-Leaf(1399)__Healthy-Leaf (668).jpg,saudavel,spinach_sy69db2nz5,Healthy-Leaf(1399),900,1200,JPEG
dataset\_work\spinach_classified\spinach_sy69db2nz5\saudavel\Healthy-Leaf(1399)__Healthy-Leaf (669).jpg,saudavel,spinach_sy69db2nz5,Healthy-Leaf(1399),900,1200,JPEG
dataset\_work\spinach_classified\spinach_sy69db2nz5\saudavel\Healthy-Leaf(1399)__Healthy-Leaf (67).jpg,saudavel,spinach_sy69db2nz5,Healthy-Leaf(1399),411,607,JPEG
dataset\_work\spinach_classified\spinach_sy69db2nz5\saudavel\Healthy-Leaf(1399)__Healthy-Leaf (670).jpg,saudavel,spinach_sy69db2nz5,Healthy-Leaf(1399),900,1200,JPEG
dataset\_work\spinach_classified\spinach_sy69db2nz5\saudavel\Healthy-Leaf(1399)__Healthy-Leaf (671).jpg,saudavel,spinach_sy69db2nz5,Healthy-Leaf(1399),900,1200,JPEG
dataset\_work\spinach_classified\spinach_sy69db2nz5\saudavel\Healthy-Leaf(1399)__Healthy-Leaf (672).jpg,saudavel,spinach_sy69db2nz5,Healthy-Leaf(1399),900,1200,JPEG
dataset\_work\spinach_classified\spinach_sy69db2nz5\saudavel\Healthy-Leaf(1399)__Healthy-Leaf (673).jpg,saudavel,spinach_sy69db2nz5,Healthy-Leaf(1399),900,1200,JPEG
dataset\_work\spinach_classified\spinach_sy69db2nz5\saudavel\Healthy-Leaf(1399)__Healthy-Leaf (674).jpg,saudavel,spinach_sy69db2nz5,Healthy-Leaf(1399),900,1200,JPEG
dataset\_work\spinach_classified\spinach_sy69db2nz5\saudavel\Healthy-Leaf(1399)__Healthy-Leaf (675).jpg,saudavel,spinach_sy69db2nz5,Healthy-Leaf(1399),900,1200,JPEG
dataset\_work\spinach_classified\spinach_sy69db2nz5\saudavel\Healthy-Leaf(1399)__Healthy-Leaf (676).jpg,saudavel,spinach_sy69db2nz5,Healthy-Leaf(1399),900,1200,JPEG
dataset\_work\spinach_classified\spinach_sy69db2nz5\saudavel\Healthy-Leaf(1399)__Healthy-Leaf (677).jpg,saudavel,spinach_sy69db2nz5,Healthy-Leaf(1399),900,1200,JPEG
dataset\_work\spinach_classified\spinach_sy69db2nz5\saudavel\Healthy-Leaf(1399)__Healthy-Leaf (678).jpg,saudavel,spinach_sy69db2nz5,Healthy-Leaf(1399),900,1200,JPEG
dataset\_work\spinach_classified\spinach_sy69db2nz5\saudavel\Healthy-Leaf(1399)__Healthy-Leaf (679).jpg,saudavel,spinach_sy69db2nz5,Healthy-Leaf(1399),900,1200,JPEG
dataset\_work\spinach_classified\spinach_sy69db2nz5\saudavel\Healthy-Leaf(1399)__Healthy-Leaf (68).jpg,saudavel,spinach_sy69db2nz5,Healthy-Leaf(1399),410,608,JPEG
dataset\_work\spinach_classified\spinach_sy69db2nz5\saudavel\Healthy-Leaf(1399)__Healthy-Leaf (680).jpg,saudavel,spinach_sy69db2nz5,Healthy-Leaf(1399),900,1200,JPEG
dataset\_work\spinach_classified\spinach_sy69db2nz5\saudavel\Healthy-Leaf(1399)__Healthy-Leaf (681).jpg,saudavel,spinach_sy69db2nz5,Healthy-Leaf(1399),900,1200,JPEG
dataset\_work\spinach_classified\spinach_sy69db2nz5\saudavel\Healthy-Leaf(1399)__Healthy-Leaf (682).jpg,saudavel,spinach_sy69db2nz5,Healthy-Leaf(1399),900,1200,JPEG
dataset\_work\spinach_classified\spinach_sy69db2nz5\saudavel\Healthy-Leaf(1399)__Healthy-Leaf (683).jpg,saudavel,spinach_sy69db2nz5,Healthy-Leaf(1399),900,1200,JPEG
dataset\_work\spinach_classified\spinach_sy69db2nz5\saudavel\Healthy-Leaf(1399)__Healthy-Leaf (684).jpg,saudavel,spinach_sy69db2nz5,Healthy-Leaf(1399),900,1200,JPEG
dataset\_work\spinach_classified\spinach_sy69db2nz5\saudavel\Healthy-Leaf(1399)__Healthy-Leaf (685).jpg,saudavel,spinach_sy69db2nz5,Healthy-Leaf(1399),900,1200,JPEG
dataset\_work\spinach_classified\spinach_sy69db2nz5\saudavel\Healthy-Leaf(1399)__Healthy-Leaf (686).jpg,saudavel,spinach_sy69db2nz5,Healthy-Leaf(1399),900,1200,JPEG
dataset\_work\spinach_classified\spinach_sy69db2nz5\saudavel\Healthy-Leaf(1399)__Healthy-Leaf (687).jpg,saudavel,spinach_sy69db2nz5,Healthy-Leaf(1399),900,1200,JPEG
dataset\_work\spinach_classified\spinach_sy69db2nz5\saudavel\Healthy-Leaf(1399)__Healthy-Leaf (688).jpg,saudavel,spinach_sy69db2nz5,Healthy-Leaf(1399),900,1200,JPEG
dataset\_work\spinach_classified\spinach_sy69db2nz5\saudavel\Healthy-Leaf(1399)__Healthy-Leaf (689).jpg,saudavel,spinach_sy69db2nz5,Healthy-Leaf(1399),900,1200,JPEG
dataset\_work\spinach_classified\spinach_sy69db2nz5\saudavel\Healthy-Leaf(1399)__Healthy-Leaf (69).jpg,saudavel,spinach_sy69db2nz5,Healthy-Leaf(1399),482,518,JPEG
dataset\_work\spinach_classified\spinach_sy69db2nz5\saudavel\Healthy-Leaf(1399)__Healthy-Leaf (690).jpg,saudavel,spinach_sy69db2nz5,Healthy-Leaf(1399),900,1200,JPEG
dataset\_work\spinach_classified\spinach_sy69db2nz5\saudavel\Healthy-Leaf(1399)__Healthy-Leaf (691).jpg,saudavel,spinach_sy69db2nz5,Healthy-Leaf(1399),900,1200,JPEG
dataset\_work\spinach_classified\spinach_sy69db2nz5\saudavel\Healthy-Leaf(1399)__Healthy-Leaf (692).jpg,saudavel,spinach_sy69db2nz5,Healthy-Leaf(1399),900,1200,JPEG
dataset\_work\spinach_classified\spinach_sy69db2nz5\saudavel\Healthy-Leaf(1399)__Healthy-Leaf (693).jpg,saudavel,spinach_sy69db2nz5,Healthy-Leaf(1399),900,1200,JPEG
dataset\_work\spinach_classified\spinach_sy69db2nz5\saudavel\Healthy-Leaf(1399)__Healthy-Leaf (694).jpg,saudavel,spinach_sy69db2nz5,Healthy-Leaf(1399),900,1200,JPEG
dataset\_work\spinach_classified\spinach_sy69db2nz5\saudavel\Healthy-Leaf(1399)__Healthy-Leaf (695).jpg,saudavel,spinach_sy69db2nz5,Healthy-Leaf(1399),900,1200,JPEG
dataset\_work\spinach_classified\spinach_sy69db2nz5\saudavel\Healthy-Leaf(1399)__Healthy-Leaf (696).jpg,saudavel,spinach_sy69db2nz5,Healthy-Leaf(1399),900,1200,JPEG
dataset\_work\spinach_classified\spinach_sy69db2nz5\saudavel\Healthy-Leaf(1399)__Healthy-Leaf (697).jpg,saudavel,spinach_sy69db2nz5,Healthy-Leaf(1399),900,1200,JPEG
dataset\_work\spinach_classified\spinach_sy69db2nz5\saudavel\Healthy-Leaf(1399)__Healthy-Leaf (698).jpg,saudavel,spinach_sy69db2nz5,Healthy-Leaf(1399),900,1200,JPEG
dataset\_work\spinach_classified\spinach_sy69db2nz5\saudavel\Healthy-Leaf(1399)__Healthy-Leaf (699).jpg,saudavel,spinach_sy69db2nz5,Healthy-Leaf(1399),900,1200,JPEG
dataset\_work\spinach_classified\spinach_sy69db2nz5\saudavel\Healthy-Leaf(1399)__Healthy-Leaf (7).jpg,saudavel,spinach_sy69db2nz5,Healthy-Leaf(1399),900,1200,JPEG
dataset\_work\spinach_classified\spinach_sy69db2nz5\saudavel\Healthy-Leaf(1399)__Healthy-Leaf (70).jpg,saudavel,spinach_sy69db2nz5,Healthy-Leaf(1399),460,542,JPEG
dataset\_work\spinach_classified\spinach_sy69db2nz5\saudavel\Healthy-Leaf(1399)__Healthy-Leaf (700).jpg,saudavel,spinach_sy69db2nz5,Healthy-Leaf(1399),900,1200,JPEG
dataset\_work\spinach_classified\spinach_sy69db2nz5\saudavel\Healthy-Leaf(1399)__Healthy-Leaf (701).jpg,saudavel,spinach_sy69db2nz5,Healthy-Leaf(1399),900,1200,JPEG
dataset\_work\spinach_classified\spinach_sy69db2nz5\saudavel\Healthy-Leaf(1399)__Healthy-Leaf (702).jpg,saudavel,spinach_sy69db2nz5,Healthy-Leaf(1399),900,1200,JPEG
dataset\_work\spinach_classified\spinach_sy69db2nz5\saudavel\Healthy-Leaf(1399)__Healthy-Leaf (703).jpg,saudavel,spinach_sy69db2nz5,Healthy-Leaf(1399),900,1200,JPEG
dataset\_work\spinach_classified\spinach_sy69db2nz5\saudavel\Healthy-Leaf(1399)__Healthy-Leaf (704).jpg,saudavel,spinach_sy69db2nz5,Healthy-Leaf(1399),900,1200,JPEG
dataset\_work\spinach_classified\spinach_sy69db2nz5\saudavel\Healthy-Leaf(1399)__Healthy-Leaf (705).jpg,saudavel,spinach_sy69db2nz5,Healthy-Leaf(1399),900,1200,JPEG
dataset\_work\spinach_classified\spinach_sy69db2nz5\saudavel\Healthy-Leaf(1399)__Healthy-Leaf (706).jpg,saudavel,spinach_sy69db2nz5,Healthy-Leaf(1399),900,1200,JPEG
dataset\_work\spinach_classified\spinach_sy69db2nz5\saudavel\Healthy-Leaf(1399)__Healthy-Leaf (707).jpg,saudavel,spinach_sy69db2nz5,Healthy-Leaf(1399),900,1200,JPEG
dataset\_work\spinach_classified\spinach_sy69db2nz5\saudavel\Healthy-Leaf(1399)__Healthy-Leaf (708).jpg,saudavel,spinach_sy69db2nz5,Healthy-Leaf(1399),900,1200,JPEG
dataset\_work\spinach_classified\spinach_sy69db2nz5\saudavel\Healthy-Leaf(1399)__Healthy-Leaf (709).jpg,saudavel,spinach_sy69db2nz5,Healthy-Leaf(1399),900,1200,JPEG
dataset\_work\spinach_classified\spinach_sy69db2nz5\saudavel\Healthy-Leaf(1399)__Healthy-Leaf (71).jpg,saudavel,spinach_sy69db2nz5,Healthy-Leaf(1399),451,553,JPEG
dataset\_work\spinach_classified\spinach_sy69db2nz5\saudavel\Healthy-Leaf(1399)__Healthy-Leaf (710).jpg,saudavel,spinach_sy69db2nz5,Healthy-Leaf(1399),900,1200,JPEG
dataset\_work\spinach_classified\spinach_sy69db2nz5\saudavel\Healthy-Leaf(1399)__Healthy-Leaf (711).jpg,saudavel,spinach_sy69db2nz5,Healthy-Leaf(1399),900,1200,JPEG
dataset\_work\spinach_classified\spinach_sy69db2nz5\saudavel\Healthy-Leaf(1399)__Healthy-Leaf (712).jpg,saudavel,spinach_sy69db2nz5,Healthy-Leaf(1399),900,1200,JPEG
dataset\_work\spinach_classified\spinach_sy69db2nz5\saudavel\Healthy-Leaf(1399)__Healthy-Leaf (713).jpg,saudavel,spinach_sy69db2nz5,Healthy-Leaf(1399),900,1200,JPEG
dataset\_work\spinach_classified\spinach_sy69db2nz5\saudavel\Healthy-Leaf(1399)__Healthy-Leaf (714).jpg,saudavel,spinach_sy69db2nz5,Healthy-Leaf(1399),900,1200,JPEG
dataset\_work\spinach_classified\spinach_sy69db2nz5\saudavel\Healthy-Leaf(1399)__Healthy-Leaf (715).jpg,saudavel,spinach_sy69db2nz5,Healthy-Leaf(1399),900,1200,JPEG
dataset\_work\spinach_classified\spinach_sy69db2nz5\saudavel\Healthy-Leaf(1399)__Healthy-Leaf (716).jpg,saudavel,spinach_sy69db2nz5,Healthy-Leaf(1399),900,1200,JPEG
dataset\_work\spinach_classified\spinach_sy69db2nz5\saudavel\Healthy-Leaf(1399)__Healthy-Leaf (717).jpg,saudavel,spinach_sy69db2nz5,Healthy-Leaf(1399),900,1200,JPEG
dataset\_work\spinach_classified\spinach_sy69db2nz5\saudavel\Healthy-Leaf(1399)__Healthy-Leaf (718).jpg,saudavel,spinach_sy69db2nz5,Healthy-Leaf(1399),900,1200,JPEG
dataset\_work\spinach_classified\spinach_sy69db2nz5\saudavel\Healthy-Leaf(1399)__Healthy-Leaf (719).jpg,saudavel,spinach_sy69db2nz5,Healthy-Leaf(1399),900,1200,JPEG
dataset\_work\spinach_classified\spinach_sy69db2nz5\saudavel\Healthy-Leaf(1399)__Healthy-Leaf (72).jpg,saudavel,spinach_sy69db2nz5,Healthy-Leaf(1399),425,587,JPEG
dataset\_work\spinach_classified\spinach_sy69db2nz5\saudavel\Healthy-Leaf(1399)__Healthy-Leaf (720).jpg,saudavel,spinach_sy69db2nz5,Healthy-Leaf(1399),900,1200,JPEG
dataset\_work\spinach_classified\spinach_sy69db2nz5\saudavel\Healthy-Leaf(1399)__Healthy-Leaf (721).jpg,saudavel,spinach_sy69db2nz5,Healthy-Leaf(1399),900,1200,JPEG
dataset\_work\spinach_classified\spinach_sy69db2nz5\saudavel\Healthy-Leaf(1399)__Healthy-Leaf (722).jpg,saudavel,spinach_sy69db2nz5,Healthy-Leaf(1399),900,1200,JPEG
dataset\_work\spinach_classified\spinach_sy69db2nz5\saudavel\Healthy-Leaf(1399)__Healthy-Leaf (723).jpg,saudavel,spinach_sy69db2nz5,Healthy-Leaf(1399),900,1200,JPEG
dataset\_work\spinach_classified\spinach_sy69db2nz5\saudavel\Healthy-Leaf(1399)__Healthy-Leaf (724).jpg,saudavel,spinach_sy69db2nz5,Healthy-Leaf(1399),900,1200,JPEG
dataset\_work\spinach_classified\spinach_sy69db2nz5\saudavel\Healthy-Leaf(1399)__Healthy-Leaf (725).jpg,saudavel,spinach_sy69db2nz5,Healthy-Leaf(1399),900,1200,JPEG
dataset\_work\spinach_classified\spinach_sy69db2nz5\saudavel\Healthy-Leaf(1399)__Healthy-Leaf (726).jpg,saudavel,spinach_sy69db2nz5,Healthy-Leaf(1399),900,1200,JPEG
dataset\_work\spinach_classified\spinach_sy69db2nz5\saudavel\Healthy-Leaf(1399)__Healthy-Leaf (727).jpg,saudavel,spinach_sy69db2nz5,Healthy-Leaf(1399),900,1200,JPEG
dataset\_work\spinach_classified\spinach_sy69db2nz5\saudavel\Healthy-Leaf(1399)__Healthy-Leaf (728).jpg,saudavel,spinach_sy69db2nz5,Healthy-Leaf(1399),900,1200,JPEG
dataset\_work\spinach_classified\spinach_sy69db2nz5\saudavel\Healthy-Leaf(1399)__Healthy-Leaf (729).jpg,saudavel,spinach_sy69db2nz5,Healthy-Leaf(1399),900,1200,JPEG
dataset\_work\spinach_classified\spinach_sy69db2nz5\saudavel\Healthy-Leaf(1399)__Healthy-Leaf (73).jpg,saudavel,spinach_sy69db2nz5,Healthy-Leaf(1399),436,572,JPEG
dataset\_work\spinach_classified\spinach_sy69db2nz5\saudavel\Healthy-Leaf(1399)__Healthy-Leaf (730).jpg,saudavel,spinach_sy69db2nz5,Healthy-Leaf(1399),900,1200,JPEG
dataset\_work\spinach_classified\spinach_sy69db2nz5\saudavel\Healthy-Leaf(1399)__Healthy-Leaf (731).jpg,saudavel,spinach_sy69db2nz5,Healthy-Leaf(1399),900,1200,JPEG
dataset\_work\spinach_classified\spinach_sy69db2nz5\saudavel\Healthy-Leaf(1399)__Healthy-Leaf (732).jpg,saudavel,spinach_sy69db2nz5,Healthy-Leaf(1399),900,1200,JPEG
dataset\_work\spinach_classified\spinach_sy69db2nz5\saudavel\Healthy-Leaf(1399)__Healthy-Leaf (733).jpg,saudavel,spinach_sy69db2nz5,Healthy-Leaf(1399),1200,900,JPEG
dataset\_work\spinach_classified\spinach_sy69db2nz5\saudavel\Healthy-Leaf(1399)__Healthy-Leaf (734).jpg,saudavel,spinach_sy69db2nz5,Healthy-Leaf(1399),900,1200,JPEG
dataset\_work\spinach_classified\spinach_sy69db2nz5\saudavel\Healthy-Leaf(1399)__Healthy-Leaf (735).jpg,saudavel,spinach_sy69db2nz5,Healthy-Leaf(1399),900,1200,JPEG
dataset\_work\spinach_classified\spinach_sy69db2nz5\saudavel\Healthy-Leaf(1399)__Healthy-Leaf (736).jpg,saudavel,spinach_sy69db2nz5,Healthy-Leaf(1399),900,1200,JPEG
dataset\_work\spinach_classified\spinach_sy69db2nz5\saudavel\Healthy-Leaf(1399)__Healthy-Leaf (737).jpg,saudavel,spinach_sy69db2nz5,Healthy-Leaf(1399),900,1200,JPEG
dataset\_work\spinach_classified\spinach_sy69db2nz5\saudavel\Healthy-Leaf(1399)__Healthy-Leaf (738).jpg,saudavel,spinach_sy69db2nz5,Healthy-Leaf(1399),900,1200,JPEG
dataset\_work\spinach_classified\spinach_sy69db2nz5\saudavel\Healthy-Leaf(1399)__Healthy-Leaf (739).jpg,saudavel,spinach_sy69db2nz5,Healthy-Leaf(1399),900,1200,JPEG
dataset\_work\spinach_classified\spinach_sy69db2nz5\saudavel\Healthy-Leaf(1399)__Healthy-Leaf (74).jpg,saudavel,spinach_sy69db2nz5,Healthy-Leaf(1399),428,583,JPEG
dataset\_work\spinach_classified\spinach_sy69db2nz5\saudavel\Healthy-Leaf(1399)__Healthy-Leaf (740).jpg,saudavel,spinach_sy69db2nz5,Healthy-Leaf(1399),900,1200,JPEG
dataset\_work\spinach_classified\spinach_sy69db2nz5\saudavel\Healthy-Leaf(1399)__Healthy-Leaf (741).jpg,saudavel,spinach_sy69db2nz5,Healthy-Leaf(1399),900,1200,JPEG
dataset\_work\spinach_classified\spinach_sy69db2nz5\saudavel\Healthy-Leaf(1399)__Healthy-Leaf (742).jpg,saudavel,spinach_sy69db2nz5,Healthy-Leaf(1399),900,1200,JPEG
dataset\_work\spinach_classified\spinach_sy69db2nz5\saudavel\Healthy-Leaf(1399)__Healthy-Leaf (743).jpg,saudavel,spinach_sy69db2nz5,Healthy-Leaf(1399),900,1200,JPEG
dataset\_work\spinach_classified\spinach_sy69db2nz5\saudavel\Healthy-Leaf(1399)__Healthy-Leaf (744).jpg,saudavel,spinach_sy69db2nz5,Healthy-Leaf(1399),900,1200,JPEG
dataset\_work\spinach_classified\spinach_sy69db2nz5\saudavel\Healthy-Leaf(1399)__Healthy-Leaf (745).jpg,saudavel,spinach_sy69db2nz5,Healthy-Leaf(1399),900,1200,JPEG
dataset\_work\spinach_classified\spinach_sy69db2nz5\saudavel\Healthy-Leaf(1399)__Healthy-Leaf (746).jpg,saudavel,spinach_sy69db2nz5,Healthy-Leaf(1399),900,1200,JPEG
dataset\_work\spinach_classified\spinach_sy69db2nz5\saudavel\Healthy-Leaf(1399)__Healthy-Leaf (747).jpg,saudavel,spinach_sy69db2nz5,Healthy-Leaf(1399),900,1200,JPEG
dataset\_work\spinach_classified\spinach_sy69db2nz5\saudavel\Healthy-Leaf(1399)__Healthy-Leaf (748).jpg,saudavel,spinach_sy69db2nz5,Healthy-Leaf(1399),900,1200,JPEG
dataset\_work\spinach_classified\spinach_sy69db2nz5\saudavel\Healthy-Leaf(1399)__Healthy-Leaf (749).jpg,saudavel,spinach_sy69db2nz5,Healthy-Leaf(1399),900,1200,JPEG
dataset\_work\spinach_classified\spinach_sy69db2nz5\saudavel\Healthy-Leaf(1399)__Healthy-Leaf (75).jpg,saudavel,spinach_sy69db2nz5,Healthy-Leaf(1399),423,589,JPEG
dataset\_work\spinach_classified\spinach_sy69db2nz5\saudavel\Healthy-Leaf(1399)__Healthy-Leaf (750).jpg,saudavel,spinach_sy69db2nz5,Healthy-Leaf(1399),900,1200,JPEG
dataset\_work\spinach_classified\spinach_sy69db2nz5\saudavel\Healthy-Leaf(1399)__Healthy-Leaf (751).jpg,saudavel,spinach_sy69db2nz5,Healthy-Leaf(1399),900,1200,JPEG
dataset\_work\spinach_classified\spinach_sy69db2nz5\saudavel\Healthy-Leaf(1399)__Healthy-Leaf (752).jpg,saudavel,spinach_sy69db2nz5,Healthy-Leaf(1399),900,1200,JPEG
dataset\_work\spinach_classified\spinach_sy69db2nz5\saudavel\Healthy-Leaf(1399)__Healthy-Leaf (753).jpg,saudavel,spinach_sy69db2nz5,Healthy-Leaf(1399),900,1200,JPEG
dataset\_work\spinach_classified\spinach_sy69db2nz5\saudavel\Healthy-Leaf(1399)__Healthy-Leaf (754).jpg,saudavel,spinach_sy69db2nz5,Healthy-Leaf(1399),900,1200,JPEG
dataset\_work\spinach_classified\spinach_sy69db2nz5\saudavel\Healthy-Leaf(1399)__Healthy-Leaf (755).jpg,saudavel,spinach_sy69db2nz5,Healthy-Leaf(1399),900,1200,JPEG
dataset\_work\spinach_classified\spinach_sy69db2nz5\saudavel\Healthy-Leaf(1399)__Healthy-Leaf (756).jpg,saudavel,spinach_sy69db2nz5,Healthy-Leaf(1399),900,1200,JPEG
dataset\_work\spinach_classified\spinach_sy69db2nz5\saudavel\Healthy-Leaf(1399)__Healthy-Leaf (757).jpg,saudavel,spinach_sy69db2nz5,Healthy-Leaf(1399),900,1200,JPEG
dataset\_work\spinach_classified\spinach_sy69db2nz5\saudavel\Healthy-Leaf(1399)__Healthy-Leaf (758).jpg,saudavel,spinach_sy69db2nz5,Healthy-Leaf(1399),900,1200,JPEG
dataset\_work\spinach_classified\spinach_sy69db2nz5\saudavel\Healthy-Leaf(1399)__Healthy-Leaf (759).jpg,saudavel,spinach_sy69db2nz5,Healthy-Leaf(1399),900,1200,JPEG
dataset\_work\spinach_classified\spinach_sy69db2nz5\saudavel\Healthy-Leaf(1399)__Healthy-Leaf (76).jpg,saudavel,spinach_sy69db2nz5,Healthy-Leaf(1399),400,624,JPEG
dataset\_work\spinach_classified\spinach_sy69db2nz5\saudavel\Healthy-Leaf(1399)__Healthy-Leaf (760).jpg,saudavel,spinach_sy69db2nz5,Healthy-Leaf(1399),900,1200,JPEG
dataset\_work\spinach_classified\spinach_sy69db2nz5\saudavel\Healthy-Leaf(1399)__Healthy-Leaf (761).jpg,saudavel,spinach_sy69db2nz5,Healthy-Leaf(1399),900,1200,JPEG
dataset\_work\spinach_classified\spinach_sy69db2nz5\saudavel\Healthy-Leaf(1399)__Healthy-Leaf (762).jpg,saudavel,spinach_sy69db2nz5,Healthy-Leaf(1399),900,1200,JPEG
dataset\_work\spinach_classified\spinach_sy69db2nz5\saudavel\Healthy-Leaf(1399)__Healthy-Leaf (763).jpg,saudavel,spinach_sy69db2nz5,Healthy-Leaf(1399),900,1200,JPEG
dataset\_work\spinach_classified\spinach_sy69db2nz5\saudavel\Healthy-Leaf(1399)__Healthy-Leaf (764).jpg,saudavel,spinach_sy69db2nz5,Healthy-Leaf(1399),900,1200,JPEG
dataset\_work\spinach_classified\spinach_sy69db2nz5\saudavel\Healthy-Leaf(1399)__Healthy-Leaf (765).jpg,saudavel,spinach_sy69db2nz5,Healthy-Leaf(1399),900,1200,JPEG
dataset\_work\spinach_classified\spinach_sy69db2nz5\saudavel\Healthy-Leaf(1399)__Healthy-Leaf (766).jpg,saudavel,spinach_sy69db2nz5,Healthy-Leaf(1399),900,1200,JPEG
dataset\_work\spinach_classified\spinach_sy69db2nz5\saudavel\Healthy-Leaf(1399)__Healthy-Leaf (767).jpg,saudavel,spinach_sy69db2nz5,Healthy-Leaf(1399),900,1200,JPEG
dataset\_work\spinach_classified\spinach_sy69db2nz5\saudavel\Healthy-Leaf(1399)__Healthy-Leaf (768).jpg,saudavel,spinach_sy69db2nz5,Healthy-Leaf(1399),900,1200,JPEG
dataset\_work\spinach_classified\spinach_sy69db2nz5\saudavel\Healthy-Leaf(1399)__Healthy-Leaf (769).jpg,saudavel,spinach_sy69db2nz5,Healthy-Leaf(1399),900,1200,JPEG
dataset\_work\spinach_classified\spinach_sy69db2nz5\saudavel\Healthy-Leaf(1399)__Healthy-Leaf (77).jpg,saudavel,spinach_sy69db2nz5,Healthy-Leaf(1399),900,1200,JPEG
dataset\_work\spinach_classified\spinach_sy69db2nz5\saudavel\Healthy-Leaf(1399)__Healthy-Leaf (770).jpg,saudavel,spinach_sy69db2nz5,Healthy-Leaf(1399),900,1200,JPEG
dataset\_work\spinach_classified\spinach_sy69db2nz5\saudavel\Healthy-Leaf(1399)__Healthy-Leaf (771).jpg,saudavel,spinach_sy69db2nz5,Healthy-Leaf(1399),900,1200,JPEG
dataset\_work\spinach_classified\spinach_sy69db2nz5\saudavel\Healthy-Leaf(1399)__Healthy-Leaf (772).jpg,saudavel,spinach_sy69db2nz5,Healthy-Leaf(1399),900,1200,JPEG
dataset\_work\spinach_classified\spinach_sy69db2nz5\saudavel\Healthy-Leaf(1399)__Healthy-Leaf (773).jpg,saudavel,spinach_sy69db2nz5,Healthy-Leaf(1399),900,1200,JPEG
dataset\_work\spinach_classified\spinach_sy69db2nz5\saudavel\Healthy-Leaf(1399)__Healthy-Leaf (774).jpg,saudavel,spinach_sy69db2nz5,Healthy-Leaf(1399),900,1200,JPEG
dataset\_work\spinach_classified\spinach_sy69db2nz5\saudavel\Healthy-Leaf(1399)__Healthy-Leaf (775).jpg,saudavel,spinach_sy69db2nz5,Healthy-Leaf(1399),900,1200,JPEG
dataset\_work\spinach_classified\spinach_sy69db2nz5\saudavel\Healthy-Leaf(1399)__Healthy-Leaf (776).jpg,saudavel,spinach_sy69db2nz5,Healthy-Leaf(1399),900,1200,JPEG
dataset\_work\spinach_classified\spinach_sy69db2nz5\saudavel\Healthy-Leaf(1399)__Healthy-Leaf (777).jpg,saudavel,spinach_sy69db2nz5,Healthy-Leaf(1399),900,1200,JPEG
dataset\_work\spinach_classified\spinach_sy69db2nz5\saudavel\Healthy-Leaf(1399)__Healthy-Leaf (778).jpg,saudavel,spinach_sy69db2nz5,Healthy-Leaf(1399),900,1200,JPEG
dataset\_work\spinach_classified\spinach_sy69db2nz5\saudavel\Healthy-Leaf(1399)__Healthy-Leaf (779).jpg,saudavel,spinach_sy69db2nz5,Healthy-Leaf(1399),900,1200,JPEG
dataset\_work\spinach_classified\spinach_sy69db2nz5\saudavel\Healthy-Leaf(1399)__Healthy-Leaf (78).jpg,saudavel,spinach_sy69db2nz5,Healthy-Leaf(1399),900,1200,JPEG
dataset\_work\spinach_classified\spinach_sy69db2nz5\saudavel\Healthy-Leaf(1399)__Healthy-Leaf (780).jpg,saudavel,spinach_sy69db2nz5,Healthy-Leaf(1399),900,1200,JPEG
dataset\_work\spinach_classified\spinach_sy69db2nz5\saudavel\Healthy-Leaf(1399)__Healthy-Leaf (781).jpg,saudavel,spinach_sy69db2nz5,Healthy-Leaf(1399),900,1200,JPEG
dataset\_work\spinach_classified\spinach_sy69db2nz5\saudavel\Healthy-Leaf(1399)__Healthy-Leaf (782).jpg,saudavel,spinach_sy69db2nz5,Healthy-Leaf(1399),900,1200,JPEG
dataset\_work\spinach_classified\spinach_sy69db2nz5\saudavel\Healthy-Leaf(1399)__Healthy-Leaf (783).jpg,saudavel,spinach_sy69db2nz5,Healthy-Leaf(1399),900,1200,JPEG
dataset\_work\spinach_classified\spinach_sy69db2nz5\saudavel\Healthy-Leaf(1399)__Healthy-Leaf (784).jpg,saudavel,spinach_sy69db2nz5,Healthy-Leaf(1399),900,1200,JPEG
dataset\_work\spinach_classified\spinach_sy69db2nz5\saudavel\Healthy-Leaf(1399)__Healthy-Leaf (785).jpg,saudavel,spinach_sy69db2nz5,Healthy-Leaf(1399),900,1200,JPEG
dataset\_work\spinach_classified\spinach_sy69db2nz5\saudavel\Healthy-Leaf(1399)__Healthy-Leaf (786).jpg,saudavel,spinach_sy69db2nz5,Healthy-Leaf(1399),1200,900,JPEG
dataset\_work\spinach_classified\spinach_sy69db2nz5\saudavel\Healthy-Leaf(1399)__Healthy-Leaf (787).jpg,saudavel,spinach_sy69db2nz5,Healthy-Leaf(1399),900,1200,JPEG
dataset\_work\spinach_classified\spinach_sy69db2nz5\saudavel\Healthy-Leaf(1399)__Healthy-Leaf (788).jpg,saudavel,spinach_sy69db2nz5,Healthy-Leaf(1399),900,1200,JPEG
dataset\_work\spinach_classified\spinach_sy69db2nz5\saudavel\Healthy-Leaf(1399)__Healthy-Leaf (789).jpg,saudavel,spinach_sy69db2nz5,Healthy-Leaf(1399),900,1200,JPEG
dataset\_work\spinach_classified\spinach_sy69db2nz5\saudavel\Healthy-Leaf(1399)__Healthy-Leaf (79).jpg,saudavel,spinach_sy69db2nz5,Healthy-Leaf(1399),888,1184,JPEG
dataset\_work\spinach_classified\spinach_sy69db2nz5\saudavel\Healthy-Leaf(1399)__Healthy-Leaf (790).jpg,saudavel,spinach_sy69db2nz5,Healthy-Leaf(1399),900,1200,JPEG
dataset\_work\spinach_classified\spinach_sy69db2nz5\saudavel\Healthy-Leaf(1399)__Healthy-Leaf (791).jpg,saudavel,spinach_sy69db2nz5,Healthy-Leaf(1399),900,1200,JPEG
dataset\_work\spinach_classified\spinach_sy69db2nz5\saudavel\Healthy-Leaf(1399)__Healthy-Leaf (792).jpg,saudavel,spinach_sy69db2nz5,Healthy-Leaf(1399),900,1200,JPEG
dataset\_work\spinach_classified\spinach_sy69db2nz5\saudavel\Healthy-Leaf(1399)__Healthy-Leaf (793).jpg,saudavel,spinach_sy69db2nz5,Healthy-Leaf(1399),900,1200,JPEG
dataset\_work\spinach_classified\spinach_sy69db2nz5\saudavel\Healthy-Leaf(1399)__Healthy-Leaf (794).jpg,saudavel,spinach_sy69db2nz5,Healthy-Leaf(1399),900,1200,JPEG
dataset\_work\spinach_classified\spinach_sy69db2nz5\saudavel\Healthy-Leaf(1399)__Healthy-Leaf (795).jpg,saudavel,spinach_sy69db2nz5,Healthy-Leaf(1399),900,1200,JPEG
dataset\_work\spinach_classified\spinach_sy69db2nz5\saudavel\Healthy-Leaf(1399)__Healthy-Leaf (796).jpg,saudavel,spinach_sy69db2nz5,Healthy-Leaf(1399),900,1200,JPEG
dataset\_work\spinach_classified\spinach_sy69db2nz5\saudavel\Healthy-Leaf(1399)__Healthy-Leaf (797).jpg,saudavel,spinach_sy69db2nz5,Healthy-Leaf(1399),900,1200,JPEG
dataset\_work\spinach_classified\spinach_sy69db2nz5\saudavel\Healthy-Leaf(1399)__Healthy-Leaf (798).jpg,saudavel,spinach_sy69db2nz5,Healthy-Leaf(1399),900,1200,JPEG
dataset\_work\spinach_classified\spinach_sy69db2nz5\saudavel\Healthy-Leaf(1399)__Healthy-Leaf (799).jpg,saudavel,spinach_sy69db2nz5,Healthy-Leaf(1399),1200,900,JPEG
dataset\_work\spinach_classified\spinach_sy69db2nz5\saudavel\Healthy-Leaf(1399)__Healthy-Leaf (8).jpg,saudavel,spinach_sy69db2nz5,Healthy-Leaf(1399),900,1200,JPEG
dataset\_work\spinach_classified\spinach_sy69db2nz5\saudavel\Healthy-Leaf(1399)__Healthy-Leaf (80).jpg,saudavel,spinach_sy69db2nz5,Healthy-Leaf(1399),900,1200,JPEG
dataset\_work\spinach_classified\spinach_sy69db2nz5\saudavel\Healthy-Leaf(1399)__Healthy-Leaf (800).jpg,saudavel,spinach_sy69db2nz5,Healthy-Leaf(1399),900,1200,JPEG
dataset\_work\spinach_classified\spinach_sy69db2nz5\saudavel\Healthy-Leaf(1399)__Healthy-Leaf (801).jpg,saudavel,spinach_sy69db2nz5,Healthy-Leaf(1399),900,1200,JPEG
dataset\_work\spinach_classified\spinach_sy69db2nz5\saudavel\Healthy-Leaf(1399)__Healthy-Leaf (802).jpg,saudavel,spinach_sy69db2nz5,Healthy-Leaf(1399),900,1200,JPEG
dataset\_work\spinach_classified\spinach_sy69db2nz5\saudavel\Healthy-Leaf(1399)__Healthy-Leaf (803).jpg,saudavel,spinach_sy69db2nz5,Healthy-Leaf(1399),900,1200,JPEG
dataset\_work\spinach_classified\spinach_sy69db2nz5\saudavel\Healthy-Leaf(1399)__Healthy-Leaf (804).jpg,saudavel,spinach_sy69db2nz5,Healthy-Leaf(1399),900,1200,JPEG
dataset\_work\spinach_classified\spinach_sy69db2nz5\saudavel\Healthy-Leaf(1399)__Healthy-Leaf (805).jpg,saudavel,spinach_sy69db2nz5,Healthy-Leaf(1399),900,1200,JPEG
dataset\_work\spinach_classified\spinach_sy69db2nz5\saudavel\Healthy-Leaf(1399)__Healthy-Leaf (806).jpg,saudavel,spinach_sy69db2nz5,Healthy-Leaf(1399),900,1200,JPEG
dataset\_work\spinach_classified\spinach_sy69db2nz5\saudavel\Healthy-Leaf(1399)__Healthy-Leaf (807).jpg,saudavel,spinach_sy69db2nz5,Healthy-Leaf(1399),900,1200,JPEG
dataset\_work\spinach_classified\spinach_sy69db2nz5\saudavel\Healthy-Leaf(1399)__Healthy-Leaf (808).jpg,saudavel,spinach_sy69db2nz5,Healthy-Leaf(1399),900,1200,JPEG
dataset\_work\spinach_classified\spinach_sy69db2nz5\saudavel\Healthy-Leaf(1399)__Healthy-Leaf (809).jpg,saudavel,spinach_sy69db2nz5,Healthy-Leaf(1399),900,1200,JPEG
dataset\_work\spinach_classified\spinach_sy69db2nz5\saudavel\Healthy-Leaf(1399)__Healthy-Leaf (81).jpg,saudavel,spinach_sy69db2nz5,Healthy-Leaf(1399),900,1200,JPEG
dataset\_work\spinach_classified\spinach_sy69db2nz5\saudavel\Healthy-Leaf(1399)__Healthy-Leaf (810).jpg,saudavel,spinach_sy69db2nz5,Healthy-Leaf(1399),900,1200,JPEG
dataset\_work\spinach_classified\spinach_sy69db2nz5\saudavel\Healthy-Leaf(1399)__Healthy-Leaf (811).jpg,saudavel,spinach_sy69db2nz5,Healthy-Leaf(1399),900,1200,JPEG
dataset\_work\spinach_classified\spinach_sy69db2nz5\saudavel\Healthy-Leaf(1399)__Healthy-Leaf (812).jpg,saudavel,spinach_sy69db2nz5,Healthy-Leaf(1399),900,1200,JPEG
dataset\_work\spinach_classified\spinach_sy69db2nz5\saudavel\Healthy-Leaf(1399)__Healthy-Leaf (813).jpg,saudavel,spinach_sy69db2nz5,Healthy-Leaf(1399),900,1200,JPEG
dataset\_work\spinach_classified\spinach_sy69db2nz5\saudavel\Healthy-Leaf(1399)__Healthy-Leaf (814).jpg,saudavel,spinach_sy69db2nz5,Healthy-Leaf(1399),900,1200,JPEG
dataset\_work\spinach_classified\spinach_sy69db2nz5\saudavel\Healthy-Leaf(1399)__Healthy-Leaf (815).jpg,saudavel,spinach_sy69db2nz5,Healthy-Leaf(1399),900,1200,JPEG
dataset\_work\spinach_classified\spinach_sy69db2nz5\saudavel\Healthy-Leaf(1399)__Healthy-Leaf (816).jpg,saudavel,spinach_sy69db2nz5,Healthy-Leaf(1399),900,1200,JPEG
dataset\_work\spinach_classified\spinach_sy69db2nz5\saudavel\Healthy-Leaf(1399)__Healthy-Leaf (817).jpg,saudavel,spinach_sy69db2nz5,Healthy-Leaf(1399),900,1200,JPEG
dataset\_work\spinach_classified\spinach_sy69db2nz5\saudavel\Healthy-Leaf(1399)__Healthy-Leaf (818).jpg,saudavel,spinach_sy69db2nz5,Healthy-Leaf(1399),900,1200,JPEG
dataset\_work\spinach_classified\spinach_sy69db2nz5\saudavel\Healthy-Leaf(1399)__Healthy-Leaf (819).jpg,saudavel,spinach_sy69db2nz5,Healthy-Leaf(1399),900,1200,JPEG
dataset\_work\spinach_classified\spinach_sy69db2nz5\saudavel\Healthy-Leaf(1399)__Healthy-Leaf (82).jpg,saudavel,spinach_sy69db2nz5,Healthy-Leaf(1399),900,1200,JPEG
dataset\_work\spinach_classified\spinach_sy69db2nz5\saudavel\Healthy-Leaf(1399)__Healthy-Leaf (820).jpg,saudavel,spinach_sy69db2nz5,Healthy-Leaf(1399),900,1200,JPEG
dataset\_work\spinach_classified\spinach_sy69db2nz5\saudavel\Healthy-Leaf(1399)__Healthy-Leaf (821).jpg,saudavel,spinach_sy69db2nz5,Healthy-Leaf(1399),900,1200,JPEG
dataset\_work\spinach_classified\spinach_sy69db2nz5\saudavel\Healthy-Leaf(1399)__Healthy-Leaf (822).jpg,saudavel,spinach_sy69db2nz5,Healthy-Leaf(1399),900,1200,JPEG
dataset\_work\spinach_classified\spinach_sy69db2nz5\saudavel\Healthy-Leaf(1399)__Healthy-Leaf (823).jpg,saudavel,spinach_sy69db2nz5,Healthy-Leaf(1399),900,1200,JPEG
dataset\_work\spinach_classified\spinach_sy69db2nz5\saudavel\Healthy-Leaf(1399)__Healthy-Leaf (824).jpg,saudavel,spinach_sy69db2nz5,Healthy-Leaf(1399),900,1200,JPEG
dataset\_work\spinach_classified\spinach_sy69db2nz5\saudavel\Healthy-Leaf(1399)__Healthy-Leaf (825).jpg,saudavel,spinach_sy69db2nz5,Healthy-Leaf(1399),900,1200,JPEG
dataset\_work\spinach_classified\spinach_sy69db2nz5\saudavel\Healthy-Leaf(1399)__Healthy-Leaf (826).jpg,saudavel,spinach_sy69db2nz5,Healthy-Leaf(1399),900,1200,JPEG
dataset\_work\spinach_classified\spinach_sy69db2nz5\saudavel\Healthy-Leaf(1399)__Healthy-Leaf (827).jpg,saudavel,spinach_sy69db2nz5,Healthy-Leaf(1399),900,1200,JPEG
dataset\_work\spinach_classified\spinach_sy69db2nz5\saudavel\Healthy-Leaf(1399)__Healthy-Leaf (828).jpg,saudavel,spinach_sy69db2nz5,Healthy-Leaf(1399),900,1200,JPEG
dataset\_work\spinach_classified\spinach_sy69db2nz5\saudavel\Healthy-Leaf(1399)__Healthy-Leaf (829).jpg,saudavel,spinach_sy69db2nz5,Healthy-Leaf(1399),900,1200,JPEG
dataset\_work\spinach_classified\spinach_sy69db2nz5\saudavel\Healthy-Leaf(1399)__Healthy-Leaf (83).jpg,saudavel,spinach_sy69db2nz5,Healthy-Leaf(1399),900,1200,JPEG
dataset\_work\spinach_classified\spinach_sy69db2nz5\saudavel\Healthy-Leaf(1399)__Healthy-Leaf (830).jpg,saudavel,spinach_sy69db2nz5,Healthy-Leaf(1399),1200,900,JPEG
dataset\_work\spinach_classified\spinach_sy69db2nz5\saudavel\Healthy-Leaf(1399)__Healthy-Leaf (831).jpg,saudavel,spinach_sy69db2nz5,Healthy-Leaf(1399),1200,900,JPEG
dataset\_work\spinach_classified\spinach_sy69db2nz5\saudavel\Healthy-Leaf(1399)__Healthy-Leaf (832).jpg,saudavel,spinach_sy69db2nz5,Healthy-Leaf(1399),900,1200,JPEG
dataset\_work\spinach_classified\spinach_sy69db2nz5\saudavel\Healthy-Leaf(1399)__Healthy-Leaf (833).jpg,saudavel,spinach_sy69db2nz5,Healthy-Leaf(1399),900,1200,JPEG
dataset\_work\spinach_classified\spinach_sy69db2nz5\saudavel\Healthy-Leaf(1399)__Healthy-Leaf (834).jpg,saudavel,spinach_sy69db2nz5,Healthy-Leaf(1399),900,1200,JPEG
dataset\_work\spinach_classified\spinach_sy69db2nz5\saudavel\Healthy-Leaf(1399)__Healthy-Leaf (835).jpg,saudavel,spinach_sy69db2nz5,Healthy-Leaf(1399),900,1200,JPEG
dataset\_work\spinach_classified\spinach_sy69db2nz5\saudavel\Healthy-Leaf(1399)__Healthy-Leaf (836).jpg,saudavel,spinach_sy69db2nz5,Healthy-Leaf(1399),900,1200,JPEG
dataset\_work\spinach_classified\spinach_sy69db2nz5\saudavel\Healthy-Leaf(1399)__Healthy-Leaf (837).jpg,saudavel,spinach_sy69db2nz5,Healthy-Leaf(1399),900,1200,JPEG
dataset\_work\spinach_classified\spinach_sy69db2nz5\saudavel\Healthy-Leaf(1399)__Healthy-Leaf (838).jpg,saudavel,spinach_sy69db2nz5,Healthy-Leaf(1399),900,1200,JPEG
dataset\_work\spinach_classified\spinach_sy69db2nz5\saudavel\Healthy-Leaf(1399)__Healthy-Leaf (839).jpg,saudavel,spinach_sy69db2nz5,Healthy-Leaf(1399),900,1200,JPEG
dataset\_work\spinach_classified\spinach_sy69db2nz5\saudavel\Healthy-Leaf(1399)__Healthy-Leaf (84).jpg,saudavel,spinach_sy69db2nz5,Healthy-Leaf(1399),675,1200,JPEG
dataset\_work\spinach_classified\spinach_sy69db2nz5\saudavel\Healthy-Leaf(1399)__Healthy-Leaf (840).jpg,saudavel,spinach_sy69db2nz5,Healthy-Leaf(1399),900,1200,JPEG
dataset\_work\spinach_classified\spinach_sy69db2nz5\saudavel\Healthy-Leaf(1399)__Healthy-Leaf (841).jpg,saudavel,spinach_sy69db2nz5,Healthy-Leaf(1399),900,1200,JPEG
dataset\_work\spinach_classified\spinach_sy69db2nz5\saudavel\Healthy-Leaf(1399)__Healthy-Leaf (842).JPG,saudavel,spinach_sy69db2nz5,Healthy-Leaf(1399),675,1200,JPEG
dataset\_work\spinach_classified\spinach_sy69db2nz5\saudavel\Healthy-Leaf(1399)__Healthy-Leaf (843).JPG,saudavel,spinach_sy69db2nz5,Healthy-Leaf(1399),675,1200,JPEG
dataset\_work\spinach_classified\spinach_sy69db2nz5\saudavel\Healthy-Leaf(1399)__Healthy-Leaf (844).JPG,saudavel,spinach_sy69db2nz5,Healthy-Leaf(1399),675,1200,JPEG
dataset\_work\spinach_classified\spinach_sy69db2nz5\saudavel\Healthy-Leaf(1399)__Healthy-Leaf (845).JPG,saudavel,spinach_sy69db2nz5,Healthy-Leaf(1399),675,1200,JPEG
dataset\_work\spinach_classified\spinach_sy69db2nz5\saudavel\Healthy-Leaf(1399)__Healthy-Leaf (846).JPG,saudavel,spinach_sy69db2nz5,Healthy-Leaf(1399),675,1200,JPEG
dataset\_work\spinach_classified\spinach_sy69db2nz5\saudavel\Healthy-Leaf(1399)__Healthy-Leaf (847).JPG,saudavel,spinach_sy69db2nz5,Healthy-Leaf(1399),675,1200,JPEG
dataset\_work\spinach_classified\spinach_sy69db2nz5\saudavel\Healthy-Leaf(1399)__Healthy-Leaf (848).JPG,saudavel,spinach_sy69db2nz5,Healthy-Leaf(1399),675,1200,JPEG
dataset\_work\spinach_classified\spinach_sy69db2nz5\saudavel\Healthy-Leaf(1399)__Healthy-Leaf (849).JPG,saudavel,spinach_sy69db2nz5,Healthy-Leaf(1399),675,1200,JPEG
dataset\_work\spinach_classified\spinach_sy69db2nz5\saudavel\Healthy-Leaf(1399)__Healthy-Leaf (85).jpg,saudavel,spinach_sy69db2nz5,Healthy-Leaf(1399),675,1200,JPEG
dataset\_work\spinach_classified\spinach_sy69db2nz5\saudavel\Healthy-Leaf(1399)__Healthy-Leaf (850).JPG,saudavel,spinach_sy69db2nz5,Healthy-Leaf(1399),675,1200,JPEG
dataset\_work\spinach_classified\spinach_sy69db2nz5\saudavel\Healthy-Leaf(1399)__Healthy-Leaf (851).JPG,saudavel,spinach_sy69db2nz5,Healthy-Leaf(1399),675,1200,JPEG
dataset\_work\spinach_classified\spinach_sy69db2nz5\saudavel\Healthy-Leaf(1399)__Healthy-Leaf (852).JPG,saudavel,spinach_sy69db2nz5,Healthy-Leaf(1399),675,1200,JPEG
dataset\_work\spinach_classified\spinach_sy69db2nz5\saudavel\Healthy-Leaf(1399)__Healthy-Leaf (853).JPG,saudavel,spinach_sy69db2nz5,Healthy-Leaf(1399),675,1200,JPEG
dataset\_work\spinach_classified\spinach_sy69db2nz5\saudavel\Healthy-Leaf(1399)__Healthy-Leaf (854).JPG,saudavel,spinach_sy69db2nz5,Healthy-Leaf(1399),675,1200,JPEG
dataset\_work\spinach_classified\spinach_sy69db2nz5\saudavel\Healthy-Leaf(1399)__Healthy-Leaf (855).JPG,saudavel,spinach_sy69db2nz5,Healthy-Leaf(1399),675,1200,JPEG
dataset\_work\spinach_classified\spinach_sy69db2nz5\saudavel\Healthy-Leaf(1399)__Healthy-Leaf (856).JPG,saudavel,spinach_sy69db2nz5,Healthy-Leaf(1399),675,1200,JPEG
dataset\_work\spinach_classified\spinach_sy69db2nz5\saudavel\Healthy-Leaf(1399)__Healthy-Leaf (857).JPG,saudavel,spinach_sy69db2nz5,Healthy-Leaf(1399),675,1200,JPEG
dataset\_work\spinach_classified\spinach_sy69db2nz5\saudavel\Healthy-Leaf(1399)__Healthy-Leaf (858).JPG,saudavel,spinach_sy69db2nz5,Healthy-Leaf(1399),675,1200,JPEG
dataset\_work\spinach_classified\spinach_sy69db2nz5\saudavel\Healthy-Leaf(1399)__Healthy-Leaf (859).JPG,saudavel,spinach_sy69db2nz5,Healthy-Leaf(1399),675,1200,JPEG
dataset\_work\spinach_classified\spinach_sy69db2nz5\saudavel\Healthy-Leaf(1399)__Healthy-Leaf (86).jpg,saudavel,spinach_sy69db2nz5,Healthy-Leaf(1399),675,1200,JPEG
dataset\_work\spinach_classified\spinach_sy69db2nz5\saudavel\Healthy-Leaf(1399)__Healthy-Leaf (860).JPG,saudavel,spinach_sy69db2nz5,Healthy-Leaf(1399),675,1200,JPEG
dataset\_work\spinach_classified\spinach_sy69db2nz5\saudavel\Healthy-Leaf(1399)__Healthy-Leaf (861).JPG,saudavel,spinach_sy69db2nz5,Healthy-Leaf(1399),675,1200,JPEG
dataset\_work\spinach_classified\spinach_sy69db2nz5\saudavel\Healthy-Leaf(1399)__Healthy-Leaf (862).JPG,saudavel,spinach_sy69db2nz5,Healthy-Leaf(1399),675,1200,JPEG
dataset\_work\spinach_classified\spinach_sy69db2nz5\saudavel\Healthy-Leaf(1399)__Healthy-Leaf (863).JPG,saudavel,spinach_sy69db2nz5,Healthy-Leaf(1399),675,1200,JPEG
dataset\_work\spinach_classified\spinach_sy69db2nz5\saudavel\Healthy-Leaf(1399)__Healthy-Leaf (864).JPG,saudavel,spinach_sy69db2nz5,Healthy-Leaf(1399),675,1200,JPEG
dataset\_work\spinach_classified\spinach_sy69db2nz5\saudavel\Healthy-Leaf(1399)__Healthy-Leaf (865).JPG,saudavel,spinach_sy69db2nz5,Healthy-Leaf(1399),675,1200,JPEG
dataset\_work\spinach_classified\spinach_sy69db2nz5\saudavel\Healthy-Leaf(1399)__Healthy-Leaf (866).JPG,saudavel,spinach_sy69db2nz5,Healthy-Leaf(1399),675,1200,JPEG
dataset\_work\spinach_classified\spinach_sy69db2nz5\saudavel\Healthy-Leaf(1399)__Healthy-Leaf (867).JPG,saudavel,spinach_sy69db2nz5,Healthy-Leaf(1399),675,1200,JPEG
dataset\_work\spinach_classified\spinach_sy69db2nz5\saudavel\Healthy-Leaf(1399)__Healthy-Leaf (868).JPG,saudavel,spinach_sy69db2nz5,Healthy-Leaf(1399),675,1200,JPEG
dataset\_work\spinach_classified\spinach_sy69db2nz5\saudavel\Healthy-Leaf(1399)__Healthy-Leaf (869).JPG,saudavel,spinach_sy69db2nz5,Healthy-Leaf(1399),675,1200,JPEG
dataset\_work\spinach_classified\spinach_sy69db2nz5\saudavel\Healthy-Leaf(1399)__Healthy-Leaf (87).jpg,saudavel,spinach_sy69db2nz5,Healthy-Leaf(1399),433,577,JPEG
dataset\_work\spinach_classified\spinach_sy69db2nz5\saudavel\Healthy-Leaf(1399)__Healthy-Leaf (870).JPG,saudavel,spinach_sy69db2nz5,Healthy-Leaf(1399),675,1200,JPEG
dataset\_work\spinach_classified\spinach_sy69db2nz5\saudavel\Healthy-Leaf(1399)__Healthy-Leaf (871).JPG,saudavel,spinach_sy69db2nz5,Healthy-Leaf(1399),675,1200,JPEG
dataset\_work\spinach_classified\spinach_sy69db2nz5\saudavel\Healthy-Leaf(1399)__Healthy-Leaf (872).JPG,saudavel,spinach_sy69db2nz5,Healthy-Leaf(1399),675,1200,JPEG
dataset\_work\spinach_classified\spinach_sy69db2nz5\saudavel\Healthy-Leaf(1399)__Healthy-Leaf (873).JPG,saudavel,spinach_sy69db2nz5,Healthy-Leaf(1399),675,1200,JPEG
dataset\_work\spinach_classified\spinach_sy69db2nz5\saudavel\Healthy-Leaf(1399)__Healthy-Leaf (874).JPG,saudavel,spinach_sy69db2nz5,Healthy-Leaf(1399),675,1200,JPEG
dataset\_work\spinach_classified\spinach_sy69db2nz5\saudavel\Healthy-Leaf(1399)__Healthy-Leaf (875).JPG,saudavel,spinach_sy69db2nz5,Healthy-Leaf(1399),675,1200,JPEG
dataset\_work\spinach_classified\spinach_sy69db2nz5\saudavel\Healthy-Leaf(1399)__Healthy-Leaf (876).JPG,saudavel,spinach_sy69db2nz5,Healthy-Leaf(1399),675,1200,JPEG
dataset\_work\spinach_classified\spinach_sy69db2nz5\saudavel\Healthy-Leaf(1399)__Healthy-Leaf (877).JPG,saudavel,spinach_sy69db2nz5,Healthy-Leaf(1399),675,1200,JPEG
dataset\_work\spinach_classified\spinach_sy69db2nz5\saudavel\Healthy-Leaf(1399)__Healthy-Leaf (878).JPG,saudavel,spinach_sy69db2nz5,Healthy-Leaf(1399),675,1200,JPEG
dataset\_work\spinach_classified\spinach_sy69db2nz5\saudavel\Healthy-Leaf(1399)__Healthy-Leaf (879).JPG,saudavel,spinach_sy69db2nz5,Healthy-Leaf(1399),675,1200,JPEG
dataset\_work\spinach_classified\spinach_sy69db2nz5\saudavel\Healthy-Leaf(1399)__Healthy-Leaf (88).jpg,saudavel,spinach_sy69db2nz5,Healthy-Leaf(1399),433,577,JPEG
dataset\_work\spinach_classified\spinach_sy69db2nz5\saudavel\Healthy-Leaf(1399)__Healthy-Leaf (880).JPG,saudavel,spinach_sy69db2nz5,Healthy-Leaf(1399),675,1200,JPEG
dataset\_work\spinach_classified\spinach_sy69db2nz5\saudavel\Healthy-Leaf(1399)__Healthy-Leaf (881).JPG,saudavel,spinach_sy69db2nz5,Healthy-Leaf(1399),675,1200,JPEG
dataset\_work\spinach_classified\spinach_sy69db2nz5\saudavel\Healthy-Leaf(1399)__Healthy-Leaf (882).JPG,saudavel,spinach_sy69db2nz5,Healthy-Leaf(1399),675,1200,JPEG
dataset\_work\spinach_classified\spinach_sy69db2nz5\saudavel\Healthy-Leaf(1399)__Healthy-Leaf (883).JPG,saudavel,spinach_sy69db2nz5,Healthy-Leaf(1399),675,1200,JPEG
dataset\_work\spinach_classified\spinach_sy69db2nz5\saudavel\Healthy-Leaf(1399)__Healthy-Leaf (884).JPG,saudavel,spinach_sy69db2nz5,Healthy-Leaf(1399),675,1200,JPEG
dataset\_work\spinach_classified\spinach_sy69db2nz5\saudavel\Healthy-Leaf(1399)__Healthy-Leaf (885).JPG,saudavel,spinach_sy69db2nz5,Healthy-Leaf(1399),675,1200,JPEG
dataset\_work\spinach_classified\spinach_sy69db2nz5\saudavel\Healthy-Leaf(1399)__Healthy-Leaf (886).JPG,saudavel,spinach_sy69db2nz5,Healthy-Leaf(1399),675,1200,JPEG
dataset\_work\spinach_classified\spinach_sy69db2nz5\saudavel\Healthy-Leaf(1399)__Healthy-Leaf (887).JPG,saudavel,spinach_sy69db2nz5,Healthy-Leaf(1399),675,1200,JPEG
dataset\_work\spinach_classified\spinach_sy69db2nz5\saudavel\Healthy-Leaf(1399)__Healthy-Leaf (888).JPG,saudavel,spinach_sy69db2nz5,Healthy-Leaf(1399),675,1200,JPEG
dataset\_work\spinach_classified\spinach_sy69db2nz5\saudavel\Healthy-Leaf(1399)__Healthy-Leaf (889).JPG,saudavel,spinach_sy69db2nz5,Healthy-Leaf(1399),675,1200,JPEG
dataset\_work\spinach_classified\spinach_sy69db2nz5\saudavel\Healthy-Leaf(1399)__Healthy-Leaf (89).jpg,saudavel,spinach_sy69db2nz5,Healthy-Leaf(1399),433,577,JPEG
dataset\_work\spinach_classified\spinach_sy69db2nz5\saudavel\Healthy-Leaf(1399)__Healthy-Leaf (890).JPG,saudavel,spinach_sy69db2nz5,Healthy-Leaf(1399),675,1200,JPEG
dataset\_work\spinach_classified\spinach_sy69db2nz5\saudavel\Healthy-Leaf(1399)__Healthy-Leaf (891).JPG,saudavel,spinach_sy69db2nz5,Healthy-Leaf(1399),675,1200,JPEG
dataset\_work\spinach_classified\spinach_sy69db2nz5\saudavel\Healthy-Leaf(1399)__Healthy-Leaf (892).JPG,saudavel,spinach_sy69db2nz5,Healthy-Leaf(1399),675,1200,JPEG
dataset\_work\spinach_classified\spinach_sy69db2nz5\saudavel\Healthy-Leaf(1399)__Healthy-Leaf (893).JPG,saudavel,spinach_sy69db2nz5,Healthy-Leaf(1399),675,1200,JPEG
dataset\_work\spinach_classified\spinach_sy69db2nz5\saudavel\Healthy-Leaf(1399)__Healthy-Leaf (894).JPG,saudavel,spinach_sy69db2nz5,Healthy-Leaf(1399),675,1200,JPEG
dataset\_work\spinach_classified\spinach_sy69db2nz5\saudavel\Healthy-Leaf(1399)__Healthy-Leaf (895).JPG,saudavel,spinach_sy69db2nz5,Healthy-Leaf(1399),675,1200,JPEG
dataset\_work\spinach_classified\spinach_sy69db2nz5\saudavel\Healthy-Leaf(1399)__Healthy-Leaf (896).JPG,saudavel,spinach_sy69db2nz5,Healthy-Leaf(1399),675,1200,JPEG
dataset\_work\spinach_classified\spinach_sy69db2nz5\saudavel\Healthy-Leaf(1399)__Healthy-Leaf (897).JPG,saudavel,spinach_sy69db2nz5,Healthy-Leaf(1399),675,1200,JPEG
dataset\_work\spinach_classified\spinach_sy69db2nz5\saudavel\Healthy-Leaf(1399)__Healthy-Leaf (898).JPG,saudavel,spinach_sy69db2nz5,Healthy-Leaf(1399),675,1200,JPEG
dataset\_work\spinach_classified\spinach_sy69db2nz5\saudavel\Healthy-Leaf(1399)__Healthy-Leaf (899).JPG,saudavel,spinach_sy69db2nz5,Healthy-Leaf(1399),675,1200,JPEG
dataset\_work\spinach_classified\spinach_sy69db2nz5\saudavel\Healthy-Leaf(1399)__Healthy-Leaf (9).jpg,saudavel,spinach_sy69db2nz5,Healthy-Leaf(1399),900,1200,JPEG
dataset\_work\spinach_classified\spinach_sy69db2nz5\saudavel\Healthy-Leaf(1399)__Healthy-Leaf (90).jpg,saudavel,spinach_sy69db2nz5,Healthy-Leaf(1399),577,433,JPEG
dataset\_work\spinach_classified\spinach_sy69db2nz5\saudavel\Healthy-Leaf(1399)__Healthy-Leaf (900).JPG,saudavel,spinach_sy69db2nz5,Healthy-Leaf(1399),675,1200,JPEG
dataset\_work\spinach_classified\spinach_sy69db2nz5\saudavel\Healthy-Leaf(1399)__Healthy-Leaf (901).JPG,saudavel,spinach_sy69db2nz5,Healthy-Leaf(1399),675,1200,JPEG
dataset\_work\spinach_classified\spinach_sy69db2nz5\saudavel\Healthy-Leaf(1399)__Healthy-Leaf (902).JPG,saudavel,spinach_sy69db2nz5,Healthy-Leaf(1399),675,1200,JPEG
dataset\_work\spinach_classified\spinach_sy69db2nz5\saudavel\Healthy-Leaf(1399)__Healthy-Leaf (903).JPG,saudavel,spinach_sy69db2nz5,Healthy-Leaf(1399),675,1200,JPEG
dataset\_work\spinach_classified\spinach_sy69db2nz5\saudavel\Healthy-Leaf(1399)__Healthy-Leaf (904).JPG,saudavel,spinach_sy69db2nz5,Healthy-Leaf(1399),675,1200,JPEG
dataset\_work\spinach_classified\spinach_sy69db2nz5\saudavel\Healthy-Leaf(1399)__Healthy-Leaf (905).JPG,saudavel,spinach_sy69db2nz5,Healthy-Leaf(1399),675,1200,JPEG
dataset\_work\spinach_classified\spinach_sy69db2nz5\saudavel\Healthy-Leaf(1399)__Healthy-Leaf (906).JPG,saudavel,spinach_sy69db2nz5,Healthy-Leaf(1399),675,1200,JPEG
dataset\_work\spinach_classified\spinach_sy69db2nz5\saudavel\Healthy-Leaf(1399)__Healthy-Leaf (907).JPG,saudavel,spinach_sy69db2nz5,Healthy-Leaf(1399),675,1200,JPEG
dataset\_work\spinach_classified\spinach_sy69db2nz5\saudavel\Healthy-Leaf(1399)__Healthy-Leaf (908).JPG,saudavel,spinach_sy69db2nz5,Healthy-Leaf(1399),675,1200,JPEG
dataset\_work\spinach_classified\spinach_sy69db2nz5\saudavel\Healthy-Leaf(1399)__Healthy-Leaf (909).JPG,saudavel,spinach_sy69db2nz5,Healthy-Leaf(1399),675,1200,JPEG
dataset\_work\spinach_classified\spinach_sy69db2nz5\saudavel\Healthy-Leaf(1399)__Healthy-Leaf (91).jpg,saudavel,spinach_sy69db2nz5,Healthy-Leaf(1399),433,577,JPEG
dataset\_work\spinach_classified\spinach_sy69db2nz5\saudavel\Healthy-Leaf(1399)__Healthy-Leaf (910).JPG,saudavel,spinach_sy69db2nz5,Healthy-Leaf(1399),675,1200,JPEG
dataset\_work\spinach_classified\spinach_sy69db2nz5\saudavel\Healthy-Leaf(1399)__Healthy-Leaf (911).JPG,saudavel,spinach_sy69db2nz5,Healthy-Leaf(1399),675,1200,JPEG
dataset\_work\spinach_classified\spinach_sy69db2nz5\saudavel\Healthy-Leaf(1399)__Healthy-Leaf (912).JPG,saudavel,spinach_sy69db2nz5,Healthy-Leaf(1399),675,1200,JPEG
dataset\_work\spinach_classified\spinach_sy69db2nz5\saudavel\Healthy-Leaf(1399)__Healthy-Leaf (913).JPG,saudavel,spinach_sy69db2nz5,Healthy-Leaf(1399),675,1200,JPEG
dataset\_work\spinach_classified\spinach_sy69db2nz5\saudavel\Healthy-Leaf(1399)__Healthy-Leaf (914).JPG,saudavel,spinach_sy69db2nz5,Healthy-Leaf(1399),675,1200,JPEG
dataset\_work\spinach_classified\spinach_sy69db2nz5\saudavel\Healthy-Leaf(1399)__Healthy-Leaf (915).JPG,saudavel,spinach_sy69db2nz5,Healthy-Leaf(1399),675,1200,JPEG
dataset\_work\spinach_classified\spinach_sy69db2nz5\saudavel\Healthy-Leaf(1399)__Healthy-Leaf (916).JPG,saudavel,spinach_sy69db2nz5,Healthy-Leaf(1399),675,1200,JPEG
dataset\_work\spinach_classified\spinach_sy69db2nz5\saudavel\Healthy-Leaf(1399)__Healthy-Leaf (917).JPG,saudavel,spinach_sy69db2nz5,Healthy-Leaf(1399),675,1200,JPEG
dataset\_work\spinach_classified\spinach_sy69db2nz5\saudavel\Healthy-Leaf(1399)__Healthy-Leaf (918).JPG,saudavel,spinach_sy69db2nz5,Healthy-Leaf(1399),675,1200,JPEG
dataset\_work\spinach_classified\spinach_sy69db2nz5\saudavel\Healthy-Leaf(1399)__Healthy-Leaf (919).JPG,saudavel,spinach_sy69db2nz5,Healthy-Leaf(1399),675,1200,JPEG
dataset\_work\spinach_classified\spinach_sy69db2nz5\saudavel\Healthy-Leaf(1399)__Healthy-Leaf (92).jpg,saudavel,spinach_sy69db2nz5,Healthy-Leaf(1399),433,577,JPEG
dataset\_work\spinach_classified\spinach_sy69db2nz5\saudavel\Healthy-Leaf(1399)__Healthy-Leaf (920).JPG,saudavel,spinach_sy69db2nz5,Healthy-Leaf(1399),675,1200,JPEG
dataset\_work\spinach_classified\spinach_sy69db2nz5\saudavel\Healthy-Leaf(1399)__Healthy-Leaf (921).JPG,saudavel,spinach_sy69db2nz5,Healthy-Leaf(1399),675,1200,JPEG
dataset\_work\spinach_classified\spinach_sy69db2nz5\saudavel\Healthy-Leaf(1399)__Healthy-Leaf (922).JPG,saudavel,spinach_sy69db2nz5,Healthy-Leaf(1399),675,1200,JPEG
dataset\_work\spinach_classified\spinach_sy69db2nz5\saudavel\Healthy-Leaf(1399)__Healthy-Leaf (923).JPG,saudavel,spinach_sy69db2nz5,Healthy-Leaf(1399),675,1200,JPEG
dataset\_work\spinach_classified\spinach_sy69db2nz5\saudavel\Healthy-Leaf(1399)__Healthy-Leaf (924).JPG,saudavel,spinach_sy69db2nz5,Healthy-Leaf(1399),675,1200,JPEG
dataset\_work\spinach_classified\spinach_sy69db2nz5\saudavel\Healthy-Leaf(1399)__Healthy-Leaf (925).JPG,saudavel,spinach_sy69db2nz5,Healthy-Leaf(1399),675,1200,JPEG
dataset\_work\spinach_classified\spinach_sy69db2nz5\saudavel\Healthy-Leaf(1399)__Healthy-Leaf (926).JPG,saudavel,spinach_sy69db2nz5,Healthy-Leaf(1399),675,1200,JPEG
dataset\_work\spinach_classified\spinach_sy69db2nz5\saudavel\Healthy-Leaf(1399)__Healthy-Leaf (927).JPG,saudavel,spinach_sy69db2nz5,Healthy-Leaf(1399),675,1200,JPEG
dataset\_work\spinach_classified\spinach_sy69db2nz5\saudavel\Healthy-Leaf(1399)__Healthy-Leaf (928).JPG,saudavel,spinach_sy69db2nz5,Healthy-Leaf(1399),675,1200,JPEG
dataset\_work\spinach_classified\spinach_sy69db2nz5\saudavel\Healthy-Leaf(1399)__Healthy-Leaf (929).JPG,saudavel,spinach_sy69db2nz5,Healthy-Leaf(1399),675,1200,JPEG
dataset\_work\spinach_classified\spinach_sy69db2nz5\saudavel\Healthy-Leaf(1399)__Healthy-Leaf (93).jpg,saudavel,spinach_sy69db2nz5,Healthy-Leaf(1399),433,577,JPEG
dataset\_work\spinach_classified\spinach_sy69db2nz5\saudavel\Healthy-Leaf(1399)__Healthy-Leaf (930).JPG,saudavel,spinach_sy69db2nz5,Healthy-Leaf(1399),675,1200,JPEG
dataset\_work\spinach_classified\spinach_sy69db2nz5\saudavel\Healthy-Leaf(1399)__Healthy-Leaf (931).JPG,saudavel,spinach_sy69db2nz5,Healthy-Leaf(1399),675,1200,JPEG
dataset\_work\spinach_classified\spinach_sy69db2nz5\saudavel\Healthy-Leaf(1399)__Healthy-Leaf (932).JPG,saudavel,spinach_sy69db2nz5,Healthy-Leaf(1399),675,1200,JPEG
dataset\_work\spinach_classified\spinach_sy69db2nz5\saudavel\Healthy-Leaf(1399)__Healthy-Leaf (933).JPG,saudavel,spinach_sy69db2nz5,Healthy-Leaf(1399),675,1200,JPEG
dataset\_work\spinach_classified\spinach_sy69db2nz5\saudavel\Healthy-Leaf(1399)__Healthy-Leaf (934).JPG,saudavel,spinach_sy69db2nz5,Healthy-Leaf(1399),675,1200,JPEG
dataset\_work\spinach_classified\spinach_sy69db2nz5\saudavel\Healthy-Leaf(1399)__Healthy-Leaf (935).JPG,saudavel,spinach_sy69db2nz5,Healthy-Leaf(1399),675,1200,JPEG
dataset\_work\spinach_classified\spinach_sy69db2nz5\saudavel\Healthy-Leaf(1399)__Healthy-Leaf (936).JPG,saudavel,spinach_sy69db2nz5,Healthy-Leaf(1399),675,1200,JPEG
dataset\_work\spinach_classified\spinach_sy69db2nz5\saudavel\Healthy-Leaf(1399)__Healthy-Leaf (937).JPG,saudavel,spinach_sy69db2nz5,Healthy-Leaf(1399),675,1200,JPEG
dataset\_work\spinach_classified\spinach_sy69db2nz5\saudavel\Healthy-Leaf(1399)__Healthy-Leaf (938).JPG,saudavel,spinach_sy69db2nz5,Healthy-Leaf(1399),675,1200,JPEG
dataset\_work\spinach_classified\spinach_sy69db2nz5\saudavel\Healthy-Leaf(1399)__Healthy-Leaf (939).JPG,saudavel,spinach_sy69db2nz5,Healthy-Leaf(1399),675,1200,JPEG
dataset\_work\spinach_classified\spinach_sy69db2nz5\saudavel\Healthy-Leaf(1399)__Healthy-Leaf (94).jpg,saudavel,spinach_sy69db2nz5,Healthy-Leaf(1399),433,577,JPEG
dataset\_work\spinach_classified\spinach_sy69db2nz5\saudavel\Healthy-Leaf(1399)__Healthy-Leaf (940).JPG,saudavel,spinach_sy69db2nz5,Healthy-Leaf(1399),675,1200,JPEG
dataset\_work\spinach_classified\spinach_sy69db2nz5\saudavel\Healthy-Leaf(1399)__Healthy-Leaf (941).JPG,saudavel,spinach_sy69db2nz5,Healthy-Leaf(1399),675,1200,JPEG
dataset\_work\spinach_classified\spinach_sy69db2nz5\saudavel\Healthy-Leaf(1399)__Healthy-Leaf (942).JPG,saudavel,spinach_sy69db2nz5,Healthy-Leaf(1399),675,1200,JPEG
dataset\_work\spinach_classified\spinach_sy69db2nz5\saudavel\Healthy-Leaf(1399)__Healthy-Leaf (943).JPG,saudavel,spinach_sy69db2nz5,Healthy-Leaf(1399),675,1200,JPEG
dataset\_work\spinach_classified\spinach_sy69db2nz5\saudavel\Healthy-Leaf(1399)__Healthy-Leaf (944).JPG,saudavel,spinach_sy69db2nz5,Healthy-Leaf(1399),675,1200,JPEG
dataset\_work\spinach_classified\spinach_sy69db2nz5\saudavel\Healthy-Leaf(1399)__Healthy-Leaf (945).JPG,saudavel,spinach_sy69db2nz5,Healthy-Leaf(1399),675,1200,JPEG
dataset\_work\spinach_classified\spinach_sy69db2nz5\saudavel\Healthy-Leaf(1399)__Healthy-Leaf (946).JPG,saudavel,spinach_sy69db2nz5,Healthy-Leaf(1399),675,1200,JPEG
dataset\_work\spinach_classified\spinach_sy69db2nz5\saudavel\Healthy-Leaf(1399)__Healthy-Leaf (947).JPG,saudavel,spinach_sy69db2nz5,Healthy-Leaf(1399),675,1200,JPEG
dataset\_work\spinach_classified\spinach_sy69db2nz5\saudavel\Healthy-Leaf(1399)__Healthy-Leaf (948).JPG,saudavel,spinach_sy69db2nz5,Healthy-Leaf(1399),675,1200,JPEG
dataset\_work\spinach_classified\spinach_sy69db2nz5\saudavel\Healthy-Leaf(1399)__Healthy-Leaf (949).JPG,saudavel,spinach_sy69db2nz5,Healthy-Leaf(1399),675,1200,JPEG
dataset\_work\spinach_classified\spinach_sy69db2nz5\saudavel\Healthy-Leaf(1399)__Healthy-Leaf (95).jpg,saudavel,spinach_sy69db2nz5,Healthy-Leaf(1399),577,433,JPEG
dataset\_work\spinach_classified\spinach_sy69db2nz5\saudavel\Healthy-Leaf(1399)__Healthy-Leaf (950).JPG,saudavel,spinach_sy69db2nz5,Healthy-Leaf(1399),675,1200,JPEG
dataset\_work\spinach_classified\spinach_sy69db2nz5\saudavel\Healthy-Leaf(1399)__Healthy-Leaf (951).JPG,saudavel,spinach_sy69db2nz5,Healthy-Leaf(1399),675,1200,JPEG
dataset\_work\spinach_classified\spinach_sy69db2nz5\saudavel\Healthy-Leaf(1399)__Healthy-Leaf (952).JPG,saudavel,spinach_sy69db2nz5,Healthy-Leaf(1399),675,1200,JPEG
dataset\_work\spinach_classified\spinach_sy69db2nz5\saudavel\Healthy-Leaf(1399)__Healthy-Leaf (953).JPG,saudavel,spinach_sy69db2nz5,Healthy-Leaf(1399),675,1200,JPEG
dataset\_work\spinach_classified\spinach_sy69db2nz5\saudavel\Healthy-Leaf(1399)__Healthy-Leaf (954).JPG,saudavel,spinach_sy69db2nz5,Healthy-Leaf(1399),675,1200,JPEG
dataset\_work\spinach_classified\spinach_sy69db2nz5\saudavel\Healthy-Leaf(1399)__Healthy-Leaf (955).JPG,saudavel,spinach_sy69db2nz5,Healthy-Leaf(1399),675,1200,JPEG
dataset\_work\spinach_classified\spinach_sy69db2nz5\saudavel\Healthy-Leaf(1399)__Healthy-Leaf (956).JPG,saudavel,spinach_sy69db2nz5,Healthy-Leaf(1399),675,1200,JPEG
dataset\_work\spinach_classified\spinach_sy69db2nz5\saudavel\Healthy-Leaf(1399)__Healthy-Leaf (957).JPG,saudavel,spinach_sy69db2nz5,Healthy-Leaf(1399),675,1200,JPEG
dataset\_work\spinach_classified\spinach_sy69db2nz5\saudavel\Healthy-Leaf(1399)__Healthy-Leaf (958).JPG,saudavel,spinach_sy69db2nz5,Healthy-Leaf(1399),675,1200,JPEG
dataset\_work\spinach_classified\spinach_sy69db2nz5\saudavel\Healthy-Leaf(1399)__Healthy-Leaf (959).JPG,saudavel,spinach_sy69db2nz5,Healthy-Leaf(1399),675,1200,JPEG
dataset\_work\spinach_classified\spinach_sy69db2nz5\saudavel\Healthy-Leaf(1399)__Healthy-Leaf (96).jpg,saudavel,spinach_sy69db2nz5,Healthy-Leaf(1399),433,577,JPEG
dataset\_work\spinach_classified\spinach_sy69db2nz5\saudavel\Healthy-Leaf(1399)__Healthy-Leaf (960).JPG,saudavel,spinach_sy69db2nz5,Healthy-Leaf(1399),675,1200,JPEG
dataset\_work\spinach_classified\spinach_sy69db2nz5\saudavel\Healthy-Leaf(1399)__Healthy-Leaf (961).JPG,saudavel,spinach_sy69db2nz5,Healthy-Leaf(1399),675,1200,JPEG
dataset\_work\spinach_classified\spinach_sy69db2nz5\saudavel\Healthy-Leaf(1399)__Healthy-Leaf (962).JPG,saudavel,spinach_sy69db2nz5,Healthy-Leaf(1399),675,1200,JPEG
dataset\_work\spinach_classified\spinach_sy69db2nz5\saudavel\Healthy-Leaf(1399)__Healthy-Leaf (963).JPG,saudavel,spinach_sy69db2nz5,Healthy-Leaf(1399),675,1200,JPEG
dataset\_work\spinach_classified\spinach_sy69db2nz5\saudavel\Healthy-Leaf(1399)__Healthy-Leaf (964).JPG,saudavel,spinach_sy69db2nz5,Healthy-Leaf(1399),675,1200,JPEG
dataset\_work\spinach_classified\spinach_sy69db2nz5\saudavel\Healthy-Leaf(1399)__Healthy-Leaf (965).JPG,saudavel,spinach_sy69db2nz5,Healthy-Leaf(1399),675,1200,JPEG
dataset\_work\spinach_classified\spinach_sy69db2nz5\saudavel\Healthy-Leaf(1399)__Healthy-Leaf (966).JPG,saudavel,spinach_sy69db2nz5,Healthy-Leaf(1399),675,1200,JPEG
dataset\_work\spinach_classified\spinach_sy69db2nz5\saudavel\Healthy-Leaf(1399)__Healthy-Leaf (967).JPG,saudavel,spinach_sy69db2nz5,Healthy-Leaf(1399),675,1200,JPEG
dataset\_work\spinach_classified\spinach_sy69db2nz5\saudavel\Healthy-Leaf(1399)__Healthy-Leaf (968).JPG,saudavel,spinach_sy69db2nz5,Healthy-Leaf(1399),675,1200,JPEG
dataset\_work\spinach_classified\spinach_sy69db2nz5\saudavel\Healthy-Leaf(1399)__Healthy-Leaf (969).JPG,saudavel,spinach_sy69db2nz5,Healthy-Leaf(1399),675,1200,JPEG
dataset\_work\spinach_classified\spinach_sy69db2nz5\saudavel\Healthy-Leaf(1399)__Healthy-Leaf (97).jpg,saudavel,spinach_sy69db2nz5,Healthy-Leaf(1399),433,577,JPEG
dataset\_work\spinach_classified\spinach_sy69db2nz5\saudavel\Healthy-Leaf(1399)__Healthy-Leaf (970).JPG,saudavel,spinach_sy69db2nz5,Healthy-Leaf(1399),675,1200,JPEG
dataset\_work\spinach_classified\spinach_sy69db2nz5\saudavel\Healthy-Leaf(1399)__Healthy-Leaf (971).JPG,saudavel,spinach_sy69db2nz5,Healthy-Leaf(1399),675,1200,JPEG
dataset\_work\spinach_classified\spinach_sy69db2nz5\saudavel\Healthy-Leaf(1399)__Healthy-Leaf (972).JPG,saudavel,spinach_sy69db2nz5,Healthy-Leaf(1399),675,1200,JPEG
dataset\_work\spinach_classified\spinach_sy69db2nz5\saudavel\Healthy-Leaf(1399)__Healthy-Leaf (973).JPG,saudavel,spinach_sy69db2nz5,Healthy-Leaf(1399),675,1200,JPEG
dataset\_work\spinach_classified\spinach_sy69db2nz5\saudavel\Healthy-Leaf(1399)__Healthy-Leaf (974).JPG,saudavel,spinach_sy69db2nz5,Healthy-Leaf(1399),675,1200,JPEG
dataset\_work\spinach_classified\spinach_sy69db2nz5\saudavel\Healthy-Leaf(1399)__Healthy-Leaf (975).JPG,saudavel,spinach_sy69db2nz5,Healthy-Leaf(1399),675,1200,JPEG
dataset\_work\spinach_classified\spinach_sy69db2nz5\saudavel\Healthy-Leaf(1399)__Healthy-Leaf (976).JPG,saudavel,spinach_sy69db2nz5,Healthy-Leaf(1399),675,1200,JPEG
dataset\_work\spinach_classified\spinach_sy69db2nz5\saudavel\Healthy-Leaf(1399)__Healthy-Leaf (977).JPG,saudavel,spinach_sy69db2nz5,Healthy-Leaf(1399),675,1200,JPEG
dataset\_work\spinach_classified\spinach_sy69db2nz5\saudavel\Healthy-Leaf(1399)__Healthy-Leaf (978).JPG,saudavel,spinach_sy69db2nz5,Healthy-Leaf(1399),675,1200,JPEG
dataset\_work\spinach_classified\spinach_sy69db2nz5\saudavel\Healthy-Leaf(1399)__Healthy-Leaf (979).JPG,saudavel,spinach_sy69db2nz5,Healthy-Leaf(1399),675,1200,JPEG
dataset\_work\spinach_classified\spinach_sy69db2nz5\saudavel\Healthy-Leaf(1399)__Healthy-Leaf (98).jpg,saudavel,spinach_sy69db2nz5,Healthy-Leaf(1399),433,577,JPEG
dataset\_work\spinach_classified\spinach_sy69db2nz5\saudavel\Healthy-Leaf(1399)__Healthy-Leaf (980).JPG,saudavel,spinach_sy69db2nz5,Healthy-Leaf(1399),675,1200,JPEG
dataset\_work\spinach_classified\spinach_sy69db2nz5\saudavel\Healthy-Leaf(1399)__Healthy-Leaf (981).JPG,saudavel,spinach_sy69db2nz5,Healthy-Leaf(1399),675,1200,JPEG
dataset\_work\spinach_classified\spinach_sy69db2nz5\saudavel\Healthy-Leaf(1399)__Healthy-Leaf (982).JPG,saudavel,spinach_sy69db2nz5,Healthy-Leaf(1399),675,1200,JPEG
dataset\_work\spinach_classified\spinach_sy69db2nz5\saudavel\Healthy-Leaf(1399)__Healthy-Leaf (983).JPG,saudavel,spinach_sy69db2nz5,Healthy-Leaf(1399),675,1200,JPEG
dataset\_work\spinach_classified\spinach_sy69db2nz5\saudavel\Healthy-Leaf(1399)__Healthy-Leaf (984).JPG,saudavel,spinach_sy69db2nz5,Healthy-Leaf(1399),675,1200,JPEG
dataset\_work\spinach_classified\spinach_sy69db2nz5\saudavel\Healthy-Leaf(1399)__Healthy-Leaf (985).JPG,saudavel,spinach_sy69db2nz5,Healthy-Leaf(1399),675,1200,JPEG
dataset\_work\spinach_classified\spinach_sy69db2nz5\saudavel\Healthy-Leaf(1399)__Healthy-Leaf (986).JPG,saudavel,spinach_sy69db2nz5,Healthy-Leaf(1399),675,1200,JPEG
dataset\_work\spinach_classified\spinach_sy69db2nz5\saudavel\Healthy-Leaf(1399)__Healthy-Leaf (987).JPG,saudavel,spinach_sy69db2nz5,Healthy-Leaf(1399),675,1200,JPEG
dataset\_work\spinach_classified\spinach_sy69db2nz5\saudavel\Healthy-Leaf(1399)__Healthy-Leaf (988).JPG,saudavel,spinach_sy69db2nz5,Healthy-Leaf(1399),675,1200,JPEG
dataset\_work\spinach_classified\spinach_sy69db2nz5\saudavel\Healthy-Leaf(1399)__Healthy-Leaf (989).JPG,saudavel,spinach_sy69db2nz5,Healthy-Leaf(1399),675,1200,JPEG
dataset\_work\spinach_classified\spinach_sy69db2nz5\saudavel\Healthy-Leaf(1399)__Healthy-Leaf (99).jpg,saudavel,spinach_sy69db2nz5,Healthy-Leaf(1399),433,577,JPEG
dataset\_work\spinach_classified\spinach_sy69db2nz5\saudavel\Healthy-Leaf(1399)__Healthy-Leaf (990).JPG,saudavel,spinach_sy69db2nz5,Healthy-Leaf(1399),675,1200,JPEG
dataset\_work\spinach_classified\spinach_sy69db2nz5\saudavel\Healthy-Leaf(1399)__Healthy-Leaf (991).JPG,saudavel,spinach_sy69db2nz5,Healthy-Leaf(1399),675,1200,JPEG
dataset\_work\spinach_classified\spinach_sy69db2nz5\saudavel\Healthy-Leaf(1399)__Healthy-Leaf (992).JPG,saudavel,spinach_sy69db2nz5,Healthy-Leaf(1399),675,1200,JPEG
dataset\_work\spinach_classified\spinach_sy69db2nz5\saudavel\Healthy-Leaf(1399)__Healthy-Leaf (993).JPG,saudavel,spinach_sy69db2nz5,Healthy-Leaf(1399),675,1200,JPEG
dataset\_work\spinach_classified\spinach_sy69db2nz5\saudavel\Healthy-Leaf(1399)__Healthy-Leaf (994).JPG,saudavel,spinach_sy69db2nz5,Healthy-Leaf(1399),675,1200,JPEG
dataset\_work\spinach_classified\spinach_sy69db2nz5\saudavel\Healthy-Leaf(1399)__Healthy-Leaf (995).JPG,saudavel,spinach_sy69db2nz5,Healthy-Leaf(1399),675,1200,JPEG
dataset\_work\spinach_classified\spinach_sy69db2nz5\saudavel\Healthy-Leaf(1399)__Healthy-Leaf (996).JPG,saudavel,spinach_sy69db2nz5,Healthy-Leaf(1399),675,1200,JPEG
dataset\_work\spinach_classified\spinach_sy69db2nz5\saudavel\Healthy-Leaf(1399)__Healthy-Leaf (997).JPG,saudavel,spinach_sy69db2nz5,Healthy-Leaf(1399),675,1200,JPEG
dataset\_work\spinach_classified\spinach_sy69db2nz5\saudavel\Healthy-Leaf(1399)__Healthy-Leaf (998).JPG,saudavel,spinach_sy69db2nz5,Healthy-Leaf(1399),675,1200,JPEG
dataset\_work\spinach_classified\spinach_sy69db2nz5\saudavel\Healthy-Leaf(1399)__Healthy-Leaf (999).JPG,saudavel,spinach_sy69db2nz5,Healthy-Leaf(1399),675,1200,JPEG
dataset\_work\spinach_classified\spinach_sy69db2nz5\anomala\Anthracnose(102)__Anthracnose (1).jpg,anomala,spinach_sy69db2nz5,Anthracnose(102),3060,4080,JPEG
dataset\_work\spinach_classified\spinach_sy69db2nz5\anomala\Anthracnose(102)__Anthracnose (10).jpg,anomala,spinach_sy69db2nz5,Anthracnose(102),3060,4080,JPEG
dataset\_work\spinach_classified\spinach_sy69db2nz5\anomala\Anthracnose(102)__Anthracnose (100).jpg,anomala,spinach_sy69db2nz5,Anthracnose(102),3060,4080,JPEG
dataset\_work\spinach_classified\spinach_sy69db2nz5\anomala\Anthracnose(102)__Anthracnose (101).jpg,anomala,spinach_sy69db2nz5,Anthracnose(102),3060,4080,JPEG
dataset\_work\spinach_classified\spinach_sy69db2nz5\anomala\Anthracnose(102)__Anthracnose (102).jpg,anomala,spinach_sy69db2nz5,Anthracnose(102),3060,4080,JPEG
dataset\_work\spinach_classified\spinach_sy69db2nz5\anomala\Anthracnose(102)__Anthracnose (11).jpg,anomala,spinach_sy69db2nz5,Anthracnose(102),3060,4080,JPEG
dataset\_work\spinach_classified\spinach_sy69db2nz5\anomala\Anthracnose(102)__Anthracnose (12).jpg,anomala,spinach_sy69db2nz5,Anthracnose(102),3060,4080,JPEG
dataset\_work\spinach_classified\spinach_sy69db2nz5\anomala\Anthracnose(102)__Anthracnose (13).jpg,anomala,spinach_sy69db2nz5,Anthracnose(102),3060,4080,JPEG
dataset\_work\spinach_classified\spinach_sy69db2nz5\anomala\Anthracnose(102)__Anthracnose (14).jpg,anomala,spinach_sy69db2nz5,Anthracnose(102),433,577,JPEG
dataset\_work\spinach_classified\spinach_sy69db2nz5\anomala\Anthracnose(102)__Anthracnose (15).jpg,anomala,spinach_sy69db2nz5,Anthracnose(102),433,577,JPEG
dataset\_work\spinach_classified\spinach_sy69db2nz5\anomala\Anthracnose(102)__Anthracnose (16).jpg,anomala,spinach_sy69db2nz5,Anthracnose(102),433,577,JPEG
dataset\_work\spinach_classified\spinach_sy69db2nz5\anomala\Anthracnose(102)__Anthracnose (17).jpg,anomala,spinach_sy69db2nz5,Anthracnose(102),300,400,JPEG
dataset\_work\spinach_classified\spinach_sy69db2nz5\anomala\Anthracnose(102)__Anthracnose (18).jpg,anomala,spinach_sy69db2nz5,Anthracnose(102),300,400,JPEG
dataset\_work\spinach_classified\spinach_sy69db2nz5\anomala\Anthracnose(102)__Anthracnose (19).jpg,anomala,spinach_sy69db2nz5,Anthracnose(102),1533,2044,JPEG
dataset\_work\spinach_classified\spinach_sy69db2nz5\anomala\Anthracnose(102)__Anthracnose (2).jpg,anomala,spinach_sy69db2nz5,Anthracnose(102),3060,4080,JPEG
dataset\_work\spinach_classified\spinach_sy69db2nz5\anomala\Anthracnose(102)__Anthracnose (20).jpg,anomala,spinach_sy69db2nz5,Anthracnose(102),3060,4080,JPEG
dataset\_work\spinach_classified\spinach_sy69db2nz5\anomala\Anthracnose(102)__Anthracnose (21).jpg,anomala,spinach_sy69db2nz5,Anthracnose(102),3060,4080,JPEG
dataset\_work\spinach_classified\spinach_sy69db2nz5\anomala\Anthracnose(102)__Anthracnose (22).JPG,anomala,spinach_sy69db2nz5,Anthracnose(102),5712,4284,MPO
dataset\_work\spinach_classified\spinach_sy69db2nz5\anomala\Anthracnose(102)__Anthracnose (23).JPG,anomala,spinach_sy69db2nz5,Anthracnose(102),5712,4284,MPO
dataset\_work\spinach_classified\spinach_sy69db2nz5\anomala\Anthracnose(102)__Anthracnose (24).JPG,anomala,spinach_sy69db2nz5,Anthracnose(102),5712,4284,MPO
dataset\_work\spinach_classified\spinach_sy69db2nz5\anomala\Anthracnose(102)__Anthracnose (25).JPG,anomala,spinach_sy69db2nz5,Anthracnose(102),8064,6048,MPO
dataset\_work\spinach_classified\spinach_sy69db2nz5\anomala\Anthracnose(102)__Anthracnose (26).JPG,anomala,spinach_sy69db2nz5,Anthracnose(102),8064,6048,MPO
dataset\_work\spinach_classified\spinach_sy69db2nz5\anomala\Anthracnose(102)__Anthracnose (27).jpg,anomala,spinach_sy69db2nz5,Anthracnose(102),3060,4080,JPEG
dataset\_work\spinach_classified\spinach_sy69db2nz5\anomala\Anthracnose(102)__Anthracnose (28).jpg,anomala,spinach_sy69db2nz5,Anthracnose(102),3060,4080,JPEG
dataset\_work\spinach_classified\spinach_sy69db2nz5\anomala\Anthracnose(102)__Anthracnose (29).jpg,anomala,spinach_sy69db2nz5,Anthracnose(102),3060,4080,JPEG
dataset\_work\spinach_classified\spinach_sy69db2nz5\anomala\Anthracnose(102)__Anthracnose (3).jpg,anomala,spinach_sy69db2nz5,Anthracnose(102),3060,4080,JPEG
dataset\_work\spinach_classified\spinach_sy69db2nz5\anomala\Anthracnose(102)__Anthracnose (30).jpg,anomala,spinach_sy69db2nz5,Anthracnose(102),3060,4080,JPEG
dataset\_work\spinach_classified\spinach_sy69db2nz5\anomala\Anthracnose(102)__Anthracnose (31).jpg,anomala,spinach_sy69db2nz5,Anthracnose(102),2296,4080,JPEG
dataset\_work\spinach_classified\spinach_sy69db2nz5\anomala\Anthracnose(102)__Anthracnose (32).jpg,anomala,spinach_sy69db2nz5,Anthracnose(102),3000,4000,JPEG
dataset\_work\spinach_classified\spinach_sy69db2nz5\anomala\Anthracnose(102)__Anthracnose (33).jpg,anomala,spinach_sy69db2nz5,Anthracnose(102),3000,4000,JPEG
dataset\_work\spinach_classified\spinach_sy69db2nz5\anomala\Anthracnose(102)__Anthracnose (34).jpg,anomala,spinach_sy69db2nz5,Anthracnose(102),3000,4000,JPEG
dataset\_work\spinach_classified\spinach_sy69db2nz5\anomala\Anthracnose(102)__Anthracnose (35).jpg,anomala,spinach_sy69db2nz5,Anthracnose(102),3000,4000,JPEG
dataset\_work\spinach_classified\spinach_sy69db2nz5\anomala\Anthracnose(102)__Anthracnose (36).jpg,anomala,spinach_sy69db2nz5,Anthracnose(102),3000,4000,JPEG
dataset\_work\spinach_classified\spinach_sy69db2nz5\anomala\Anthracnose(102)__Anthracnose (37).jpg,anomala,spinach_sy69db2nz5,Anthracnose(102),3000,4000,JPEG
dataset\_work\spinach_classified\spinach_sy69db2nz5\anomala\Anthracnose(102)__Anthracnose (38).jpg,anomala,spinach_sy69db2nz5,Anthracnose(102),3000,4000,JPEG
dataset\_work\spinach_classified\spinach_sy69db2nz5\anomala\Anthracnose(102)__Anthracnose (39).jpg,anomala,spinach_sy69db2nz5,Anthracnose(102),3000,4000,JPEG
dataset\_work\spinach_classified\spinach_sy69db2nz5\anomala\Anthracnose(102)__Anthracnose (4).jpg,anomala,spinach_sy69db2nz5,Anthracnose(102),3060,4080,JPEG
dataset\_work\spinach_classified\spinach_sy69db2nz5\anomala\Anthracnose(102)__Anthracnose (40).jpg,anomala,spinach_sy69db2nz5,Anthracnose(102),3000,4000,JPEG
dataset\_work\spinach_classified\spinach_sy69db2nz5\anomala\Anthracnose(102)__Anthracnose (41).jpg,anomala,spinach_sy69db2nz5,Anthracnose(102),3000,4000,JPEG
dataset\_work\spinach_classified\spinach_sy69db2nz5\anomala\Anthracnose(102)__Anthracnose (42).jpg,anomala,spinach_sy69db2nz5,Anthracnose(102),3000,4000,JPEG
dataset\_work\spinach_classified\spinach_sy69db2nz5\anomala\Anthracnose(102)__Anthracnose (43).jpg,anomala,spinach_sy69db2nz5,Anthracnose(102),3000,4000,JPEG
dataset\_work\spinach_classified\spinach_sy69db2nz5\anomala\Anthracnose(102)__Anthracnose (44).jpg,anomala,spinach_sy69db2nz5,Anthracnose(102),3000,4000,JPEG
dataset\_work\spinach_classified\spinach_sy69db2nz5\anomala\Anthracnose(102)__Anthracnose (45).jpg,anomala,spinach_sy69db2nz5,Anthracnose(102),3000,4000,JPEG
dataset\_work\spinach_classified\spinach_sy69db2nz5\anomala\Anthracnose(102)__Anthracnose (46).JPG,anomala,spinach_sy69db2nz5,Anthracnose(102),3213,5712,MPO
dataset\_work\spinach_classified\spinach_sy69db2nz5\anomala\Anthracnose(102)__Anthracnose (47).JPG,anomala,spinach_sy69db2nz5,Anthracnose(102),3213,5712,MPO
dataset\_work\spinach_classified\spinach_sy69db2nz5\anomala\Anthracnose(102)__Anthracnose (48).JPG,anomala,spinach_sy69db2nz5,Anthracnose(102),2268,4032,MPO
dataset\_work\spinach_classified\spinach_sy69db2nz5\anomala\Anthracnose(102)__Anthracnose (49).jpg,anomala,spinach_sy69db2nz5,Anthracnose(102),3000,4000,JPEG
dataset\_work\spinach_classified\spinach_sy69db2nz5\anomala\Anthracnose(102)__Anthracnose (5).jpg,anomala,spinach_sy69db2nz5,Anthracnose(102),3060,4080,JPEG
dataset\_work\spinach_classified\spinach_sy69db2nz5\anomala\Anthracnose(102)__Anthracnose (50).jpg,anomala,spinach_sy69db2nz5,Anthracnose(102),3000,4000,JPEG
dataset\_work\spinach_classified\spinach_sy69db2nz5\anomala\Anthracnose(102)__Anthracnose (51).jpg,anomala,spinach_sy69db2nz5,Anthracnose(102),3000,4000,JPEG
dataset\_work\spinach_classified\spinach_sy69db2nz5\anomala\Anthracnose(102)__Anthracnose (52).jpg,anomala,spinach_sy69db2nz5,Anthracnose(102),3000,4000,JPEG
dataset\_work\spinach_classified\spinach_sy69db2nz5\anomala\Anthracnose(102)__Anthracnose (53).jpg,anomala,spinach_sy69db2nz5,Anthracnose(102),3000,4000,JPEG
dataset\_work\spinach_classified\spinach_sy69db2nz5\anomala\Anthracnose(102)__Anthracnose (54).jpg,anomala,spinach_sy69db2nz5,Anthracnose(102),3000,4000,JPEG
dataset\_work\spinach_classified\spinach_sy69db2nz5\anomala\Anthracnose(102)__Anthracnose (55).jpg,anomala,spinach_sy69db2nz5,Anthracnose(102),3000,4000,JPEG
dataset\_work\spinach_classified\spinach_sy69db2nz5\anomala\Anthracnose(102)__Anthracnose (56).jpg,anomala,spinach_sy69db2nz5,Anthracnose(102),3000,4000,JPEG
dataset\_work\spinach_classified\spinach_sy69db2nz5\anomala\Anthracnose(102)__Anthracnose (57).jpg,anomala,spinach_sy69db2nz5,Anthracnose(102),3000,4000,JPEG
dataset\_work\spinach_classified\spinach_sy69db2nz5\anomala\Anthracnose(102)__Anthracnose (58).jpg,anomala,spinach_sy69db2nz5,Anthracnose(102),3000,4000,JPEG
dataset\_work\spinach_classified\spinach_sy69db2nz5\anomala\Anthracnose(102)__Anthracnose (59).jpg,anomala,spinach_sy69db2nz5,Anthracnose(102),2296,4080,JPEG
dataset\_work\spinach_classified\spinach_sy69db2nz5\anomala\Anthracnose(102)__Anthracnose (6).jpg,anomala,spinach_sy69db2nz5,Anthracnose(102),3060,4080,JPEG
dataset\_work\spinach_classified\spinach_sy69db2nz5\anomala\Anthracnose(102)__Anthracnose (60).jpg,anomala,spinach_sy69db2nz5,Anthracnose(102),2296,4080,JPEG
dataset\_work\spinach_classified\spinach_sy69db2nz5\anomala\Anthracnose(102)__Anthracnose (61).jpg,anomala,spinach_sy69db2nz5,Anthracnose(102),2296,4080,JPEG
dataset\_work\spinach_classified\spinach_sy69db2nz5\anomala\Anthracnose(102)__Anthracnose (62).jpg,anomala,spinach_sy69db2nz5,Anthracnose(102),2296,4080,JPEG
dataset\_work\spinach_classified\spinach_sy69db2nz5\anomala\Anthracnose(102)__Anthracnose (63).jpg,anomala,spinach_sy69db2nz5,Anthracnose(102),2296,4080,JPEG
dataset\_work\spinach_classified\spinach_sy69db2nz5\anomala\Anthracnose(102)__Anthracnose (64).jpg,anomala,spinach_sy69db2nz5,Anthracnose(102),2296,4080,JPEG
dataset\_work\spinach_classified\spinach_sy69db2nz5\anomala\Anthracnose(102)__Anthracnose (65).jpg,anomala,spinach_sy69db2nz5,Anthracnose(102),2296,4080,JPEG
dataset\_work\spinach_classified\spinach_sy69db2nz5\anomala\Anthracnose(102)__Anthracnose (66).jpg,anomala,spinach_sy69db2nz5,Anthracnose(102),2296,4080,JPEG
dataset\_work\spinach_classified\spinach_sy69db2nz5\anomala\Anthracnose(102)__Anthracnose (67).jpg,anomala,spinach_sy69db2nz5,Anthracnose(102),2296,4080,JPEG
dataset\_work\spinach_classified\spinach_sy69db2nz5\anomala\Anthracnose(102)__Anthracnose (68).jpg,anomala,spinach_sy69db2nz5,Anthracnose(102),2296,4080,JPEG
dataset\_work\spinach_classified\spinach_sy69db2nz5\anomala\Anthracnose(102)__Anthracnose (69).jpg,anomala,spinach_sy69db2nz5,Anthracnose(102),2296,4080,JPEG
dataset\_work\spinach_classified\spinach_sy69db2nz5\anomala\Anthracnose(102)__Anthracnose (7).jpg,anomala,spinach_sy69db2nz5,Anthracnose(102),3060,4080,JPEG
dataset\_work\spinach_classified\spinach_sy69db2nz5\anomala\Anthracnose(102)__Anthracnose (70).jpg,anomala,spinach_sy69db2nz5,Anthracnose(102),2296,4080,JPEG
dataset\_work\spinach_classified\spinach_sy69db2nz5\anomala\Anthracnose(102)__Anthracnose (71).jpg,anomala,spinach_sy69db2nz5,Anthracnose(102),2296,4080,JPEG
dataset\_work\spinach_classified\spinach_sy69db2nz5\anomala\Anthracnose(102)__Anthracnose (72).jpg,anomala,spinach_sy69db2nz5,Anthracnose(102),2296,4080,JPEG
dataset\_work\spinach_classified\spinach_sy69db2nz5\anomala\Anthracnose(102)__Anthracnose (73).jpg,anomala,spinach_sy69db2nz5,Anthracnose(102),2296,4080,JPEG
dataset\_work\spinach_classified\spinach_sy69db2nz5\anomala\Anthracnose(102)__Anthracnose (74).jpg,anomala,spinach_sy69db2nz5,Anthracnose(102),2296,4080,JPEG
dataset\_work\spinach_classified\spinach_sy69db2nz5\anomala\Anthracnose(102)__Anthracnose (75).jpg,anomala,spinach_sy69db2nz5,Anthracnose(102),2296,4080,JPEG
dataset\_work\spinach_classified\spinach_sy69db2nz5\anomala\Anthracnose(102)__Anthracnose (76).jpg,anomala,spinach_sy69db2nz5,Anthracnose(102),2296,4080,JPEG
dataset\_work\spinach_classified\spinach_sy69db2nz5\anomala\Anthracnose(102)__Anthracnose (77).jpg,anomala,spinach_sy69db2nz5,Anthracnose(102),2296,4080,JPEG
dataset\_work\spinach_classified\spinach_sy69db2nz5\anomala\Anthracnose(102)__Anthracnose (78).jpg,anomala,spinach_sy69db2nz5,Anthracnose(102),2296,4080,JPEG
dataset\_work\spinach_classified\spinach_sy69db2nz5\anomala\Anthracnose(102)__Anthracnose (79).jpg,anomala,spinach_sy69db2nz5,Anthracnose(102),2296,4080,JPEG
dataset\_work\spinach_classified\spinach_sy69db2nz5\anomala\Anthracnose(102)__Anthracnose (8).jpg,anomala,spinach_sy69db2nz5,Anthracnose(102),3060,4080,JPEG
dataset\_work\spinach_classified\spinach_sy69db2nz5\anomala\Anthracnose(102)__Anthracnose (80).jpg,anomala,spinach_sy69db2nz5,Anthracnose(102),2296,4080,JPEG
dataset\_work\spinach_classified\spinach_sy69db2nz5\anomala\Anthracnose(102)__Anthracnose (81).jpg,anomala,spinach_sy69db2nz5,Anthracnose(102),2296,4080,JPEG
dataset\_work\spinach_classified\spinach_sy69db2nz5\anomala\Anthracnose(102)__Anthracnose (82).jpg,anomala,spinach_sy69db2nz5,Anthracnose(102),2296,4080,JPEG
dataset\_work\spinach_classified\spinach_sy69db2nz5\anomala\Anthracnose(102)__Anthracnose (83).jpg,anomala,spinach_sy69db2nz5,Anthracnose(102),2296,4080,JPEG
dataset\_work\spinach_classified\spinach_sy69db2nz5\anomala\Anthracnose(102)__Anthracnose (84).jpg,anomala,spinach_sy69db2nz5,Anthracnose(102),2296,4080,JPEG
dataset\_work\spinach_classified\spinach_sy69db2nz5\anomala\Anthracnose(102)__Anthracnose (85).jpg,anomala,spinach_sy69db2nz5,Anthracnose(102),2296,4080,JPEG
dataset\_work\spinach_classified\spinach_sy69db2nz5\anomala\Anthracnose(102)__Anthracnose (86).jpg,anomala,spinach_sy69db2nz5,Anthracnose(102),3000,4000,JPEG
dataset\_work\spinach_classified\spinach_sy69db2nz5\anomala\Anthracnose(102)__Anthracnose (87).jpg,anomala,spinach_sy69db2nz5,Anthracnose(102),3000,4000,JPEG
dataset\_work\spinach_classified\spinach_sy69db2nz5\anomala\Anthracnose(102)__Anthracnose (88).jpg,anomala,spinach_sy69db2nz5,Anthracnose(102),3000,4000,JPEG
dataset\_work\spinach_classified\spinach_sy69db2nz5\anomala\Anthracnose(102)__Anthracnose (89).jpg,anomala,spinach_sy69db2nz5,Anthracnose(102),3000,4000,JPEG
dataset\_work\spinach_classified\spinach_sy69db2nz5\anomala\Anthracnose(102)__Anthracnose (9).jpg,anomala,spinach_sy69db2nz5,Anthracnose(102),3060,4080,JPEG
dataset\_work\spinach_classified\spinach_sy69db2nz5\anomala\Anthracnose(102)__Anthracnose (90).jpg,anomala,spinach_sy69db2nz5,Anthracnose(102),3000,4000,JPEG
dataset\_work\spinach_classified\spinach_sy69db2nz5\anomala\Anthracnose(102)__Anthracnose (91).jpg,anomala,spinach_sy69db2nz5,Anthracnose(102),3000,4000,JPEG
dataset\_work\spinach_classified\spinach_sy69db2nz5\anomala\Anthracnose(102)__Anthracnose (92).jpg,anomala,spinach_sy69db2nz5,Anthracnose(102),3000,4000,JPEG
dataset\_work\spinach_classified\spinach_sy69db2nz5\anomala\Anthracnose(102)__Anthracnose (93).jpg,anomala,spinach_sy69db2nz5,Anthracnose(102),3000,4000,JPEG
dataset\_work\spinach_classified\spinach_sy69db2nz5\anomala\Anthracnose(102)__Anthracnose (94).jpg,anomala,spinach_sy69db2nz5,Anthracnose(102),3000,4000,JPEG
dataset\_work\spinach_classified\spinach_sy69db2nz5\anomala\Anthracnose(102)__Anthracnose (95).jpg,anomala,spinach_sy69db2nz5,Anthracnose(102),3060,4080,JPEG
dataset\_work\spinach_classified\spinach_sy69db2nz5\anomala\Anthracnose(102)__Anthracnose (96).jpg,anomala,spinach_sy69db2nz5,Anthracnose(102),3060,4080,JPEG
dataset\_work\spinach_classified\spinach_sy69db2nz5\anomala\Anthracnose(102)__Anthracnose (97).jpg,anomala,spinach_sy69db2nz5,Anthracnose(102),3060,4080,JPEG
dataset\_work\spinach_classified\spinach_sy69db2nz5\anomala\Anthracnose(102)__Anthracnose (98).jpg,anomala,spinach_sy69db2nz5,Anthracnose(102),3060,4080,JPEG
dataset\_work\spinach_classified\spinach_sy69db2nz5\anomala\Anthracnose(102)__Anthracnose (99).jpg,anomala,spinach_sy69db2nz5,Anthracnose(102),3060,4080,JPEG
dataset\_work\spinach_classified\spinach_sy69db2nz5\anomala\Bacterial-Spot(752)__Bacterial-Spot (1).jpg,anomala,spinach_sy69db2nz5,Bacterial-Spot(752),675,1200,JPEG
dataset\_work\spinach_classified\spinach_sy69db2nz5\anomala\Bacterial-Spot(752)__Bacterial-Spot (10).jpg,anomala,spinach_sy69db2nz5,Bacterial-Spot(752),675,1200,JPEG
dataset\_work\spinach_classified\spinach_sy69db2nz5\anomala\Bacterial-Spot(752)__Bacterial-Spot (100).jpg,anomala,spinach_sy69db2nz5,Bacterial-Spot(752),451,553,JPEG
dataset\_work\spinach_classified\spinach_sy69db2nz5\anomala\Bacterial-Spot(752)__Bacterial-Spot (101).jpg,anomala,spinach_sy69db2nz5,Bacterial-Spot(752),417,599,JPEG
dataset\_work\spinach_classified\spinach_sy69db2nz5\anomala\Bacterial-Spot(752)__Bacterial-Spot (102).jpg,anomala,spinach_sy69db2nz5,Bacterial-Spot(752),403,619,JPEG
dataset\_work\spinach_classified\spinach_sy69db2nz5\anomala\Bacterial-Spot(752)__Bacterial-Spot (103).jpg,anomala,spinach_sy69db2nz5,Bacterial-Spot(752),433,577,JPEG
dataset\_work\spinach_classified\spinach_sy69db2nz5\anomala\Bacterial-Spot(752)__Bacterial-Spot (104).jpg,anomala,spinach_sy69db2nz5,Bacterial-Spot(752),433,577,JPEG
dataset\_work\spinach_classified\spinach_sy69db2nz5\anomala\Bacterial-Spot(752)__Bacterial-Spot (105).jpg,anomala,spinach_sy69db2nz5,Bacterial-Spot(752),433,577,JPEG
dataset\_work\spinach_classified\spinach_sy69db2nz5\anomala\Bacterial-Spot(752)__Bacterial-Spot (106).jpg,anomala,spinach_sy69db2nz5,Bacterial-Spot(752),433,577,JPEG
dataset\_work\spinach_classified\spinach_sy69db2nz5\anomala\Bacterial-Spot(752)__Bacterial-Spot (107).jpg,anomala,spinach_sy69db2nz5,Bacterial-Spot(752),433,577,JPEG
dataset\_work\spinach_classified\spinach_sy69db2nz5\anomala\Bacterial-Spot(752)__Bacterial-Spot (108).jpg,anomala,spinach_sy69db2nz5,Bacterial-Spot(752),433,577,JPEG
dataset\_work\spinach_classified\spinach_sy69db2nz5\anomala\Bacterial-Spot(752)__Bacterial-Spot (109).jpg,anomala,spinach_sy69db2nz5,Bacterial-Spot(752),445,560,JPEG
dataset\_work\spinach_classified\spinach_sy69db2nz5\anomala\Bacterial-Spot(752)__Bacterial-Spot (11).jpg,anomala,spinach_sy69db2nz5,Bacterial-Spot(752),675,1200,JPEG
dataset\_work\spinach_classified\spinach_sy69db2nz5\anomala\Bacterial-Spot(752)__Bacterial-Spot (110).jpg,anomala,spinach_sy69db2nz5,Bacterial-Spot(752),436,572,JPEG
dataset\_work\spinach_classified\spinach_sy69db2nz5\anomala\Bacterial-Spot(752)__Bacterial-Spot (111).jpg,anomala,spinach_sy69db2nz5,Bacterial-Spot(752),446,560,JPEG
dataset\_work\spinach_classified\spinach_sy69db2nz5\anomala\Bacterial-Spot(752)__Bacterial-Spot (112).jpg,anomala,spinach_sy69db2nz5,Bacterial-Spot(752),411,607,JPEG
dataset\_work\spinach_classified\spinach_sy69db2nz5\anomala\Bacterial-Spot(752)__Bacterial-Spot (113).jpg,anomala,spinach_sy69db2nz5,Bacterial-Spot(752),413,604,JPEG
dataset\_work\spinach_classified\spinach_sy69db2nz5\anomala\Bacterial-Spot(752)__Bacterial-Spot (114).jpg,anomala,spinach_sy69db2nz5,Bacterial-Spot(752),415,602,JPEG
dataset\_work\spinach_classified\spinach_sy69db2nz5\anomala\Bacterial-Spot(752)__Bacterial-Spot (115).jpg,anomala,spinach_sy69db2nz5,Bacterial-Spot(752),424,588,JPEG
dataset\_work\spinach_classified\spinach_sy69db2nz5\anomala\Bacterial-Spot(752)__Bacterial-Spot (116).jpg,anomala,spinach_sy69db2nz5,Bacterial-Spot(752),438,569,JPEG
dataset\_work\spinach_classified\spinach_sy69db2nz5\anomala\Bacterial-Spot(752)__Bacterial-Spot (117).jpg,anomala,spinach_sy69db2nz5,Bacterial-Spot(752),430,580,JPEG
dataset\_work\spinach_classified\spinach_sy69db2nz5\anomala\Bacterial-Spot(752)__Bacterial-Spot (118).jpg,anomala,spinach_sy69db2nz5,Bacterial-Spot(752),433,577,JPEG
dataset\_work\spinach_classified\spinach_sy69db2nz5\anomala\Bacterial-Spot(752)__Bacterial-Spot (119).jpg,anomala,spinach_sy69db2nz5,Bacterial-Spot(752),433,577,JPEG
dataset\_work\spinach_classified\spinach_sy69db2nz5\anomala\Bacterial-Spot(752)__Bacterial-Spot (12).jpg,anomala,spinach_sy69db2nz5,Bacterial-Spot(752),675,1200,JPEG
dataset\_work\spinach_classified\spinach_sy69db2nz5\anomala\Bacterial-Spot(752)__Bacterial-Spot (120).jpg,anomala,spinach_sy69db2nz5,Bacterial-Spot(752),300,400,JPEG
dataset\_work\spinach_classified\spinach_sy69db2nz5\anomala\Bacterial-Spot(752)__Bacterial-Spot (121).jpg,anomala,spinach_sy69db2nz5,Bacterial-Spot(752),300,400,JPEG
dataset\_work\spinach_classified\spinach_sy69db2nz5\anomala\Bacterial-Spot(752)__Bacterial-Spot (122).jpg,anomala,spinach_sy69db2nz5,Bacterial-Spot(752),300,400,JPEG
dataset\_work\spinach_classified\spinach_sy69db2nz5\anomala\Bacterial-Spot(752)__Bacterial-Spot (123).jpg,anomala,spinach_sy69db2nz5,Bacterial-Spot(752),300,400,JPEG
dataset\_work\spinach_classified\spinach_sy69db2nz5\anomala\Bacterial-Spot(752)__Bacterial-Spot (124).jpg,anomala,spinach_sy69db2nz5,Bacterial-Spot(752),300,400,JPEG
dataset\_work\spinach_classified\spinach_sy69db2nz5\anomala\Bacterial-Spot(752)__Bacterial-Spot (125).jpg,anomala,spinach_sy69db2nz5,Bacterial-Spot(752),300,400,JPEG
dataset\_work\spinach_classified\spinach_sy69db2nz5\anomala\Bacterial-Spot(752)__Bacterial-Spot (126).jpg,anomala,spinach_sy69db2nz5,Bacterial-Spot(752),300,400,JPEG
dataset\_work\spinach_classified\spinach_sy69db2nz5\anomala\Bacterial-Spot(752)__Bacterial-Spot (127).jpg,anomala,spinach_sy69db2nz5,Bacterial-Spot(752),300,400,JPEG
dataset\_work\spinach_classified\spinach_sy69db2nz5\anomala\Bacterial-Spot(752)__Bacterial-Spot (128).jpg,anomala,spinach_sy69db2nz5,Bacterial-Spot(752),300,400,JPEG
dataset\_work\spinach_classified\spinach_sy69db2nz5\anomala\Bacterial-Spot(752)__Bacterial-Spot (129).jpg,anomala,spinach_sy69db2nz5,Bacterial-Spot(752),300,400,JPEG
dataset\_work\spinach_classified\spinach_sy69db2nz5\anomala\Bacterial-Spot(752)__Bacterial-Spot (13).jpg,anomala,spinach_sy69db2nz5,Bacterial-Spot(752),900,1200,JPEG
dataset\_work\spinach_classified\spinach_sy69db2nz5\anomala\Bacterial-Spot(752)__Bacterial-Spot (130).jpg,anomala,spinach_sy69db2nz5,Bacterial-Spot(752),300,400,JPEG
dataset\_work\spinach_classified\spinach_sy69db2nz5\anomala\Bacterial-Spot(752)__Bacterial-Spot (131).jpg,anomala,spinach_sy69db2nz5,Bacterial-Spot(752),300,400,JPEG
dataset\_work\spinach_classified\spinach_sy69db2nz5\anomala\Bacterial-Spot(752)__Bacterial-Spot (132).jpg,anomala,spinach_sy69db2nz5,Bacterial-Spot(752),300,400,JPEG
dataset\_work\spinach_classified\spinach_sy69db2nz5\anomala\Bacterial-Spot(752)__Bacterial-Spot (133).jpg,anomala,spinach_sy69db2nz5,Bacterial-Spot(752),300,400,JPEG
dataset\_work\spinach_classified\spinach_sy69db2nz5\anomala\Bacterial-Spot(752)__Bacterial-Spot (134).jpg,anomala,spinach_sy69db2nz5,Bacterial-Spot(752),300,400,JPEG
dataset\_work\spinach_classified\spinach_sy69db2nz5\anomala\Bacterial-Spot(752)__Bacterial-Spot (135).jpg,anomala,spinach_sy69db2nz5,Bacterial-Spot(752),300,400,JPEG
dataset\_work\spinach_classified\spinach_sy69db2nz5\anomala\Bacterial-Spot(752)__Bacterial-Spot (136).jpg,anomala,spinach_sy69db2nz5,Bacterial-Spot(752),300,400,JPEG
dataset\_work\spinach_classified\spinach_sy69db2nz5\anomala\Bacterial-Spot(752)__Bacterial-Spot (137).jpg,anomala,spinach_sy69db2nz5,Bacterial-Spot(752),300,400,JPEG
dataset\_work\spinach_classified\spinach_sy69db2nz5\anomala\Bacterial-Spot(752)__Bacterial-Spot (138).jpg,anomala,spinach_sy69db2nz5,Bacterial-Spot(752),300,400,JPEG
dataset\_work\spinach_classified\spinach_sy69db2nz5\anomala\Bacterial-Spot(752)__Bacterial-Spot (139).jpg,anomala,spinach_sy69db2nz5,Bacterial-Spot(752),300,400,JPEG
dataset\_work\spinach_classified\spinach_sy69db2nz5\anomala\Bacterial-Spot(752)__Bacterial-Spot (14).jpg,anomala,spinach_sy69db2nz5,Bacterial-Spot(752),675,1200,JPEG
dataset\_work\spinach_classified\spinach_sy69db2nz5\anomala\Bacterial-Spot(752)__Bacterial-Spot (140).jpg,anomala,spinach_sy69db2nz5,Bacterial-Spot(752),300,400,JPEG
dataset\_work\spinach_classified\spinach_sy69db2nz5\anomala\Bacterial-Spot(752)__Bacterial-Spot (141).jpg,anomala,spinach_sy69db2nz5,Bacterial-Spot(752),300,400,JPEG
dataset\_work\spinach_classified\spinach_sy69db2nz5\anomala\Bacterial-Spot(752)__Bacterial-Spot (142).jpg,anomala,spinach_sy69db2nz5,Bacterial-Spot(752),300,400,JPEG
dataset\_work\spinach_classified\spinach_sy69db2nz5\anomala\Bacterial-Spot(752)__Bacterial-Spot (143).jpg,anomala,spinach_sy69db2nz5,Bacterial-Spot(752),300,400,JPEG
dataset\_work\spinach_classified\spinach_sy69db2nz5\anomala\Bacterial-Spot(752)__Bacterial-Spot (144).jpg,anomala,spinach_sy69db2nz5,Bacterial-Spot(752),300,400,JPEG
dataset\_work\spinach_classified\spinach_sy69db2nz5\anomala\Bacterial-Spot(752)__Bacterial-Spot (145).jpg,anomala,spinach_sy69db2nz5,Bacterial-Spot(752),300,400,JPEG
dataset\_work\spinach_classified\spinach_sy69db2nz5\anomala\Bacterial-Spot(752)__Bacterial-Spot (146).jpg,anomala,spinach_sy69db2nz5,Bacterial-Spot(752),300,400,JPEG
dataset\_work\spinach_classified\spinach_sy69db2nz5\anomala\Bacterial-Spot(752)__Bacterial-Spot (147).jpg,anomala,spinach_sy69db2nz5,Bacterial-Spot(752),300,400,JPEG
dataset\_work\spinach_classified\spinach_sy69db2nz5\anomala\Bacterial-Spot(752)__Bacterial-Spot (148).jpg,anomala,spinach_sy69db2nz5,Bacterial-Spot(752),300,400,JPEG
dataset\_work\spinach_classified\spinach_sy69db2nz5\anomala\Bacterial-Spot(752)__Bacterial-Spot (149).jpg,anomala,spinach_sy69db2nz5,Bacterial-Spot(752),300,400,JPEG
dataset\_work\spinach_classified\spinach_sy69db2nz5\anomala\Bacterial-Spot(752)__Bacterial-Spot (15).jpg,anomala,spinach_sy69db2nz5,Bacterial-Spot(752),675,1200,JPEG
dataset\_work\spinach_classified\spinach_sy69db2nz5\anomala\Bacterial-Spot(752)__Bacterial-Spot (150).jpg,anomala,spinach_sy69db2nz5,Bacterial-Spot(752),300,400,JPEG
dataset\_work\spinach_classified\spinach_sy69db2nz5\anomala\Bacterial-Spot(752)__Bacterial-Spot (151).jpg,anomala,spinach_sy69db2nz5,Bacterial-Spot(752),300,400,JPEG
dataset\_work\spinach_classified\spinach_sy69db2nz5\anomala\Bacterial-Spot(752)__Bacterial-Spot (152).jpg,anomala,spinach_sy69db2nz5,Bacterial-Spot(752),300,400,JPEG
dataset\_work\spinach_classified\spinach_sy69db2nz5\anomala\Bacterial-Spot(752)__Bacterial-Spot (153).jpg,anomala,spinach_sy69db2nz5,Bacterial-Spot(752),300,400,JPEG
dataset\_work\spinach_classified\spinach_sy69db2nz5\anomala\Bacterial-Spot(752)__Bacterial-Spot (154).jpg,anomala,spinach_sy69db2nz5,Bacterial-Spot(752),300,400,JPEG
dataset\_work\spinach_classified\spinach_sy69db2nz5\anomala\Bacterial-Spot(752)__Bacterial-Spot (155).jpg,anomala,spinach_sy69db2nz5,Bacterial-Spot(752),300,400,JPEG
dataset\_work\spinach_classified\spinach_sy69db2nz5\anomala\Bacterial-Spot(752)__Bacterial-Spot (156).jpg,anomala,spinach_sy69db2nz5,Bacterial-Spot(752),300,400,JPEG
dataset\_work\spinach_classified\spinach_sy69db2nz5\anomala\Bacterial-Spot(752)__Bacterial-Spot (157).jpg,anomala,spinach_sy69db2nz5,Bacterial-Spot(752),300,400,JPEG
dataset\_work\spinach_classified\spinach_sy69db2nz5\anomala\Bacterial-Spot(752)__Bacterial-Spot (158).jpg,anomala,spinach_sy69db2nz5,Bacterial-Spot(752),300,400,JPEG
dataset\_work\spinach_classified\spinach_sy69db2nz5\anomala\Bacterial-Spot(752)__Bacterial-Spot (159).jpg,anomala,spinach_sy69db2nz5,Bacterial-Spot(752),300,400,JPEG
dataset\_work\spinach_classified\spinach_sy69db2nz5\anomala\Bacterial-Spot(752)__Bacterial-Spot (16).jpg,anomala,spinach_sy69db2nz5,Bacterial-Spot(752),675,1200,JPEG
dataset\_work\spinach_classified\spinach_sy69db2nz5\anomala\Bacterial-Spot(752)__Bacterial-Spot (160).jpg,anomala,spinach_sy69db2nz5,Bacterial-Spot(752),300,400,JPEG
dataset\_work\spinach_classified\spinach_sy69db2nz5\anomala\Bacterial-Spot(752)__Bacterial-Spot (161).jpg,anomala,spinach_sy69db2nz5,Bacterial-Spot(752),300,400,JPEG
dataset\_work\spinach_classified\spinach_sy69db2nz5\anomala\Bacterial-Spot(752)__Bacterial-Spot (162).jpg,anomala,spinach_sy69db2nz5,Bacterial-Spot(752),300,400,JPEG
dataset\_work\spinach_classified\spinach_sy69db2nz5\anomala\Bacterial-Spot(752)__Bacterial-Spot (163).jpg,anomala,spinach_sy69db2nz5,Bacterial-Spot(752),300,400,JPEG
dataset\_work\spinach_classified\spinach_sy69db2nz5\anomala\Bacterial-Spot(752)__Bacterial-Spot (164).jpg,anomala,spinach_sy69db2nz5,Bacterial-Spot(752),300,400,JPEG
dataset\_work\spinach_classified\spinach_sy69db2nz5\anomala\Bacterial-Spot(752)__Bacterial-Spot (165).jpg,anomala,spinach_sy69db2nz5,Bacterial-Spot(752),300,400,JPEG
dataset\_work\spinach_classified\spinach_sy69db2nz5\anomala\Bacterial-Spot(752)__Bacterial-Spot (166).jpg,anomala,spinach_sy69db2nz5,Bacterial-Spot(752),300,400,JPEG
dataset\_work\spinach_classified\spinach_sy69db2nz5\anomala\Bacterial-Spot(752)__Bacterial-Spot (167).jpg,anomala,spinach_sy69db2nz5,Bacterial-Spot(752),300,400,JPEG
dataset\_work\spinach_classified\spinach_sy69db2nz5\anomala\Bacterial-Spot(752)__Bacterial-Spot (168).jpg,anomala,spinach_sy69db2nz5,Bacterial-Spot(752),300,400,JPEG
dataset\_work\spinach_classified\spinach_sy69db2nz5\anomala\Bacterial-Spot(752)__Bacterial-Spot (169).jpg,anomala,spinach_sy69db2nz5,Bacterial-Spot(752),300,400,JPEG
dataset\_work\spinach_classified\spinach_sy69db2nz5\anomala\Bacterial-Spot(752)__Bacterial-Spot (17).jpg,anomala,spinach_sy69db2nz5,Bacterial-Spot(752),675,1200,JPEG
dataset\_work\spinach_classified\spinach_sy69db2nz5\anomala\Bacterial-Spot(752)__Bacterial-Spot (170).jpg,anomala,spinach_sy69db2nz5,Bacterial-Spot(752),300,400,JPEG
dataset\_work\spinach_classified\spinach_sy69db2nz5\anomala\Bacterial-Spot(752)__Bacterial-Spot (171).jpg,anomala,spinach_sy69db2nz5,Bacterial-Spot(752),375,666,JPEG
dataset\_work\spinach_classified\spinach_sy69db2nz5\anomala\Bacterial-Spot(752)__Bacterial-Spot (172).jpg,anomala,spinach_sy69db2nz5,Bacterial-Spot(752),375,666,JPEG
dataset\_work\spinach_classified\spinach_sy69db2nz5\anomala\Bacterial-Spot(752)__Bacterial-Spot (173).jpg,anomala,spinach_sy69db2nz5,Bacterial-Spot(752),246,328,JPEG
dataset\_work\spinach_classified\spinach_sy69db2nz5\anomala\Bacterial-Spot(752)__Bacterial-Spot (174).jpg,anomala,spinach_sy69db2nz5,Bacterial-Spot(752),281,374,JPEG
dataset\_work\spinach_classified\spinach_sy69db2nz5\anomala\Bacterial-Spot(752)__Bacterial-Spot (175).jpg,anomala,spinach_sy69db2nz5,Bacterial-Spot(752),326,435,JPEG
dataset\_work\spinach_classified\spinach_sy69db2nz5\anomala\Bacterial-Spot(752)__Bacterial-Spot (176).jpg,anomala,spinach_sy69db2nz5,Bacterial-Spot(752),568,439,JPEG
dataset\_work\spinach_classified\spinach_sy69db2nz5\anomala\Bacterial-Spot(752)__Bacterial-Spot (177).jpg,anomala,spinach_sy69db2nz5,Bacterial-Spot(752),414,603,JPEG
dataset\_work\spinach_classified\spinach_sy69db2nz5\anomala\Bacterial-Spot(752)__Bacterial-Spot (178).jpg,anomala,spinach_sy69db2nz5,Bacterial-Spot(752),439,568,JPEG
dataset\_work\spinach_classified\spinach_sy69db2nz5\anomala\Bacterial-Spot(752)__Bacterial-Spot (179).jpg,anomala,spinach_sy69db2nz5,Bacterial-Spot(752),437,572,JPEG
dataset\_work\spinach_classified\spinach_sy69db2nz5\anomala\Bacterial-Spot(752)__Bacterial-Spot (18).jpg,anomala,spinach_sy69db2nz5,Bacterial-Spot(752),675,1200,JPEG
dataset\_work\spinach_classified\spinach_sy69db2nz5\anomala\Bacterial-Spot(752)__Bacterial-Spot (180).jpg,anomala,spinach_sy69db2nz5,Bacterial-Spot(752),369,530,JPEG
dataset\_work\spinach_classified\spinach_sy69db2nz5\anomala\Bacterial-Spot(752)__Bacterial-Spot (181).jpg,anomala,spinach_sy69db2nz5,Bacterial-Spot(752),398,626,JPEG
dataset\_work\spinach_classified\spinach_sy69db2nz5\anomala\Bacterial-Spot(752)__Bacterial-Spot (182).jpg,anomala,spinach_sy69db2nz5,Bacterial-Spot(752),388,523,JPEG
dataset\_work\spinach_classified\spinach_sy69db2nz5\anomala\Bacterial-Spot(752)__Bacterial-Spot (183).jpg,anomala,spinach_sy69db2nz5,Bacterial-Spot(752),409,611,JPEG
dataset\_work\spinach_classified\spinach_sy69db2nz5\anomala\Bacterial-Spot(752)__Bacterial-Spot (184).jpg,anomala,spinach_sy69db2nz5,Bacterial-Spot(752),900,1200,JPEG
dataset\_work\spinach_classified\spinach_sy69db2nz5\anomala\Bacterial-Spot(752)__Bacterial-Spot (185).jpg,anomala,spinach_sy69db2nz5,Bacterial-Spot(752),577,433,JPEG
dataset\_work\spinach_classified\spinach_sy69db2nz5\anomala\Bacterial-Spot(752)__Bacterial-Spot (186).jpg,anomala,spinach_sy69db2nz5,Bacterial-Spot(752),433,577,JPEG
dataset\_work\spinach_classified\spinach_sy69db2nz5\anomala\Bacterial-Spot(752)__Bacterial-Spot (187).jpg,anomala,spinach_sy69db2nz5,Bacterial-Spot(752),433,577,JPEG
dataset\_work\spinach_classified\spinach_sy69db2nz5\anomala\Bacterial-Spot(752)__Bacterial-Spot (188).jpg,anomala,spinach_sy69db2nz5,Bacterial-Spot(752),577,433,JPEG
dataset\_work\spinach_classified\spinach_sy69db2nz5\anomala\Bacterial-Spot(752)__Bacterial-Spot (189).jpg,anomala,spinach_sy69db2nz5,Bacterial-Spot(752),433,577,JPEG
dataset\_work\spinach_classified\spinach_sy69db2nz5\anomala\Bacterial-Spot(752)__Bacterial-Spot (19).jpg,anomala,spinach_sy69db2nz5,Bacterial-Spot(752),675,1200,JPEG
dataset\_work\spinach_classified\spinach_sy69db2nz5\anomala\Bacterial-Spot(752)__Bacterial-Spot (190).jpg,anomala,spinach_sy69db2nz5,Bacterial-Spot(752),433,577,JPEG
dataset\_work\spinach_classified\spinach_sy69db2nz5\anomala\Bacterial-Spot(752)__Bacterial-Spot (191).jpg,anomala,spinach_sy69db2nz5,Bacterial-Spot(752),433,577,JPEG
dataset\_work\spinach_classified\spinach_sy69db2nz5\anomala\Bacterial-Spot(752)__Bacterial-Spot (192).jpg,anomala,spinach_sy69db2nz5,Bacterial-Spot(752),433,577,JPEG
dataset\_work\spinach_classified\spinach_sy69db2nz5\anomala\Bacterial-Spot(752)__Bacterial-Spot (193).jpg,anomala,spinach_sy69db2nz5,Bacterial-Spot(752),577,433,JPEG
dataset\_work\spinach_classified\spinach_sy69db2nz5\anomala\Bacterial-Spot(752)__Bacterial-Spot (194).jpg,anomala,spinach_sy69db2nz5,Bacterial-Spot(752),433,577,JPEG
dataset\_work\spinach_classified\spinach_sy69db2nz5\anomala\Bacterial-Spot(752)__Bacterial-Spot (195).jpg,anomala,spinach_sy69db2nz5,Bacterial-Spot(752),433,577,JPEG
dataset\_work\spinach_classified\spinach_sy69db2nz5\anomala\Bacterial-Spot(752)__Bacterial-Spot (196).jpg,anomala,spinach_sy69db2nz5,Bacterial-Spot(752),433,577,JPEG
dataset\_work\spinach_classified\spinach_sy69db2nz5\anomala\Bacterial-Spot(752)__Bacterial-Spot (197).jpg,anomala,spinach_sy69db2nz5,Bacterial-Spot(752),900,1200,JPEG
dataset\_work\spinach_classified\spinach_sy69db2nz5\anomala\Bacterial-Spot(752)__Bacterial-Spot (198).jpg,anomala,spinach_sy69db2nz5,Bacterial-Spot(752),900,1200,JPEG
dataset\_work\spinach_classified\spinach_sy69db2nz5\anomala\Bacterial-Spot(752)__Bacterial-Spot (199).jpg,anomala,spinach_sy69db2nz5,Bacterial-Spot(752),900,1200,JPEG
dataset\_work\spinach_classified\spinach_sy69db2nz5\anomala\Bacterial-Spot(752)__Bacterial-Spot (2).jpg,anomala,spinach_sy69db2nz5,Bacterial-Spot(752),675,1200,JPEG
dataset\_work\spinach_classified\spinach_sy69db2nz5\anomala\Bacterial-Spot(752)__Bacterial-Spot (20).jpg,anomala,spinach_sy69db2nz5,Bacterial-Spot(752),675,1200,JPEG
dataset\_work\spinach_classified\spinach_sy69db2nz5\anomala\Bacterial-Spot(752)__Bacterial-Spot (200).jpg,anomala,spinach_sy69db2nz5,Bacterial-Spot(752),900,1200,JPEG
dataset\_work\spinach_classified\spinach_sy69db2nz5\anomala\Bacterial-Spot(752)__Bacterial-Spot (201).jpg,anomala,spinach_sy69db2nz5,Bacterial-Spot(752),900,1200,JPEG
dataset\_work\spinach_classified\spinach_sy69db2nz5\anomala\Bacterial-Spot(752)__Bacterial-Spot (202).jpg,anomala,spinach_sy69db2nz5,Bacterial-Spot(752),900,1200,JPEG
dataset\_work\spinach_classified\spinach_sy69db2nz5\anomala\Bacterial-Spot(752)__Bacterial-Spot (203).jpg,anomala,spinach_sy69db2nz5,Bacterial-Spot(752),900,1200,JPEG
dataset\_work\spinach_classified\spinach_sy69db2nz5\anomala\Bacterial-Spot(752)__Bacterial-Spot (204).jpg,anomala,spinach_sy69db2nz5,Bacterial-Spot(752),900,1200,JPEG
dataset\_work\spinach_classified\spinach_sy69db2nz5\anomala\Bacterial-Spot(752)__Bacterial-Spot (205).jpg,anomala,spinach_sy69db2nz5,Bacterial-Spot(752),900,1200,JPEG
dataset\_work\spinach_classified\spinach_sy69db2nz5\anomala\Bacterial-Spot(752)__Bacterial-Spot (206).jpg,anomala,spinach_sy69db2nz5,Bacterial-Spot(752),1200,900,JPEG
dataset\_work\spinach_classified\spinach_sy69db2nz5\anomala\Bacterial-Spot(752)__Bacterial-Spot (207).jpg,anomala,spinach_sy69db2nz5,Bacterial-Spot(752),900,1200,JPEG
dataset\_work\spinach_classified\spinach_sy69db2nz5\anomala\Bacterial-Spot(752)__Bacterial-Spot (208).jpg,anomala,spinach_sy69db2nz5,Bacterial-Spot(752),900,1200,JPEG
dataset\_work\spinach_classified\spinach_sy69db2nz5\anomala\Bacterial-Spot(752)__Bacterial-Spot (209).jpg,anomala,spinach_sy69db2nz5,Bacterial-Spot(752),900,1200,JPEG
dataset\_work\spinach_classified\spinach_sy69db2nz5\anomala\Bacterial-Spot(752)__Bacterial-Spot (21).jpg,anomala,spinach_sy69db2nz5,Bacterial-Spot(752),675,1200,JPEG
dataset\_work\spinach_classified\spinach_sy69db2nz5\anomala\Bacterial-Spot(752)__Bacterial-Spot (210).jpg,anomala,spinach_sy69db2nz5,Bacterial-Spot(752),900,1200,JPEG
dataset\_work\spinach_classified\spinach_sy69db2nz5\anomala\Bacterial-Spot(752)__Bacterial-Spot (211).jpg,anomala,spinach_sy69db2nz5,Bacterial-Spot(752),1200,900,JPEG
dataset\_work\spinach_classified\spinach_sy69db2nz5\anomala\Bacterial-Spot(752)__Bacterial-Spot (212).jpg,anomala,spinach_sy69db2nz5,Bacterial-Spot(752),900,1200,JPEG
dataset\_work\spinach_classified\spinach_sy69db2nz5\anomala\Bacterial-Spot(752)__Bacterial-Spot (213).jpg,anomala,spinach_sy69db2nz5,Bacterial-Spot(752),900,1200,JPEG
dataset\_work\spinach_classified\spinach_sy69db2nz5\anomala\Bacterial-Spot(752)__Bacterial-Spot (214).jpg,anomala,spinach_sy69db2nz5,Bacterial-Spot(752),900,1200,JPEG
dataset\_work\spinach_classified\spinach_sy69db2nz5\anomala\Bacterial-Spot(752)__Bacterial-Spot (215).jpg,anomala,spinach_sy69db2nz5,Bacterial-Spot(752),900,1200,JPEG
dataset\_work\spinach_classified\spinach_sy69db2nz5\anomala\Bacterial-Spot(752)__Bacterial-Spot (216).jpg,anomala,spinach_sy69db2nz5,Bacterial-Spot(752),900,1200,JPEG
dataset\_work\spinach_classified\spinach_sy69db2nz5\anomala\Bacterial-Spot(752)__Bacterial-Spot (217).jpg,anomala,spinach_sy69db2nz5,Bacterial-Spot(752),900,1200,JPEG
dataset\_work\spinach_classified\spinach_sy69db2nz5\anomala\Bacterial-Spot(752)__Bacterial-Spot (218).jpg,anomala,spinach_sy69db2nz5,Bacterial-Spot(752),900,1200,JPEG
dataset\_work\spinach_classified\spinach_sy69db2nz5\anomala\Bacterial-Spot(752)__Bacterial-Spot (219).jpg,anomala,spinach_sy69db2nz5,Bacterial-Spot(752),900,1200,JPEG
dataset\_work\spinach_classified\spinach_sy69db2nz5\anomala\Bacterial-Spot(752)__Bacterial-Spot (22).jpg,anomala,spinach_sy69db2nz5,Bacterial-Spot(752),675,1200,JPEG
dataset\_work\spinach_classified\spinach_sy69db2nz5\anomala\Bacterial-Spot(752)__Bacterial-Spot (220).jpg,anomala,spinach_sy69db2nz5,Bacterial-Spot(752),900,1200,JPEG
dataset\_work\spinach_classified\spinach_sy69db2nz5\anomala\Bacterial-Spot(752)__Bacterial-Spot (221).jpg,anomala,spinach_sy69db2nz5,Bacterial-Spot(752),900,1200,JPEG
dataset\_work\spinach_classified\spinach_sy69db2nz5\anomala\Bacterial-Spot(752)__Bacterial-Spot (222).jpg,anomala,spinach_sy69db2nz5,Bacterial-Spot(752),900,1200,JPEG
dataset\_work\spinach_classified\spinach_sy69db2nz5\anomala\Bacterial-Spot(752)__Bacterial-Spot (223).jpg,anomala,spinach_sy69db2nz5,Bacterial-Spot(752),900,1200,JPEG
dataset\_work\spinach_classified\spinach_sy69db2nz5\anomala\Bacterial-Spot(752)__Bacterial-Spot (224).jpg,anomala,spinach_sy69db2nz5,Bacterial-Spot(752),900,1200,JPEG
dataset\_work\spinach_classified\spinach_sy69db2nz5\anomala\Bacterial-Spot(752)__Bacterial-Spot (225).jpg,anomala,spinach_sy69db2nz5,Bacterial-Spot(752),900,1200,JPEG
dataset\_work\spinach_classified\spinach_sy69db2nz5\anomala\Bacterial-Spot(752)__Bacterial-Spot (226).jpg,anomala,spinach_sy69db2nz5,Bacterial-Spot(752),900,1200,JPEG
dataset\_work\spinach_classified\spinach_sy69db2nz5\anomala\Bacterial-Spot(752)__Bacterial-Spot (227).jpg,anomala,spinach_sy69db2nz5,Bacterial-Spot(752),1200,900,JPEG
dataset\_work\spinach_classified\spinach_sy69db2nz5\anomala\Bacterial-Spot(752)__Bacterial-Spot (228).jpg,anomala,spinach_sy69db2nz5,Bacterial-Spot(752),1200,900,JPEG
dataset\_work\spinach_classified\spinach_sy69db2nz5\anomala\Bacterial-Spot(752)__Bacterial-Spot (229).jpg,anomala,spinach_sy69db2nz5,Bacterial-Spot(752),1200,900,JPEG
dataset\_work\spinach_classified\spinach_sy69db2nz5\anomala\Bacterial-Spot(752)__Bacterial-Spot (23).jpg,anomala,spinach_sy69db2nz5,Bacterial-Spot(752),675,1200,JPEG
dataset\_work\spinach_classified\spinach_sy69db2nz5\anomala\Bacterial-Spot(752)__Bacterial-Spot (230).jpg,anomala,spinach_sy69db2nz5,Bacterial-Spot(752),900,1200,JPEG
dataset\_work\spinach_classified\spinach_sy69db2nz5\anomala\Bacterial-Spot(752)__Bacterial-Spot (231).jpg,anomala,spinach_sy69db2nz5,Bacterial-Spot(752),900,1200,JPEG
dataset\_work\spinach_classified\spinach_sy69db2nz5\anomala\Bacterial-Spot(752)__Bacterial-Spot (232).jpg,anomala,spinach_sy69db2nz5,Bacterial-Spot(752),900,1200,JPEG
dataset\_work\spinach_classified\spinach_sy69db2nz5\anomala\Bacterial-Spot(752)__Bacterial-Spot (233).jpg,anomala,spinach_sy69db2nz5,Bacterial-Spot(752),1200,900,JPEG
dataset\_work\spinach_classified\spinach_sy69db2nz5\anomala\Bacterial-Spot(752)__Bacterial-Spot (234).jpg,anomala,spinach_sy69db2nz5,Bacterial-Spot(752),1200,900,JPEG
dataset\_work\spinach_classified\spinach_sy69db2nz5\anomala\Bacterial-Spot(752)__Bacterial-Spot (235).jpg,anomala,spinach_sy69db2nz5,Bacterial-Spot(752),900,1200,JPEG
dataset\_work\spinach_classified\spinach_sy69db2nz5\anomala\Bacterial-Spot(752)__Bacterial-Spot (236).jpg,anomala,spinach_sy69db2nz5,Bacterial-Spot(752),1200,900,JPEG
dataset\_work\spinach_classified\spinach_sy69db2nz5\anomala\Bacterial-Spot(752)__Bacterial-Spot (237).jpg,anomala,spinach_sy69db2nz5,Bacterial-Spot(752),900,1200,JPEG
dataset\_work\spinach_classified\spinach_sy69db2nz5\anomala\Bacterial-Spot(752)__Bacterial-Spot (238).jpg,anomala,spinach_sy69db2nz5,Bacterial-Spot(752),900,1200,JPEG
dataset\_work\spinach_classified\spinach_sy69db2nz5\anomala\Bacterial-Spot(752)__Bacterial-Spot (239).jpg,anomala,spinach_sy69db2nz5,Bacterial-Spot(752),1200,900,JPEG
dataset\_work\spinach_classified\spinach_sy69db2nz5\anomala\Bacterial-Spot(752)__Bacterial-Spot (24).jpg,anomala,spinach_sy69db2nz5,Bacterial-Spot(752),675,1200,JPEG
dataset\_work\spinach_classified\spinach_sy69db2nz5\anomala\Bacterial-Spot(752)__Bacterial-Spot (240).jpg,anomala,spinach_sy69db2nz5,Bacterial-Spot(752),900,1200,JPEG
dataset\_work\spinach_classified\spinach_sy69db2nz5\anomala\Bacterial-Spot(752)__Bacterial-Spot (241).jpg,anomala,spinach_sy69db2nz5,Bacterial-Spot(752),900,1200,JPEG
dataset\_work\spinach_classified\spinach_sy69db2nz5\anomala\Bacterial-Spot(752)__Bacterial-Spot (242).jpg,anomala,spinach_sy69db2nz5,Bacterial-Spot(752),1200,900,JPEG
dataset\_work\spinach_classified\spinach_sy69db2nz5\anomala\Bacterial-Spot(752)__Bacterial-Spot (243).jpg,anomala,spinach_sy69db2nz5,Bacterial-Spot(752),900,1200,JPEG
dataset\_work\spinach_classified\spinach_sy69db2nz5\anomala\Bacterial-Spot(752)__Bacterial-Spot (244).jpg,anomala,spinach_sy69db2nz5,Bacterial-Spot(752),900,1200,JPEG
dataset\_work\spinach_classified\spinach_sy69db2nz5\anomala\Bacterial-Spot(752)__Bacterial-Spot (245).jpg,anomala,spinach_sy69db2nz5,Bacterial-Spot(752),900,1200,JPEG
dataset\_work\spinach_classified\spinach_sy69db2nz5\anomala\Bacterial-Spot(752)__Bacterial-Spot (246).jpg,anomala,spinach_sy69db2nz5,Bacterial-Spot(752),900,1200,JPEG
dataset\_work\spinach_classified\spinach_sy69db2nz5\anomala\Bacterial-Spot(752)__Bacterial-Spot (247).jpg,anomala,spinach_sy69db2nz5,Bacterial-Spot(752),900,1200,JPEG
dataset\_work\spinach_classified\spinach_sy69db2nz5\anomala\Bacterial-Spot(752)__Bacterial-Spot (248).jpg,anomala,spinach_sy69db2nz5,Bacterial-Spot(752),900,1200,JPEG
dataset\_work\spinach_classified\spinach_sy69db2nz5\anomala\Bacterial-Spot(752)__Bacterial-Spot (249).jpg,anomala,spinach_sy69db2nz5,Bacterial-Spot(752),900,1200,JPEG
dataset\_work\spinach_classified\spinach_sy69db2nz5\anomala\Bacterial-Spot(752)__Bacterial-Spot (25).jpg,anomala,spinach_sy69db2nz5,Bacterial-Spot(752),675,1200,JPEG
dataset\_work\spinach_classified\spinach_sy69db2nz5\anomala\Bacterial-Spot(752)__Bacterial-Spot (250).jpg,anomala,spinach_sy69db2nz5,Bacterial-Spot(752),900,1200,JPEG
dataset\_work\spinach_classified\spinach_sy69db2nz5\anomala\Bacterial-Spot(752)__Bacterial-Spot (251).jpg,anomala,spinach_sy69db2nz5,Bacterial-Spot(752),900,1200,JPEG
dataset\_work\spinach_classified\spinach_sy69db2nz5\anomala\Bacterial-Spot(752)__Bacterial-Spot (252).jpg,anomala,spinach_sy69db2nz5,Bacterial-Spot(752),900,1200,JPEG
dataset\_work\spinach_classified\spinach_sy69db2nz5\anomala\Bacterial-Spot(752)__Bacterial-Spot (253).jpg,anomala,spinach_sy69db2nz5,Bacterial-Spot(752),900,1200,JPEG
dataset\_work\spinach_classified\spinach_sy69db2nz5\anomala\Bacterial-Spot(752)__Bacterial-Spot (254).jpg,anomala,spinach_sy69db2nz5,Bacterial-Spot(752),900,1200,JPEG
dataset\_work\spinach_classified\spinach_sy69db2nz5\anomala\Bacterial-Spot(752)__Bacterial-Spot (255).jpg,anomala,spinach_sy69db2nz5,Bacterial-Spot(752),900,1200,JPEG
dataset\_work\spinach_classified\spinach_sy69db2nz5\anomala\Bacterial-Spot(752)__Bacterial-Spot (256).jpg,anomala,spinach_sy69db2nz5,Bacterial-Spot(752),900,1200,JPEG
dataset\_work\spinach_classified\spinach_sy69db2nz5\anomala\Bacterial-Spot(752)__Bacterial-Spot (257).jpg,anomala,spinach_sy69db2nz5,Bacterial-Spot(752),900,1200,JPEG
dataset\_work\spinach_classified\spinach_sy69db2nz5\anomala\Bacterial-Spot(752)__Bacterial-Spot (258).jpg,anomala,spinach_sy69db2nz5,Bacterial-Spot(752),900,1200,JPEG
dataset\_work\spinach_classified\spinach_sy69db2nz5\anomala\Bacterial-Spot(752)__Bacterial-Spot (259).jpg,anomala,spinach_sy69db2nz5,Bacterial-Spot(752),900,1200,JPEG
dataset\_work\spinach_classified\spinach_sy69db2nz5\anomala\Bacterial-Spot(752)__Bacterial-Spot (26).jpg,anomala,spinach_sy69db2nz5,Bacterial-Spot(752),675,1200,JPEG
dataset\_work\spinach_classified\spinach_sy69db2nz5\anomala\Bacterial-Spot(752)__Bacterial-Spot (260).jpg,anomala,spinach_sy69db2nz5,Bacterial-Spot(752),900,1200,JPEG
dataset\_work\spinach_classified\spinach_sy69db2nz5\anomala\Bacterial-Spot(752)__Bacterial-Spot (261).jpg,anomala,spinach_sy69db2nz5,Bacterial-Spot(752),900,1200,JPEG
dataset\_work\spinach_classified\spinach_sy69db2nz5\anomala\Bacterial-Spot(752)__Bacterial-Spot (262).jpg,anomala,spinach_sy69db2nz5,Bacterial-Spot(752),900,1200,JPEG
dataset\_work\spinach_classified\spinach_sy69db2nz5\anomala\Bacterial-Spot(752)__Bacterial-Spot (263).jpg,anomala,spinach_sy69db2nz5,Bacterial-Spot(752),900,1200,JPEG
dataset\_work\spinach_classified\spinach_sy69db2nz5\anomala\Bacterial-Spot(752)__Bacterial-Spot (264).jpg,anomala,spinach_sy69db2nz5,Bacterial-Spot(752),900,1200,JPEG
dataset\_work\spinach_classified\spinach_sy69db2nz5\anomala\Bacterial-Spot(752)__Bacterial-Spot (265).jpg,anomala,spinach_sy69db2nz5,Bacterial-Spot(752),900,1200,JPEG
dataset\_work\spinach_classified\spinach_sy69db2nz5\anomala\Bacterial-Spot(752)__Bacterial-Spot (266).jpg,anomala,spinach_sy69db2nz5,Bacterial-Spot(752),900,1200,JPEG
dataset\_work\spinach_classified\spinach_sy69db2nz5\anomala\Bacterial-Spot(752)__Bacterial-Spot (267).jpg,anomala,spinach_sy69db2nz5,Bacterial-Spot(752),1200,900,JPEG
dataset\_work\spinach_classified\spinach_sy69db2nz5\anomala\Bacterial-Spot(752)__Bacterial-Spot (268).jpg,anomala,spinach_sy69db2nz5,Bacterial-Spot(752),900,1200,JPEG
dataset\_work\spinach_classified\spinach_sy69db2nz5\anomala\Bacterial-Spot(752)__Bacterial-Spot (269).jpg,anomala,spinach_sy69db2nz5,Bacterial-Spot(752),1200,900,JPEG
dataset\_work\spinach_classified\spinach_sy69db2nz5\anomala\Bacterial-Spot(752)__Bacterial-Spot (27).jpg,anomala,spinach_sy69db2nz5,Bacterial-Spot(752),675,1200,JPEG
dataset\_work\spinach_classified\spinach_sy69db2nz5\anomala\Bacterial-Spot(752)__Bacterial-Spot (270).jpg,anomala,spinach_sy69db2nz5,Bacterial-Spot(752),900,1200,JPEG
dataset\_work\spinach_classified\spinach_sy69db2nz5\anomala\Bacterial-Spot(752)__Bacterial-Spot (271).jpg,anomala,spinach_sy69db2nz5,Bacterial-Spot(752),900,1200,JPEG
dataset\_work\spinach_classified\spinach_sy69db2nz5\anomala\Bacterial-Spot(752)__Bacterial-Spot (272).jpg,anomala,spinach_sy69db2nz5,Bacterial-Spot(752),900,1200,JPEG
dataset\_work\spinach_classified\spinach_sy69db2nz5\anomala\Bacterial-Spot(752)__Bacterial-Spot (273).jpg,anomala,spinach_sy69db2nz5,Bacterial-Spot(752),900,1200,JPEG
dataset\_work\spinach_classified\spinach_sy69db2nz5\anomala\Bacterial-Spot(752)__Bacterial-Spot (274).jpg,anomala,spinach_sy69db2nz5,Bacterial-Spot(752),1200,900,JPEG
dataset\_work\spinach_classified\spinach_sy69db2nz5\anomala\Bacterial-Spot(752)__Bacterial-Spot (275).jpg,anomala,spinach_sy69db2nz5,Bacterial-Spot(752),900,1200,JPEG
dataset\_work\spinach_classified\spinach_sy69db2nz5\anomala\Bacterial-Spot(752)__Bacterial-Spot (276).jpg,anomala,spinach_sy69db2nz5,Bacterial-Spot(752),900,1200,JPEG
dataset\_work\spinach_classified\spinach_sy69db2nz5\anomala\Bacterial-Spot(752)__Bacterial-Spot (277).jpg,anomala,spinach_sy69db2nz5,Bacterial-Spot(752),900,1200,JPEG
dataset\_work\spinach_classified\spinach_sy69db2nz5\anomala\Bacterial-Spot(752)__Bacterial-Spot (278).jpg,anomala,spinach_sy69db2nz5,Bacterial-Spot(752),900,1200,JPEG
dataset\_work\spinach_classified\spinach_sy69db2nz5\anomala\Bacterial-Spot(752)__Bacterial-Spot (279).jpg,anomala,spinach_sy69db2nz5,Bacterial-Spot(752),900,1200,JPEG
dataset\_work\spinach_classified\spinach_sy69db2nz5\anomala\Bacterial-Spot(752)__Bacterial-Spot (28).jpg,anomala,spinach_sy69db2nz5,Bacterial-Spot(752),675,1200,JPEG
dataset\_work\spinach_classified\spinach_sy69db2nz5\anomala\Bacterial-Spot(752)__Bacterial-Spot (280).jpg,anomala,spinach_sy69db2nz5,Bacterial-Spot(752),900,1200,JPEG
dataset\_work\spinach_classified\spinach_sy69db2nz5\anomala\Bacterial-Spot(752)__Bacterial-Spot (281).jpg,anomala,spinach_sy69db2nz5,Bacterial-Spot(752),900,1200,JPEG
dataset\_work\spinach_classified\spinach_sy69db2nz5\anomala\Bacterial-Spot(752)__Bacterial-Spot (282).jpg,anomala,spinach_sy69db2nz5,Bacterial-Spot(752),900,1200,JPEG
dataset\_work\spinach_classified\spinach_sy69db2nz5\anomala\Bacterial-Spot(752)__Bacterial-Spot (283).jpg,anomala,spinach_sy69db2nz5,Bacterial-Spot(752),900,1200,JPEG
dataset\_work\spinach_classified\spinach_sy69db2nz5\anomala\Bacterial-Spot(752)__Bacterial-Spot (284).jpg,anomala,spinach_sy69db2nz5,Bacterial-Spot(752),900,1200,JPEG
dataset\_work\spinach_classified\spinach_sy69db2nz5\anomala\Bacterial-Spot(752)__Bacterial-Spot (285).jpg,anomala,spinach_sy69db2nz5,Bacterial-Spot(752),900,1200,JPEG
dataset\_work\spinach_classified\spinach_sy69db2nz5\anomala\Bacterial-Spot(752)__Bacterial-Spot (286).jpg,anomala,spinach_sy69db2nz5,Bacterial-Spot(752),900,1200,JPEG
dataset\_work\spinach_classified\spinach_sy69db2nz5\anomala\Bacterial-Spot(752)__Bacterial-Spot (287).jpg,anomala,spinach_sy69db2nz5,Bacterial-Spot(752),900,1200,JPEG
dataset\_work\spinach_classified\spinach_sy69db2nz5\anomala\Bacterial-Spot(752)__Bacterial-Spot (288).jpg,anomala,spinach_sy69db2nz5,Bacterial-Spot(752),900,1200,JPEG
dataset\_work\spinach_classified\spinach_sy69db2nz5\anomala\Bacterial-Spot(752)__Bacterial-Spot (289).jpg,anomala,spinach_sy69db2nz5,Bacterial-Spot(752),900,1200,JPEG
dataset\_work\spinach_classified\spinach_sy69db2nz5\anomala\Bacterial-Spot(752)__Bacterial-Spot (29).jpg,anomala,spinach_sy69db2nz5,Bacterial-Spot(752),675,1200,JPEG
dataset\_work\spinach_classified\spinach_sy69db2nz5\anomala\Bacterial-Spot(752)__Bacterial-Spot (290).jpg,anomala,spinach_sy69db2nz5,Bacterial-Spot(752),900,1200,JPEG
dataset\_work\spinach_classified\spinach_sy69db2nz5\anomala\Bacterial-Spot(752)__Bacterial-Spot (291).jpg,anomala,spinach_sy69db2nz5,Bacterial-Spot(752),900,1200,JPEG
dataset\_work\spinach_classified\spinach_sy69db2nz5\anomala\Bacterial-Spot(752)__Bacterial-Spot (292).jpg,anomala,spinach_sy69db2nz5,Bacterial-Spot(752),900,1200,JPEG
dataset\_work\spinach_classified\spinach_sy69db2nz5\anomala\Bacterial-Spot(752)__Bacterial-Spot (293).jpg,anomala,spinach_sy69db2nz5,Bacterial-Spot(752),900,1200,JPEG
dataset\_work\spinach_classified\spinach_sy69db2nz5\anomala\Bacterial-Spot(752)__Bacterial-Spot (294).jpg,anomala,spinach_sy69db2nz5,Bacterial-Spot(752),900,1200,JPEG
dataset\_work\spinach_classified\spinach_sy69db2nz5\anomala\Bacterial-Spot(752)__Bacterial-Spot (295).jpg,anomala,spinach_sy69db2nz5,Bacterial-Spot(752),900,1200,JPEG
dataset\_work\spinach_classified\spinach_sy69db2nz5\anomala\Bacterial-Spot(752)__Bacterial-Spot (296).jpg,anomala,spinach_sy69db2nz5,Bacterial-Spot(752),900,1200,JPEG
dataset\_work\spinach_classified\spinach_sy69db2nz5\anomala\Bacterial-Spot(752)__Bacterial-Spot (297).jpg,anomala,spinach_sy69db2nz5,Bacterial-Spot(752),900,1200,JPEG
dataset\_work\spinach_classified\spinach_sy69db2nz5\anomala\Bacterial-Spot(752)__Bacterial-Spot (298).jpg,anomala,spinach_sy69db2nz5,Bacterial-Spot(752),900,1200,JPEG
dataset\_work\spinach_classified\spinach_sy69db2nz5\anomala\Bacterial-Spot(752)__Bacterial-Spot (299).jpg,anomala,spinach_sy69db2nz5,Bacterial-Spot(752),900,1200,JPEG
dataset\_work\spinach_classified\spinach_sy69db2nz5\anomala\Bacterial-Spot(752)__Bacterial-Spot (3).jpg,anomala,spinach_sy69db2nz5,Bacterial-Spot(752),675,1200,JPEG
dataset\_work\spinach_classified\spinach_sy69db2nz5\anomala\Bacterial-Spot(752)__Bacterial-Spot (30).jpg,anomala,spinach_sy69db2nz5,Bacterial-Spot(752),675,1200,JPEG
dataset\_work\spinach_classified\spinach_sy69db2nz5\anomala\Bacterial-Spot(752)__Bacterial-Spot (300).jpg,anomala,spinach_sy69db2nz5,Bacterial-Spot(752),900,1200,JPEG
dataset\_work\spinach_classified\spinach_sy69db2nz5\anomala\Bacterial-Spot(752)__Bacterial-Spot (301).jpg,anomala,spinach_sy69db2nz5,Bacterial-Spot(752),900,1200,JPEG
dataset\_work\spinach_classified\spinach_sy69db2nz5\anomala\Bacterial-Spot(752)__Bacterial-Spot (302).jpg,anomala,spinach_sy69db2nz5,Bacterial-Spot(752),900,1200,JPEG
dataset\_work\spinach_classified\spinach_sy69db2nz5\anomala\Bacterial-Spot(752)__Bacterial-Spot (303).jpg,anomala,spinach_sy69db2nz5,Bacterial-Spot(752),900,1200,JPEG
dataset\_work\spinach_classified\spinach_sy69db2nz5\anomala\Bacterial-Spot(752)__Bacterial-Spot (304).jpg,anomala,spinach_sy69db2nz5,Bacterial-Spot(752),900,1200,JPEG
dataset\_work\spinach_classified\spinach_sy69db2nz5\anomala\Bacterial-Spot(752)__Bacterial-Spot (305).jpg,anomala,spinach_sy69db2nz5,Bacterial-Spot(752),900,1200,JPEG
dataset\_work\spinach_classified\spinach_sy69db2nz5\anomala\Bacterial-Spot(752)__Bacterial-Spot (306).jpg,anomala,spinach_sy69db2nz5,Bacterial-Spot(752),900,1200,JPEG
dataset\_work\spinach_classified\spinach_sy69db2nz5\anomala\Bacterial-Spot(752)__Bacterial-Spot (307).jpg,anomala,spinach_sy69db2nz5,Bacterial-Spot(752),900,1200,JPEG
dataset\_work\spinach_classified\spinach_sy69db2nz5\anomala\Bacterial-Spot(752)__Bacterial-Spot (308).jpg,anomala,spinach_sy69db2nz5,Bacterial-Spot(752),900,1200,JPEG
dataset\_work\spinach_classified\spinach_sy69db2nz5\anomala\Bacterial-Spot(752)__Bacterial-Spot (309).jpg,anomala,spinach_sy69db2nz5,Bacterial-Spot(752),900,1200,JPEG
dataset\_work\spinach_classified\spinach_sy69db2nz5\anomala\Bacterial-Spot(752)__Bacterial-Spot (31).jpg,anomala,spinach_sy69db2nz5,Bacterial-Spot(752),675,1200,JPEG
dataset\_work\spinach_classified\spinach_sy69db2nz5\anomala\Bacterial-Spot(752)__Bacterial-Spot (310).jpg,anomala,spinach_sy69db2nz5,Bacterial-Spot(752),1200,900,JPEG
dataset\_work\spinach_classified\spinach_sy69db2nz5\anomala\Bacterial-Spot(752)__Bacterial-Spot (311).jpg,anomala,spinach_sy69db2nz5,Bacterial-Spot(752),900,1200,JPEG
dataset\_work\spinach_classified\spinach_sy69db2nz5\anomala\Bacterial-Spot(752)__Bacterial-Spot (312).jpg,anomala,spinach_sy69db2nz5,Bacterial-Spot(752),900,1200,JPEG
dataset\_work\spinach_classified\spinach_sy69db2nz5\anomala\Bacterial-Spot(752)__Bacterial-Spot (313).jpg,anomala,spinach_sy69db2nz5,Bacterial-Spot(752),900,1200,JPEG
dataset\_work\spinach_classified\spinach_sy69db2nz5\anomala\Bacterial-Spot(752)__Bacterial-Spot (314).jpg,anomala,spinach_sy69db2nz5,Bacterial-Spot(752),900,1200,JPEG
dataset\_work\spinach_classified\spinach_sy69db2nz5\anomala\Bacterial-Spot(752)__Bacterial-Spot (315).jpg,anomala,spinach_sy69db2nz5,Bacterial-Spot(752),900,1200,JPEG
dataset\_work\spinach_classified\spinach_sy69db2nz5\anomala\Bacterial-Spot(752)__Bacterial-Spot (316).jpg,anomala,spinach_sy69db2nz5,Bacterial-Spot(752),900,1200,JPEG
dataset\_work\spinach_classified\spinach_sy69db2nz5\anomala\Bacterial-Spot(752)__Bacterial-Spot (317).jpg,anomala,spinach_sy69db2nz5,Bacterial-Spot(752),900,1200,JPEG
dataset\_work\spinach_classified\spinach_sy69db2nz5\anomala\Bacterial-Spot(752)__Bacterial-Spot (318).jpg,anomala,spinach_sy69db2nz5,Bacterial-Spot(752),900,1200,JPEG
dataset\_work\spinach_classified\spinach_sy69db2nz5\anomala\Bacterial-Spot(752)__Bacterial-Spot (319).jpg,anomala,spinach_sy69db2nz5,Bacterial-Spot(752),900,1200,JPEG
dataset\_work\spinach_classified\spinach_sy69db2nz5\anomala\Bacterial-Spot(752)__Bacterial-Spot (32).jpg,anomala,spinach_sy69db2nz5,Bacterial-Spot(752),675,1200,JPEG
dataset\_work\spinach_classified\spinach_sy69db2nz5\anomala\Bacterial-Spot(752)__Bacterial-Spot (320).jpg,anomala,spinach_sy69db2nz5,Bacterial-Spot(752),900,1200,JPEG
dataset\_work\spinach_classified\spinach_sy69db2nz5\anomala\Bacterial-Spot(752)__Bacterial-Spot (321).jpg,anomala,spinach_sy69db2nz5,Bacterial-Spot(752),900,1200,JPEG
dataset\_work\spinach_classified\spinach_sy69db2nz5\anomala\Bacterial-Spot(752)__Bacterial-Spot (322).jpg,anomala,spinach_sy69db2nz5,Bacterial-Spot(752),900,1200,JPEG
dataset\_work\spinach_classified\spinach_sy69db2nz5\anomala\Bacterial-Spot(752)__Bacterial-Spot (323).jpg,anomala,spinach_sy69db2nz5,Bacterial-Spot(752),900,1200,JPEG
dataset\_work\spinach_classified\spinach_sy69db2nz5\anomala\Bacterial-Spot(752)__Bacterial-Spot (324).jpg,anomala,spinach_sy69db2nz5,Bacterial-Spot(752),1200,900,JPEG
dataset\_work\spinach_classified\spinach_sy69db2nz5\anomala\Bacterial-Spot(752)__Bacterial-Spot (325).jpg,anomala,spinach_sy69db2nz5,Bacterial-Spot(752),900,1200,JPEG
dataset\_work\spinach_classified\spinach_sy69db2nz5\anomala\Bacterial-Spot(752)__Bacterial-Spot (326).jpg,anomala,spinach_sy69db2nz5,Bacterial-Spot(752),1161,1200,JPEG
dataset\_work\spinach_classified\spinach_sy69db2nz5\anomala\Bacterial-Spot(752)__Bacterial-Spot (327).jpg,anomala,spinach_sy69db2nz5,Bacterial-Spot(752),1087,1200,JPEG
dataset\_work\spinach_classified\spinach_sy69db2nz5\anomala\Bacterial-Spot(752)__Bacterial-Spot (328).jpg,anomala,spinach_sy69db2nz5,Bacterial-Spot(752),900,1200,JPEG
dataset\_work\spinach_classified\spinach_sy69db2nz5\anomala\Bacterial-Spot(752)__Bacterial-Spot (329).jpg,anomala,spinach_sy69db2nz5,Bacterial-Spot(752),900,1200,JPEG
dataset\_work\spinach_classified\spinach_sy69db2nz5\anomala\Bacterial-Spot(752)__Bacterial-Spot (33).jpg,anomala,spinach_sy69db2nz5,Bacterial-Spot(752),675,1200,JPEG
dataset\_work\spinach_classified\spinach_sy69db2nz5\anomala\Bacterial-Spot(752)__Bacterial-Spot (330).jpg,anomala,spinach_sy69db2nz5,Bacterial-Spot(752),1200,993,JPEG
dataset\_work\spinach_classified\spinach_sy69db2nz5\anomala\Bacterial-Spot(752)__Bacterial-Spot (331).jpg,anomala,spinach_sy69db2nz5,Bacterial-Spot(752),855,1200,JPEG
dataset\_work\spinach_classified\spinach_sy69db2nz5\anomala\Bacterial-Spot(752)__Bacterial-Spot (332).jpg,anomala,spinach_sy69db2nz5,Bacterial-Spot(752),931,1200,JPEG
dataset\_work\spinach_classified\spinach_sy69db2nz5\anomala\Bacterial-Spot(752)__Bacterial-Spot (333).jpg,anomala,spinach_sy69db2nz5,Bacterial-Spot(752),1094,1200,JPEG
dataset\_work\spinach_classified\spinach_sy69db2nz5\anomala\Bacterial-Spot(752)__Bacterial-Spot (334).jpg,anomala,spinach_sy69db2nz5,Bacterial-Spot(752),900,1200,JPEG
dataset\_work\spinach_classified\spinach_sy69db2nz5\anomala\Bacterial-Spot(752)__Bacterial-Spot (335).jpg,anomala,spinach_sy69db2nz5,Bacterial-Spot(752),946,1200,JPEG
dataset\_work\spinach_classified\spinach_sy69db2nz5\anomala\Bacterial-Spot(752)__Bacterial-Spot (336).jpg,anomala,spinach_sy69db2nz5,Bacterial-Spot(752),1200,977,JPEG
dataset\_work\spinach_classified\spinach_sy69db2nz5\anomala\Bacterial-Spot(752)__Bacterial-Spot (337).jpg,anomala,spinach_sy69db2nz5,Bacterial-Spot(752),1069,1200,JPEG
dataset\_work\spinach_classified\spinach_sy69db2nz5\anomala\Bacterial-Spot(752)__Bacterial-Spot (338).jpg,anomala,spinach_sy69db2nz5,Bacterial-Spot(752),1160,1200,JPEG
dataset\_work\spinach_classified\spinach_sy69db2nz5\anomala\Bacterial-Spot(752)__Bacterial-Spot (339).jpg,anomala,spinach_sy69db2nz5,Bacterial-Spot(752),900,1200,JPEG
dataset\_work\spinach_classified\spinach_sy69db2nz5\anomala\Bacterial-Spot(752)__Bacterial-Spot (34).jpg,anomala,spinach_sy69db2nz5,Bacterial-Spot(752),675,1200,JPEG
dataset\_work\spinach_classified\spinach_sy69db2nz5\anomala\Bacterial-Spot(752)__Bacterial-Spot (340).jpg,anomala,spinach_sy69db2nz5,Bacterial-Spot(752),900,1200,JPEG
dataset\_work\spinach_classified\spinach_sy69db2nz5\anomala\Bacterial-Spot(752)__Bacterial-Spot (341).jpg,anomala,spinach_sy69db2nz5,Bacterial-Spot(752),886,1200,JPEG
dataset\_work\spinach_classified\spinach_sy69db2nz5\anomala\Bacterial-Spot(752)__Bacterial-Spot (342).jpg,anomala,spinach_sy69db2nz5,Bacterial-Spot(752),900,1200,JPEG
dataset\_work\spinach_classified\spinach_sy69db2nz5\anomala\Bacterial-Spot(752)__Bacterial-Spot (343).jpg,anomala,spinach_sy69db2nz5,Bacterial-Spot(752),1200,900,JPEG
dataset\_work\spinach_classified\spinach_sy69db2nz5\anomala\Bacterial-Spot(752)__Bacterial-Spot (344).jpg,anomala,spinach_sy69db2nz5,Bacterial-Spot(752),900,1200,JPEG
dataset\_work\spinach_classified\spinach_sy69db2nz5\anomala\Bacterial-Spot(752)__Bacterial-Spot (345).jpg,anomala,spinach_sy69db2nz5,Bacterial-Spot(752),1029,1200,JPEG
dataset\_work\spinach_classified\spinach_sy69db2nz5\anomala\Bacterial-Spot(752)__Bacterial-Spot (346).jpg,anomala,spinach_sy69db2nz5,Bacterial-Spot(752),988,1200,JPEG
dataset\_work\spinach_classified\spinach_sy69db2nz5\anomala\Bacterial-Spot(752)__Bacterial-Spot (347).jpg,anomala,spinach_sy69db2nz5,Bacterial-Spot(752),900,1200,JPEG
dataset\_work\spinach_classified\spinach_sy69db2nz5\anomala\Bacterial-Spot(752)__Bacterial-Spot (348).jpg,anomala,spinach_sy69db2nz5,Bacterial-Spot(752),900,1200,JPEG
dataset\_work\spinach_classified\spinach_sy69db2nz5\anomala\Bacterial-Spot(752)__Bacterial-Spot (349).jpg,anomala,spinach_sy69db2nz5,Bacterial-Spot(752),900,1200,JPEG
dataset\_work\spinach_classified\spinach_sy69db2nz5\anomala\Bacterial-Spot(752)__Bacterial-Spot (35).jpg,anomala,spinach_sy69db2nz5,Bacterial-Spot(752),675,1200,JPEG
dataset\_work\spinach_classified\spinach_sy69db2nz5\anomala\Bacterial-Spot(752)__Bacterial-Spot (350).jpg,anomala,spinach_sy69db2nz5,Bacterial-Spot(752),900,1200,JPEG
dataset\_work\spinach_classified\spinach_sy69db2nz5\anomala\Bacterial-Spot(752)__Bacterial-Spot (351).jpg,anomala,spinach_sy69db2nz5,Bacterial-Spot(752),900,1200,JPEG
dataset\_work\spinach_classified\spinach_sy69db2nz5\anomala\Bacterial-Spot(752)__Bacterial-Spot (352).jpg,anomala,spinach_sy69db2nz5,Bacterial-Spot(752),900,1200,JPEG
dataset\_work\spinach_classified\spinach_sy69db2nz5\anomala\Bacterial-Spot(752)__Bacterial-Spot (353).jpg,anomala,spinach_sy69db2nz5,Bacterial-Spot(752),900,1200,JPEG
dataset\_work\spinach_classified\spinach_sy69db2nz5\anomala\Bacterial-Spot(752)__Bacterial-Spot (354).jpg,anomala,spinach_sy69db2nz5,Bacterial-Spot(752),900,1200,JPEG
dataset\_work\spinach_classified\spinach_sy69db2nz5\anomala\Bacterial-Spot(752)__Bacterial-Spot (355).jpg,anomala,spinach_sy69db2nz5,Bacterial-Spot(752),900,1200,JPEG
dataset\_work\spinach_classified\spinach_sy69db2nz5\anomala\Bacterial-Spot(752)__Bacterial-Spot (356).jpg,anomala,spinach_sy69db2nz5,Bacterial-Spot(752),900,1200,JPEG
dataset\_work\spinach_classified\spinach_sy69db2nz5\anomala\Bacterial-Spot(752)__Bacterial-Spot (357).jpg,anomala,spinach_sy69db2nz5,Bacterial-Spot(752),900,1200,JPEG
dataset\_work\spinach_classified\spinach_sy69db2nz5\anomala\Bacterial-Spot(752)__Bacterial-Spot (358).jpg,anomala,spinach_sy69db2nz5,Bacterial-Spot(752),900,1200,JPEG
dataset\_work\spinach_classified\spinach_sy69db2nz5\anomala\Bacterial-Spot(752)__Bacterial-Spot (359).jpg,anomala,spinach_sy69db2nz5,Bacterial-Spot(752),900,1200,JPEG
dataset\_work\spinach_classified\spinach_sy69db2nz5\anomala\Bacterial-Spot(752)__Bacterial-Spot (36).jpg,anomala,spinach_sy69db2nz5,Bacterial-Spot(752),675,1200,JPEG
dataset\_work\spinach_classified\spinach_sy69db2nz5\anomala\Bacterial-Spot(752)__Bacterial-Spot (360).jpg,anomala,spinach_sy69db2nz5,Bacterial-Spot(752),900,1200,JPEG
dataset\_work\spinach_classified\spinach_sy69db2nz5\anomala\Bacterial-Spot(752)__Bacterial-Spot (361).jpg,anomala,spinach_sy69db2nz5,Bacterial-Spot(752),900,1200,JPEG
dataset\_work\spinach_classified\spinach_sy69db2nz5\anomala\Bacterial-Spot(752)__Bacterial-Spot (362).jpg,anomala,spinach_sy69db2nz5,Bacterial-Spot(752),900,1200,JPEG
dataset\_work\spinach_classified\spinach_sy69db2nz5\anomala\Bacterial-Spot(752)__Bacterial-Spot (363).jpg,anomala,spinach_sy69db2nz5,Bacterial-Spot(752),900,1200,JPEG
dataset\_work\spinach_classified\spinach_sy69db2nz5\anomala\Bacterial-Spot(752)__Bacterial-Spot (364).jpg,anomala,spinach_sy69db2nz5,Bacterial-Spot(752),900,1200,JPEG
dataset\_work\spinach_classified\spinach_sy69db2nz5\anomala\Bacterial-Spot(752)__Bacterial-Spot (365).jpg,anomala,spinach_sy69db2nz5,Bacterial-Spot(752),900,1200,JPEG
dataset\_work\spinach_classified\spinach_sy69db2nz5\anomala\Bacterial-Spot(752)__Bacterial-Spot (366).jpg,anomala,spinach_sy69db2nz5,Bacterial-Spot(752),900,1200,JPEG
dataset\_work\spinach_classified\spinach_sy69db2nz5\anomala\Bacterial-Spot(752)__Bacterial-Spot (367).jpg,anomala,spinach_sy69db2nz5,Bacterial-Spot(752),900,1200,JPEG
dataset\_work\spinach_classified\spinach_sy69db2nz5\anomala\Bacterial-Spot(752)__Bacterial-Spot (368).jpg,anomala,spinach_sy69db2nz5,Bacterial-Spot(752),900,1200,JPEG
dataset\_work\spinach_classified\spinach_sy69db2nz5\anomala\Bacterial-Spot(752)__Bacterial-Spot (369).jpg,anomala,spinach_sy69db2nz5,Bacterial-Spot(752),900,1200,JPEG
dataset\_work\spinach_classified\spinach_sy69db2nz5\anomala\Bacterial-Spot(752)__Bacterial-Spot (37).jpg,anomala,spinach_sy69db2nz5,Bacterial-Spot(752),325,433,JPEG
dataset\_work\spinach_classified\spinach_sy69db2nz5\anomala\Bacterial-Spot(752)__Bacterial-Spot (370).jpg,anomala,spinach_sy69db2nz5,Bacterial-Spot(752),900,1200,JPEG
dataset\_work\spinach_classified\spinach_sy69db2nz5\anomala\Bacterial-Spot(752)__Bacterial-Spot (371).jpg,anomala,spinach_sy69db2nz5,Bacterial-Spot(752),900,1200,JPEG
dataset\_work\spinach_classified\spinach_sy69db2nz5\anomala\Bacterial-Spot(752)__Bacterial-Spot (372).jpg,anomala,spinach_sy69db2nz5,Bacterial-Spot(752),900,1200,JPEG
dataset\_work\spinach_classified\spinach_sy69db2nz5\anomala\Bacterial-Spot(752)__Bacterial-Spot (373).jpg,anomala,spinach_sy69db2nz5,Bacterial-Spot(752),900,1200,JPEG
dataset\_work\spinach_classified\spinach_sy69db2nz5\anomala\Bacterial-Spot(752)__Bacterial-Spot (374).jpg,anomala,spinach_sy69db2nz5,Bacterial-Spot(752),900,1200,JPEG
dataset\_work\spinach_classified\spinach_sy69db2nz5\anomala\Bacterial-Spot(752)__Bacterial-Spot (375).jpg,anomala,spinach_sy69db2nz5,Bacterial-Spot(752),900,1200,JPEG
dataset\_work\spinach_classified\spinach_sy69db2nz5\anomala\Bacterial-Spot(752)__Bacterial-Spot (376).jpg,anomala,spinach_sy69db2nz5,Bacterial-Spot(752),900,1200,JPEG
dataset\_work\spinach_classified\spinach_sy69db2nz5\anomala\Bacterial-Spot(752)__Bacterial-Spot (377).jpg,anomala,spinach_sy69db2nz5,Bacterial-Spot(752),900,1200,JPEG
dataset\_work\spinach_classified\spinach_sy69db2nz5\anomala\Bacterial-Spot(752)__Bacterial-Spot (378).jpg,anomala,spinach_sy69db2nz5,Bacterial-Spot(752),900,1200,JPEG
dataset\_work\spinach_classified\spinach_sy69db2nz5\anomala\Bacterial-Spot(752)__Bacterial-Spot (379).jpg,anomala,spinach_sy69db2nz5,Bacterial-Spot(752),900,1200,JPEG
dataset\_work\spinach_classified\spinach_sy69db2nz5\anomala\Bacterial-Spot(752)__Bacterial-Spot (38).jpg,anomala,spinach_sy69db2nz5,Bacterial-Spot(752),325,433,JPEG
dataset\_work\spinach_classified\spinach_sy69db2nz5\anomala\Bacterial-Spot(752)__Bacterial-Spot (380).jpg,anomala,spinach_sy69db2nz5,Bacterial-Spot(752),900,1200,JPEG
dataset\_work\spinach_classified\spinach_sy69db2nz5\anomala\Bacterial-Spot(752)__Bacterial-Spot (381).jpg,anomala,spinach_sy69db2nz5,Bacterial-Spot(752),900,1200,JPEG
dataset\_work\spinach_classified\spinach_sy69db2nz5\anomala\Bacterial-Spot(752)__Bacterial-Spot (382).jpg,anomala,spinach_sy69db2nz5,Bacterial-Spot(752),900,1200,JPEG
dataset\_work\spinach_classified\spinach_sy69db2nz5\anomala\Bacterial-Spot(752)__Bacterial-Spot (383).jpg,anomala,spinach_sy69db2nz5,Bacterial-Spot(752),900,1200,JPEG
dataset\_work\spinach_classified\spinach_sy69db2nz5\anomala\Bacterial-Spot(752)__Bacterial-Spot (384).jpg,anomala,spinach_sy69db2nz5,Bacterial-Spot(752),900,1200,JPEG
dataset\_work\spinach_classified\spinach_sy69db2nz5\anomala\Bacterial-Spot(752)__Bacterial-Spot (385).jpg,anomala,spinach_sy69db2nz5,Bacterial-Spot(752),900,1200,JPEG
dataset\_work\spinach_classified\spinach_sy69db2nz5\anomala\Bacterial-Spot(752)__Bacterial-Spot (386).jpg,anomala,spinach_sy69db2nz5,Bacterial-Spot(752),900,1200,JPEG
dataset\_work\spinach_classified\spinach_sy69db2nz5\anomala\Bacterial-Spot(752)__Bacterial-Spot (387).jpg,anomala,spinach_sy69db2nz5,Bacterial-Spot(752),900,1200,JPEG
dataset\_work\spinach_classified\spinach_sy69db2nz5\anomala\Bacterial-Spot(752)__Bacterial-Spot (388).jpg,anomala,spinach_sy69db2nz5,Bacterial-Spot(752),900,1200,JPEG
dataset\_work\spinach_classified\spinach_sy69db2nz5\anomala\Bacterial-Spot(752)__Bacterial-Spot (389).jpg,anomala,spinach_sy69db2nz5,Bacterial-Spot(752),900,1200,JPEG
dataset\_work\spinach_classified\spinach_sy69db2nz5\anomala\Bacterial-Spot(752)__Bacterial-Spot (39).jpg,anomala,spinach_sy69db2nz5,Bacterial-Spot(752),433,577,JPEG
dataset\_work\spinach_classified\spinach_sy69db2nz5\anomala\Bacterial-Spot(752)__Bacterial-Spot (390).jpg,anomala,spinach_sy69db2nz5,Bacterial-Spot(752),900,1200,JPEG
dataset\_work\spinach_classified\spinach_sy69db2nz5\anomala\Bacterial-Spot(752)__Bacterial-Spot (391).jpg,anomala,spinach_sy69db2nz5,Bacterial-Spot(752),900,1200,JPEG
dataset\_work\spinach_classified\spinach_sy69db2nz5\anomala\Bacterial-Spot(752)__Bacterial-Spot (392).jpg,anomala,spinach_sy69db2nz5,Bacterial-Spot(752),900,1200,JPEG
dataset\_work\spinach_classified\spinach_sy69db2nz5\anomala\Bacterial-Spot(752)__Bacterial-Spot (393).jpg,anomala,spinach_sy69db2nz5,Bacterial-Spot(752),900,1200,JPEG
dataset\_work\spinach_classified\spinach_sy69db2nz5\anomala\Bacterial-Spot(752)__Bacterial-Spot (394).jpg,anomala,spinach_sy69db2nz5,Bacterial-Spot(752),900,1200,JPEG
dataset\_work\spinach_classified\spinach_sy69db2nz5\anomala\Bacterial-Spot(752)__Bacterial-Spot (395).jpg,anomala,spinach_sy69db2nz5,Bacterial-Spot(752),1200,900,JPEG
dataset\_work\spinach_classified\spinach_sy69db2nz5\anomala\Bacterial-Spot(752)__Bacterial-Spot (396).jpg,anomala,spinach_sy69db2nz5,Bacterial-Spot(752),900,1200,JPEG
dataset\_work\spinach_classified\spinach_sy69db2nz5\anomala\Bacterial-Spot(752)__Bacterial-Spot (397).jpg,anomala,spinach_sy69db2nz5,Bacterial-Spot(752),900,1200,JPEG
dataset\_work\spinach_classified\spinach_sy69db2nz5\anomala\Bacterial-Spot(752)__Bacterial-Spot (398).jpg,anomala,spinach_sy69db2nz5,Bacterial-Spot(752),900,1200,JPEG
dataset\_work\spinach_classified\spinach_sy69db2nz5\anomala\Bacterial-Spot(752)__Bacterial-Spot (399).jpg,anomala,spinach_sy69db2nz5,Bacterial-Spot(752),900,1200,JPEG
dataset\_work\spinach_classified\spinach_sy69db2nz5\anomala\Bacterial-Spot(752)__Bacterial-Spot (4).jpg,anomala,spinach_sy69db2nz5,Bacterial-Spot(752),675,1200,JPEG
dataset\_work\spinach_classified\spinach_sy69db2nz5\anomala\Bacterial-Spot(752)__Bacterial-Spot (40).jpg,anomala,spinach_sy69db2nz5,Bacterial-Spot(752),433,577,JPEG
dataset\_work\spinach_classified\spinach_sy69db2nz5\anomala\Bacterial-Spot(752)__Bacterial-Spot (400).jpg,anomala,spinach_sy69db2nz5,Bacterial-Spot(752),900,1200,JPEG
dataset\_work\spinach_classified\spinach_sy69db2nz5\anomala\Bacterial-Spot(752)__Bacterial-Spot (401).jpg,anomala,spinach_sy69db2nz5,Bacterial-Spot(752),900,1200,JPEG
dataset\_work\spinach_classified\spinach_sy69db2nz5\anomala\Bacterial-Spot(752)__Bacterial-Spot (402).jpg,anomala,spinach_sy69db2nz5,Bacterial-Spot(752),900,1200,JPEG
dataset\_work\spinach_classified\spinach_sy69db2nz5\anomala\Bacterial-Spot(752)__Bacterial-Spot (403).jpg,anomala,spinach_sy69db2nz5,Bacterial-Spot(752),900,1200,JPEG
dataset\_work\spinach_classified\spinach_sy69db2nz5\anomala\Bacterial-Spot(752)__Bacterial-Spot (404).jpg,anomala,spinach_sy69db2nz5,Bacterial-Spot(752),900,1200,JPEG
dataset\_work\spinach_classified\spinach_sy69db2nz5\anomala\Bacterial-Spot(752)__Bacterial-Spot (405).jpg,anomala,spinach_sy69db2nz5,Bacterial-Spot(752),900,1200,JPEG
dataset\_work\spinach_classified\spinach_sy69db2nz5\anomala\Bacterial-Spot(752)__Bacterial-Spot (406).jpg,anomala,spinach_sy69db2nz5,Bacterial-Spot(752),900,1200,JPEG
dataset\_work\spinach_classified\spinach_sy69db2nz5\anomala\Bacterial-Spot(752)__Bacterial-Spot (407).jpg,anomala,spinach_sy69db2nz5,Bacterial-Spot(752),900,1200,JPEG
dataset\_work\spinach_classified\spinach_sy69db2nz5\anomala\Bacterial-Spot(752)__Bacterial-Spot (408).jpg,anomala,spinach_sy69db2nz5,Bacterial-Spot(752),900,1200,JPEG
dataset\_work\spinach_classified\spinach_sy69db2nz5\anomala\Bacterial-Spot(752)__Bacterial-Spot (409).jpg,anomala,spinach_sy69db2nz5,Bacterial-Spot(752),900,1200,JPEG
dataset\_work\spinach_classified\spinach_sy69db2nz5\anomala\Bacterial-Spot(752)__Bacterial-Spot (41).jpg,anomala,spinach_sy69db2nz5,Bacterial-Spot(752),325,433,JPEG
dataset\_work\spinach_classified\spinach_sy69db2nz5\anomala\Bacterial-Spot(752)__Bacterial-Spot (410).jpg,anomala,spinach_sy69db2nz5,Bacterial-Spot(752),900,1200,JPEG
dataset\_work\spinach_classified\spinach_sy69db2nz5\anomala\Bacterial-Spot(752)__Bacterial-Spot (411).jpg,anomala,spinach_sy69db2nz5,Bacterial-Spot(752),900,1200,JPEG
dataset\_work\spinach_classified\spinach_sy69db2nz5\anomala\Bacterial-Spot(752)__Bacterial-Spot (412).jpg,anomala,spinach_sy69db2nz5,Bacterial-Spot(752),900,1200,JPEG
dataset\_work\spinach_classified\spinach_sy69db2nz5\anomala\Bacterial-Spot(752)__Bacterial-Spot (413).jpg,anomala,spinach_sy69db2nz5,Bacterial-Spot(752),900,1200,JPEG
dataset\_work\spinach_classified\spinach_sy69db2nz5\anomala\Bacterial-Spot(752)__Bacterial-Spot (414).jpg,anomala,spinach_sy69db2nz5,Bacterial-Spot(752),900,1200,JPEG
dataset\_work\spinach_classified\spinach_sy69db2nz5\anomala\Bacterial-Spot(752)__Bacterial-Spot (415).jpg,anomala,spinach_sy69db2nz5,Bacterial-Spot(752),900,1200,JPEG
dataset\_work\spinach_classified\spinach_sy69db2nz5\anomala\Bacterial-Spot(752)__Bacterial-Spot (416).jpg,anomala,spinach_sy69db2nz5,Bacterial-Spot(752),900,1200,JPEG
dataset\_work\spinach_classified\spinach_sy69db2nz5\anomala\Bacterial-Spot(752)__Bacterial-Spot (417).jpg,anomala,spinach_sy69db2nz5,Bacterial-Spot(752),900,1200,JPEG
dataset\_work\spinach_classified\spinach_sy69db2nz5\anomala\Bacterial-Spot(752)__Bacterial-Spot (418).jpg,anomala,spinach_sy69db2nz5,Bacterial-Spot(752),900,1200,JPEG
dataset\_work\spinach_classified\spinach_sy69db2nz5\anomala\Bacterial-Spot(752)__Bacterial-Spot (419).jpg,anomala,spinach_sy69db2nz5,Bacterial-Spot(752),900,1200,JPEG
dataset\_work\spinach_classified\spinach_sy69db2nz5\anomala\Bacterial-Spot(752)__Bacterial-Spot (42).jpg,anomala,spinach_sy69db2nz5,Bacterial-Spot(752),433,577,JPEG
dataset\_work\spinach_classified\spinach_sy69db2nz5\anomala\Bacterial-Spot(752)__Bacterial-Spot (420).jpg,anomala,spinach_sy69db2nz5,Bacterial-Spot(752),900,1200,JPEG
dataset\_work\spinach_classified\spinach_sy69db2nz5\anomala\Bacterial-Spot(752)__Bacterial-Spot (421).jpg,anomala,spinach_sy69db2nz5,Bacterial-Spot(752),900,1200,JPEG
dataset\_work\spinach_classified\spinach_sy69db2nz5\anomala\Bacterial-Spot(752)__Bacterial-Spot (422).jpg,anomala,spinach_sy69db2nz5,Bacterial-Spot(752),900,1200,JPEG
dataset\_work\spinach_classified\spinach_sy69db2nz5\anomala\Bacterial-Spot(752)__Bacterial-Spot (423).jpg,anomala,spinach_sy69db2nz5,Bacterial-Spot(752),900,1200,JPEG
dataset\_work\spinach_classified\spinach_sy69db2nz5\anomala\Bacterial-Spot(752)__Bacterial-Spot (424).jpg,anomala,spinach_sy69db2nz5,Bacterial-Spot(752),900,1200,JPEG
dataset\_work\spinach_classified\spinach_sy69db2nz5\anomala\Bacterial-Spot(752)__Bacterial-Spot (425).jpg,anomala,spinach_sy69db2nz5,Bacterial-Spot(752),900,1200,JPEG
dataset\_work\spinach_classified\spinach_sy69db2nz5\anomala\Bacterial-Spot(752)__Bacterial-Spot (426).jpg,anomala,spinach_sy69db2nz5,Bacterial-Spot(752),900,1200,JPEG
dataset\_work\spinach_classified\spinach_sy69db2nz5\anomala\Bacterial-Spot(752)__Bacterial-Spot (427).jpg,anomala,spinach_sy69db2nz5,Bacterial-Spot(752),900,1200,JPEG
dataset\_work\spinach_classified\spinach_sy69db2nz5\anomala\Bacterial-Spot(752)__Bacterial-Spot (428).jpg,anomala,spinach_sy69db2nz5,Bacterial-Spot(752),900,1200,JPEG
dataset\_work\spinach_classified\spinach_sy69db2nz5\anomala\Bacterial-Spot(752)__Bacterial-Spot (429).jpg,anomala,spinach_sy69db2nz5,Bacterial-Spot(752),900,1200,JPEG
dataset\_work\spinach_classified\spinach_sy69db2nz5\anomala\Bacterial-Spot(752)__Bacterial-Spot (43).jpg,anomala,spinach_sy69db2nz5,Bacterial-Spot(752),325,433,JPEG
dataset\_work\spinach_classified\spinach_sy69db2nz5\anomala\Bacterial-Spot(752)__Bacterial-Spot (430).jpg,anomala,spinach_sy69db2nz5,Bacterial-Spot(752),900,1200,JPEG
dataset\_work\spinach_classified\spinach_sy69db2nz5\anomala\Bacterial-Spot(752)__Bacterial-Spot (431).jpg,anomala,spinach_sy69db2nz5,Bacterial-Spot(752),900,1200,JPEG
dataset\_work\spinach_classified\spinach_sy69db2nz5\anomala\Bacterial-Spot(752)__Bacterial-Spot (432).jpg,anomala,spinach_sy69db2nz5,Bacterial-Spot(752),900,1200,JPEG
dataset\_work\spinach_classified\spinach_sy69db2nz5\anomala\Bacterial-Spot(752)__Bacterial-Spot (433).jpg,anomala,spinach_sy69db2nz5,Bacterial-Spot(752),900,1200,JPEG
dataset\_work\spinach_classified\spinach_sy69db2nz5\anomala\Bacterial-Spot(752)__Bacterial-Spot (434).jpg,anomala,spinach_sy69db2nz5,Bacterial-Spot(752),900,1200,JPEG
dataset\_work\spinach_classified\spinach_sy69db2nz5\anomala\Bacterial-Spot(752)__Bacterial-Spot (435).jpg,anomala,spinach_sy69db2nz5,Bacterial-Spot(752),900,1200,JPEG
dataset\_work\spinach_classified\spinach_sy69db2nz5\anomala\Bacterial-Spot(752)__Bacterial-Spot (436).jpg,anomala,spinach_sy69db2nz5,Bacterial-Spot(752),900,1200,JPEG
dataset\_work\spinach_classified\spinach_sy69db2nz5\anomala\Bacterial-Spot(752)__Bacterial-Spot (437).jpg,anomala,spinach_sy69db2nz5,Bacterial-Spot(752),900,1200,JPEG
dataset\_work\spinach_classified\spinach_sy69db2nz5\anomala\Bacterial-Spot(752)__Bacterial-Spot (438).jpg,anomala,spinach_sy69db2nz5,Bacterial-Spot(752),900,1200,JPEG
dataset\_work\spinach_classified\spinach_sy69db2nz5\anomala\Bacterial-Spot(752)__Bacterial-Spot (439).jpg,anomala,spinach_sy69db2nz5,Bacterial-Spot(752),900,1200,JPEG
dataset\_work\spinach_classified\spinach_sy69db2nz5\anomala\Bacterial-Spot(752)__Bacterial-Spot (44).jpg,anomala,spinach_sy69db2nz5,Bacterial-Spot(752),433,577,JPEG
dataset\_work\spinach_classified\spinach_sy69db2nz5\anomala\Bacterial-Spot(752)__Bacterial-Spot (440).jpg,anomala,spinach_sy69db2nz5,Bacterial-Spot(752),1200,900,JPEG
dataset\_work\spinach_classified\spinach_sy69db2nz5\anomala\Bacterial-Spot(752)__Bacterial-Spot (441).jpg,anomala,spinach_sy69db2nz5,Bacterial-Spot(752),900,1200,JPEG
dataset\_work\spinach_classified\spinach_sy69db2nz5\anomala\Bacterial-Spot(752)__Bacterial-Spot (442).jpg,anomala,spinach_sy69db2nz5,Bacterial-Spot(752),900,1200,JPEG
dataset\_work\spinach_classified\spinach_sy69db2nz5\anomala\Bacterial-Spot(752)__Bacterial-Spot (443).jpg,anomala,spinach_sy69db2nz5,Bacterial-Spot(752),900,1200,JPEG
dataset\_work\spinach_classified\spinach_sy69db2nz5\anomala\Bacterial-Spot(752)__Bacterial-Spot (444).jpg,anomala,spinach_sy69db2nz5,Bacterial-Spot(752),900,1200,JPEG
dataset\_work\spinach_classified\spinach_sy69db2nz5\anomala\Bacterial-Spot(752)__Bacterial-Spot (445).jpg,anomala,spinach_sy69db2nz5,Bacterial-Spot(752),900,1200,JPEG
dataset\_work\spinach_classified\spinach_sy69db2nz5\anomala\Bacterial-Spot(752)__Bacterial-Spot (446).jpg,anomala,spinach_sy69db2nz5,Bacterial-Spot(752),900,1200,JPEG
dataset\_work\spinach_classified\spinach_sy69db2nz5\anomala\Bacterial-Spot(752)__Bacterial-Spot (447).jpg,anomala,spinach_sy69db2nz5,Bacterial-Spot(752),900,1200,JPEG
dataset\_work\spinach_classified\spinach_sy69db2nz5\anomala\Bacterial-Spot(752)__Bacterial-Spot (448).jpg,anomala,spinach_sy69db2nz5,Bacterial-Spot(752),900,1200,JPEG
dataset\_work\spinach_classified\spinach_sy69db2nz5\anomala\Bacterial-Spot(752)__Bacterial-Spot (449).jpg,anomala,spinach_sy69db2nz5,Bacterial-Spot(752),1200,900,JPEG
dataset\_work\spinach_classified\spinach_sy69db2nz5\anomala\Bacterial-Spot(752)__Bacterial-Spot (45).jpg,anomala,spinach_sy69db2nz5,Bacterial-Spot(752),433,577,JPEG
dataset\_work\spinach_classified\spinach_sy69db2nz5\anomala\Bacterial-Spot(752)__Bacterial-Spot (450).jpg,anomala,spinach_sy69db2nz5,Bacterial-Spot(752),1200,900,JPEG
dataset\_work\spinach_classified\spinach_sy69db2nz5\anomala\Bacterial-Spot(752)__Bacterial-Spot (451).jpg,anomala,spinach_sy69db2nz5,Bacterial-Spot(752),900,1200,JPEG
dataset\_work\spinach_classified\spinach_sy69db2nz5\anomala\Bacterial-Spot(752)__Bacterial-Spot (452).jpg,anomala,spinach_sy69db2nz5,Bacterial-Spot(752),900,1200,JPEG
dataset\_work\spinach_classified\spinach_sy69db2nz5\anomala\Bacterial-Spot(752)__Bacterial-Spot (453).jpg,anomala,spinach_sy69db2nz5,Bacterial-Spot(752),900,1200,JPEG
dataset\_work\spinach_classified\spinach_sy69db2nz5\anomala\Bacterial-Spot(752)__Bacterial-Spot (454).jpg,anomala,spinach_sy69db2nz5,Bacterial-Spot(752),1200,900,JPEG
dataset\_work\spinach_classified\spinach_sy69db2nz5\anomala\Bacterial-Spot(752)__Bacterial-Spot (455).jpg,anomala,spinach_sy69db2nz5,Bacterial-Spot(752),900,1200,JPEG
dataset\_work\spinach_classified\spinach_sy69db2nz5\anomala\Bacterial-Spot(752)__Bacterial-Spot (456).jpg,anomala,spinach_sy69db2nz5,Bacterial-Spot(752),900,1200,JPEG
dataset\_work\spinach_classified\spinach_sy69db2nz5\anomala\Bacterial-Spot(752)__Bacterial-Spot (457).jpg,anomala,spinach_sy69db2nz5,Bacterial-Spot(752),900,1200,JPEG
dataset\_work\spinach_classified\spinach_sy69db2nz5\anomala\Bacterial-Spot(752)__Bacterial-Spot (458).jpg,anomala,spinach_sy69db2nz5,Bacterial-Spot(752),900,1200,JPEG
dataset\_work\spinach_classified\spinach_sy69db2nz5\anomala\Bacterial-Spot(752)__Bacterial-Spot (459).jpg,anomala,spinach_sy69db2nz5,Bacterial-Spot(752),900,1200,JPEG
dataset\_work\spinach_classified\spinach_sy69db2nz5\anomala\Bacterial-Spot(752)__Bacterial-Spot (46).jpg,anomala,spinach_sy69db2nz5,Bacterial-Spot(752),433,577,JPEG
dataset\_work\spinach_classified\spinach_sy69db2nz5\anomala\Bacterial-Spot(752)__Bacterial-Spot (460).jpg,anomala,spinach_sy69db2nz5,Bacterial-Spot(752),900,1200,JPEG
dataset\_work\spinach_classified\spinach_sy69db2nz5\anomala\Bacterial-Spot(752)__Bacterial-Spot (461).jpg,anomala,spinach_sy69db2nz5,Bacterial-Spot(752),1200,900,JPEG
dataset\_work\spinach_classified\spinach_sy69db2nz5\anomala\Bacterial-Spot(752)__Bacterial-Spot (462).jpg,anomala,spinach_sy69db2nz5,Bacterial-Spot(752),900,1200,JPEG
dataset\_work\spinach_classified\spinach_sy69db2nz5\anomala\Bacterial-Spot(752)__Bacterial-Spot (463).jpg,anomala,spinach_sy69db2nz5,Bacterial-Spot(752),900,1200,JPEG
dataset\_work\spinach_classified\spinach_sy69db2nz5\anomala\Bacterial-Spot(752)__Bacterial-Spot (464).jpg,anomala,spinach_sy69db2nz5,Bacterial-Spot(752),900,1200,JPEG
dataset\_work\spinach_classified\spinach_sy69db2nz5\anomala\Bacterial-Spot(752)__Bacterial-Spot (465).jpg,anomala,spinach_sy69db2nz5,Bacterial-Spot(752),1200,900,JPEG
dataset\_work\spinach_classified\spinach_sy69db2nz5\anomala\Bacterial-Spot(752)__Bacterial-Spot (466).jpg,anomala,spinach_sy69db2nz5,Bacterial-Spot(752),900,1200,JPEG
dataset\_work\spinach_classified\spinach_sy69db2nz5\anomala\Bacterial-Spot(752)__Bacterial-Spot (467).jpg,anomala,spinach_sy69db2nz5,Bacterial-Spot(752),900,1200,JPEG
dataset\_work\spinach_classified\spinach_sy69db2nz5\anomala\Bacterial-Spot(752)__Bacterial-Spot (468).jpg,anomala,spinach_sy69db2nz5,Bacterial-Spot(752),900,1200,JPEG
dataset\_work\spinach_classified\spinach_sy69db2nz5\anomala\Bacterial-Spot(752)__Bacterial-Spot (469).jpg,anomala,spinach_sy69db2nz5,Bacterial-Spot(752),1200,900,JPEG
dataset\_work\spinach_classified\spinach_sy69db2nz5\anomala\Bacterial-Spot(752)__Bacterial-Spot (47).jpg,anomala,spinach_sy69db2nz5,Bacterial-Spot(752),346,433,JPEG
dataset\_work\spinach_classified\spinach_sy69db2nz5\anomala\Bacterial-Spot(752)__Bacterial-Spot (470).jpg,anomala,spinach_sy69db2nz5,Bacterial-Spot(752),900,1200,JPEG
dataset\_work\spinach_classified\spinach_sy69db2nz5\anomala\Bacterial-Spot(752)__Bacterial-Spot (471).jpg,anomala,spinach_sy69db2nz5,Bacterial-Spot(752),1200,900,JPEG
dataset\_work\spinach_classified\spinach_sy69db2nz5\anomala\Bacterial-Spot(752)__Bacterial-Spot (472).jpg,anomala,spinach_sy69db2nz5,Bacterial-Spot(752),900,1200,JPEG
dataset\_work\spinach_classified\spinach_sy69db2nz5\anomala\Bacterial-Spot(752)__Bacterial-Spot (473).jpg,anomala,spinach_sy69db2nz5,Bacterial-Spot(752),900,1200,JPEG
dataset\_work\spinach_classified\spinach_sy69db2nz5\anomala\Bacterial-Spot(752)__Bacterial-Spot (474).jpg,anomala,spinach_sy69db2nz5,Bacterial-Spot(752),900,1200,JPEG
dataset\_work\spinach_classified\spinach_sy69db2nz5\anomala\Bacterial-Spot(752)__Bacterial-Spot (475).jpg,anomala,spinach_sy69db2nz5,Bacterial-Spot(752),900,1200,JPEG
dataset\_work\spinach_classified\spinach_sy69db2nz5\anomala\Bacterial-Spot(752)__Bacterial-Spot (476).jpg,anomala,spinach_sy69db2nz5,Bacterial-Spot(752),1200,900,JPEG
dataset\_work\spinach_classified\spinach_sy69db2nz5\anomala\Bacterial-Spot(752)__Bacterial-Spot (477).jpg,anomala,spinach_sy69db2nz5,Bacterial-Spot(752),900,1200,JPEG
dataset\_work\spinach_classified\spinach_sy69db2nz5\anomala\Bacterial-Spot(752)__Bacterial-Spot (478).jpg,anomala,spinach_sy69db2nz5,Bacterial-Spot(752),900,1200,JPEG
dataset\_work\spinach_classified\spinach_sy69db2nz5\anomala\Bacterial-Spot(752)__Bacterial-Spot (479).jpg,anomala,spinach_sy69db2nz5,Bacterial-Spot(752),900,1200,JPEG
dataset\_work\spinach_classified\spinach_sy69db2nz5\anomala\Bacterial-Spot(752)__Bacterial-Spot (48).jpg,anomala,spinach_sy69db2nz5,Bacterial-Spot(752),433,577,JPEG
dataset\_work\spinach_classified\spinach_sy69db2nz5\anomala\Bacterial-Spot(752)__Bacterial-Spot (480).jpg,anomala,spinach_sy69db2nz5,Bacterial-Spot(752),900,1200,JPEG
dataset\_work\spinach_classified\spinach_sy69db2nz5\anomala\Bacterial-Spot(752)__Bacterial-Spot (481).jpg,anomala,spinach_sy69db2nz5,Bacterial-Spot(752),900,1200,JPEG
dataset\_work\spinach_classified\spinach_sy69db2nz5\anomala\Bacterial-Spot(752)__Bacterial-Spot (482).jpg,anomala,spinach_sy69db2nz5,Bacterial-Spot(752),900,1200,JPEG
dataset\_work\spinach_classified\spinach_sy69db2nz5\anomala\Bacterial-Spot(752)__Bacterial-Spot (483).jpg,anomala,spinach_sy69db2nz5,Bacterial-Spot(752),900,1200,JPEG
dataset\_work\spinach_classified\spinach_sy69db2nz5\anomala\Bacterial-Spot(752)__Bacterial-Spot (484).jpg,anomala,spinach_sy69db2nz5,Bacterial-Spot(752),900,1200,JPEG
dataset\_work\spinach_classified\spinach_sy69db2nz5\anomala\Bacterial-Spot(752)__Bacterial-Spot (485).jpg,anomala,spinach_sy69db2nz5,Bacterial-Spot(752),900,1200,JPEG
dataset\_work\spinach_classified\spinach_sy69db2nz5\anomala\Bacterial-Spot(752)__Bacterial-Spot (486).jpg,anomala,spinach_sy69db2nz5,Bacterial-Spot(752),900,1200,JPEG
dataset\_work\spinach_classified\spinach_sy69db2nz5\anomala\Bacterial-Spot(752)__Bacterial-Spot (487).jpg,anomala,spinach_sy69db2nz5,Bacterial-Spot(752),900,1200,JPEG
dataset\_work\spinach_classified\spinach_sy69db2nz5\anomala\Bacterial-Spot(752)__Bacterial-Spot (488).jpg,anomala,spinach_sy69db2nz5,Bacterial-Spot(752),900,1200,JPEG
dataset\_work\spinach_classified\spinach_sy69db2nz5\anomala\Bacterial-Spot(752)__Bacterial-Spot (489).jpg,anomala,spinach_sy69db2nz5,Bacterial-Spot(752),900,1200,JPEG
dataset\_work\spinach_classified\spinach_sy69db2nz5\anomala\Bacterial-Spot(752)__Bacterial-Spot (49).jpg,anomala,spinach_sy69db2nz5,Bacterial-Spot(752),433,577,JPEG
dataset\_work\spinach_classified\spinach_sy69db2nz5\anomala\Bacterial-Spot(752)__Bacterial-Spot (490).jpg,anomala,spinach_sy69db2nz5,Bacterial-Spot(752),900,1200,JPEG
dataset\_work\spinach_classified\spinach_sy69db2nz5\anomala\Bacterial-Spot(752)__Bacterial-Spot (491).jpg,anomala,spinach_sy69db2nz5,Bacterial-Spot(752),900,1200,JPEG
dataset\_work\spinach_classified\spinach_sy69db2nz5\anomala\Bacterial-Spot(752)__Bacterial-Spot (492).jpg,anomala,spinach_sy69db2nz5,Bacterial-Spot(752),900,1200,JPEG
dataset\_work\spinach_classified\spinach_sy69db2nz5\anomala\Bacterial-Spot(752)__Bacterial-Spot (493).jpg,anomala,spinach_sy69db2nz5,Bacterial-Spot(752),900,1200,JPEG
dataset\_work\spinach_classified\spinach_sy69db2nz5\anomala\Bacterial-Spot(752)__Bacterial-Spot (494).jpg,anomala,spinach_sy69db2nz5,Bacterial-Spot(752),900,1200,JPEG
dataset\_work\spinach_classified\spinach_sy69db2nz5\anomala\Bacterial-Spot(752)__Bacterial-Spot (495).jpg,anomala,spinach_sy69db2nz5,Bacterial-Spot(752),900,1200,JPEG
dataset\_work\spinach_classified\spinach_sy69db2nz5\anomala\Bacterial-Spot(752)__Bacterial-Spot (496).jpg,anomala,spinach_sy69db2nz5,Bacterial-Spot(752),900,1200,JPEG
dataset\_work\spinach_classified\spinach_sy69db2nz5\anomala\Bacterial-Spot(752)__Bacterial-Spot (497).jpg,anomala,spinach_sy69db2nz5,Bacterial-Spot(752),900,1200,JPEG
dataset\_work\spinach_classified\spinach_sy69db2nz5\anomala\Bacterial-Spot(752)__Bacterial-Spot (498).jpg,anomala,spinach_sy69db2nz5,Bacterial-Spot(752),900,1200,JPEG
dataset\_work\spinach_classified\spinach_sy69db2nz5\anomala\Bacterial-Spot(752)__Bacterial-Spot (499).jpg,anomala,spinach_sy69db2nz5,Bacterial-Spot(752),900,1200,JPEG
dataset\_work\spinach_classified\spinach_sy69db2nz5\anomala\Bacterial-Spot(752)__Bacterial-Spot (5).jpg,anomala,spinach_sy69db2nz5,Bacterial-Spot(752),675,1200,JPEG
dataset\_work\spinach_classified\spinach_sy69db2nz5\anomala\Bacterial-Spot(752)__Bacterial-Spot (50).jpg,anomala,spinach_sy69db2nz5,Bacterial-Spot(752),433,577,JPEG
dataset\_work\spinach_classified\spinach_sy69db2nz5\anomala\Bacterial-Spot(752)__Bacterial-Spot (500).jpg,anomala,spinach_sy69db2nz5,Bacterial-Spot(752),900,1200,JPEG
dataset\_work\spinach_classified\spinach_sy69db2nz5\anomala\Bacterial-Spot(752)__Bacterial-Spot (501).jpg,anomala,spinach_sy69db2nz5,Bacterial-Spot(752),900,1200,JPEG
dataset\_work\spinach_classified\spinach_sy69db2nz5\anomala\Bacterial-Spot(752)__Bacterial-Spot (502).jpg,anomala,spinach_sy69db2nz5,Bacterial-Spot(752),900,1200,JPEG
dataset\_work\spinach_classified\spinach_sy69db2nz5\anomala\Bacterial-Spot(752)__Bacterial-Spot (503).jpg,anomala,spinach_sy69db2nz5,Bacterial-Spot(752),900,1200,JPEG
dataset\_work\spinach_classified\spinach_sy69db2nz5\anomala\Bacterial-Spot(752)__Bacterial-Spot (504).jpg,anomala,spinach_sy69db2nz5,Bacterial-Spot(752),900,1200,JPEG
dataset\_work\spinach_classified\spinach_sy69db2nz5\anomala\Bacterial-Spot(752)__Bacterial-Spot (505).jpg,anomala,spinach_sy69db2nz5,Bacterial-Spot(752),900,1200,JPEG
dataset\_work\spinach_classified\spinach_sy69db2nz5\anomala\Bacterial-Spot(752)__Bacterial-Spot (506).jpg,anomala,spinach_sy69db2nz5,Bacterial-Spot(752),900,1200,JPEG
dataset\_work\spinach_classified\spinach_sy69db2nz5\anomala\Bacterial-Spot(752)__Bacterial-Spot (507).jpg,anomala,spinach_sy69db2nz5,Bacterial-Spot(752),900,1200,JPEG
dataset\_work\spinach_classified\spinach_sy69db2nz5\anomala\Bacterial-Spot(752)__Bacterial-Spot (508).jpg,anomala,spinach_sy69db2nz5,Bacterial-Spot(752),900,1200,JPEG
dataset\_work\spinach_classified\spinach_sy69db2nz5\anomala\Bacterial-Spot(752)__Bacterial-Spot (509).jpg,anomala,spinach_sy69db2nz5,Bacterial-Spot(752),900,1200,JPEG
dataset\_work\spinach_classified\spinach_sy69db2nz5\anomala\Bacterial-Spot(752)__Bacterial-Spot (51).jpg,anomala,spinach_sy69db2nz5,Bacterial-Spot(752),433,577,JPEG
dataset\_work\spinach_classified\spinach_sy69db2nz5\anomala\Bacterial-Spot(752)__Bacterial-Spot (510).jpg,anomala,spinach_sy69db2nz5,Bacterial-Spot(752),900,1200,JPEG
dataset\_work\spinach_classified\spinach_sy69db2nz5\anomala\Bacterial-Spot(752)__Bacterial-Spot (511).jpg,anomala,spinach_sy69db2nz5,Bacterial-Spot(752),900,1200,JPEG
dataset\_work\spinach_classified\spinach_sy69db2nz5\anomala\Bacterial-Spot(752)__Bacterial-Spot (512).jpg,anomala,spinach_sy69db2nz5,Bacterial-Spot(752),900,1200,JPEG
dataset\_work\spinach_classified\spinach_sy69db2nz5\anomala\Bacterial-Spot(752)__Bacterial-Spot (513).jpg,anomala,spinach_sy69db2nz5,Bacterial-Spot(752),900,1200,JPEG
dataset\_work\spinach_classified\spinach_sy69db2nz5\anomala\Bacterial-Spot(752)__Bacterial-Spot (514).jpg,anomala,spinach_sy69db2nz5,Bacterial-Spot(752),900,1200,JPEG
dataset\_work\spinach_classified\spinach_sy69db2nz5\anomala\Bacterial-Spot(752)__Bacterial-Spot (515).jpg,anomala,spinach_sy69db2nz5,Bacterial-Spot(752),900,1200,JPEG
dataset\_work\spinach_classified\spinach_sy69db2nz5\anomala\Bacterial-Spot(752)__Bacterial-Spot (516).jpg,anomala,spinach_sy69db2nz5,Bacterial-Spot(752),900,1200,JPEG
dataset\_work\spinach_classified\spinach_sy69db2nz5\anomala\Bacterial-Spot(752)__Bacterial-Spot (517).jpg,anomala,spinach_sy69db2nz5,Bacterial-Spot(752),900,1200,JPEG
dataset\_work\spinach_classified\spinach_sy69db2nz5\anomala\Bacterial-Spot(752)__Bacterial-Spot (518).jpg,anomala,spinach_sy69db2nz5,Bacterial-Spot(752),900,1200,JPEG
dataset\_work\spinach_classified\spinach_sy69db2nz5\anomala\Bacterial-Spot(752)__Bacterial-Spot (519).jpg,anomala,spinach_sy69db2nz5,Bacterial-Spot(752),900,1200,JPEG
dataset\_work\spinach_classified\spinach_sy69db2nz5\anomala\Bacterial-Spot(752)__Bacterial-Spot (52).jpg,anomala,spinach_sy69db2nz5,Bacterial-Spot(752),450,554,JPEG
dataset\_work\spinach_classified\spinach_sy69db2nz5\anomala\Bacterial-Spot(752)__Bacterial-Spot (520).jpg,anomala,spinach_sy69db2nz5,Bacterial-Spot(752),900,1200,JPEG
dataset\_work\spinach_classified\spinach_sy69db2nz5\anomala\Bacterial-Spot(752)__Bacterial-Spot (521).jpg,anomala,spinach_sy69db2nz5,Bacterial-Spot(752),900,1200,JPEG
dataset\_work\spinach_classified\spinach_sy69db2nz5\anomala\Bacterial-Spot(752)__Bacterial-Spot (522).jpg,anomala,spinach_sy69db2nz5,Bacterial-Spot(752),900,1200,JPEG
dataset\_work\spinach_classified\spinach_sy69db2nz5\anomala\Bacterial-Spot(752)__Bacterial-Spot (523).jpg,anomala,spinach_sy69db2nz5,Bacterial-Spot(752),900,1200,JPEG
dataset\_work\spinach_classified\spinach_sy69db2nz5\anomala\Bacterial-Spot(752)__Bacterial-Spot (524).jpg,anomala,spinach_sy69db2nz5,Bacterial-Spot(752),900,1200,JPEG
dataset\_work\spinach_classified\spinach_sy69db2nz5\anomala\Bacterial-Spot(752)__Bacterial-Spot (525).jpg,anomala,spinach_sy69db2nz5,Bacterial-Spot(752),900,1200,JPEG
dataset\_work\spinach_classified\spinach_sy69db2nz5\anomala\Bacterial-Spot(752)__Bacterial-Spot (526).jpg,anomala,spinach_sy69db2nz5,Bacterial-Spot(752),900,1200,JPEG
dataset\_work\spinach_classified\spinach_sy69db2nz5\anomala\Bacterial-Spot(752)__Bacterial-Spot (527).jpg,anomala,spinach_sy69db2nz5,Bacterial-Spot(752),900,1200,JPEG
dataset\_work\spinach_classified\spinach_sy69db2nz5\anomala\Bacterial-Spot(752)__Bacterial-Spot (528).jpg,anomala,spinach_sy69db2nz5,Bacterial-Spot(752),900,1200,JPEG
dataset\_work\spinach_classified\spinach_sy69db2nz5\anomala\Bacterial-Spot(752)__Bacterial-Spot (529).jpg,anomala,spinach_sy69db2nz5,Bacterial-Spot(752),900,1200,JPEG
dataset\_work\spinach_classified\spinach_sy69db2nz5\anomala\Bacterial-Spot(752)__Bacterial-Spot (53).jpg,anomala,spinach_sy69db2nz5,Bacterial-Spot(752),445,561,JPEG
dataset\_work\spinach_classified\spinach_sy69db2nz5\anomala\Bacterial-Spot(752)__Bacterial-Spot (530).jpg,anomala,spinach_sy69db2nz5,Bacterial-Spot(752),900,1200,JPEG
dataset\_work\spinach_classified\spinach_sy69db2nz5\anomala\Bacterial-Spot(752)__Bacterial-Spot (531).jpg,anomala,spinach_sy69db2nz5,Bacterial-Spot(752),900,1200,JPEG
dataset\_work\spinach_classified\spinach_sy69db2nz5\anomala\Bacterial-Spot(752)__Bacterial-Spot (532).jpg,anomala,spinach_sy69db2nz5,Bacterial-Spot(752),900,1200,JPEG
dataset\_work\spinach_classified\spinach_sy69db2nz5\anomala\Bacterial-Spot(752)__Bacterial-Spot (533).jpg,anomala,spinach_sy69db2nz5,Bacterial-Spot(752),900,1200,JPEG
dataset\_work\spinach_classified\spinach_sy69db2nz5\anomala\Bacterial-Spot(752)__Bacterial-Spot (534).jpg,anomala,spinach_sy69db2nz5,Bacterial-Spot(752),900,1200,JPEG
dataset\_work\spinach_classified\spinach_sy69db2nz5\anomala\Bacterial-Spot(752)__Bacterial-Spot (535).jpg,anomala,spinach_sy69db2nz5,Bacterial-Spot(752),900,1200,JPEG
dataset\_work\spinach_classified\spinach_sy69db2nz5\anomala\Bacterial-Spot(752)__Bacterial-Spot (536).jpg,anomala,spinach_sy69db2nz5,Bacterial-Spot(752),900,1200,JPEG
dataset\_work\spinach_classified\spinach_sy69db2nz5\anomala\Bacterial-Spot(752)__Bacterial-Spot (537).jpg,anomala,spinach_sy69db2nz5,Bacterial-Spot(752),900,1200,JPEG
dataset\_work\spinach_classified\spinach_sy69db2nz5\anomala\Bacterial-Spot(752)__Bacterial-Spot (538).jpg,anomala,spinach_sy69db2nz5,Bacterial-Spot(752),900,1200,JPEG
dataset\_work\spinach_classified\spinach_sy69db2nz5\anomala\Bacterial-Spot(752)__Bacterial-Spot (539).jpg,anomala,spinach_sy69db2nz5,Bacterial-Spot(752),900,1200,JPEG
dataset\_work\spinach_classified\spinach_sy69db2nz5\anomala\Bacterial-Spot(752)__Bacterial-Spot (54).jpg,anomala,spinach_sy69db2nz5,Bacterial-Spot(752),433,577,JPEG
dataset\_work\spinach_classified\spinach_sy69db2nz5\anomala\Bacterial-Spot(752)__Bacterial-Spot (540).jpg,anomala,spinach_sy69db2nz5,Bacterial-Spot(752),900,1200,JPEG
dataset\_work\spinach_classified\spinach_sy69db2nz5\anomala\Bacterial-Spot(752)__Bacterial-Spot (541).jpg,anomala,spinach_sy69db2nz5,Bacterial-Spot(752),900,1200,JPEG
dataset\_work\spinach_classified\spinach_sy69db2nz5\anomala\Bacterial-Spot(752)__Bacterial-Spot (542).jpg,anomala,spinach_sy69db2nz5,Bacterial-Spot(752),900,1200,JPEG
dataset\_work\spinach_classified\spinach_sy69db2nz5\anomala\Bacterial-Spot(752)__Bacterial-Spot (543).jpg,anomala,spinach_sy69db2nz5,Bacterial-Spot(752),900,1200,JPEG
dataset\_work\spinach_classified\spinach_sy69db2nz5\anomala\Bacterial-Spot(752)__Bacterial-Spot (544).jpg,anomala,spinach_sy69db2nz5,Bacterial-Spot(752),900,1200,JPEG
dataset\_work\spinach_classified\spinach_sy69db2nz5\anomala\Bacterial-Spot(752)__Bacterial-Spot (545).jpg,anomala,spinach_sy69db2nz5,Bacterial-Spot(752),900,1200,JPEG
dataset\_work\spinach_classified\spinach_sy69db2nz5\anomala\Bacterial-Spot(752)__Bacterial-Spot (546).jpg,anomala,spinach_sy69db2nz5,Bacterial-Spot(752),900,1200,JPEG
dataset\_work\spinach_classified\spinach_sy69db2nz5\anomala\Bacterial-Spot(752)__Bacterial-Spot (547).jpg,anomala,spinach_sy69db2nz5,Bacterial-Spot(752),900,1200,JPEG
dataset\_work\spinach_classified\spinach_sy69db2nz5\anomala\Bacterial-Spot(752)__Bacterial-Spot (548).jpg,anomala,spinach_sy69db2nz5,Bacterial-Spot(752),900,1200,JPEG
dataset\_work\spinach_classified\spinach_sy69db2nz5\anomala\Bacterial-Spot(752)__Bacterial-Spot (549).jpg,anomala,spinach_sy69db2nz5,Bacterial-Spot(752),900,1200,JPEG
dataset\_work\spinach_classified\spinach_sy69db2nz5\anomala\Bacterial-Spot(752)__Bacterial-Spot (55).jpg,anomala,spinach_sy69db2nz5,Bacterial-Spot(752),433,577,JPEG
dataset\_work\spinach_classified\spinach_sy69db2nz5\anomala\Bacterial-Spot(752)__Bacterial-Spot (550).jpg,anomala,spinach_sy69db2nz5,Bacterial-Spot(752),900,1200,JPEG
dataset\_work\spinach_classified\spinach_sy69db2nz5\anomala\Bacterial-Spot(752)__Bacterial-Spot (551).jpg,anomala,spinach_sy69db2nz5,Bacterial-Spot(752),900,1200,JPEG
dataset\_work\spinach_classified\spinach_sy69db2nz5\anomala\Bacterial-Spot(752)__Bacterial-Spot (552).jpg,anomala,spinach_sy69db2nz5,Bacterial-Spot(752),900,1200,JPEG
dataset\_work\spinach_classified\spinach_sy69db2nz5\anomala\Bacterial-Spot(752)__Bacterial-Spot (553).jpg,anomala,spinach_sy69db2nz5,Bacterial-Spot(752),900,1200,JPEG
dataset\_work\spinach_classified\spinach_sy69db2nz5\anomala\Bacterial-Spot(752)__Bacterial-Spot (554).jpg,anomala,spinach_sy69db2nz5,Bacterial-Spot(752),900,1200,JPEG
dataset\_work\spinach_classified\spinach_sy69db2nz5\anomala\Bacterial-Spot(752)__Bacterial-Spot (555).jpg,anomala,spinach_sy69db2nz5,Bacterial-Spot(752),900,1200,JPEG
dataset\_work\spinach_classified\spinach_sy69db2nz5\anomala\Bacterial-Spot(752)__Bacterial-Spot (556).jpg,anomala,spinach_sy69db2nz5,Bacterial-Spot(752),900,1200,JPEG
dataset\_work\spinach_classified\spinach_sy69db2nz5\anomala\Bacterial-Spot(752)__Bacterial-Spot (557).jpg,anomala,spinach_sy69db2nz5,Bacterial-Spot(752),900,1200,JPEG
dataset\_work\spinach_classified\spinach_sy69db2nz5\anomala\Bacterial-Spot(752)__Bacterial-Spot (558).jpg,anomala,spinach_sy69db2nz5,Bacterial-Spot(752),900,1200,JPEG
dataset\_work\spinach_classified\spinach_sy69db2nz5\anomala\Bacterial-Spot(752)__Bacterial-Spot (559).jpg,anomala,spinach_sy69db2nz5,Bacterial-Spot(752),900,1200,JPEG
dataset\_work\spinach_classified\spinach_sy69db2nz5\anomala\Bacterial-Spot(752)__Bacterial-Spot (56).jpg,anomala,spinach_sy69db2nz5,Bacterial-Spot(752),433,577,JPEG
dataset\_work\spinach_classified\spinach_sy69db2nz5\anomala\Bacterial-Spot(752)__Bacterial-Spot (560).jpg,anomala,spinach_sy69db2nz5,Bacterial-Spot(752),900,1200,JPEG
dataset\_work\spinach_classified\spinach_sy69db2nz5\anomala\Bacterial-Spot(752)__Bacterial-Spot (561).jpg,anomala,spinach_sy69db2nz5,Bacterial-Spot(752),900,1200,JPEG
dataset\_work\spinach_classified\spinach_sy69db2nz5\anomala\Bacterial-Spot(752)__Bacterial-Spot (562).jpg,anomala,spinach_sy69db2nz5,Bacterial-Spot(752),900,1200,JPEG
dataset\_work\spinach_classified\spinach_sy69db2nz5\anomala\Bacterial-Spot(752)__Bacterial-Spot (563).jpg,anomala,spinach_sy69db2nz5,Bacterial-Spot(752),900,1200,JPEG
dataset\_work\spinach_classified\spinach_sy69db2nz5\anomala\Bacterial-Spot(752)__Bacterial-Spot (564).jpg,anomala,spinach_sy69db2nz5,Bacterial-Spot(752),900,1200,JPEG
dataset\_work\spinach_classified\spinach_sy69db2nz5\anomala\Bacterial-Spot(752)__Bacterial-Spot (565).jpg,anomala,spinach_sy69db2nz5,Bacterial-Spot(752),900,1200,JPEG
dataset\_work\spinach_classified\spinach_sy69db2nz5\anomala\Bacterial-Spot(752)__Bacterial-Spot (566).jpg,anomala,spinach_sy69db2nz5,Bacterial-Spot(752),900,1200,JPEG
dataset\_work\spinach_classified\spinach_sy69db2nz5\anomala\Bacterial-Spot(752)__Bacterial-Spot (567).jpg,anomala,spinach_sy69db2nz5,Bacterial-Spot(752),900,1200,JPEG
dataset\_work\spinach_classified\spinach_sy69db2nz5\anomala\Bacterial-Spot(752)__Bacterial-Spot (568).JPG,anomala,spinach_sy69db2nz5,Bacterial-Spot(752),900,1200,JPEG
dataset\_work\spinach_classified\spinach_sy69db2nz5\anomala\Bacterial-Spot(752)__Bacterial-Spot (569).JPG,anomala,spinach_sy69db2nz5,Bacterial-Spot(752),900,1200,JPEG
dataset\_work\spinach_classified\spinach_sy69db2nz5\anomala\Bacterial-Spot(752)__Bacterial-Spot (57).jpg,anomala,spinach_sy69db2nz5,Bacterial-Spot(752),487,512,JPEG
dataset\_work\spinach_classified\spinach_sy69db2nz5\anomala\Bacterial-Spot(752)__Bacterial-Spot (570).jpg,anomala,spinach_sy69db2nz5,Bacterial-Spot(752),900,1200,JPEG
dataset\_work\spinach_classified\spinach_sy69db2nz5\anomala\Bacterial-Spot(752)__Bacterial-Spot (571).jpg,anomala,spinach_sy69db2nz5,Bacterial-Spot(752),900,1200,JPEG
dataset\_work\spinach_classified\spinach_sy69db2nz5\anomala\Bacterial-Spot(752)__Bacterial-Spot (572).jpg,anomala,spinach_sy69db2nz5,Bacterial-Spot(752),900,1200,JPEG
dataset\_work\spinach_classified\spinach_sy69db2nz5\anomala\Bacterial-Spot(752)__Bacterial-Spot (573).jpg,anomala,spinach_sy69db2nz5,Bacterial-Spot(752),900,1200,JPEG
dataset\_work\spinach_classified\spinach_sy69db2nz5\anomala\Bacterial-Spot(752)__Bacterial-Spot (574).jpg,anomala,spinach_sy69db2nz5,Bacterial-Spot(752),900,1200,JPEG
dataset\_work\spinach_classified\spinach_sy69db2nz5\anomala\Bacterial-Spot(752)__Bacterial-Spot (575).jpg,anomala,spinach_sy69db2nz5,Bacterial-Spot(752),900,1200,JPEG
dataset\_work\spinach_classified\spinach_sy69db2nz5\anomala\Bacterial-Spot(752)__Bacterial-Spot (576).jpg,anomala,spinach_sy69db2nz5,Bacterial-Spot(752),900,1200,JPEG
dataset\_work\spinach_classified\spinach_sy69db2nz5\anomala\Bacterial-Spot(752)__Bacterial-Spot (577).jpg,anomala,spinach_sy69db2nz5,Bacterial-Spot(752),900,1200,JPEG
dataset\_work\spinach_classified\spinach_sy69db2nz5\anomala\Bacterial-Spot(752)__Bacterial-Spot (578).jpg,anomala,spinach_sy69db2nz5,Bacterial-Spot(752),900,1200,JPEG
dataset\_work\spinach_classified\spinach_sy69db2nz5\anomala\Bacterial-Spot(752)__Bacterial-Spot (579).jpg,anomala,spinach_sy69db2nz5,Bacterial-Spot(752),900,1200,JPEG
dataset\_work\spinach_classified\spinach_sy69db2nz5\anomala\Bacterial-Spot(752)__Bacterial-Spot (58).jpg,anomala,spinach_sy69db2nz5,Bacterial-Spot(752),456,548,JPEG
dataset\_work\spinach_classified\spinach_sy69db2nz5\anomala\Bacterial-Spot(752)__Bacterial-Spot (580).jpg,anomala,spinach_sy69db2nz5,Bacterial-Spot(752),900,1200,JPEG
dataset\_work\spinach_classified\spinach_sy69db2nz5\anomala\Bacterial-Spot(752)__Bacterial-Spot (581).jpg,anomala,spinach_sy69db2nz5,Bacterial-Spot(752),900,1200,JPEG
dataset\_work\spinach_classified\spinach_sy69db2nz5\anomala\Bacterial-Spot(752)__Bacterial-Spot (582).jpg,anomala,spinach_sy69db2nz5,Bacterial-Spot(752),900,1200,JPEG
dataset\_work\spinach_classified\spinach_sy69db2nz5\anomala\Bacterial-Spot(752)__Bacterial-Spot (583).jpg,anomala,spinach_sy69db2nz5,Bacterial-Spot(752),900,1200,JPEG
dataset\_work\spinach_classified\spinach_sy69db2nz5\anomala\Bacterial-Spot(752)__Bacterial-Spot (584).jpg,anomala,spinach_sy69db2nz5,Bacterial-Spot(752),900,1200,JPEG
dataset\_work\spinach_classified\spinach_sy69db2nz5\anomala\Bacterial-Spot(752)__Bacterial-Spot (585).jpg,anomala,spinach_sy69db2nz5,Bacterial-Spot(752),900,1200,JPEG
dataset\_work\spinach_classified\spinach_sy69db2nz5\anomala\Bacterial-Spot(752)__Bacterial-Spot (586).jpg,anomala,spinach_sy69db2nz5,Bacterial-Spot(752),900,1200,JPEG
dataset\_work\spinach_classified\spinach_sy69db2nz5\anomala\Bacterial-Spot(752)__Bacterial-Spot (587).jpg,anomala,spinach_sy69db2nz5,Bacterial-Spot(752),900,1200,JPEG
dataset\_work\spinach_classified\spinach_sy69db2nz5\anomala\Bacterial-Spot(752)__Bacterial-Spot (588).jpg,anomala,spinach_sy69db2nz5,Bacterial-Spot(752),900,1200,JPEG
dataset\_work\spinach_classified\spinach_sy69db2nz5\anomala\Bacterial-Spot(752)__Bacterial-Spot (589).jpg,anomala,spinach_sy69db2nz5,Bacterial-Spot(752),900,1200,JPEG
dataset\_work\spinach_classified\spinach_sy69db2nz5\anomala\Bacterial-Spot(752)__Bacterial-Spot (59).jpg,anomala,spinach_sy69db2nz5,Bacterial-Spot(752),433,577,JPEG
dataset\_work\spinach_classified\spinach_sy69db2nz5\anomala\Bacterial-Spot(752)__Bacterial-Spot (590).jpg,anomala,spinach_sy69db2nz5,Bacterial-Spot(752),900,1200,JPEG
dataset\_work\spinach_classified\spinach_sy69db2nz5\anomala\Bacterial-Spot(752)__Bacterial-Spot (591).jpg,anomala,spinach_sy69db2nz5,Bacterial-Spot(752),900,1200,JPEG
dataset\_work\spinach_classified\spinach_sy69db2nz5\anomala\Bacterial-Spot(752)__Bacterial-Spot (592).jpg,anomala,spinach_sy69db2nz5,Bacterial-Spot(752),900,1200,JPEG
dataset\_work\spinach_classified\spinach_sy69db2nz5\anomala\Bacterial-Spot(752)__Bacterial-Spot (593).jpg,anomala,spinach_sy69db2nz5,Bacterial-Spot(752),900,1200,JPEG
dataset\_work\spinach_classified\spinach_sy69db2nz5\anomala\Bacterial-Spot(752)__Bacterial-Spot (594).jpg,anomala,spinach_sy69db2nz5,Bacterial-Spot(752),900,1200,JPEG
dataset\_work\spinach_classified\spinach_sy69db2nz5\anomala\Bacterial-Spot(752)__Bacterial-Spot (595).jpg,anomala,spinach_sy69db2nz5,Bacterial-Spot(752),900,1200,JPEG
dataset\_work\spinach_classified\spinach_sy69db2nz5\anomala\Bacterial-Spot(752)__Bacterial-Spot (596).jpg,anomala,spinach_sy69db2nz5,Bacterial-Spot(752),900,1200,JPEG
dataset\_work\spinach_classified\spinach_sy69db2nz5\anomala\Bacterial-Spot(752)__Bacterial-Spot (597).jpg,anomala,spinach_sy69db2nz5,Bacterial-Spot(752),900,1200,JPEG
dataset\_work\spinach_classified\spinach_sy69db2nz5\anomala\Bacterial-Spot(752)__Bacterial-Spot (598).jpg,anomala,spinach_sy69db2nz5,Bacterial-Spot(752),900,1200,JPEG
dataset\_work\spinach_classified\spinach_sy69db2nz5\anomala\Bacterial-Spot(752)__Bacterial-Spot (599).jpg,anomala,spinach_sy69db2nz5,Bacterial-Spot(752),900,1200,JPEG
dataset\_work\spinach_classified\spinach_sy69db2nz5\anomala\Bacterial-Spot(752)__Bacterial-Spot (6).jpg,anomala,spinach_sy69db2nz5,Bacterial-Spot(752),675,1200,JPEG
dataset\_work\spinach_classified\spinach_sy69db2nz5\anomala\Bacterial-Spot(752)__Bacterial-Spot (60).jpg,anomala,spinach_sy69db2nz5,Bacterial-Spot(752),577,433,JPEG
dataset\_work\spinach_classified\spinach_sy69db2nz5\anomala\Bacterial-Spot(752)__Bacterial-Spot (600).jpg,anomala,spinach_sy69db2nz5,Bacterial-Spot(752),900,1200,JPEG
dataset\_work\spinach_classified\spinach_sy69db2nz5\anomala\Bacterial-Spot(752)__Bacterial-Spot (601).jpg,anomala,spinach_sy69db2nz5,Bacterial-Spot(752),900,1200,JPEG
dataset\_work\spinach_classified\spinach_sy69db2nz5\anomala\Bacterial-Spot(752)__Bacterial-Spot (602).jpg,anomala,spinach_sy69db2nz5,Bacterial-Spot(752),900,1200,JPEG
dataset\_work\spinach_classified\spinach_sy69db2nz5\anomala\Bacterial-Spot(752)__Bacterial-Spot (603).jpg,anomala,spinach_sy69db2nz5,Bacterial-Spot(752),900,1200,JPEG
dataset\_work\spinach_classified\spinach_sy69db2nz5\anomala\Bacterial-Spot(752)__Bacterial-Spot (604).jpg,anomala,spinach_sy69db2nz5,Bacterial-Spot(752),900,1200,JPEG
dataset\_work\spinach_classified\spinach_sy69db2nz5\anomala\Bacterial-Spot(752)__Bacterial-Spot (605).jpg,anomala,spinach_sy69db2nz5,Bacterial-Spot(752),900,1200,JPEG
dataset\_work\spinach_classified\spinach_sy69db2nz5\anomala\Bacterial-Spot(752)__Bacterial-Spot (606).jpg,anomala,spinach_sy69db2nz5,Bacterial-Spot(752),900,1200,JPEG
dataset\_work\spinach_classified\spinach_sy69db2nz5\anomala\Bacterial-Spot(752)__Bacterial-Spot (607).jpg,anomala,spinach_sy69db2nz5,Bacterial-Spot(752),900,1200,JPEG
dataset\_work\spinach_classified\spinach_sy69db2nz5\anomala\Bacterial-Spot(752)__Bacterial-Spot (608).jpg,anomala,spinach_sy69db2nz5,Bacterial-Spot(752),900,1200,JPEG
dataset\_work\spinach_classified\spinach_sy69db2nz5\anomala\Bacterial-Spot(752)__Bacterial-Spot (609).jpg,anomala,spinach_sy69db2nz5,Bacterial-Spot(752),900,1200,JPEG
dataset\_work\spinach_classified\spinach_sy69db2nz5\anomala\Bacterial-Spot(752)__Bacterial-Spot (61).jpg,anomala,spinach_sy69db2nz5,Bacterial-Spot(752),433,577,JPEG
dataset\_work\spinach_classified\spinach_sy69db2nz5\anomala\Bacterial-Spot(752)__Bacterial-Spot (610).jpg,anomala,spinach_sy69db2nz5,Bacterial-Spot(752),900,1200,JPEG
dataset\_work\spinach_classified\spinach_sy69db2nz5\anomala\Bacterial-Spot(752)__Bacterial-Spot (611).jpg,anomala,spinach_sy69db2nz5,Bacterial-Spot(752),900,1200,JPEG
dataset\_work\spinach_classified\spinach_sy69db2nz5\anomala\Bacterial-Spot(752)__Bacterial-Spot (612).jpg,anomala,spinach_sy69db2nz5,Bacterial-Spot(752),900,1200,JPEG
dataset\_work\spinach_classified\spinach_sy69db2nz5\anomala\Bacterial-Spot(752)__Bacterial-Spot (613).jpg,anomala,spinach_sy69db2nz5,Bacterial-Spot(752),900,1200,JPEG
dataset\_work\spinach_classified\spinach_sy69db2nz5\anomala\Bacterial-Spot(752)__Bacterial-Spot (614).jpg,anomala,spinach_sy69db2nz5,Bacterial-Spot(752),900,1200,JPEG
dataset\_work\spinach_classified\spinach_sy69db2nz5\anomala\Bacterial-Spot(752)__Bacterial-Spot (615).jpg,anomala,spinach_sy69db2nz5,Bacterial-Spot(752),900,1200,JPEG
dataset\_work\spinach_classified\spinach_sy69db2nz5\anomala\Bacterial-Spot(752)__Bacterial-Spot (616).jpg,anomala,spinach_sy69db2nz5,Bacterial-Spot(752),900,1200,JPEG
dataset\_work\spinach_classified\spinach_sy69db2nz5\anomala\Bacterial-Spot(752)__Bacterial-Spot (617).jpg,anomala,spinach_sy69db2nz5,Bacterial-Spot(752),900,1200,JPEG
dataset\_work\spinach_classified\spinach_sy69db2nz5\anomala\Bacterial-Spot(752)__Bacterial-Spot (618).jpg,anomala,spinach_sy69db2nz5,Bacterial-Spot(752),900,1200,JPEG
dataset\_work\spinach_classified\spinach_sy69db2nz5\anomala\Bacterial-Spot(752)__Bacterial-Spot (619).jpg,anomala,spinach_sy69db2nz5,Bacterial-Spot(752),900,1200,JPEG
dataset\_work\spinach_classified\spinach_sy69db2nz5\anomala\Bacterial-Spot(752)__Bacterial-Spot (62).jpg,anomala,spinach_sy69db2nz5,Bacterial-Spot(752),433,577,JPEG
dataset\_work\spinach_classified\spinach_sy69db2nz5\anomala\Bacterial-Spot(752)__Bacterial-Spot (620).jpg,anomala,spinach_sy69db2nz5,Bacterial-Spot(752),900,1200,JPEG
dataset\_work\spinach_classified\spinach_sy69db2nz5\anomala\Bacterial-Spot(752)__Bacterial-Spot (621).jpg,anomala,spinach_sy69db2nz5,Bacterial-Spot(752),900,1200,JPEG
dataset\_work\spinach_classified\spinach_sy69db2nz5\anomala\Bacterial-Spot(752)__Bacterial-Spot (622).jpg,anomala,spinach_sy69db2nz5,Bacterial-Spot(752),900,1200,JPEG
dataset\_work\spinach_classified\spinach_sy69db2nz5\anomala\Bacterial-Spot(752)__Bacterial-Spot (623).jpg,anomala,spinach_sy69db2nz5,Bacterial-Spot(752),900,1200,JPEG
dataset\_work\spinach_classified\spinach_sy69db2nz5\anomala\Bacterial-Spot(752)__Bacterial-Spot (624).jpg,anomala,spinach_sy69db2nz5,Bacterial-Spot(752),900,1200,JPEG
dataset\_work\spinach_classified\spinach_sy69db2nz5\anomala\Bacterial-Spot(752)__Bacterial-Spot (625).jpg,anomala,spinach_sy69db2nz5,Bacterial-Spot(752),900,1200,JPEG
dataset\_work\spinach_classified\spinach_sy69db2nz5\anomala\Bacterial-Spot(752)__Bacterial-Spot (626).jpg,anomala,spinach_sy69db2nz5,Bacterial-Spot(752),900,1200,JPEG
dataset\_work\spinach_classified\spinach_sy69db2nz5\anomala\Bacterial-Spot(752)__Bacterial-Spot (627).jpg,anomala,spinach_sy69db2nz5,Bacterial-Spot(752),900,1200,JPEG
dataset\_work\spinach_classified\spinach_sy69db2nz5\anomala\Bacterial-Spot(752)__Bacterial-Spot (628).jpg,anomala,spinach_sy69db2nz5,Bacterial-Spot(752),900,1200,JPEG
dataset\_work\spinach_classified\spinach_sy69db2nz5\anomala\Bacterial-Spot(752)__Bacterial-Spot (629).jpg,anomala,spinach_sy69db2nz5,Bacterial-Spot(752),900,1200,JPEG
dataset\_work\spinach_classified\spinach_sy69db2nz5\anomala\Bacterial-Spot(752)__Bacterial-Spot (63).jpg,anomala,spinach_sy69db2nz5,Bacterial-Spot(752),433,577,JPEG
dataset\_work\spinach_classified\spinach_sy69db2nz5\anomala\Bacterial-Spot(752)__Bacterial-Spot (630).jpg,anomala,spinach_sy69db2nz5,Bacterial-Spot(752),900,1200,JPEG
dataset\_work\spinach_classified\spinach_sy69db2nz5\anomala\Bacterial-Spot(752)__Bacterial-Spot (631).jpg,anomala,spinach_sy69db2nz5,Bacterial-Spot(752),900,1200,JPEG
dataset\_work\spinach_classified\spinach_sy69db2nz5\anomala\Bacterial-Spot(752)__Bacterial-Spot (632).jpg,anomala,spinach_sy69db2nz5,Bacterial-Spot(752),900,1200,JPEG
dataset\_work\spinach_classified\spinach_sy69db2nz5\anomala\Bacterial-Spot(752)__Bacterial-Spot (633).jpg,anomala,spinach_sy69db2nz5,Bacterial-Spot(752),900,1200,JPEG
dataset\_work\spinach_classified\spinach_sy69db2nz5\anomala\Bacterial-Spot(752)__Bacterial-Spot (634).jpg,anomala,spinach_sy69db2nz5,Bacterial-Spot(752),900,1200,JPEG
dataset\_work\spinach_classified\spinach_sy69db2nz5\anomala\Bacterial-Spot(752)__Bacterial-Spot (635).jpg,anomala,spinach_sy69db2nz5,Bacterial-Spot(752),900,1200,JPEG
dataset\_work\spinach_classified\spinach_sy69db2nz5\anomala\Bacterial-Spot(752)__Bacterial-Spot (636).jpg,anomala,spinach_sy69db2nz5,Bacterial-Spot(752),900,1200,JPEG
dataset\_work\spinach_classified\spinach_sy69db2nz5\anomala\Bacterial-Spot(752)__Bacterial-Spot (637).jpg,anomala,spinach_sy69db2nz5,Bacterial-Spot(752),900,1200,JPEG
dataset\_work\spinach_classified\spinach_sy69db2nz5\anomala\Bacterial-Spot(752)__Bacterial-Spot (638).jpg,anomala,spinach_sy69db2nz5,Bacterial-Spot(752),900,1200,JPEG
dataset\_work\spinach_classified\spinach_sy69db2nz5\anomala\Bacterial-Spot(752)__Bacterial-Spot (639).jpg,anomala,spinach_sy69db2nz5,Bacterial-Spot(752),900,1200,JPEG
dataset\_work\spinach_classified\spinach_sy69db2nz5\anomala\Bacterial-Spot(752)__Bacterial-Spot (64).jpg,anomala,spinach_sy69db2nz5,Bacterial-Spot(752),433,577,JPEG
dataset\_work\spinach_classified\spinach_sy69db2nz5\anomala\Bacterial-Spot(752)__Bacterial-Spot (640).jpg,anomala,spinach_sy69db2nz5,Bacterial-Spot(752),900,1200,JPEG
dataset\_work\spinach_classified\spinach_sy69db2nz5\anomala\Bacterial-Spot(752)__Bacterial-Spot (641).jpg,anomala,spinach_sy69db2nz5,Bacterial-Spot(752),900,1200,JPEG
dataset\_work\spinach_classified\spinach_sy69db2nz5\anomala\Bacterial-Spot(752)__Bacterial-Spot (642).jpg,anomala,spinach_sy69db2nz5,Bacterial-Spot(752),900,1200,JPEG
dataset\_work\spinach_classified\spinach_sy69db2nz5\anomala\Bacterial-Spot(752)__Bacterial-Spot (643).jpg,anomala,spinach_sy69db2nz5,Bacterial-Spot(752),900,1200,JPEG
dataset\_work\spinach_classified\spinach_sy69db2nz5\anomala\Bacterial-Spot(752)__Bacterial-Spot (644).jpg,anomala,spinach_sy69db2nz5,Bacterial-Spot(752),900,1200,JPEG
dataset\_work\spinach_classified\spinach_sy69db2nz5\anomala\Bacterial-Spot(752)__Bacterial-Spot (645).jpg,anomala,spinach_sy69db2nz5,Bacterial-Spot(752),900,1200,JPEG
dataset\_work\spinach_classified\spinach_sy69db2nz5\anomala\Bacterial-Spot(752)__Bacterial-Spot (646).jpg,anomala,spinach_sy69db2nz5,Bacterial-Spot(752),900,1200,JPEG
dataset\_work\spinach_classified\spinach_sy69db2nz5\anomala\Bacterial-Spot(752)__Bacterial-Spot (647).jpg,anomala,spinach_sy69db2nz5,Bacterial-Spot(752),900,1200,JPEG
dataset\_work\spinach_classified\spinach_sy69db2nz5\anomala\Bacterial-Spot(752)__Bacterial-Spot (648).jpg,anomala,spinach_sy69db2nz5,Bacterial-Spot(752),900,1200,JPEG
dataset\_work\spinach_classified\spinach_sy69db2nz5\anomala\Bacterial-Spot(752)__Bacterial-Spot (649).jpg,anomala,spinach_sy69db2nz5,Bacterial-Spot(752),900,1200,JPEG
dataset\_work\spinach_classified\spinach_sy69db2nz5\anomala\Bacterial-Spot(752)__Bacterial-Spot (65).jpg,anomala,spinach_sy69db2nz5,Bacterial-Spot(752),468,533,JPEG
dataset\_work\spinach_classified\spinach_sy69db2nz5\anomala\Bacterial-Spot(752)__Bacterial-Spot (650).jpg,anomala,spinach_sy69db2nz5,Bacterial-Spot(752),900,1200,JPEG
dataset\_work\spinach_classified\spinach_sy69db2nz5\anomala\Bacterial-Spot(752)__Bacterial-Spot (651).jpg,anomala,spinach_sy69db2nz5,Bacterial-Spot(752),900,1200,JPEG
dataset\_work\spinach_classified\spinach_sy69db2nz5\anomala\Bacterial-Spot(752)__Bacterial-Spot (652).jpg,anomala,spinach_sy69db2nz5,Bacterial-Spot(752),900,1200,JPEG
dataset\_work\spinach_classified\spinach_sy69db2nz5\anomala\Bacterial-Spot(752)__Bacterial-Spot (653).jpg,anomala,spinach_sy69db2nz5,Bacterial-Spot(752),900,1200,JPEG
dataset\_work\spinach_classified\spinach_sy69db2nz5\anomala\Bacterial-Spot(752)__Bacterial-Spot (654).jpg,anomala,spinach_sy69db2nz5,Bacterial-Spot(752),900,1200,JPEG
dataset\_work\spinach_classified\spinach_sy69db2nz5\anomala\Bacterial-Spot(752)__Bacterial-Spot (655).jpg,anomala,spinach_sy69db2nz5,Bacterial-Spot(752),900,1200,JPEG
dataset\_work\spinach_classified\spinach_sy69db2nz5\anomala\Bacterial-Spot(752)__Bacterial-Spot (656).jpg,anomala,spinach_sy69db2nz5,Bacterial-Spot(752),900,1200,JPEG
dataset\_work\spinach_classified\spinach_sy69db2nz5\anomala\Bacterial-Spot(752)__Bacterial-Spot (657).jpg,anomala,spinach_sy69db2nz5,Bacterial-Spot(752),900,1200,JPEG
dataset\_work\spinach_classified\spinach_sy69db2nz5\anomala\Bacterial-Spot(752)__Bacterial-Spot (658).jpg,anomala,spinach_sy69db2nz5,Bacterial-Spot(752),900,1200,JPEG
dataset\_work\spinach_classified\spinach_sy69db2nz5\anomala\Bacterial-Spot(752)__Bacterial-Spot (659).jpg,anomala,spinach_sy69db2nz5,Bacterial-Spot(752),900,1200,JPEG
dataset\_work\spinach_classified\spinach_sy69db2nz5\anomala\Bacterial-Spot(752)__Bacterial-Spot (66).jpg,anomala,spinach_sy69db2nz5,Bacterial-Spot(752),444,562,JPEG
dataset\_work\spinach_classified\spinach_sy69db2nz5\anomala\Bacterial-Spot(752)__Bacterial-Spot (660).jpg,anomala,spinach_sy69db2nz5,Bacterial-Spot(752),900,1200,JPEG
dataset\_work\spinach_classified\spinach_sy69db2nz5\anomala\Bacterial-Spot(752)__Bacterial-Spot (661).jpg,anomala,spinach_sy69db2nz5,Bacterial-Spot(752),900,1200,JPEG
dataset\_work\spinach_classified\spinach_sy69db2nz5\anomala\Bacterial-Spot(752)__Bacterial-Spot (662).JPG,anomala,spinach_sy69db2nz5,Bacterial-Spot(752),675,1200,JPEG
dataset\_work\spinach_classified\spinach_sy69db2nz5\anomala\Bacterial-Spot(752)__Bacterial-Spot (663).JPG,anomala,spinach_sy69db2nz5,Bacterial-Spot(752),675,1200,JPEG
dataset\_work\spinach_classified\spinach_sy69db2nz5\anomala\Bacterial-Spot(752)__Bacterial-Spot (664).JPG,anomala,spinach_sy69db2nz5,Bacterial-Spot(752),675,1200,JPEG
dataset\_work\spinach_classified\spinach_sy69db2nz5\anomala\Bacterial-Spot(752)__Bacterial-Spot (665).JPG,anomala,spinach_sy69db2nz5,Bacterial-Spot(752),675,1200,JPEG
dataset\_work\spinach_classified\spinach_sy69db2nz5\anomala\Bacterial-Spot(752)__Bacterial-Spot (666).JPG,anomala,spinach_sy69db2nz5,Bacterial-Spot(752),675,1200,JPEG
dataset\_work\spinach_classified\spinach_sy69db2nz5\anomala\Bacterial-Spot(752)__Bacterial-Spot (667).JPG,anomala,spinach_sy69db2nz5,Bacterial-Spot(752),675,1200,JPEG
dataset\_work\spinach_classified\spinach_sy69db2nz5\anomala\Bacterial-Spot(752)__Bacterial-Spot (668).JPG,anomala,spinach_sy69db2nz5,Bacterial-Spot(752),675,1200,JPEG
dataset\_work\spinach_classified\spinach_sy69db2nz5\anomala\Bacterial-Spot(752)__Bacterial-Spot (669).JPG,anomala,spinach_sy69db2nz5,Bacterial-Spot(752),675,1200,JPEG
dataset\_work\spinach_classified\spinach_sy69db2nz5\anomala\Bacterial-Spot(752)__Bacterial-Spot (67).jpg,anomala,spinach_sy69db2nz5,Bacterial-Spot(752),433,577,JPEG
dataset\_work\spinach_classified\spinach_sy69db2nz5\anomala\Bacterial-Spot(752)__Bacterial-Spot (670).JPG,anomala,spinach_sy69db2nz5,Bacterial-Spot(752),675,1200,JPEG
dataset\_work\spinach_classified\spinach_sy69db2nz5\anomala\Bacterial-Spot(752)__Bacterial-Spot (671).JPG,anomala,spinach_sy69db2nz5,Bacterial-Spot(752),675,1200,JPEG
dataset\_work\spinach_classified\spinach_sy69db2nz5\anomala\Bacterial-Spot(752)__Bacterial-Spot (672).JPG,anomala,spinach_sy69db2nz5,Bacterial-Spot(752),675,1200,JPEG
dataset\_work\spinach_classified\spinach_sy69db2nz5\anomala\Bacterial-Spot(752)__Bacterial-Spot (673).JPG,anomala,spinach_sy69db2nz5,Bacterial-Spot(752),675,1200,JPEG
dataset\_work\spinach_classified\spinach_sy69db2nz5\anomala\Bacterial-Spot(752)__Bacterial-Spot (674).JPG,anomala,spinach_sy69db2nz5,Bacterial-Spot(752),675,1200,JPEG
dataset\_work\spinach_classified\spinach_sy69db2nz5\anomala\Bacterial-Spot(752)__Bacterial-Spot (675).JPG,anomala,spinach_sy69db2nz5,Bacterial-Spot(752),675,1200,JPEG
dataset\_work\spinach_classified\spinach_sy69db2nz5\anomala\Bacterial-Spot(752)__Bacterial-Spot (676).JPG,anomala,spinach_sy69db2nz5,Bacterial-Spot(752),675,1200,JPEG
dataset\_work\spinach_classified\spinach_sy69db2nz5\anomala\Bacterial-Spot(752)__Bacterial-Spot (677).JPG,anomala,spinach_sy69db2nz5,Bacterial-Spot(752),675,1200,JPEG
dataset\_work\spinach_classified\spinach_sy69db2nz5\anomala\Bacterial-Spot(752)__Bacterial-Spot (678).JPG,anomala,spinach_sy69db2nz5,Bacterial-Spot(752),675,1200,JPEG
dataset\_work\spinach_classified\spinach_sy69db2nz5\anomala\Bacterial-Spot(752)__Bacterial-Spot (679).JPG,anomala,spinach_sy69db2nz5,Bacterial-Spot(752),675,1200,JPEG
dataset\_work\spinach_classified\spinach_sy69db2nz5\anomala\Bacterial-Spot(752)__Bacterial-Spot (68).jpg,anomala,spinach_sy69db2nz5,Bacterial-Spot(752),433,577,JPEG
dataset\_work\spinach_classified\spinach_sy69db2nz5\anomala\Bacterial-Spot(752)__Bacterial-Spot (680).JPG,anomala,spinach_sy69db2nz5,Bacterial-Spot(752),675,1200,JPEG
dataset\_work\spinach_classified\spinach_sy69db2nz5\anomala\Bacterial-Spot(752)__Bacterial-Spot (681).JPG,anomala,spinach_sy69db2nz5,Bacterial-Spot(752),675,1200,JPEG
dataset\_work\spinach_classified\spinach_sy69db2nz5\anomala\Bacterial-Spot(752)__Bacterial-Spot (682).JPG,anomala,spinach_sy69db2nz5,Bacterial-Spot(752),675,1200,JPEG
dataset\_work\spinach_classified\spinach_sy69db2nz5\anomala\Bacterial-Spot(752)__Bacterial-Spot (683).JPG,anomala,spinach_sy69db2nz5,Bacterial-Spot(752),675,1200,JPEG
dataset\_work\spinach_classified\spinach_sy69db2nz5\anomala\Bacterial-Spot(752)__Bacterial-Spot (684).JPG,anomala,spinach_sy69db2nz5,Bacterial-Spot(752),675,1200,JPEG
dataset\_work\spinach_classified\spinach_sy69db2nz5\anomala\Bacterial-Spot(752)__Bacterial-Spot (685).jpg,anomala,spinach_sy69db2nz5,Bacterial-Spot(752),900,1200,JPEG
dataset\_work\spinach_classified\spinach_sy69db2nz5\anomala\Bacterial-Spot(752)__Bacterial-Spot (686).jpg,anomala,spinach_sy69db2nz5,Bacterial-Spot(752),900,1200,JPEG
dataset\_work\spinach_classified\spinach_sy69db2nz5\anomala\Bacterial-Spot(752)__Bacterial-Spot (687).jpg,anomala,spinach_sy69db2nz5,Bacterial-Spot(752),900,1200,JPEG
dataset\_work\spinach_classified\spinach_sy69db2nz5\anomala\Bacterial-Spot(752)__Bacterial-Spot (688).jpg,anomala,spinach_sy69db2nz5,Bacterial-Spot(752),900,1200,JPEG
dataset\_work\spinach_classified\spinach_sy69db2nz5\anomala\Bacterial-Spot(752)__Bacterial-Spot (689).jpg,anomala,spinach_sy69db2nz5,Bacterial-Spot(752),900,1200,JPEG
dataset\_work\spinach_classified\spinach_sy69db2nz5\anomala\Bacterial-Spot(752)__Bacterial-Spot (69).jpg,anomala,spinach_sy69db2nz5,Bacterial-Spot(752),433,577,JPEG
dataset\_work\spinach_classified\spinach_sy69db2nz5\anomala\Bacterial-Spot(752)__Bacterial-Spot (690).jpg,anomala,spinach_sy69db2nz5,Bacterial-Spot(752),900,1200,JPEG
dataset\_work\spinach_classified\spinach_sy69db2nz5\anomala\Bacterial-Spot(752)__Bacterial-Spot (691).jpg,anomala,spinach_sy69db2nz5,Bacterial-Spot(752),900,1200,JPEG
dataset\_work\spinach_classified\spinach_sy69db2nz5\anomala\Bacterial-Spot(752)__Bacterial-Spot (692).jpg,anomala,spinach_sy69db2nz5,Bacterial-Spot(752),900,1200,JPEG
dataset\_work\spinach_classified\spinach_sy69db2nz5\anomala\Bacterial-Spot(752)__Bacterial-Spot (693).jpg,anomala,spinach_sy69db2nz5,Bacterial-Spot(752),900,1200,JPEG
dataset\_work\spinach_classified\spinach_sy69db2nz5\anomala\Bacterial-Spot(752)__Bacterial-Spot (694).jpg,anomala,spinach_sy69db2nz5,Bacterial-Spot(752),900,1200,JPEG
dataset\_work\spinach_classified\spinach_sy69db2nz5\anomala\Bacterial-Spot(752)__Bacterial-Spot (695).jpg,anomala,spinach_sy69db2nz5,Bacterial-Spot(752),900,1200,JPEG
dataset\_work\spinach_classified\spinach_sy69db2nz5\anomala\Bacterial-Spot(752)__Bacterial-Spot (696).jpg,anomala,spinach_sy69db2nz5,Bacterial-Spot(752),900,1200,JPEG
dataset\_work\spinach_classified\spinach_sy69db2nz5\anomala\Bacterial-Spot(752)__Bacterial-Spot (697).jpg,anomala,spinach_sy69db2nz5,Bacterial-Spot(752),900,1200,JPEG
dataset\_work\spinach_classified\spinach_sy69db2nz5\anomala\Bacterial-Spot(752)__Bacterial-Spot (698).jpg,anomala,spinach_sy69db2nz5,Bacterial-Spot(752),900,1200,JPEG
dataset\_work\spinach_classified\spinach_sy69db2nz5\anomala\Bacterial-Spot(752)__Bacterial-Spot (699).jpg,anomala,spinach_sy69db2nz5,Bacterial-Spot(752),900,1200,JPEG
dataset\_work\spinach_classified\spinach_sy69db2nz5\anomala\Bacterial-Spot(752)__Bacterial-Spot (7).jpg,anomala,spinach_sy69db2nz5,Bacterial-Spot(752),675,1200,JPEG
dataset\_work\spinach_classified\spinach_sy69db2nz5\anomala\Bacterial-Spot(752)__Bacterial-Spot (70).jpg,anomala,spinach_sy69db2nz5,Bacterial-Spot(752),577,433,JPEG
dataset\_work\spinach_classified\spinach_sy69db2nz5\anomala\Bacterial-Spot(752)__Bacterial-Spot (700).jpg,anomala,spinach_sy69db2nz5,Bacterial-Spot(752),900,1200,JPEG
dataset\_work\spinach_classified\spinach_sy69db2nz5\anomala\Bacterial-Spot(752)__Bacterial-Spot (701).jpg,anomala,spinach_sy69db2nz5,Bacterial-Spot(752),900,1200,JPEG
dataset\_work\spinach_classified\spinach_sy69db2nz5\anomala\Bacterial-Spot(752)__Bacterial-Spot (702).jpg,anomala,spinach_sy69db2nz5,Bacterial-Spot(752),900,1200,JPEG
dataset\_work\spinach_classified\spinach_sy69db2nz5\anomala\Bacterial-Spot(752)__Bacterial-Spot (703).jpg,anomala,spinach_sy69db2nz5,Bacterial-Spot(752),900,1200,JPEG
dataset\_work\spinach_classified\spinach_sy69db2nz5\anomala\Bacterial-Spot(752)__Bacterial-Spot (704).jpg,anomala,spinach_sy69db2nz5,Bacterial-Spot(752),900,1200,JPEG
dataset\_work\spinach_classified\spinach_sy69db2nz5\anomala\Bacterial-Spot(752)__Bacterial-Spot (705).jpg,anomala,spinach_sy69db2nz5,Bacterial-Spot(752),900,1200,JPEG
dataset\_work\spinach_classified\spinach_sy69db2nz5\anomala\Bacterial-Spot(752)__Bacterial-Spot (706).jpg,anomala,spinach_sy69db2nz5,Bacterial-Spot(752),900,1200,JPEG
dataset\_work\spinach_classified\spinach_sy69db2nz5\anomala\Bacterial-Spot(752)__Bacterial-Spot (707).jpg,anomala,spinach_sy69db2nz5,Bacterial-Spot(752),900,1200,JPEG
dataset\_work\spinach_classified\spinach_sy69db2nz5\anomala\Bacterial-Spot(752)__Bacterial-Spot (708).jpg,anomala,spinach_sy69db2nz5,Bacterial-Spot(752),900,1200,JPEG
dataset\_work\spinach_classified\spinach_sy69db2nz5\anomala\Bacterial-Spot(752)__Bacterial-Spot (709).jpg,anomala,spinach_sy69db2nz5,Bacterial-Spot(752),900,1200,JPEG
dataset\_work\spinach_classified\spinach_sy69db2nz5\anomala\Bacterial-Spot(752)__Bacterial-Spot (71).jpg,anomala,spinach_sy69db2nz5,Bacterial-Spot(752),433,577,JPEG
dataset\_work\spinach_classified\spinach_sy69db2nz5\anomala\Bacterial-Spot(752)__Bacterial-Spot (710).jpg,anomala,spinach_sy69db2nz5,Bacterial-Spot(752),900,1200,JPEG
dataset\_work\spinach_classified\spinach_sy69db2nz5\anomala\Bacterial-Spot(752)__Bacterial-Spot (711).jpg,anomala,spinach_sy69db2nz5,Bacterial-Spot(752),900,1200,JPEG
dataset\_work\spinach_classified\spinach_sy69db2nz5\anomala\Bacterial-Spot(752)__Bacterial-Spot (712).jpg,anomala,spinach_sy69db2nz5,Bacterial-Spot(752),900,1200,JPEG
dataset\_work\spinach_classified\spinach_sy69db2nz5\anomala\Bacterial-Spot(752)__Bacterial-Spot (713).jpg,anomala,spinach_sy69db2nz5,Bacterial-Spot(752),900,1200,JPEG
dataset\_work\spinach_classified\spinach_sy69db2nz5\anomala\Bacterial-Spot(752)__Bacterial-Spot (714).jpg,anomala,spinach_sy69db2nz5,Bacterial-Spot(752),900,1200,JPEG
dataset\_work\spinach_classified\spinach_sy69db2nz5\anomala\Bacterial-Spot(752)__Bacterial-Spot (715).jpg,anomala,spinach_sy69db2nz5,Bacterial-Spot(752),900,1200,JPEG
dataset\_work\spinach_classified\spinach_sy69db2nz5\anomala\Bacterial-Spot(752)__Bacterial-Spot (716).jpg,anomala,spinach_sy69db2nz5,Bacterial-Spot(752),900,1200,JPEG
dataset\_work\spinach_classified\spinach_sy69db2nz5\anomala\Bacterial-Spot(752)__Bacterial-Spot (717).jpg,anomala,spinach_sy69db2nz5,Bacterial-Spot(752),900,1200,JPEG
dataset\_work\spinach_classified\spinach_sy69db2nz5\anomala\Bacterial-Spot(752)__Bacterial-Spot (718).jpg,anomala,spinach_sy69db2nz5,Bacterial-Spot(752),900,1200,JPEG
dataset\_work\spinach_classified\spinach_sy69db2nz5\anomala\Bacterial-Spot(752)__Bacterial-Spot (719).jpg,anomala,spinach_sy69db2nz5,Bacterial-Spot(752),900,1200,JPEG
dataset\_work\spinach_classified\spinach_sy69db2nz5\anomala\Bacterial-Spot(752)__Bacterial-Spot (72).jpg,anomala,spinach_sy69db2nz5,Bacterial-Spot(752),433,577,JPEG
dataset\_work\spinach_classified\spinach_sy69db2nz5\anomala\Bacterial-Spot(752)__Bacterial-Spot (720).jpg,anomala,spinach_sy69db2nz5,Bacterial-Spot(752),900,1200,JPEG
dataset\_work\spinach_classified\spinach_sy69db2nz5\anomala\Bacterial-Spot(752)__Bacterial-Spot (721).jpg,anomala,spinach_sy69db2nz5,Bacterial-Spot(752),900,1200,JPEG
dataset\_work\spinach_classified\spinach_sy69db2nz5\anomala\Bacterial-Spot(752)__Bacterial-Spot (722).jpg,anomala,spinach_sy69db2nz5,Bacterial-Spot(752),900,1200,JPEG
dataset\_work\spinach_classified\spinach_sy69db2nz5\anomala\Bacterial-Spot(752)__Bacterial-Spot (723).jpg,anomala,spinach_sy69db2nz5,Bacterial-Spot(752),900,1200,JPEG
dataset\_work\spinach_classified\spinach_sy69db2nz5\anomala\Bacterial-Spot(752)__Bacterial-Spot (724).jpg,anomala,spinach_sy69db2nz5,Bacterial-Spot(752),900,1200,JPEG
dataset\_work\spinach_classified\spinach_sy69db2nz5\anomala\Bacterial-Spot(752)__Bacterial-Spot (725).jpg,anomala,spinach_sy69db2nz5,Bacterial-Spot(752),900,1200,JPEG
dataset\_work\spinach_classified\spinach_sy69db2nz5\anomala\Bacterial-Spot(752)__Bacterial-Spot (726).jpg,anomala,spinach_sy69db2nz5,Bacterial-Spot(752),900,1200,JPEG
dataset\_work\spinach_classified\spinach_sy69db2nz5\anomala\Bacterial-Spot(752)__Bacterial-Spot (727).jpg,anomala,spinach_sy69db2nz5,Bacterial-Spot(752),900,1200,JPEG
dataset\_work\spinach_classified\spinach_sy69db2nz5\anomala\Bacterial-Spot(752)__Bacterial-Spot (728).jpg,anomala,spinach_sy69db2nz5,Bacterial-Spot(752),900,1200,JPEG
dataset\_work\spinach_classified\spinach_sy69db2nz5\anomala\Bacterial-Spot(752)__Bacterial-Spot (729).jpg,anomala,spinach_sy69db2nz5,Bacterial-Spot(752),900,1200,JPEG
dataset\_work\spinach_classified\spinach_sy69db2nz5\anomala\Bacterial-Spot(752)__Bacterial-Spot (73).jpg,anomala,spinach_sy69db2nz5,Bacterial-Spot(752),433,577,JPEG
dataset\_work\spinach_classified\spinach_sy69db2nz5\anomala\Bacterial-Spot(752)__Bacterial-Spot (730).jpg,anomala,spinach_sy69db2nz5,Bacterial-Spot(752),900,1200,JPEG
dataset\_work\spinach_classified\spinach_sy69db2nz5\anomala\Bacterial-Spot(752)__Bacterial-Spot (731).jpg,anomala,spinach_sy69db2nz5,Bacterial-Spot(752),900,1200,JPEG
dataset\_work\spinach_classified\spinach_sy69db2nz5\anomala\Bacterial-Spot(752)__Bacterial-Spot (732).jpg,anomala,spinach_sy69db2nz5,Bacterial-Spot(752),900,1200,JPEG
dataset\_work\spinach_classified\spinach_sy69db2nz5\anomala\Bacterial-Spot(752)__Bacterial-Spot (733).jpg,anomala,spinach_sy69db2nz5,Bacterial-Spot(752),900,1200,JPEG
dataset\_work\spinach_classified\spinach_sy69db2nz5\anomala\Bacterial-Spot(752)__Bacterial-Spot (734).jpg,anomala,spinach_sy69db2nz5,Bacterial-Spot(752),900,1200,JPEG
dataset\_work\spinach_classified\spinach_sy69db2nz5\anomala\Bacterial-Spot(752)__Bacterial-Spot (735).jpg,anomala,spinach_sy69db2nz5,Bacterial-Spot(752),900,1200,JPEG
dataset\_work\spinach_classified\spinach_sy69db2nz5\anomala\Bacterial-Spot(752)__Bacterial-Spot (736).jpg,anomala,spinach_sy69db2nz5,Bacterial-Spot(752),900,1200,JPEG
dataset\_work\spinach_classified\spinach_sy69db2nz5\anomala\Bacterial-Spot(752)__Bacterial-Spot (737).jpg,anomala,spinach_sy69db2nz5,Bacterial-Spot(752),900,1200,JPEG
dataset\_work\spinach_classified\spinach_sy69db2nz5\anomala\Bacterial-Spot(752)__Bacterial-Spot (738).jpg,anomala,spinach_sy69db2nz5,Bacterial-Spot(752),900,1200,JPEG
dataset\_work\spinach_classified\spinach_sy69db2nz5\anomala\Bacterial-Spot(752)__Bacterial-Spot (739).jpg,anomala,spinach_sy69db2nz5,Bacterial-Spot(752),900,1200,JPEG
dataset\_work\spinach_classified\spinach_sy69db2nz5\anomala\Bacterial-Spot(752)__Bacterial-Spot (74).jpg,anomala,spinach_sy69db2nz5,Bacterial-Spot(752),433,577,JPEG
dataset\_work\spinach_classified\spinach_sy69db2nz5\anomala\Bacterial-Spot(752)__Bacterial-Spot (740).jpg,anomala,spinach_sy69db2nz5,Bacterial-Spot(752),900,1200,JPEG
dataset\_work\spinach_classified\spinach_sy69db2nz5\anomala\Bacterial-Spot(752)__Bacterial-Spot (741).jpg,anomala,spinach_sy69db2nz5,Bacterial-Spot(752),900,1200,JPEG
dataset\_work\spinach_classified\spinach_sy69db2nz5\anomala\Bacterial-Spot(752)__Bacterial-Spot (742).jpg,anomala,spinach_sy69db2nz5,Bacterial-Spot(752),900,1200,JPEG
dataset\_work\spinach_classified\spinach_sy69db2nz5\anomala\Bacterial-Spot(752)__Bacterial-Spot (743).jpg,anomala,spinach_sy69db2nz5,Bacterial-Spot(752),900,1200,JPEG
dataset\_work\spinach_classified\spinach_sy69db2nz5\anomala\Bacterial-Spot(752)__Bacterial-Spot (744).jpg,anomala,spinach_sy69db2nz5,Bacterial-Spot(752),900,1200,JPEG
dataset\_work\spinach_classified\spinach_sy69db2nz5\anomala\Bacterial-Spot(752)__Bacterial-Spot (745).jpg,anomala,spinach_sy69db2nz5,Bacterial-Spot(752),675,1200,JPEG
dataset\_work\spinach_classified\spinach_sy69db2nz5\anomala\Bacterial-Spot(752)__Bacterial-Spot (746).jpg,anomala,spinach_sy69db2nz5,Bacterial-Spot(752),675,1200,JPEG
dataset\_work\spinach_classified\spinach_sy69db2nz5\anomala\Bacterial-Spot(752)__Bacterial-Spot (747).jpg,anomala,spinach_sy69db2nz5,Bacterial-Spot(752),675,1200,JPEG
dataset\_work\spinach_classified\spinach_sy69db2nz5\anomala\Bacterial-Spot(752)__Bacterial-Spot (748).jpg,anomala,spinach_sy69db2nz5,Bacterial-Spot(752),675,1200,JPEG
dataset\_work\spinach_classified\spinach_sy69db2nz5\anomala\Bacterial-Spot(752)__Bacterial-Spot (749).jpg,anomala,spinach_sy69db2nz5,Bacterial-Spot(752),675,1200,JPEG
dataset\_work\spinach_classified\spinach_sy69db2nz5\anomala\Bacterial-Spot(752)__Bacterial-Spot (75).jpg,anomala,spinach_sy69db2nz5,Bacterial-Spot(752),433,577,JPEG
dataset\_work\spinach_classified\spinach_sy69db2nz5\anomala\Bacterial-Spot(752)__Bacterial-Spot (750).jpg,anomala,spinach_sy69db2nz5,Bacterial-Spot(752),675,1200,JPEG
dataset\_work\spinach_classified\spinach_sy69db2nz5\anomala\Bacterial-Spot(752)__Bacterial-Spot (751).jpg,anomala,spinach_sy69db2nz5,Bacterial-Spot(752),675,1200,JPEG
dataset\_work\spinach_classified\spinach_sy69db2nz5\anomala\Bacterial-Spot(752)__Bacterial-Spot (752).jpg,anomala,spinach_sy69db2nz5,Bacterial-Spot(752),675,1200,JPEG
dataset\_work\spinach_classified\spinach_sy69db2nz5\anomala\Bacterial-Spot(752)__Bacterial-Spot (76).jpg,anomala,spinach_sy69db2nz5,Bacterial-Spot(752),433,577,JPEG
dataset\_work\spinach_classified\spinach_sy69db2nz5\anomala\Bacterial-Spot(752)__Bacterial-Spot (77).jpg,anomala,spinach_sy69db2nz5,Bacterial-Spot(752),442,564,JPEG
dataset\_work\spinach_classified\spinach_sy69db2nz5\anomala\Bacterial-Spot(752)__Bacterial-Spot (78).jpg,anomala,spinach_sy69db2nz5,Bacterial-Spot(752),456,547,JPEG
dataset\_work\spinach_classified\spinach_sy69db2nz5\anomala\Bacterial-Spot(752)__Bacterial-Spot (79).jpg,anomala,spinach_sy69db2nz5,Bacterial-Spot(752),446,559,JPEG
dataset\_work\spinach_classified\spinach_sy69db2nz5\anomala\Bacterial-Spot(752)__Bacterial-Spot (8).jpg,anomala,spinach_sy69db2nz5,Bacterial-Spot(752),675,1200,JPEG
dataset\_work\spinach_classified\spinach_sy69db2nz5\anomala\Bacterial-Spot(752)__Bacterial-Spot (80).jpg,anomala,spinach_sy69db2nz5,Bacterial-Spot(752),394,633,JPEG
dataset\_work\spinach_classified\spinach_sy69db2nz5\anomala\Bacterial-Spot(752)__Bacterial-Spot (81).jpg,anomala,spinach_sy69db2nz5,Bacterial-Spot(752),393,635,JPEG
dataset\_work\spinach_classified\spinach_sy69db2nz5\anomala\Bacterial-Spot(752)__Bacterial-Spot (82).jpg,anomala,spinach_sy69db2nz5,Bacterial-Spot(752),430,581,JPEG
dataset\_work\spinach_classified\spinach_sy69db2nz5\anomala\Bacterial-Spot(752)__Bacterial-Spot (83).jpg,anomala,spinach_sy69db2nz5,Bacterial-Spot(752),400,488,JPEG
dataset\_work\spinach_classified\spinach_sy69db2nz5\anomala\Bacterial-Spot(752)__Bacterial-Spot (84).jpg,anomala,spinach_sy69db2nz5,Bacterial-Spot(752),314,446,JPEG
dataset\_work\spinach_classified\spinach_sy69db2nz5\anomala\Bacterial-Spot(752)__Bacterial-Spot (85).jpg,anomala,spinach_sy69db2nz5,Bacterial-Spot(752),425,586,JPEG
dataset\_work\spinach_classified\spinach_sy69db2nz5\anomala\Bacterial-Spot(752)__Bacterial-Spot (86).jpg,anomala,spinach_sy69db2nz5,Bacterial-Spot(752),420,595,JPEG
dataset\_work\spinach_classified\spinach_sy69db2nz5\anomala\Bacterial-Spot(752)__Bacterial-Spot (87).jpg,anomala,spinach_sy69db2nz5,Bacterial-Spot(752),406,614,JPEG
dataset\_work\spinach_classified\spinach_sy69db2nz5\anomala\Bacterial-Spot(752)__Bacterial-Spot (88).jpg,anomala,spinach_sy69db2nz5,Bacterial-Spot(752),384,650,JPEG
dataset\_work\spinach_classified\spinach_sy69db2nz5\anomala\Bacterial-Spot(752)__Bacterial-Spot (89).jpg,anomala,spinach_sy69db2nz5,Bacterial-Spot(752),433,577,JPEG
dataset\_work\spinach_classified\spinach_sy69db2nz5\anomala\Bacterial-Spot(752)__Bacterial-Spot (9).jpg,anomala,spinach_sy69db2nz5,Bacterial-Spot(752),675,1200,JPEG
dataset\_work\spinach_classified\spinach_sy69db2nz5\anomala\Bacterial-Spot(752)__Bacterial-Spot (90).jpg,anomala,spinach_sy69db2nz5,Bacterial-Spot(752),269,324,JPEG
dataset\_work\spinach_classified\spinach_sy69db2nz5\anomala\Bacterial-Spot(752)__Bacterial-Spot (91).jpg,anomala,spinach_sy69db2nz5,Bacterial-Spot(752),453,550,JPEG
dataset\_work\spinach_classified\spinach_sy69db2nz5\anomala\Bacterial-Spot(752)__Bacterial-Spot (92).jpg,anomala,spinach_sy69db2nz5,Bacterial-Spot(752),455,548,JPEG
dataset\_work\spinach_classified\spinach_sy69db2nz5\anomala\Bacterial-Spot(752)__Bacterial-Spot (93).jpg,anomala,spinach_sy69db2nz5,Bacterial-Spot(752),437,570,JPEG
dataset\_work\spinach_classified\spinach_sy69db2nz5\anomala\Bacterial-Spot(752)__Bacterial-Spot (94).jpg,anomala,spinach_sy69db2nz5,Bacterial-Spot(752),351,711,JPEG
dataset\_work\spinach_classified\spinach_sy69db2nz5\anomala\Bacterial-Spot(752)__Bacterial-Spot (95).jpg,anomala,spinach_sy69db2nz5,Bacterial-Spot(752),448,557,JPEG
dataset\_work\spinach_classified\spinach_sy69db2nz5\anomala\Bacterial-Spot(752)__Bacterial-Spot (96).jpg,anomala,spinach_sy69db2nz5,Bacterial-Spot(752),415,601,JPEG
dataset\_work\spinach_classified\spinach_sy69db2nz5\anomala\Bacterial-Spot(752)__Bacterial-Spot (97).jpg,anomala,spinach_sy69db2nz5,Bacterial-Spot(752),447,559,JPEG
dataset\_work\spinach_classified\spinach_sy69db2nz5\anomala\Bacterial-Spot(752)__Bacterial-Spot (98).jpg,anomala,spinach_sy69db2nz5,Bacterial-Spot(752),432,577,JPEG
dataset\_work\spinach_classified\spinach_sy69db2nz5\anomala\Bacterial-Spot(752)__Bacterial-Spot (99).jpg,anomala,spinach_sy69db2nz5,Bacterial-Spot(752),456,548,JPEG
dataset\_work\spinach_classified\spinach_sy69db2nz5\anomala\Downy-Mildew(240)__Downy-Mildew (1).jpg,anomala,spinach_sy69db2nz5,Downy-Mildew(240),433,577,JPEG
dataset\_work\spinach_classified\spinach_sy69db2nz5\anomala\Downy-Mildew(240)__Downy-Mildew (10).jpg,anomala,spinach_sy69db2nz5,Downy-Mildew(240),449,556,JPEG
dataset\_work\spinach_classified\spinach_sy69db2nz5\anomala\Downy-Mildew(240)__Downy-Mildew (100).jpg,anomala,spinach_sy69db2nz5,Downy-Mildew(240),900,1200,JPEG
dataset\_work\spinach_classified\spinach_sy69db2nz5\anomala\Downy-Mildew(240)__Downy-Mildew (101).jpg,anomala,spinach_sy69db2nz5,Downy-Mildew(240),900,1200,JPEG
dataset\_work\spinach_classified\spinach_sy69db2nz5\anomala\Downy-Mildew(240)__Downy-Mildew (102).jpg,anomala,spinach_sy69db2nz5,Downy-Mildew(240),433,577,JPEG
dataset\_work\spinach_classified\spinach_sy69db2nz5\anomala\Downy-Mildew(240)__Downy-Mildew (103).jpg,anomala,spinach_sy69db2nz5,Downy-Mildew(240),900,1200,JPEG
dataset\_work\spinach_classified\spinach_sy69db2nz5\anomala\Downy-Mildew(240)__Downy-Mildew (104).jpg,anomala,spinach_sy69db2nz5,Downy-Mildew(240),1200,900,JPEG
dataset\_work\spinach_classified\spinach_sy69db2nz5\anomala\Downy-Mildew(240)__Downy-Mildew (105).jpg,anomala,spinach_sy69db2nz5,Downy-Mildew(240),433,577,JPEG
dataset\_work\spinach_classified\spinach_sy69db2nz5\anomala\Downy-Mildew(240)__Downy-Mildew (106).jpg,anomala,spinach_sy69db2nz5,Downy-Mildew(240),900,1200,JPEG
dataset\_work\spinach_classified\spinach_sy69db2nz5\anomala\Downy-Mildew(240)__Downy-Mildew (107).jpg,anomala,spinach_sy69db2nz5,Downy-Mildew(240),900,1200,JPEG
dataset\_work\spinach_classified\spinach_sy69db2nz5\anomala\Downy-Mildew(240)__Downy-Mildew (108).jpg,anomala,spinach_sy69db2nz5,Downy-Mildew(240),900,1200,JPEG
dataset\_work\spinach_classified\spinach_sy69db2nz5\anomala\Downy-Mildew(240)__Downy-Mildew (109).jpg,anomala,spinach_sy69db2nz5,Downy-Mildew(240),900,1200,JPEG
dataset\_work\spinach_classified\spinach_sy69db2nz5\anomala\Downy-Mildew(240)__Downy-Mildew (11).jpg,anomala,spinach_sy69db2nz5,Downy-Mildew(240),417,599,JPEG
dataset\_work\spinach_classified\spinach_sy69db2nz5\anomala\Downy-Mildew(240)__Downy-Mildew (110).jpg,anomala,spinach_sy69db2nz5,Downy-Mildew(240),900,1200,JPEG
dataset\_work\spinach_classified\spinach_sy69db2nz5\anomala\Downy-Mildew(240)__Downy-Mildew (111).jpg,anomala,spinach_sy69db2nz5,Downy-Mildew(240),900,1200,JPEG
dataset\_work\spinach_classified\spinach_sy69db2nz5\anomala\Downy-Mildew(240)__Downy-Mildew (112).jpg,anomala,spinach_sy69db2nz5,Downy-Mildew(240),900,1200,JPEG
dataset\_work\spinach_classified\spinach_sy69db2nz5\anomala\Downy-Mildew(240)__Downy-Mildew (113).jpg,anomala,spinach_sy69db2nz5,Downy-Mildew(240),900,1200,JPEG
dataset\_work\spinach_classified\spinach_sy69db2nz5\anomala\Downy-Mildew(240)__Downy-Mildew (114).jpg,anomala,spinach_sy69db2nz5,Downy-Mildew(240),900,1200,JPEG
dataset\_work\spinach_classified\spinach_sy69db2nz5\anomala\Downy-Mildew(240)__Downy-Mildew (115).jpg,anomala,spinach_sy69db2nz5,Downy-Mildew(240),900,1200,JPEG
dataset\_work\spinach_classified\spinach_sy69db2nz5\anomala\Downy-Mildew(240)__Downy-Mildew (116).jpg,anomala,spinach_sy69db2nz5,Downy-Mildew(240),900,1200,JPEG
dataset\_work\spinach_classified\spinach_sy69db2nz5\anomala\Downy-Mildew(240)__Downy-Mildew (117).jpg,anomala,spinach_sy69db2nz5,Downy-Mildew(240),900,1200,JPEG
dataset\_work\spinach_classified\spinach_sy69db2nz5\anomala\Downy-Mildew(240)__Downy-Mildew (118).jpg,anomala,spinach_sy69db2nz5,Downy-Mildew(240),900,1200,JPEG
dataset\_work\spinach_classified\spinach_sy69db2nz5\anomala\Downy-Mildew(240)__Downy-Mildew (119).jpg,anomala,spinach_sy69db2nz5,Downy-Mildew(240),900,1200,JPEG
dataset\_work\spinach_classified\spinach_sy69db2nz5\anomala\Downy-Mildew(240)__Downy-Mildew (12).jpg,anomala,spinach_sy69db2nz5,Downy-Mildew(240),411,606,JPEG
dataset\_work\spinach_classified\spinach_sy69db2nz5\anomala\Downy-Mildew(240)__Downy-Mildew (120).jpg,anomala,spinach_sy69db2nz5,Downy-Mildew(240),900,1200,JPEG
dataset\_work\spinach_classified\spinach_sy69db2nz5\anomala\Downy-Mildew(240)__Downy-Mildew (121).jpg,anomala,spinach_sy69db2nz5,Downy-Mildew(240),900,1200,JPEG
dataset\_work\spinach_classified\spinach_sy69db2nz5\anomala\Downy-Mildew(240)__Downy-Mildew (122).jpg,anomala,spinach_sy69db2nz5,Downy-Mildew(240),900,1200,JPEG
dataset\_work\spinach_classified\spinach_sy69db2nz5\anomala\Downy-Mildew(240)__Downy-Mildew (123).jpg,anomala,spinach_sy69db2nz5,Downy-Mildew(240),900,1200,JPEG
dataset\_work\spinach_classified\spinach_sy69db2nz5\anomala\Downy-Mildew(240)__Downy-Mildew (124).jpg,anomala,spinach_sy69db2nz5,Downy-Mildew(240),1200,900,JPEG
dataset\_work\spinach_classified\spinach_sy69db2nz5\anomala\Downy-Mildew(240)__Downy-Mildew (125).jpg,anomala,spinach_sy69db2nz5,Downy-Mildew(240),1200,900,JPEG
dataset\_work\spinach_classified\spinach_sy69db2nz5\anomala\Downy-Mildew(240)__Downy-Mildew (126).jpg,anomala,spinach_sy69db2nz5,Downy-Mildew(240),1200,900,JPEG
dataset\_work\spinach_classified\spinach_sy69db2nz5\anomala\Downy-Mildew(240)__Downy-Mildew (127).jpg,anomala,spinach_sy69db2nz5,Downy-Mildew(240),900,1200,JPEG
dataset\_work\spinach_classified\spinach_sy69db2nz5\anomala\Downy-Mildew(240)__Downy-Mildew (128).jpg,anomala,spinach_sy69db2nz5,Downy-Mildew(240),900,1200,JPEG
dataset\_work\spinach_classified\spinach_sy69db2nz5\anomala\Downy-Mildew(240)__Downy-Mildew (129).jpg,anomala,spinach_sy69db2nz5,Downy-Mildew(240),900,1200,JPEG
dataset\_work\spinach_classified\spinach_sy69db2nz5\anomala\Downy-Mildew(240)__Downy-Mildew (13).jpg,anomala,spinach_sy69db2nz5,Downy-Mildew(240),429,581,JPEG
dataset\_work\spinach_classified\spinach_sy69db2nz5\anomala\Downy-Mildew(240)__Downy-Mildew (130).jpg,anomala,spinach_sy69db2nz5,Downy-Mildew(240),900,1200,JPEG
dataset\_work\spinach_classified\spinach_sy69db2nz5\anomala\Downy-Mildew(240)__Downy-Mildew (131).jpg,anomala,spinach_sy69db2nz5,Downy-Mildew(240),900,1200,JPEG
dataset\_work\spinach_classified\spinach_sy69db2nz5\anomala\Downy-Mildew(240)__Downy-Mildew (132).jpg,anomala,spinach_sy69db2nz5,Downy-Mildew(240),900,1200,JPEG
dataset\_work\spinach_classified\spinach_sy69db2nz5\anomala\Downy-Mildew(240)__Downy-Mildew (133).jpg,anomala,spinach_sy69db2nz5,Downy-Mildew(240),900,1200,JPEG
dataset\_work\spinach_classified\spinach_sy69db2nz5\anomala\Downy-Mildew(240)__Downy-Mildew (134).jpg,anomala,spinach_sy69db2nz5,Downy-Mildew(240),900,1200,JPEG
dataset\_work\spinach_classified\spinach_sy69db2nz5\anomala\Downy-Mildew(240)__Downy-Mildew (135).jpg,anomala,spinach_sy69db2nz5,Downy-Mildew(240),900,1200,JPEG
dataset\_work\spinach_classified\spinach_sy69db2nz5\anomala\Downy-Mildew(240)__Downy-Mildew (136).jpg,anomala,spinach_sy69db2nz5,Downy-Mildew(240),900,1200,JPEG
dataset\_work\spinach_classified\spinach_sy69db2nz5\anomala\Downy-Mildew(240)__Downy-Mildew (137).jpg,anomala,spinach_sy69db2nz5,Downy-Mildew(240),900,1200,JPEG
dataset\_work\spinach_classified\spinach_sy69db2nz5\anomala\Downy-Mildew(240)__Downy-Mildew (138).jpg,anomala,spinach_sy69db2nz5,Downy-Mildew(240),900,1200,JPEG
dataset\_work\spinach_classified\spinach_sy69db2nz5\anomala\Downy-Mildew(240)__Downy-Mildew (139).jpg,anomala,spinach_sy69db2nz5,Downy-Mildew(240),900,1200,JPEG
dataset\_work\spinach_classified\spinach_sy69db2nz5\anomala\Downy-Mildew(240)__Downy-Mildew (14).jpg,anomala,spinach_sy69db2nz5,Downy-Mildew(240),445,561,JPEG
dataset\_work\spinach_classified\spinach_sy69db2nz5\anomala\Downy-Mildew(240)__Downy-Mildew (140).jpg,anomala,spinach_sy69db2nz5,Downy-Mildew(240),900,1200,JPEG
dataset\_work\spinach_classified\spinach_sy69db2nz5\anomala\Downy-Mildew(240)__Downy-Mildew (141).jpg,anomala,spinach_sy69db2nz5,Downy-Mildew(240),900,1200,JPEG
dataset\_work\spinach_classified\spinach_sy69db2nz5\anomala\Downy-Mildew(240)__Downy-Mildew (142).jpg,anomala,spinach_sy69db2nz5,Downy-Mildew(240),900,1200,JPEG
dataset\_work\spinach_classified\spinach_sy69db2nz5\anomala\Downy-Mildew(240)__Downy-Mildew (143).jpg,anomala,spinach_sy69db2nz5,Downy-Mildew(240),900,1200,JPEG
dataset\_work\spinach_classified\spinach_sy69db2nz5\anomala\Downy-Mildew(240)__Downy-Mildew (144).jpg,anomala,spinach_sy69db2nz5,Downy-Mildew(240),900,1200,JPEG
dataset\_work\spinach_classified\spinach_sy69db2nz5\anomala\Downy-Mildew(240)__Downy-Mildew (145).jpg,anomala,spinach_sy69db2nz5,Downy-Mildew(240),1200,900,JPEG
dataset\_work\spinach_classified\spinach_sy69db2nz5\anomala\Downy-Mildew(240)__Downy-Mildew (146).jpg,anomala,spinach_sy69db2nz5,Downy-Mildew(240),900,1200,JPEG
dataset\_work\spinach_classified\spinach_sy69db2nz5\anomala\Downy-Mildew(240)__Downy-Mildew (147).jpg,anomala,spinach_sy69db2nz5,Downy-Mildew(240),900,1200,JPEG
dataset\_work\spinach_classified\spinach_sy69db2nz5\anomala\Downy-Mildew(240)__Downy-Mildew (148).jpg,anomala,spinach_sy69db2nz5,Downy-Mildew(240),900,1200,JPEG
dataset\_work\spinach_classified\spinach_sy69db2nz5\anomala\Downy-Mildew(240)__Downy-Mildew (149).jpg,anomala,spinach_sy69db2nz5,Downy-Mildew(240),900,1200,JPEG
dataset\_work\spinach_classified\spinach_sy69db2nz5\anomala\Downy-Mildew(240)__Downy-Mildew (15).jpg,anomala,spinach_sy69db2nz5,Downy-Mildew(240),434,574,JPEG
dataset\_work\spinach_classified\spinach_sy69db2nz5\anomala\Downy-Mildew(240)__Downy-Mildew (150).jpg,anomala,spinach_sy69db2nz5,Downy-Mildew(240),900,1200,JPEG
dataset\_work\spinach_classified\spinach_sy69db2nz5\anomala\Downy-Mildew(240)__Downy-Mildew (151).jpg,anomala,spinach_sy69db2nz5,Downy-Mildew(240),900,1200,JPEG
dataset\_work\spinach_classified\spinach_sy69db2nz5\anomala\Downy-Mildew(240)__Downy-Mildew (152).jpg,anomala,spinach_sy69db2nz5,Downy-Mildew(240),900,1200,JPEG
dataset\_work\spinach_classified\spinach_sy69db2nz5\anomala\Downy-Mildew(240)__Downy-Mildew (153).jpg,anomala,spinach_sy69db2nz5,Downy-Mildew(240),900,1200,JPEG
dataset\_work\spinach_classified\spinach_sy69db2nz5\anomala\Downy-Mildew(240)__Downy-Mildew (154).jpg,anomala,spinach_sy69db2nz5,Downy-Mildew(240),900,1200,JPEG
dataset\_work\spinach_classified\spinach_sy69db2nz5\anomala\Downy-Mildew(240)__Downy-Mildew (155).jpg,anomala,spinach_sy69db2nz5,Downy-Mildew(240),900,1200,JPEG
dataset\_work\spinach_classified\spinach_sy69db2nz5\anomala\Downy-Mildew(240)__Downy-Mildew (156).jpg,anomala,spinach_sy69db2nz5,Downy-Mildew(240),900,1200,JPEG
dataset\_work\spinach_classified\spinach_sy69db2nz5\anomala\Downy-Mildew(240)__Downy-Mildew (157).jpg,anomala,spinach_sy69db2nz5,Downy-Mildew(240),1200,900,JPEG
dataset\_work\spinach_classified\spinach_sy69db2nz5\anomala\Downy-Mildew(240)__Downy-Mildew (158).jpg,anomala,spinach_sy69db2nz5,Downy-Mildew(240),1200,900,JPEG
dataset\_work\spinach_classified\spinach_sy69db2nz5\anomala\Downy-Mildew(240)__Downy-Mildew (159).jpg,anomala,spinach_sy69db2nz5,Downy-Mildew(240),900,1200,JPEG
dataset\_work\spinach_classified\spinach_sy69db2nz5\anomala\Downy-Mildew(240)__Downy-Mildew (16).jpg,anomala,spinach_sy69db2nz5,Downy-Mildew(240),390,640,JPEG
dataset\_work\spinach_classified\spinach_sy69db2nz5\anomala\Downy-Mildew(240)__Downy-Mildew (160).jpg,anomala,spinach_sy69db2nz5,Downy-Mildew(240),900,1200,JPEG
dataset\_work\spinach_classified\spinach_sy69db2nz5\anomala\Downy-Mildew(240)__Downy-Mildew (161).jpg,anomala,spinach_sy69db2nz5,Downy-Mildew(240),900,1200,JPEG
dataset\_work\spinach_classified\spinach_sy69db2nz5\anomala\Downy-Mildew(240)__Downy-Mildew (162).jpg,anomala,spinach_sy69db2nz5,Downy-Mildew(240),900,1200,JPEG
dataset\_work\spinach_classified\spinach_sy69db2nz5\anomala\Downy-Mildew(240)__Downy-Mildew (163).jpg,anomala,spinach_sy69db2nz5,Downy-Mildew(240),900,1200,JPEG
dataset\_work\spinach_classified\spinach_sy69db2nz5\anomala\Downy-Mildew(240)__Downy-Mildew (164).jpg,anomala,spinach_sy69db2nz5,Downy-Mildew(240),900,1200,JPEG
dataset\_work\spinach_classified\spinach_sy69db2nz5\anomala\Downy-Mildew(240)__Downy-Mildew (165).jpg,anomala,spinach_sy69db2nz5,Downy-Mildew(240),900,1200,JPEG
dataset\_work\spinach_classified\spinach_sy69db2nz5\anomala\Downy-Mildew(240)__Downy-Mildew (166).jpg,anomala,spinach_sy69db2nz5,Downy-Mildew(240),900,1200,JPEG
dataset\_work\spinach_classified\spinach_sy69db2nz5\anomala\Downy-Mildew(240)__Downy-Mildew (167).jpg,anomala,spinach_sy69db2nz5,Downy-Mildew(240),900,1200,JPEG
dataset\_work\spinach_classified\spinach_sy69db2nz5\anomala\Downy-Mildew(240)__Downy-Mildew (168).jpg,anomala,spinach_sy69db2nz5,Downy-Mildew(240),900,1200,JPEG
dataset\_work\spinach_classified\spinach_sy69db2nz5\anomala\Downy-Mildew(240)__Downy-Mildew (169).jpg,anomala,spinach_sy69db2nz5,Downy-Mildew(240),900,1200,JPEG
dataset\_work\spinach_classified\spinach_sy69db2nz5\anomala\Downy-Mildew(240)__Downy-Mildew (17).jpg,anomala,spinach_sy69db2nz5,Downy-Mildew(240),422,591,JPEG
dataset\_work\spinach_classified\spinach_sy69db2nz5\anomala\Downy-Mildew(240)__Downy-Mildew (170).jpg,anomala,spinach_sy69db2nz5,Downy-Mildew(240),900,1200,JPEG
dataset\_work\spinach_classified\spinach_sy69db2nz5\anomala\Downy-Mildew(240)__Downy-Mildew (171).jpg,anomala,spinach_sy69db2nz5,Downy-Mildew(240),900,1200,JPEG
dataset\_work\spinach_classified\spinach_sy69db2nz5\anomala\Downy-Mildew(240)__Downy-Mildew (172).jpg,anomala,spinach_sy69db2nz5,Downy-Mildew(240),900,1200,JPEG
dataset\_work\spinach_classified\spinach_sy69db2nz5\anomala\Downy-Mildew(240)__Downy-Mildew (173).jpg,anomala,spinach_sy69db2nz5,Downy-Mildew(240),900,1200,JPEG
dataset\_work\spinach_classified\spinach_sy69db2nz5\anomala\Downy-Mildew(240)__Downy-Mildew (174).jpg,anomala,spinach_sy69db2nz5,Downy-Mildew(240),900,1200,JPEG
dataset\_work\spinach_classified\spinach_sy69db2nz5\anomala\Downy-Mildew(240)__Downy-Mildew (175).jpg,anomala,spinach_sy69db2nz5,Downy-Mildew(240),900,1200,JPEG
dataset\_work\spinach_classified\spinach_sy69db2nz5\anomala\Downy-Mildew(240)__Downy-Mildew (176).jpg,anomala,spinach_sy69db2nz5,Downy-Mildew(240),900,1200,JPEG
dataset\_work\spinach_classified\spinach_sy69db2nz5\anomala\Downy-Mildew(240)__Downy-Mildew (177).jpg,anomala,spinach_sy69db2nz5,Downy-Mildew(240),900,1200,JPEG
dataset\_work\spinach_classified\spinach_sy69db2nz5\anomala\Downy-Mildew(240)__Downy-Mildew (178).jpg,anomala,spinach_sy69db2nz5,Downy-Mildew(240),900,1200,JPEG
dataset\_work\spinach_classified\spinach_sy69db2nz5\anomala\Downy-Mildew(240)__Downy-Mildew (179).jpg,anomala,spinach_sy69db2nz5,Downy-Mildew(240),900,1200,JPEG
dataset\_work\spinach_classified\spinach_sy69db2nz5\anomala\Downy-Mildew(240)__Downy-Mildew (18).jpg,anomala,spinach_sy69db2nz5,Downy-Mildew(240),442,564,JPEG
dataset\_work\spinach_classified\spinach_sy69db2nz5\anomala\Downy-Mildew(240)__Downy-Mildew (180).jpg,anomala,spinach_sy69db2nz5,Downy-Mildew(240),900,1200,JPEG
dataset\_work\spinach_classified\spinach_sy69db2nz5\anomala\Downy-Mildew(240)__Downy-Mildew (181).jpg,anomala,spinach_sy69db2nz5,Downy-Mildew(240),900,1200,JPEG
dataset\_work\spinach_classified\spinach_sy69db2nz5\anomala\Downy-Mildew(240)__Downy-Mildew (182).jpg,anomala,spinach_sy69db2nz5,Downy-Mildew(240),900,1200,JPEG
dataset\_work\spinach_classified\spinach_sy69db2nz5\anomala\Downy-Mildew(240)__Downy-Mildew (183).jpg,anomala,spinach_sy69db2nz5,Downy-Mildew(240),900,1200,JPEG
dataset\_work\spinach_classified\spinach_sy69db2nz5\anomala\Downy-Mildew(240)__Downy-Mildew (184).jpg,anomala,spinach_sy69db2nz5,Downy-Mildew(240),900,1200,JPEG
dataset\_work\spinach_classified\spinach_sy69db2nz5\anomala\Downy-Mildew(240)__Downy-Mildew (185).jpg,anomala,spinach_sy69db2nz5,Downy-Mildew(240),900,1200,JPEG
dataset\_work\spinach_classified\spinach_sy69db2nz5\anomala\Downy-Mildew(240)__Downy-Mildew (186).jpg,anomala,spinach_sy69db2nz5,Downy-Mildew(240),900,1200,JPEG
dataset\_work\spinach_classified\spinach_sy69db2nz5\anomala\Downy-Mildew(240)__Downy-Mildew (187).jpg,anomala,spinach_sy69db2nz5,Downy-Mildew(240),900,1200,JPEG
dataset\_work\spinach_classified\spinach_sy69db2nz5\anomala\Downy-Mildew(240)__Downy-Mildew (188).jpg,anomala,spinach_sy69db2nz5,Downy-Mildew(240),1200,900,JPEG
dataset\_work\spinach_classified\spinach_sy69db2nz5\anomala\Downy-Mildew(240)__Downy-Mildew (189).jpg,anomala,spinach_sy69db2nz5,Downy-Mildew(240),900,1200,JPEG
dataset\_work\spinach_classified\spinach_sy69db2nz5\anomala\Downy-Mildew(240)__Downy-Mildew (19).jpg,anomala,spinach_sy69db2nz5,Downy-Mildew(240),900,1200,JPEG
dataset\_work\spinach_classified\spinach_sy69db2nz5\anomala\Downy-Mildew(240)__Downy-Mildew (190).jpg,anomala,spinach_sy69db2nz5,Downy-Mildew(240),900,1200,JPEG
dataset\_work\spinach_classified\spinach_sy69db2nz5\anomala\Downy-Mildew(240)__Downy-Mildew (191).jpg,anomala,spinach_sy69db2nz5,Downy-Mildew(240),900,1200,JPEG
dataset\_work\spinach_classified\spinach_sy69db2nz5\anomala\Downy-Mildew(240)__Downy-Mildew (192).jpg,anomala,spinach_sy69db2nz5,Downy-Mildew(240),900,1200,JPEG
dataset\_work\spinach_classified\spinach_sy69db2nz5\anomala\Downy-Mildew(240)__Downy-Mildew (193).jpg,anomala,spinach_sy69db2nz5,Downy-Mildew(240),1200,900,JPEG
dataset\_work\spinach_classified\spinach_sy69db2nz5\anomala\Downy-Mildew(240)__Downy-Mildew (194).jpg,anomala,spinach_sy69db2nz5,Downy-Mildew(240),900,1200,JPEG
dataset\_work\spinach_classified\spinach_sy69db2nz5\anomala\Downy-Mildew(240)__Downy-Mildew (195).jpg,anomala,spinach_sy69db2nz5,Downy-Mildew(240),900,1200,JPEG
dataset\_work\spinach_classified\spinach_sy69db2nz5\anomala\Downy-Mildew(240)__Downy-Mildew (196).jpg,anomala,spinach_sy69db2nz5,Downy-Mildew(240),900,1200,JPEG
dataset\_work\spinach_classified\spinach_sy69db2nz5\anomala\Downy-Mildew(240)__Downy-Mildew (197).jpg,anomala,spinach_sy69db2nz5,Downy-Mildew(240),900,1200,JPEG
dataset\_work\spinach_classified\spinach_sy69db2nz5\anomala\Downy-Mildew(240)__Downy-Mildew (198).jpg,anomala,spinach_sy69db2nz5,Downy-Mildew(240),900,1200,JPEG
dataset\_work\spinach_classified\spinach_sy69db2nz5\anomala\Downy-Mildew(240)__Downy-Mildew (199).jpg,anomala,spinach_sy69db2nz5,Downy-Mildew(240),900,1200,JPEG
dataset\_work\spinach_classified\spinach_sy69db2nz5\anomala\Downy-Mildew(240)__Downy-Mildew (2).jpg,anomala,spinach_sy69db2nz5,Downy-Mildew(240),433,577,JPEG
dataset\_work\spinach_classified\spinach_sy69db2nz5\anomala\Downy-Mildew(240)__Downy-Mildew (20).jpg,anomala,spinach_sy69db2nz5,Downy-Mildew(240),900,1200,JPEG
dataset\_work\spinach_classified\spinach_sy69db2nz5\anomala\Downy-Mildew(240)__Downy-Mildew (200).jpg,anomala,spinach_sy69db2nz5,Downy-Mildew(240),900,1200,JPEG
dataset\_work\spinach_classified\spinach_sy69db2nz5\anomala\Downy-Mildew(240)__Downy-Mildew (201).jpg,anomala,spinach_sy69db2nz5,Downy-Mildew(240),900,1200,JPEG
dataset\_work\spinach_classified\spinach_sy69db2nz5\anomala\Downy-Mildew(240)__Downy-Mildew (202).jpg,anomala,spinach_sy69db2nz5,Downy-Mildew(240),1200,900,JPEG
dataset\_work\spinach_classified\spinach_sy69db2nz5\anomala\Downy-Mildew(240)__Downy-Mildew (203).jpg,anomala,spinach_sy69db2nz5,Downy-Mildew(240),900,1200,JPEG
dataset\_work\spinach_classified\spinach_sy69db2nz5\anomala\Downy-Mildew(240)__Downy-Mildew (204).jpg,anomala,spinach_sy69db2nz5,Downy-Mildew(240),900,1200,JPEG
dataset\_work\spinach_classified\spinach_sy69db2nz5\anomala\Downy-Mildew(240)__Downy-Mildew (205).jpg,anomala,spinach_sy69db2nz5,Downy-Mildew(240),900,1200,JPEG
dataset\_work\spinach_classified\spinach_sy69db2nz5\anomala\Downy-Mildew(240)__Downy-Mildew (206).jpg,anomala,spinach_sy69db2nz5,Downy-Mildew(240),900,1200,JPEG
dataset\_work\spinach_classified\spinach_sy69db2nz5\anomala\Downy-Mildew(240)__Downy-Mildew (207).jpg,anomala,spinach_sy69db2nz5,Downy-Mildew(240),900,1200,JPEG
dataset\_work\spinach_classified\spinach_sy69db2nz5\anomala\Downy-Mildew(240)__Downy-Mildew (208).jpg,anomala,spinach_sy69db2nz5,Downy-Mildew(240),900,1200,JPEG
dataset\_work\spinach_classified\spinach_sy69db2nz5\anomala\Downy-Mildew(240)__Downy-Mildew (209).jpg,anomala,spinach_sy69db2nz5,Downy-Mildew(240),900,1200,JPEG
dataset\_work\spinach_classified\spinach_sy69db2nz5\anomala\Downy-Mildew(240)__Downy-Mildew (21).jpg,anomala,spinach_sy69db2nz5,Downy-Mildew(240),900,1200,JPEG
dataset\_work\spinach_classified\spinach_sy69db2nz5\anomala\Downy-Mildew(240)__Downy-Mildew (210).jpg,anomala,spinach_sy69db2nz5,Downy-Mildew(240),900,1200,JPEG
dataset\_work\spinach_classified\spinach_sy69db2nz5\anomala\Downy-Mildew(240)__Downy-Mildew (211).jpg,anomala,spinach_sy69db2nz5,Downy-Mildew(240),900,1200,JPEG
dataset\_work\spinach_classified\spinach_sy69db2nz5\anomala\Downy-Mildew(240)__Downy-Mildew (212).jpg,anomala,spinach_sy69db2nz5,Downy-Mildew(240),900,1200,JPEG
dataset\_work\spinach_classified\spinach_sy69db2nz5\anomala\Downy-Mildew(240)__Downy-Mildew (213).jpg,anomala,spinach_sy69db2nz5,Downy-Mildew(240),900,1200,JPEG
dataset\_work\spinach_classified\spinach_sy69db2nz5\anomala\Downy-Mildew(240)__Downy-Mildew (214).jpg,anomala,spinach_sy69db2nz5,Downy-Mildew(240),1200,900,JPEG
dataset\_work\spinach_classified\spinach_sy69db2nz5\anomala\Downy-Mildew(240)__Downy-Mildew (215).jpg,anomala,spinach_sy69db2nz5,Downy-Mildew(240),900,1200,JPEG
dataset\_work\spinach_classified\spinach_sy69db2nz5\anomala\Downy-Mildew(240)__Downy-Mildew (216).jpg,anomala,spinach_sy69db2nz5,Downy-Mildew(240),900,1200,JPEG
dataset\_work\spinach_classified\spinach_sy69db2nz5\anomala\Downy-Mildew(240)__Downy-Mildew (217).jpg,anomala,spinach_sy69db2nz5,Downy-Mildew(240),1200,900,JPEG
dataset\_work\spinach_classified\spinach_sy69db2nz5\anomala\Downy-Mildew(240)__Downy-Mildew (218).jpg,anomala,spinach_sy69db2nz5,Downy-Mildew(240),900,1200,JPEG
dataset\_work\spinach_classified\spinach_sy69db2nz5\anomala\Downy-Mildew(240)__Downy-Mildew (219).jpg,anomala,spinach_sy69db2nz5,Downy-Mildew(240),900,1200,JPEG
dataset\_work\spinach_classified\spinach_sy69db2nz5\anomala\Downy-Mildew(240)__Downy-Mildew (22).jpg,anomala,spinach_sy69db2nz5,Downy-Mildew(240),420,595,JPEG
dataset\_work\spinach_classified\spinach_sy69db2nz5\anomala\Downy-Mildew(240)__Downy-Mildew (220).jpg,anomala,spinach_sy69db2nz5,Downy-Mildew(240),900,1200,JPEG
dataset\_work\spinach_classified\spinach_sy69db2nz5\anomala\Downy-Mildew(240)__Downy-Mildew (221).jpg,anomala,spinach_sy69db2nz5,Downy-Mildew(240),900,1200,JPEG
dataset\_work\spinach_classified\spinach_sy69db2nz5\anomala\Downy-Mildew(240)__Downy-Mildew (222).jpg,anomala,spinach_sy69db2nz5,Downy-Mildew(240),900,1200,JPEG
dataset\_work\spinach_classified\spinach_sy69db2nz5\anomala\Downy-Mildew(240)__Downy-Mildew (223).jpg,anomala,spinach_sy69db2nz5,Downy-Mildew(240),900,1200,JPEG
dataset\_work\spinach_classified\spinach_sy69db2nz5\anomala\Downy-Mildew(240)__Downy-Mildew (224).jpg,anomala,spinach_sy69db2nz5,Downy-Mildew(240),1200,900,JPEG
dataset\_work\spinach_classified\spinach_sy69db2nz5\anomala\Downy-Mildew(240)__Downy-Mildew (225).jpg,anomala,spinach_sy69db2nz5,Downy-Mildew(240),900,1200,JPEG
dataset\_work\spinach_classified\spinach_sy69db2nz5\anomala\Downy-Mildew(240)__Downy-Mildew (226).jpg,anomala,spinach_sy69db2nz5,Downy-Mildew(240),900,1200,JPEG
dataset\_work\spinach_classified\spinach_sy69db2nz5\anomala\Downy-Mildew(240)__Downy-Mildew (227).jpg,anomala,spinach_sy69db2nz5,Downy-Mildew(240),900,1200,JPEG
dataset\_work\spinach_classified\spinach_sy69db2nz5\anomala\Downy-Mildew(240)__Downy-Mildew (228).jpg,anomala,spinach_sy69db2nz5,Downy-Mildew(240),900,1200,JPEG
dataset\_work\spinach_classified\spinach_sy69db2nz5\anomala\Downy-Mildew(240)__Downy-Mildew (229).jpg,anomala,spinach_sy69db2nz5,Downy-Mildew(240),900,1200,JPEG
dataset\_work\spinach_classified\spinach_sy69db2nz5\anomala\Downy-Mildew(240)__Downy-Mildew (23).jpg,anomala,spinach_sy69db2nz5,Downy-Mildew(240),900,1200,JPEG
dataset\_work\spinach_classified\spinach_sy69db2nz5\anomala\Downy-Mildew(240)__Downy-Mildew (230).jpg,anomala,spinach_sy69db2nz5,Downy-Mildew(240),900,1200,JPEG
dataset\_work\spinach_classified\spinach_sy69db2nz5\anomala\Downy-Mildew(240)__Downy-Mildew (231).jpg,anomala,spinach_sy69db2nz5,Downy-Mildew(240),900,1200,JPEG
dataset\_work\spinach_classified\spinach_sy69db2nz5\anomala\Downy-Mildew(240)__Downy-Mildew (232).jpg,anomala,spinach_sy69db2nz5,Downy-Mildew(240),900,1200,JPEG
dataset\_work\spinach_classified\spinach_sy69db2nz5\anomala\Downy-Mildew(240)__Downy-Mildew (233).jpg,anomala,spinach_sy69db2nz5,Downy-Mildew(240),900,1200,JPEG
dataset\_work\spinach_classified\spinach_sy69db2nz5\anomala\Downy-Mildew(240)__Downy-Mildew (234).jpg,anomala,spinach_sy69db2nz5,Downy-Mildew(240),900,1200,JPEG
dataset\_work\spinach_classified\spinach_sy69db2nz5\anomala\Downy-Mildew(240)__Downy-Mildew (235).jpg,anomala,spinach_sy69db2nz5,Downy-Mildew(240),900,1200,JPEG
dataset\_work\spinach_classified\spinach_sy69db2nz5\anomala\Downy-Mildew(240)__Downy-Mildew (236).jpg,anomala,spinach_sy69db2nz5,Downy-Mildew(240),900,1200,JPEG
dataset\_work\spinach_classified\spinach_sy69db2nz5\anomala\Downy-Mildew(240)__Downy-Mildew (237).jpg,anomala,spinach_sy69db2nz5,Downy-Mildew(240),900,1200,JPEG
dataset\_work\spinach_classified\spinach_sy69db2nz5\anomala\Downy-Mildew(240)__Downy-Mildew (238).jpg,anomala,spinach_sy69db2nz5,Downy-Mildew(240),900,1200,JPEG
dataset\_work\spinach_classified\spinach_sy69db2nz5\anomala\Downy-Mildew(240)__Downy-Mildew (239).jpg,anomala,spinach_sy69db2nz5,Downy-Mildew(240),900,1200,JPEG
dataset\_work\spinach_classified\spinach_sy69db2nz5\anomala\Downy-Mildew(240)__Downy-Mildew (24).jpg,anomala,spinach_sy69db2nz5,Downy-Mildew(240),776,1200,JPEG
dataset\_work\spinach_classified\spinach_sy69db2nz5\anomala\Downy-Mildew(240)__Downy-Mildew (240).jpg,anomala,spinach_sy69db2nz5,Downy-Mildew(240),900,1200,JPEG
dataset\_work\spinach_classified\spinach_sy69db2nz5\anomala\Downy-Mildew(240)__Downy-Mildew (25).jpg,anomala,spinach_sy69db2nz5,Downy-Mildew(240),900,1200,JPEG
dataset\_work\spinach_classified\spinach_sy69db2nz5\anomala\Downy-Mildew(240)__Downy-Mildew (26).jpg,anomala,spinach_sy69db2nz5,Downy-Mildew(240),900,1200,JPEG
dataset\_work\spinach_classified\spinach_sy69db2nz5\anomala\Downy-Mildew(240)__Downy-Mildew (27).jpg,anomala,spinach_sy69db2nz5,Downy-Mildew(240),675,900,JPEG
dataset\_work\spinach_classified\spinach_sy69db2nz5\anomala\Downy-Mildew(240)__Downy-Mildew (28).jpg,anomala,spinach_sy69db2nz5,Downy-Mildew(240),900,1200,JPEG
dataset\_work\spinach_classified\spinach_sy69db2nz5\anomala\Downy-Mildew(240)__Downy-Mildew (29).jpg,anomala,spinach_sy69db2nz5,Downy-Mildew(240),900,1200,JPEG
dataset\_work\spinach_classified\spinach_sy69db2nz5\anomala\Downy-Mildew(240)__Downy-Mildew (3).jpg,anomala,spinach_sy69db2nz5,Downy-Mildew(240),934,1200,JPEG
dataset\_work\spinach_classified\spinach_sy69db2nz5\anomala\Downy-Mildew(240)__Downy-Mildew (30).jpg,anomala,spinach_sy69db2nz5,Downy-Mildew(240),900,1200,JPEG
dataset\_work\spinach_classified\spinach_sy69db2nz5\anomala\Downy-Mildew(240)__Downy-Mildew (31).jpg,anomala,spinach_sy69db2nz5,Downy-Mildew(240),900,1200,JPEG
dataset\_work\spinach_classified\spinach_sy69db2nz5\anomala\Downy-Mildew(240)__Downy-Mildew (32).jpg,anomala,spinach_sy69db2nz5,Downy-Mildew(240),900,1200,JPEG
dataset\_work\spinach_classified\spinach_sy69db2nz5\anomala\Downy-Mildew(240)__Downy-Mildew (33).jpg,anomala,spinach_sy69db2nz5,Downy-Mildew(240),900,1200,JPEG
dataset\_work\spinach_classified\spinach_sy69db2nz5\anomala\Downy-Mildew(240)__Downy-Mildew (34).jpg,anomala,spinach_sy69db2nz5,Downy-Mildew(240),900,1200,JPEG
dataset\_work\spinach_classified\spinach_sy69db2nz5\anomala\Downy-Mildew(240)__Downy-Mildew (35).jpg,anomala,spinach_sy69db2nz5,Downy-Mildew(240),900,1200,JPEG
dataset\_work\spinach_classified\spinach_sy69db2nz5\anomala\Downy-Mildew(240)__Downy-Mildew (36).jpg,anomala,spinach_sy69db2nz5,Downy-Mildew(240),900,1200,JPEG
dataset\_work\spinach_classified\spinach_sy69db2nz5\anomala\Downy-Mildew(240)__Downy-Mildew (37).jpg,anomala,spinach_sy69db2nz5,Downy-Mildew(240),900,1200,JPEG
dataset\_work\spinach_classified\spinach_sy69db2nz5\anomala\Downy-Mildew(240)__Downy-Mildew (38).jpg,anomala,spinach_sy69db2nz5,Downy-Mildew(240),900,1200,JPEG
dataset\_work\spinach_classified\spinach_sy69db2nz5\anomala\Downy-Mildew(240)__Downy-Mildew (39).jpg,anomala,spinach_sy69db2nz5,Downy-Mildew(240),900,1200,JPEG
dataset\_work\spinach_classified\spinach_sy69db2nz5\anomala\Downy-Mildew(240)__Downy-Mildew (4).jpg,anomala,spinach_sy69db2nz5,Downy-Mildew(240),325,433,JPEG
dataset\_work\spinach_classified\spinach_sy69db2nz5\anomala\Downy-Mildew(240)__Downy-Mildew (40).jpg,anomala,spinach_sy69db2nz5,Downy-Mildew(240),900,1200,JPEG
dataset\_work\spinach_classified\spinach_sy69db2nz5\anomala\Downy-Mildew(240)__Downy-Mildew (41).jpg,anomala,spinach_sy69db2nz5,Downy-Mildew(240),900,1200,JPEG
dataset\_work\spinach_classified\spinach_sy69db2nz5\anomala\Downy-Mildew(240)__Downy-Mildew (42).jpg,anomala,spinach_sy69db2nz5,Downy-Mildew(240),900,1200,JPEG
dataset\_work\spinach_classified\spinach_sy69db2nz5\anomala\Downy-Mildew(240)__Downy-Mildew (43).jpg,anomala,spinach_sy69db2nz5,Downy-Mildew(240),900,1200,JPEG
dataset\_work\spinach_classified\spinach_sy69db2nz5\anomala\Downy-Mildew(240)__Downy-Mildew (44).jpg,anomala,spinach_sy69db2nz5,Downy-Mildew(240),900,1200,JPEG
dataset\_work\spinach_classified\spinach_sy69db2nz5\anomala\Downy-Mildew(240)__Downy-Mildew (45).jpg,anomala,spinach_sy69db2nz5,Downy-Mildew(240),900,1200,JPEG
dataset\_work\spinach_classified\spinach_sy69db2nz5\anomala\Downy-Mildew(240)__Downy-Mildew (46).jpg,anomala,spinach_sy69db2nz5,Downy-Mildew(240),900,1200,JPEG
dataset\_work\spinach_classified\spinach_sy69db2nz5\anomala\Downy-Mildew(240)__Downy-Mildew (47).jpg,anomala,spinach_sy69db2nz5,Downy-Mildew(240),900,1200,JPEG
dataset\_work\spinach_classified\spinach_sy69db2nz5\anomala\Downy-Mildew(240)__Downy-Mildew (48).jpg,anomala,spinach_sy69db2nz5,Downy-Mildew(240),900,1200,JPEG
dataset\_work\spinach_classified\spinach_sy69db2nz5\anomala\Downy-Mildew(240)__Downy-Mildew (49).jpg,anomala,spinach_sy69db2nz5,Downy-Mildew(240),900,1200,JPEG
dataset\_work\spinach_classified\spinach_sy69db2nz5\anomala\Downy-Mildew(240)__Downy-Mildew (5).jpg,anomala,spinach_sy69db2nz5,Downy-Mildew(240),325,433,JPEG
dataset\_work\spinach_classified\spinach_sy69db2nz5\anomala\Downy-Mildew(240)__Downy-Mildew (50).jpg,anomala,spinach_sy69db2nz5,Downy-Mildew(240),675,1200,JPEG
dataset\_work\spinach_classified\spinach_sy69db2nz5\anomala\Downy-Mildew(240)__Downy-Mildew (51).jpg,anomala,spinach_sy69db2nz5,Downy-Mildew(240),675,1200,JPEG
dataset\_work\spinach_classified\spinach_sy69db2nz5\anomala\Downy-Mildew(240)__Downy-Mildew (52).jpg,anomala,spinach_sy69db2nz5,Downy-Mildew(240),675,1200,JPEG
dataset\_work\spinach_classified\spinach_sy69db2nz5\anomala\Downy-Mildew(240)__Downy-Mildew (53).jpg,anomala,spinach_sy69db2nz5,Downy-Mildew(240),675,1200,JPEG
dataset\_work\spinach_classified\spinach_sy69db2nz5\anomala\Downy-Mildew(240)__Downy-Mildew (54).jpg,anomala,spinach_sy69db2nz5,Downy-Mildew(240),900,1200,JPEG
dataset\_work\spinach_classified\spinach_sy69db2nz5\anomala\Downy-Mildew(240)__Downy-Mildew (55).jpg,anomala,spinach_sy69db2nz5,Downy-Mildew(240),900,1200,JPEG
dataset\_work\spinach_classified\spinach_sy69db2nz5\anomala\Downy-Mildew(240)__Downy-Mildew (56).jpg,anomala,spinach_sy69db2nz5,Downy-Mildew(240),900,1200,JPEG
dataset\_work\spinach_classified\spinach_sy69db2nz5\anomala\Downy-Mildew(240)__Downy-Mildew (57).jpg,anomala,spinach_sy69db2nz5,Downy-Mildew(240),900,1200,JPEG
dataset\_work\spinach_classified\spinach_sy69db2nz5\anomala\Downy-Mildew(240)__Downy-Mildew (58).jpg,anomala,spinach_sy69db2nz5,Downy-Mildew(240),900,1200,JPEG
dataset\_work\spinach_classified\spinach_sy69db2nz5\anomala\Downy-Mildew(240)__Downy-Mildew (59).jpg,anomala,spinach_sy69db2nz5,Downy-Mildew(240),900,1200,JPEG
dataset\_work\spinach_classified\spinach_sy69db2nz5\anomala\Downy-Mildew(240)__Downy-Mildew (6).jpg,anomala,spinach_sy69db2nz5,Downy-Mildew(240),433,577,JPEG
dataset\_work\spinach_classified\spinach_sy69db2nz5\anomala\Downy-Mildew(240)__Downy-Mildew (60).jpg,anomala,spinach_sy69db2nz5,Downy-Mildew(240),900,1200,JPEG
dataset\_work\spinach_classified\spinach_sy69db2nz5\anomala\Downy-Mildew(240)__Downy-Mildew (61).jpg,anomala,spinach_sy69db2nz5,Downy-Mildew(240),900,1200,JPEG
dataset\_work\spinach_classified\spinach_sy69db2nz5\anomala\Downy-Mildew(240)__Downy-Mildew (62).jpg,anomala,spinach_sy69db2nz5,Downy-Mildew(240),900,1200,JPEG
dataset\_work\spinach_classified\spinach_sy69db2nz5\anomala\Downy-Mildew(240)__Downy-Mildew (63).jpg,anomala,spinach_sy69db2nz5,Downy-Mildew(240),900,1200,JPEG
dataset\_work\spinach_classified\spinach_sy69db2nz5\anomala\Downy-Mildew(240)__Downy-Mildew (64).jpg,anomala,spinach_sy69db2nz5,Downy-Mildew(240),900,1200,JPEG
dataset\_work\spinach_classified\spinach_sy69db2nz5\anomala\Downy-Mildew(240)__Downy-Mildew (65).jpg,anomala,spinach_sy69db2nz5,Downy-Mildew(240),900,1200,JPEG
dataset\_work\spinach_classified\spinach_sy69db2nz5\anomala\Downy-Mildew(240)__Downy-Mildew (66).jpg,anomala,spinach_sy69db2nz5,Downy-Mildew(240),900,1200,JPEG
dataset\_work\spinach_classified\spinach_sy69db2nz5\anomala\Downy-Mildew(240)__Downy-Mildew (67).jpg,anomala,spinach_sy69db2nz5,Downy-Mildew(240),900,1200,JPEG
dataset\_work\spinach_classified\spinach_sy69db2nz5\anomala\Downy-Mildew(240)__Downy-Mildew (68).jpg,anomala,spinach_sy69db2nz5,Downy-Mildew(240),900,1200,JPEG
dataset\_work\spinach_classified\spinach_sy69db2nz5\anomala\Downy-Mildew(240)__Downy-Mildew (69).jpg,anomala,spinach_sy69db2nz5,Downy-Mildew(240),900,1200,JPEG
dataset\_work\spinach_classified\spinach_sy69db2nz5\anomala\Downy-Mildew(240)__Downy-Mildew (7).jpg,anomala,spinach_sy69db2nz5,Downy-Mildew(240),433,577,JPEG
dataset\_work\spinach_classified\spinach_sy69db2nz5\anomala\Downy-Mildew(240)__Downy-Mildew (70).jpg,anomala,spinach_sy69db2nz5,Downy-Mildew(240),900,1200,JPEG
dataset\_work\spinach_classified\spinach_sy69db2nz5\anomala\Downy-Mildew(240)__Downy-Mildew (71).jpg,anomala,spinach_sy69db2nz5,Downy-Mildew(240),900,1200,JPEG
dataset\_work\spinach_classified\spinach_sy69db2nz5\anomala\Downy-Mildew(240)__Downy-Mildew (72).jpg,anomala,spinach_sy69db2nz5,Downy-Mildew(240),900,1200,JPEG
dataset\_work\spinach_classified\spinach_sy69db2nz5\anomala\Downy-Mildew(240)__Downy-Mildew (73).jpg,anomala,spinach_sy69db2nz5,Downy-Mildew(240),900,1200,JPEG
dataset\_work\spinach_classified\spinach_sy69db2nz5\anomala\Downy-Mildew(240)__Downy-Mildew (74).jpg,anomala,spinach_sy69db2nz5,Downy-Mildew(240),900,1200,JPEG
dataset\_work\spinach_classified\spinach_sy69db2nz5\anomala\Downy-Mildew(240)__Downy-Mildew (75).jpg,anomala,spinach_sy69db2nz5,Downy-Mildew(240),900,1200,JPEG
dataset\_work\spinach_classified\spinach_sy69db2nz5\anomala\Downy-Mildew(240)__Downy-Mildew (76).jpg,anomala,spinach_sy69db2nz5,Downy-Mildew(240),900,1200,JPEG
dataset\_work\spinach_classified\spinach_sy69db2nz5\anomala\Downy-Mildew(240)__Downy-Mildew (77).jpg,anomala,spinach_sy69db2nz5,Downy-Mildew(240),433,577,JPEG
dataset\_work\spinach_classified\spinach_sy69db2nz5\anomala\Downy-Mildew(240)__Downy-Mildew (78).jpg,anomala,spinach_sy69db2nz5,Downy-Mildew(240),433,577,JPEG
dataset\_work\spinach_classified\spinach_sy69db2nz5\anomala\Downy-Mildew(240)__Downy-Mildew (79).jpg,anomala,spinach_sy69db2nz5,Downy-Mildew(240),433,577,JPEG
dataset\_work\spinach_classified\spinach_sy69db2nz5\anomala\Downy-Mildew(240)__Downy-Mildew (8).jpg,anomala,spinach_sy69db2nz5,Downy-Mildew(240),433,577,JPEG
dataset\_work\spinach_classified\spinach_sy69db2nz5\anomala\Downy-Mildew(240)__Downy-Mildew (80).jpg,anomala,spinach_sy69db2nz5,Downy-Mildew(240),433,577,JPEG
dataset\_work\spinach_classified\spinach_sy69db2nz5\anomala\Downy-Mildew(240)__Downy-Mildew (81).jpg,anomala,spinach_sy69db2nz5,Downy-Mildew(240),900,1200,JPEG
dataset\_work\spinach_classified\spinach_sy69db2nz5\anomala\Downy-Mildew(240)__Downy-Mildew (82).JPG,anomala,spinach_sy69db2nz5,Downy-Mildew(240),675,1200,JPEG
dataset\_work\spinach_classified\spinach_sy69db2nz5\anomala\Downy-Mildew(240)__Downy-Mildew (83).JPG,anomala,spinach_sy69db2nz5,Downy-Mildew(240),675,1200,JPEG
dataset\_work\spinach_classified\spinach_sy69db2nz5\anomala\Downy-Mildew(240)__Downy-Mildew (84).JPG,anomala,spinach_sy69db2nz5,Downy-Mildew(240),675,1200,JPEG
dataset\_work\spinach_classified\spinach_sy69db2nz5\anomala\Downy-Mildew(240)__Downy-Mildew (85).JPG,anomala,spinach_sy69db2nz5,Downy-Mildew(240),900,1200,JPEG
dataset\_work\spinach_classified\spinach_sy69db2nz5\anomala\Downy-Mildew(240)__Downy-Mildew (86).JPG,anomala,spinach_sy69db2nz5,Downy-Mildew(240),900,1200,JPEG
dataset\_work\spinach_classified\spinach_sy69db2nz5\anomala\Downy-Mildew(240)__Downy-Mildew (87).JPG,anomala,spinach_sy69db2nz5,Downy-Mildew(240),900,1200,JPEG
dataset\_work\spinach_classified\spinach_sy69db2nz5\anomala\Downy-Mildew(240)__Downy-Mildew (88).JPG,anomala,spinach_sy69db2nz5,Downy-Mildew(240),900,1200,JPEG
dataset\_work\spinach_classified\spinach_sy69db2nz5\anomala\Downy-Mildew(240)__Downy-Mildew (89).JPG,anomala,spinach_sy69db2nz5,Downy-Mildew(240),900,1200,JPEG
dataset\_work\spinach_classified\spinach_sy69db2nz5\anomala\Downy-Mildew(240)__Downy-Mildew (9).jpg,anomala,spinach_sy69db2nz5,Downy-Mildew(240),445,560,JPEG
dataset\_work\spinach_classified\spinach_sy69db2nz5\anomala\Downy-Mildew(240)__Downy-Mildew (90).JPG,anomala,spinach_sy69db2nz5,Downy-Mildew(240),900,1200,JPEG
dataset\_work\spinach_classified\spinach_sy69db2nz5\anomala\Downy-Mildew(240)__Downy-Mildew (91).JPG,anomala,spinach_sy69db2nz5,Downy-Mildew(240),900,1200,JPEG
dataset\_work\spinach_classified\spinach_sy69db2nz5\anomala\Downy-Mildew(240)__Downy-Mildew (92).JPG,anomala,spinach_sy69db2nz5,Downy-Mildew(240),900,1200,JPEG
dataset\_work\spinach_classified\spinach_sy69db2nz5\anomala\Downy-Mildew(240)__Downy-Mildew (93).JPG,anomala,spinach_sy69db2nz5,Downy-Mildew(240),900,1200,JPEG
dataset\_work\spinach_classified\spinach_sy69db2nz5\anomala\Downy-Mildew(240)__Downy-Mildew (94).JPG,anomala,spinach_sy69db2nz5,Downy-Mildew(240),900,1200,JPEG
dataset\_work\spinach_classified\spinach_sy69db2nz5\anomala\Downy-Mildew(240)__Downy-Mildew (95).JPG,anomala,spinach_sy69db2nz5,Downy-Mildew(240),900,1200,JPEG
dataset\_work\spinach_classified\spinach_sy69db2nz5\anomala\Downy-Mildew(240)__Downy-Mildew (96).jpg,anomala,spinach_sy69db2nz5,Downy-Mildew(240),433,577,JPEG
dataset\_work\spinach_classified\spinach_sy69db2nz5\anomala\Downy-Mildew(240)__Downy-Mildew (97).jpg,anomala,spinach_sy69db2nz5,Downy-Mildew(240),900,1200,JPEG
dataset\_work\spinach_classified\spinach_sy69db2nz5\anomala\Downy-Mildew(240)__Downy-Mildew (98).jpg,anomala,spinach_sy69db2nz5,Downy-Mildew(240),900,1200,JPEG
dataset\_work\spinach_classified\spinach_sy69db2nz5\anomala\Downy-Mildew(240)__Downy-Mildew (99).jpg,anomala,spinach_sy69db2nz5,Downy-Mildew(240),900,1200,JPEG
dataset\_work\spinach_classified\spinach_sy69db2nz5\anomala\Pest-Damage(513)__Pest-Damage (1).jpg,anomala,spinach_sy69db2nz5,Pest-Damage(513),900,1200,JPEG
dataset\_work\spinach_classified\spinach_sy69db2nz5\anomala\Pest-Damage(513)__Pest-Damage (10).jpg,anomala,spinach_sy69db2nz5,Pest-Damage(513),900,1200,JPEG
dataset\_work\spinach_classified\spinach_sy69db2nz5\anomala\Pest-Damage(513)__Pest-Damage (100).jpg,anomala,spinach_sy69db2nz5,Pest-Damage(513),300,400,JPEG
dataset\_work\spinach_classified\spinach_sy69db2nz5\anomala\Pest-Damage(513)__Pest-Damage (101).jpg,anomala,spinach_sy69db2nz5,Pest-Damage(513),300,400,JPEG
dataset\_work\spinach_classified\spinach_sy69db2nz5\anomala\Pest-Damage(513)__Pest-Damage (102).jpg,anomala,spinach_sy69db2nz5,Pest-Damage(513),300,400,JPEG
dataset\_work\spinach_classified\spinach_sy69db2nz5\anomala\Pest-Damage(513)__Pest-Damage (103).jpg,anomala,spinach_sy69db2nz5,Pest-Damage(513),300,400,JPEG
dataset\_work\spinach_classified\spinach_sy69db2nz5\anomala\Pest-Damage(513)__Pest-Damage (104).jpg,anomala,spinach_sy69db2nz5,Pest-Damage(513),433,577,JPEG
dataset\_work\spinach_classified\spinach_sy69db2nz5\anomala\Pest-Damage(513)__Pest-Damage (105).jpg,anomala,spinach_sy69db2nz5,Pest-Damage(513),900,1200,JPEG
dataset\_work\spinach_classified\spinach_sy69db2nz5\anomala\Pest-Damage(513)__Pest-Damage (106).jpg,anomala,spinach_sy69db2nz5,Pest-Damage(513),675,1200,JPEG
dataset\_work\spinach_classified\spinach_sy69db2nz5\anomala\Pest-Damage(513)__Pest-Damage (107).jpg,anomala,spinach_sy69db2nz5,Pest-Damage(513),675,1200,JPEG
dataset\_work\spinach_classified\spinach_sy69db2nz5\anomala\Pest-Damage(513)__Pest-Damage (108).jpg,anomala,spinach_sy69db2nz5,Pest-Damage(513),675,1200,JPEG
dataset\_work\spinach_classified\spinach_sy69db2nz5\anomala\Pest-Damage(513)__Pest-Damage (109).jpg,anomala,spinach_sy69db2nz5,Pest-Damage(513),675,1200,JPEG
dataset\_work\spinach_classified\spinach_sy69db2nz5\anomala\Pest-Damage(513)__Pest-Damage (11).jpg,anomala,spinach_sy69db2nz5,Pest-Damage(513),900,1200,JPEG
dataset\_work\spinach_classified\spinach_sy69db2nz5\anomala\Pest-Damage(513)__Pest-Damage (110).jpg,anomala,spinach_sy69db2nz5,Pest-Damage(513),675,1200,JPEG
dataset\_work\spinach_classified\spinach_sy69db2nz5\anomala\Pest-Damage(513)__Pest-Damage (111).jpg,anomala,spinach_sy69db2nz5,Pest-Damage(513),675,1200,JPEG
dataset\_work\spinach_classified\spinach_sy69db2nz5\anomala\Pest-Damage(513)__Pest-Damage (112).jpg,anomala,spinach_sy69db2nz5,Pest-Damage(513),675,1200,JPEG
dataset\_work\spinach_classified\spinach_sy69db2nz5\anomala\Pest-Damage(513)__Pest-Damage (113).jpg,anomala,spinach_sy69db2nz5,Pest-Damage(513),675,1200,JPEG
dataset\_work\spinach_classified\spinach_sy69db2nz5\anomala\Pest-Damage(513)__Pest-Damage (114).jpg,anomala,spinach_sy69db2nz5,Pest-Damage(513),675,1200,JPEG
dataset\_work\spinach_classified\spinach_sy69db2nz5\anomala\Pest-Damage(513)__Pest-Damage (115).jpg,anomala,spinach_sy69db2nz5,Pest-Damage(513),675,1200,JPEG
dataset\_work\spinach_classified\spinach_sy69db2nz5\anomala\Pest-Damage(513)__Pest-Damage (116).jpg,anomala,spinach_sy69db2nz5,Pest-Damage(513),675,1200,JPEG
dataset\_work\spinach_classified\spinach_sy69db2nz5\anomala\Pest-Damage(513)__Pest-Damage (117).jpg,anomala,spinach_sy69db2nz5,Pest-Damage(513),675,1200,JPEG
dataset\_work\spinach_classified\spinach_sy69db2nz5\anomala\Pest-Damage(513)__Pest-Damage (118).jpg,anomala,spinach_sy69db2nz5,Pest-Damage(513),675,1200,JPEG
dataset\_work\spinach_classified\spinach_sy69db2nz5\anomala\Pest-Damage(513)__Pest-Damage (119).jpg,anomala,spinach_sy69db2nz5,Pest-Damage(513),675,1200,JPEG
dataset\_work\spinach_classified\spinach_sy69db2nz5\anomala\Pest-Damage(513)__Pest-Damage (12).jpg,anomala,spinach_sy69db2nz5,Pest-Damage(513),900,1200,JPEG
dataset\_work\spinach_classified\spinach_sy69db2nz5\anomala\Pest-Damage(513)__Pest-Damage (120).jpg,anomala,spinach_sy69db2nz5,Pest-Damage(513),675,1200,JPEG
dataset\_work\spinach_classified\spinach_sy69db2nz5\anomala\Pest-Damage(513)__Pest-Damage (121).jpg,anomala,spinach_sy69db2nz5,Pest-Damage(513),675,1200,JPEG
dataset\_work\spinach_classified\spinach_sy69db2nz5\anomala\Pest-Damage(513)__Pest-Damage (122).jpg,anomala,spinach_sy69db2nz5,Pest-Damage(513),675,1200,JPEG
dataset\_work\spinach_classified\spinach_sy69db2nz5\anomala\Pest-Damage(513)__Pest-Damage (123).jpg,anomala,spinach_sy69db2nz5,Pest-Damage(513),675,1200,JPEG
dataset\_work\spinach_classified\spinach_sy69db2nz5\anomala\Pest-Damage(513)__Pest-Damage (124).jpg,anomala,spinach_sy69db2nz5,Pest-Damage(513),675,1200,JPEG
dataset\_work\spinach_classified\spinach_sy69db2nz5\anomala\Pest-Damage(513)__Pest-Damage (125).jpg,anomala,spinach_sy69db2nz5,Pest-Damage(513),675,1200,JPEG
dataset\_work\spinach_classified\spinach_sy69db2nz5\anomala\Pest-Damage(513)__Pest-Damage (126).jpg,anomala,spinach_sy69db2nz5,Pest-Damage(513),675,1200,JPEG
dataset\_work\spinach_classified\spinach_sy69db2nz5\anomala\Pest-Damage(513)__Pest-Damage (127).jpg,anomala,spinach_sy69db2nz5,Pest-Damage(513),675,1200,JPEG
dataset\_work\spinach_classified\spinach_sy69db2nz5\anomala\Pest-Damage(513)__Pest-Damage (128).jpg,anomala,spinach_sy69db2nz5,Pest-Damage(513),675,1200,JPEG
dataset\_work\spinach_classified\spinach_sy69db2nz5\anomala\Pest-Damage(513)__Pest-Damage (129).jpg,anomala,spinach_sy69db2nz5,Pest-Damage(513),675,1200,JPEG
dataset\_work\spinach_classified\spinach_sy69db2nz5\anomala\Pest-Damage(513)__Pest-Damage (13).jpg,anomala,spinach_sy69db2nz5,Pest-Damage(513),900,1200,JPEG
dataset\_work\spinach_classified\spinach_sy69db2nz5\anomala\Pest-Damage(513)__Pest-Damage (130).jpg,anomala,spinach_sy69db2nz5,Pest-Damage(513),675,1200,JPEG
dataset\_work\spinach_classified\spinach_sy69db2nz5\anomala\Pest-Damage(513)__Pest-Damage (131).jpg,anomala,spinach_sy69db2nz5,Pest-Damage(513),675,1200,JPEG
dataset\_work\spinach_classified\spinach_sy69db2nz5\anomala\Pest-Damage(513)__Pest-Damage (132).jpg,anomala,spinach_sy69db2nz5,Pest-Damage(513),675,1200,JPEG
dataset\_work\spinach_classified\spinach_sy69db2nz5\anomala\Pest-Damage(513)__Pest-Damage (133).jpg,anomala,spinach_sy69db2nz5,Pest-Damage(513),675,1200,JPEG
dataset\_work\spinach_classified\spinach_sy69db2nz5\anomala\Pest-Damage(513)__Pest-Damage (134).jpg,anomala,spinach_sy69db2nz5,Pest-Damage(513),675,1200,JPEG
dataset\_work\spinach_classified\spinach_sy69db2nz5\anomala\Pest-Damage(513)__Pest-Damage (135).jpg,anomala,spinach_sy69db2nz5,Pest-Damage(513),675,1200,JPEG
dataset\_work\spinach_classified\spinach_sy69db2nz5\anomala\Pest-Damage(513)__Pest-Damage (136).jpg,anomala,spinach_sy69db2nz5,Pest-Damage(513),675,1200,JPEG
dataset\_work\spinach_classified\spinach_sy69db2nz5\anomala\Pest-Damage(513)__Pest-Damage (137).jpg,anomala,spinach_sy69db2nz5,Pest-Damage(513),675,1200,JPEG
dataset\_work\spinach_classified\spinach_sy69db2nz5\anomala\Pest-Damage(513)__Pest-Damage (138).jpg,anomala,spinach_sy69db2nz5,Pest-Damage(513),675,1200,JPEG
dataset\_work\spinach_classified\spinach_sy69db2nz5\anomala\Pest-Damage(513)__Pest-Damage (139).jpg,anomala,spinach_sy69db2nz5,Pest-Damage(513),675,1200,JPEG
dataset\_work\spinach_classified\spinach_sy69db2nz5\anomala\Pest-Damage(513)__Pest-Damage (14).jpg,anomala,spinach_sy69db2nz5,Pest-Damage(513),900,1200,JPEG
dataset\_work\spinach_classified\spinach_sy69db2nz5\anomala\Pest-Damage(513)__Pest-Damage (140).jpg,anomala,spinach_sy69db2nz5,Pest-Damage(513),675,1200,JPEG
dataset\_work\spinach_classified\spinach_sy69db2nz5\anomala\Pest-Damage(513)__Pest-Damage (141).jpg,anomala,spinach_sy69db2nz5,Pest-Damage(513),675,1200,JPEG
dataset\_work\spinach_classified\spinach_sy69db2nz5\anomala\Pest-Damage(513)__Pest-Damage (142).jpg,anomala,spinach_sy69db2nz5,Pest-Damage(513),675,1200,JPEG
dataset\_work\spinach_classified\spinach_sy69db2nz5\anomala\Pest-Damage(513)__Pest-Damage (143).jpg,anomala,spinach_sy69db2nz5,Pest-Damage(513),675,1200,JPEG
dataset\_work\spinach_classified\spinach_sy69db2nz5\anomala\Pest-Damage(513)__Pest-Damage (144).jpg,anomala,spinach_sy69db2nz5,Pest-Damage(513),675,1200,JPEG
dataset\_work\spinach_classified\spinach_sy69db2nz5\anomala\Pest-Damage(513)__Pest-Damage (145).jpg,anomala,spinach_sy69db2nz5,Pest-Damage(513),675,1200,JPEG
dataset\_work\spinach_classified\spinach_sy69db2nz5\anomala\Pest-Damage(513)__Pest-Damage (146).jpg,anomala,spinach_sy69db2nz5,Pest-Damage(513),675,1200,JPEG
dataset\_work\spinach_classified\spinach_sy69db2nz5\anomala\Pest-Damage(513)__Pest-Damage (147).jpg,anomala,spinach_sy69db2nz5,Pest-Damage(513),675,1200,JPEG
dataset\_work\spinach_classified\spinach_sy69db2nz5\anomala\Pest-Damage(513)__Pest-Damage (148).jpg,anomala,spinach_sy69db2nz5,Pest-Damage(513),675,1200,JPEG
dataset\_work\spinach_classified\spinach_sy69db2nz5\anomala\Pest-Damage(513)__Pest-Damage (149).jpg,anomala,spinach_sy69db2nz5,Pest-Damage(513),675,1200,JPEG
dataset\_work\spinach_classified\spinach_sy69db2nz5\anomala\Pest-Damage(513)__Pest-Damage (15).jpg,anomala,spinach_sy69db2nz5,Pest-Damage(513),1200,900,JPEG
dataset\_work\spinach_classified\spinach_sy69db2nz5\anomala\Pest-Damage(513)__Pest-Damage (150).jpg,anomala,spinach_sy69db2nz5,Pest-Damage(513),675,1200,JPEG
dataset\_work\spinach_classified\spinach_sy69db2nz5\anomala\Pest-Damage(513)__Pest-Damage (151).jpg,anomala,spinach_sy69db2nz5,Pest-Damage(513),675,1200,JPEG
dataset\_work\spinach_classified\spinach_sy69db2nz5\anomala\Pest-Damage(513)__Pest-Damage (152).jpg,anomala,spinach_sy69db2nz5,Pest-Damage(513),675,1200,JPEG
dataset\_work\spinach_classified\spinach_sy69db2nz5\anomala\Pest-Damage(513)__Pest-Damage (153).jpg,anomala,spinach_sy69db2nz5,Pest-Damage(513),675,1200,JPEG
dataset\_work\spinach_classified\spinach_sy69db2nz5\anomala\Pest-Damage(513)__Pest-Damage (154).jpg,anomala,spinach_sy69db2nz5,Pest-Damage(513),675,1200,JPEG
dataset\_work\spinach_classified\spinach_sy69db2nz5\anomala\Pest-Damage(513)__Pest-Damage (155).jpg,anomala,spinach_sy69db2nz5,Pest-Damage(513),675,1200,JPEG
dataset\_work\spinach_classified\spinach_sy69db2nz5\anomala\Pest-Damage(513)__Pest-Damage (156).jpg,anomala,spinach_sy69db2nz5,Pest-Damage(513),675,1200,JPEG
dataset\_work\spinach_classified\spinach_sy69db2nz5\anomala\Pest-Damage(513)__Pest-Damage (157).jpg,anomala,spinach_sy69db2nz5,Pest-Damage(513),675,1200,JPEG
dataset\_work\spinach_classified\spinach_sy69db2nz5\anomala\Pest-Damage(513)__Pest-Damage (158).jpg,anomala,spinach_sy69db2nz5,Pest-Damage(513),675,1200,JPEG
dataset\_work\spinach_classified\spinach_sy69db2nz5\anomala\Pest-Damage(513)__Pest-Damage (159).jpg,anomala,spinach_sy69db2nz5,Pest-Damage(513),675,1200,JPEG
dataset\_work\spinach_classified\spinach_sy69db2nz5\anomala\Pest-Damage(513)__Pest-Damage (16).jpg,anomala,spinach_sy69db2nz5,Pest-Damage(513),900,1200,JPEG
dataset\_work\spinach_classified\spinach_sy69db2nz5\anomala\Pest-Damage(513)__Pest-Damage (160).jpg,anomala,spinach_sy69db2nz5,Pest-Damage(513),675,1200,JPEG
dataset\_work\spinach_classified\spinach_sy69db2nz5\anomala\Pest-Damage(513)__Pest-Damage (161).jpg,anomala,spinach_sy69db2nz5,Pest-Damage(513),675,1200,JPEG
dataset\_work\spinach_classified\spinach_sy69db2nz5\anomala\Pest-Damage(513)__Pest-Damage (162).jpg,anomala,spinach_sy69db2nz5,Pest-Damage(513),675,1200,JPEG
dataset\_work\spinach_classified\spinach_sy69db2nz5\anomala\Pest-Damage(513)__Pest-Damage (163).jpg,anomala,spinach_sy69db2nz5,Pest-Damage(513),675,1200,JPEG
dataset\_work\spinach_classified\spinach_sy69db2nz5\anomala\Pest-Damage(513)__Pest-Damage (164).jpg,anomala,spinach_sy69db2nz5,Pest-Damage(513),675,1200,JPEG
dataset\_work\spinach_classified\spinach_sy69db2nz5\anomala\Pest-Damage(513)__Pest-Damage (165).jpg,anomala,spinach_sy69db2nz5,Pest-Damage(513),675,1200,JPEG
dataset\_work\spinach_classified\spinach_sy69db2nz5\anomala\Pest-Damage(513)__Pest-Damage (166).jpg,anomala,spinach_sy69db2nz5,Pest-Damage(513),675,1200,JPEG
dataset\_work\spinach_classified\spinach_sy69db2nz5\anomala\Pest-Damage(513)__Pest-Damage (167).jpg,anomala,spinach_sy69db2nz5,Pest-Damage(513),675,1200,JPEG
dataset\_work\spinach_classified\spinach_sy69db2nz5\anomala\Pest-Damage(513)__Pest-Damage (168).jpg,anomala,spinach_sy69db2nz5,Pest-Damage(513),675,1200,JPEG
dataset\_work\spinach_classified\spinach_sy69db2nz5\anomala\Pest-Damage(513)__Pest-Damage (169).jpg,anomala,spinach_sy69db2nz5,Pest-Damage(513),675,1200,JPEG
dataset\_work\spinach_classified\spinach_sy69db2nz5\anomala\Pest-Damage(513)__Pest-Damage (17).jpg,anomala,spinach_sy69db2nz5,Pest-Damage(513),900,1200,JPEG
dataset\_work\spinach_classified\spinach_sy69db2nz5\anomala\Pest-Damage(513)__Pest-Damage (170).jpg,anomala,spinach_sy69db2nz5,Pest-Damage(513),675,1200,JPEG
dataset\_work\spinach_classified\spinach_sy69db2nz5\anomala\Pest-Damage(513)__Pest-Damage (171).jpg,anomala,spinach_sy69db2nz5,Pest-Damage(513),675,1200,JPEG
dataset\_work\spinach_classified\spinach_sy69db2nz5\anomala\Pest-Damage(513)__Pest-Damage (172).jpg,anomala,spinach_sy69db2nz5,Pest-Damage(513),675,1200,JPEG
dataset\_work\spinach_classified\spinach_sy69db2nz5\anomala\Pest-Damage(513)__Pest-Damage (173).jpg,anomala,spinach_sy69db2nz5,Pest-Damage(513),675,1200,JPEG
dataset\_work\spinach_classified\spinach_sy69db2nz5\anomala\Pest-Damage(513)__Pest-Damage (174).jpg,anomala,spinach_sy69db2nz5,Pest-Damage(513),900,1200,JPEG
dataset\_work\spinach_classified\spinach_sy69db2nz5\anomala\Pest-Damage(513)__Pest-Damage (175).jpg,anomala,spinach_sy69db2nz5,Pest-Damage(513),900,1200,JPEG
dataset\_work\spinach_classified\spinach_sy69db2nz5\anomala\Pest-Damage(513)__Pest-Damage (176).jpg,anomala,spinach_sy69db2nz5,Pest-Damage(513),900,1200,JPEG
dataset\_work\spinach_classified\spinach_sy69db2nz5\anomala\Pest-Damage(513)__Pest-Damage (177).jpg,anomala,spinach_sy69db2nz5,Pest-Damage(513),900,1200,JPEG
dataset\_work\spinach_classified\spinach_sy69db2nz5\anomala\Pest-Damage(513)__Pest-Damage (178).jpg,anomala,spinach_sy69db2nz5,Pest-Damage(513),900,1200,JPEG
dataset\_work\spinach_classified\spinach_sy69db2nz5\anomala\Pest-Damage(513)__Pest-Damage (179).jpg,anomala,spinach_sy69db2nz5,Pest-Damage(513),900,1200,JPEG
dataset\_work\spinach_classified\spinach_sy69db2nz5\anomala\Pest-Damage(513)__Pest-Damage (18).jpg,anomala,spinach_sy69db2nz5,Pest-Damage(513),900,1200,JPEG
dataset\_work\spinach_classified\spinach_sy69db2nz5\anomala\Pest-Damage(513)__Pest-Damage (180).jpg,anomala,spinach_sy69db2nz5,Pest-Damage(513),900,1200,JPEG
dataset\_work\spinach_classified\spinach_sy69db2nz5\anomala\Pest-Damage(513)__Pest-Damage (181).jpg,anomala,spinach_sy69db2nz5,Pest-Damage(513),900,1200,JPEG
dataset\_work\spinach_classified\spinach_sy69db2nz5\anomala\Pest-Damage(513)__Pest-Damage (182).jpg,anomala,spinach_sy69db2nz5,Pest-Damage(513),900,1200,JPEG
dataset\_work\spinach_classified\spinach_sy69db2nz5\anomala\Pest-Damage(513)__Pest-Damage (183).jpg,anomala,spinach_sy69db2nz5,Pest-Damage(513),900,1200,JPEG
dataset\_work\spinach_classified\spinach_sy69db2nz5\anomala\Pest-Damage(513)__Pest-Damage (184).jpg,anomala,spinach_sy69db2nz5,Pest-Damage(513),900,1200,JPEG
dataset\_work\spinach_classified\spinach_sy69db2nz5\anomala\Pest-Damage(513)__Pest-Damage (185).jpg,anomala,spinach_sy69db2nz5,Pest-Damage(513),900,1200,JPEG
dataset\_work\spinach_classified\spinach_sy69db2nz5\anomala\Pest-Damage(513)__Pest-Damage (186).jpg,anomala,spinach_sy69db2nz5,Pest-Damage(513),900,1200,JPEG
dataset\_work\spinach_classified\spinach_sy69db2nz5\anomala\Pest-Damage(513)__Pest-Damage (187).jpg,anomala,spinach_sy69db2nz5,Pest-Damage(513),900,1200,JPEG
dataset\_work\spinach_classified\spinach_sy69db2nz5\anomala\Pest-Damage(513)__Pest-Damage (188).jpg,anomala,spinach_sy69db2nz5,Pest-Damage(513),900,1200,JPEG
dataset\_work\spinach_classified\spinach_sy69db2nz5\anomala\Pest-Damage(513)__Pest-Damage (189).jpg,anomala,spinach_sy69db2nz5,Pest-Damage(513),1200,900,JPEG
dataset\_work\spinach_classified\spinach_sy69db2nz5\anomala\Pest-Damage(513)__Pest-Damage (19).jpg,anomala,spinach_sy69db2nz5,Pest-Damage(513),900,1200,JPEG
dataset\_work\spinach_classified\spinach_sy69db2nz5\anomala\Pest-Damage(513)__Pest-Damage (190).jpg,anomala,spinach_sy69db2nz5,Pest-Damage(513),900,1200,JPEG
dataset\_work\spinach_classified\spinach_sy69db2nz5\anomala\Pest-Damage(513)__Pest-Damage (191).jpg,anomala,spinach_sy69db2nz5,Pest-Damage(513),900,1200,JPEG
dataset\_work\spinach_classified\spinach_sy69db2nz5\anomala\Pest-Damage(513)__Pest-Damage (192).jpg,anomala,spinach_sy69db2nz5,Pest-Damage(513),900,1200,JPEG
dataset\_work\spinach_classified\spinach_sy69db2nz5\anomala\Pest-Damage(513)__Pest-Damage (193).jpg,anomala,spinach_sy69db2nz5,Pest-Damage(513),900,1200,JPEG
dataset\_work\spinach_classified\spinach_sy69db2nz5\anomala\Pest-Damage(513)__Pest-Damage (194).jpg,anomala,spinach_sy69db2nz5,Pest-Damage(513),900,1200,JPEG
dataset\_work\spinach_classified\spinach_sy69db2nz5\anomala\Pest-Damage(513)__Pest-Damage (195).jpg,anomala,spinach_sy69db2nz5,Pest-Damage(513),900,1200,JPEG
dataset\_work\spinach_classified\spinach_sy69db2nz5\anomala\Pest-Damage(513)__Pest-Damage (196).jpg,anomala,spinach_sy69db2nz5,Pest-Damage(513),900,1200,JPEG
dataset\_work\spinach_classified\spinach_sy69db2nz5\anomala\Pest-Damage(513)__Pest-Damage (197).jpg,anomala,spinach_sy69db2nz5,Pest-Damage(513),900,1200,JPEG
dataset\_work\spinach_classified\spinach_sy69db2nz5\anomala\Pest-Damage(513)__Pest-Damage (198).jpg,anomala,spinach_sy69db2nz5,Pest-Damage(513),900,1200,JPEG
dataset\_work\spinach_classified\spinach_sy69db2nz5\anomala\Pest-Damage(513)__Pest-Damage (199).jpg,anomala,spinach_sy69db2nz5,Pest-Damage(513),900,1200,JPEG
dataset\_work\spinach_classified\spinach_sy69db2nz5\anomala\Pest-Damage(513)__Pest-Damage (2).jpg,anomala,spinach_sy69db2nz5,Pest-Damage(513),900,1200,JPEG
dataset\_work\spinach_classified\spinach_sy69db2nz5\anomala\Pest-Damage(513)__Pest-Damage (20).jpg,anomala,spinach_sy69db2nz5,Pest-Damage(513),900,1200,JPEG
dataset\_work\spinach_classified\spinach_sy69db2nz5\anomala\Pest-Damage(513)__Pest-Damage (200).jpg,anomala,spinach_sy69db2nz5,Pest-Damage(513),900,1200,JPEG
dataset\_work\spinach_classified\spinach_sy69db2nz5\anomala\Pest-Damage(513)__Pest-Damage (201).jpg,anomala,spinach_sy69db2nz5,Pest-Damage(513),900,1200,JPEG
dataset\_work\spinach_classified\spinach_sy69db2nz5\anomala\Pest-Damage(513)__Pest-Damage (202).jpg,anomala,spinach_sy69db2nz5,Pest-Damage(513),900,1200,JPEG
dataset\_work\spinach_classified\spinach_sy69db2nz5\anomala\Pest-Damage(513)__Pest-Damage (203).jpg,anomala,spinach_sy69db2nz5,Pest-Damage(513),900,1200,JPEG
dataset\_work\spinach_classified\spinach_sy69db2nz5\anomala\Pest-Damage(513)__Pest-Damage (204).jpg,anomala,spinach_sy69db2nz5,Pest-Damage(513),900,1200,JPEG
dataset\_work\spinach_classified\spinach_sy69db2nz5\anomala\Pest-Damage(513)__Pest-Damage (205).jpg,anomala,spinach_sy69db2nz5,Pest-Damage(513),900,1200,JPEG
dataset\_work\spinach_classified\spinach_sy69db2nz5\anomala\Pest-Damage(513)__Pest-Damage (206).jpg,anomala,spinach_sy69db2nz5,Pest-Damage(513),900,1200,JPEG
dataset\_work\spinach_classified\spinach_sy69db2nz5\anomala\Pest-Damage(513)__Pest-Damage (207).jpg,anomala,spinach_sy69db2nz5,Pest-Damage(513),900,1200,JPEG
dataset\_work\spinach_classified\spinach_sy69db2nz5\anomala\Pest-Damage(513)__Pest-Damage (208).jpg,anomala,spinach_sy69db2nz5,Pest-Damage(513),900,1200,JPEG
dataset\_work\spinach_classified\spinach_sy69db2nz5\anomala\Pest-Damage(513)__Pest-Damage (209).jpg,anomala,spinach_sy69db2nz5,Pest-Damage(513),900,1200,JPEG
dataset\_work\spinach_classified\spinach_sy69db2nz5\anomala\Pest-Damage(513)__Pest-Damage (21).jpg,anomala,spinach_sy69db2nz5,Pest-Damage(513),900,1200,JPEG
dataset\_work\spinach_classified\spinach_sy69db2nz5\anomala\Pest-Damage(513)__Pest-Damage (210).jpg,anomala,spinach_sy69db2nz5,Pest-Damage(513),900,1200,JPEG
dataset\_work\spinach_classified\spinach_sy69db2nz5\anomala\Pest-Damage(513)__Pest-Damage (211).jpg,anomala,spinach_sy69db2nz5,Pest-Damage(513),900,1200,JPEG
dataset\_work\spinach_classified\spinach_sy69db2nz5\anomala\Pest-Damage(513)__Pest-Damage (212).jpg,anomala,spinach_sy69db2nz5,Pest-Damage(513),900,1200,JPEG
dataset\_work\spinach_classified\spinach_sy69db2nz5\anomala\Pest-Damage(513)__Pest-Damage (213).jpg,anomala,spinach_sy69db2nz5,Pest-Damage(513),900,1200,JPEG
dataset\_work\spinach_classified\spinach_sy69db2nz5\anomala\Pest-Damage(513)__Pest-Damage (214).jpg,anomala,spinach_sy69db2nz5,Pest-Damage(513),900,1200,JPEG
dataset\_work\spinach_classified\spinach_sy69db2nz5\anomala\Pest-Damage(513)__Pest-Damage (215).jpg,anomala,spinach_sy69db2nz5,Pest-Damage(513),900,1200,JPEG
dataset\_work\spinach_classified\spinach_sy69db2nz5\anomala\Pest-Damage(513)__Pest-Damage (216).jpg,anomala,spinach_sy69db2nz5,Pest-Damage(513),900,1200,JPEG
dataset\_work\spinach_classified\spinach_sy69db2nz5\anomala\Pest-Damage(513)__Pest-Damage (217).jpg,anomala,spinach_sy69db2nz5,Pest-Damage(513),900,1200,JPEG
dataset\_work\spinach_classified\spinach_sy69db2nz5\anomala\Pest-Damage(513)__Pest-Damage (218).jpg,anomala,spinach_sy69db2nz5,Pest-Damage(513),900,1200,JPEG
dataset\_work\spinach_classified\spinach_sy69db2nz5\anomala\Pest-Damage(513)__Pest-Damage (219).jpg,anomala,spinach_sy69db2nz5,Pest-Damage(513),900,1200,JPEG
dataset\_work\spinach_classified\spinach_sy69db2nz5\anomala\Pest-Damage(513)__Pest-Damage (22).jpg,anomala,spinach_sy69db2nz5,Pest-Damage(513),900,1200,JPEG
dataset\_work\spinach_classified\spinach_sy69db2nz5\anomala\Pest-Damage(513)__Pest-Damage (220).jpg,anomala,spinach_sy69db2nz5,Pest-Damage(513),900,1200,JPEG
dataset\_work\spinach_classified\spinach_sy69db2nz5\anomala\Pest-Damage(513)__Pest-Damage (221).jpg,anomala,spinach_sy69db2nz5,Pest-Damage(513),900,1200,JPEG
dataset\_work\spinach_classified\spinach_sy69db2nz5\anomala\Pest-Damage(513)__Pest-Damage (222).jpg,anomala,spinach_sy69db2nz5,Pest-Damage(513),900,1200,JPEG
dataset\_work\spinach_classified\spinach_sy69db2nz5\anomala\Pest-Damage(513)__Pest-Damage (223).jpg,anomala,spinach_sy69db2nz5,Pest-Damage(513),900,1200,JPEG
dataset\_work\spinach_classified\spinach_sy69db2nz5\anomala\Pest-Damage(513)__Pest-Damage (224).jpg,anomala,spinach_sy69db2nz5,Pest-Damage(513),900,1200,JPEG
dataset\_work\spinach_classified\spinach_sy69db2nz5\anomala\Pest-Damage(513)__Pest-Damage (225).jpg,anomala,spinach_sy69db2nz5,Pest-Damage(513),900,1200,JPEG
dataset\_work\spinach_classified\spinach_sy69db2nz5\anomala\Pest-Damage(513)__Pest-Damage (226).jpg,anomala,spinach_sy69db2nz5,Pest-Damage(513),900,1200,JPEG
dataset\_work\spinach_classified\spinach_sy69db2nz5\anomala\Pest-Damage(513)__Pest-Damage (227).jpg,anomala,spinach_sy69db2nz5,Pest-Damage(513),900,1200,JPEG
dataset\_work\spinach_classified\spinach_sy69db2nz5\anomala\Pest-Damage(513)__Pest-Damage (228).jpg,anomala,spinach_sy69db2nz5,Pest-Damage(513),900,1200,JPEG
dataset\_work\spinach_classified\spinach_sy69db2nz5\anomala\Pest-Damage(513)__Pest-Damage (229).jpg,anomala,spinach_sy69db2nz5,Pest-Damage(513),900,1200,JPEG
dataset\_work\spinach_classified\spinach_sy69db2nz5\anomala\Pest-Damage(513)__Pest-Damage (23).jpg,anomala,spinach_sy69db2nz5,Pest-Damage(513),900,1200,JPEG
dataset\_work\spinach_classified\spinach_sy69db2nz5\anomala\Pest-Damage(513)__Pest-Damage (230).jpg,anomala,spinach_sy69db2nz5,Pest-Damage(513),900,1200,JPEG
dataset\_work\spinach_classified\spinach_sy69db2nz5\anomala\Pest-Damage(513)__Pest-Damage (231).jpg,anomala,spinach_sy69db2nz5,Pest-Damage(513),900,1200,JPEG
dataset\_work\spinach_classified\spinach_sy69db2nz5\anomala\Pest-Damage(513)__Pest-Damage (232).jpg,anomala,spinach_sy69db2nz5,Pest-Damage(513),900,1200,JPEG
dataset\_work\spinach_classified\spinach_sy69db2nz5\anomala\Pest-Damage(513)__Pest-Damage (233).jpg,anomala,spinach_sy69db2nz5,Pest-Damage(513),900,1200,JPEG
dataset\_work\spinach_classified\spinach_sy69db2nz5\anomala\Pest-Damage(513)__Pest-Damage (234).jpg,anomala,spinach_sy69db2nz5,Pest-Damage(513),900,1200,JPEG
dataset\_work\spinach_classified\spinach_sy69db2nz5\anomala\Pest-Damage(513)__Pest-Damage (235).jpg,anomala,spinach_sy69db2nz5,Pest-Damage(513),900,1200,JPEG
dataset\_work\spinach_classified\spinach_sy69db2nz5\anomala\Pest-Damage(513)__Pest-Damage (236).jpg,anomala,spinach_sy69db2nz5,Pest-Damage(513),900,1200,JPEG
dataset\_work\spinach_classified\spinach_sy69db2nz5\anomala\Pest-Damage(513)__Pest-Damage (237).jpg,anomala,spinach_sy69db2nz5,Pest-Damage(513),900,1200,JPEG
dataset\_work\spinach_classified\spinach_sy69db2nz5\anomala\Pest-Damage(513)__Pest-Damage (238).jpg,anomala,spinach_sy69db2nz5,Pest-Damage(513),900,1200,JPEG
dataset\_work\spinach_classified\spinach_sy69db2nz5\anomala\Pest-Damage(513)__Pest-Damage (239).jpg,anomala,spinach_sy69db2nz5,Pest-Damage(513),900,1200,JPEG
dataset\_work\spinach_classified\spinach_sy69db2nz5\anomala\Pest-Damage(513)__Pest-Damage (24).jpg,anomala,spinach_sy69db2nz5,Pest-Damage(513),900,1200,JPEG
dataset\_work\spinach_classified\spinach_sy69db2nz5\anomala\Pest-Damage(513)__Pest-Damage (240).jpg,anomala,spinach_sy69db2nz5,Pest-Damage(513),900,1200,JPEG
dataset\_work\spinach_classified\spinach_sy69db2nz5\anomala\Pest-Damage(513)__Pest-Damage (241).jpg,anomala,spinach_sy69db2nz5,Pest-Damage(513),900,1200,JPEG
dataset\_work\spinach_classified\spinach_sy69db2nz5\anomala\Pest-Damage(513)__Pest-Damage (242).jpg,anomala,spinach_sy69db2nz5,Pest-Damage(513),900,1200,JPEG
dataset\_work\spinach_classified\spinach_sy69db2nz5\anomala\Pest-Damage(513)__Pest-Damage (243).jpg,anomala,spinach_sy69db2nz5,Pest-Damage(513),900,1200,JPEG
dataset\_work\spinach_classified\spinach_sy69db2nz5\anomala\Pest-Damage(513)__Pest-Damage (244).jpg,anomala,spinach_sy69db2nz5,Pest-Damage(513),900,1200,JPEG
dataset\_work\spinach_classified\spinach_sy69db2nz5\anomala\Pest-Damage(513)__Pest-Damage (245).jpg,anomala,spinach_sy69db2nz5,Pest-Damage(513),900,1200,JPEG
dataset\_work\spinach_classified\spinach_sy69db2nz5\anomala\Pest-Damage(513)__Pest-Damage (246).jpg,anomala,spinach_sy69db2nz5,Pest-Damage(513),900,1200,JPEG
dataset\_work\spinach_classified\spinach_sy69db2nz5\anomala\Pest-Damage(513)__Pest-Damage (247).jpg,anomala,spinach_sy69db2nz5,Pest-Damage(513),900,1200,JPEG
dataset\_work\spinach_classified\spinach_sy69db2nz5\anomala\Pest-Damage(513)__Pest-Damage (248).jpg,anomala,spinach_sy69db2nz5,Pest-Damage(513),900,1200,JPEG
dataset\_work\spinach_classified\spinach_sy69db2nz5\anomala\Pest-Damage(513)__Pest-Damage (249).jpg,anomala,spinach_sy69db2nz5,Pest-Damage(513),900,1200,JPEG
dataset\_work\spinach_classified\spinach_sy69db2nz5\anomala\Pest-Damage(513)__Pest-Damage (25).jpg,anomala,spinach_sy69db2nz5,Pest-Damage(513),900,1200,JPEG
dataset\_work\spinach_classified\spinach_sy69db2nz5\anomala\Pest-Damage(513)__Pest-Damage (250).jpg,anomala,spinach_sy69db2nz5,Pest-Damage(513),900,1200,JPEG
dataset\_work\spinach_classified\spinach_sy69db2nz5\anomala\Pest-Damage(513)__Pest-Damage (251).jpg,anomala,spinach_sy69db2nz5,Pest-Damage(513),900,1200,JPEG
dataset\_work\spinach_classified\spinach_sy69db2nz5\anomala\Pest-Damage(513)__Pest-Damage (252).jpg,anomala,spinach_sy69db2nz5,Pest-Damage(513),900,1200,JPEG
dataset\_work\spinach_classified\spinach_sy69db2nz5\anomala\Pest-Damage(513)__Pest-Damage (253).jpg,anomala,spinach_sy69db2nz5,Pest-Damage(513),1200,900,JPEG
dataset\_work\spinach_classified\spinach_sy69db2nz5\anomala\Pest-Damage(513)__Pest-Damage (254).jpg,anomala,spinach_sy69db2nz5,Pest-Damage(513),1200,900,JPEG
dataset\_work\spinach_classified\spinach_sy69db2nz5\anomala\Pest-Damage(513)__Pest-Damage (255).jpg,anomala,spinach_sy69db2nz5,Pest-Damage(513),1200,900,JPEG
dataset\_work\spinach_classified\spinach_sy69db2nz5\anomala\Pest-Damage(513)__Pest-Damage (256).jpg,anomala,spinach_sy69db2nz5,Pest-Damage(513),900,1200,JPEG
dataset\_work\spinach_classified\spinach_sy69db2nz5\anomala\Pest-Damage(513)__Pest-Damage (257).jpg,anomala,spinach_sy69db2nz5,Pest-Damage(513),900,1200,JPEG
dataset\_work\spinach_classified\spinach_sy69db2nz5\anomala\Pest-Damage(513)__Pest-Damage (258).jpg,anomala,spinach_sy69db2nz5,Pest-Damage(513),900,1200,JPEG
dataset\_work\spinach_classified\spinach_sy69db2nz5\anomala\Pest-Damage(513)__Pest-Damage (259).jpg,anomala,spinach_sy69db2nz5,Pest-Damage(513),900,1200,JPEG
dataset\_work\spinach_classified\spinach_sy69db2nz5\anomala\Pest-Damage(513)__Pest-Damage (26).jpg,anomala,spinach_sy69db2nz5,Pest-Damage(513),900,1200,JPEG
dataset\_work\spinach_classified\spinach_sy69db2nz5\anomala\Pest-Damage(513)__Pest-Damage (260).jpg,anomala,spinach_sy69db2nz5,Pest-Damage(513),900,1200,JPEG
dataset\_work\spinach_classified\spinach_sy69db2nz5\anomala\Pest-Damage(513)__Pest-Damage (261).jpg,anomala,spinach_sy69db2nz5,Pest-Damage(513),900,1200,JPEG
dataset\_work\spinach_classified\spinach_sy69db2nz5\anomala\Pest-Damage(513)__Pest-Damage (262).jpg,anomala,spinach_sy69db2nz5,Pest-Damage(513),900,1200,JPEG
dataset\_work\spinach_classified\spinach_sy69db2nz5\anomala\Pest-Damage(513)__Pest-Damage (263).jpg,anomala,spinach_sy69db2nz5,Pest-Damage(513),900,1200,JPEG
dataset\_work\spinach_classified\spinach_sy69db2nz5\anomala\Pest-Damage(513)__Pest-Damage (264).jpg,anomala,spinach_sy69db2nz5,Pest-Damage(513),900,1200,JPEG
dataset\_work\spinach_classified\spinach_sy69db2nz5\anomala\Pest-Damage(513)__Pest-Damage (265).jpg,anomala,spinach_sy69db2nz5,Pest-Damage(513),900,1200,JPEG
dataset\_work\spinach_classified\spinach_sy69db2nz5\anomala\Pest-Damage(513)__Pest-Damage (266).jpg,anomala,spinach_sy69db2nz5,Pest-Damage(513),900,1200,JPEG
dataset\_work\spinach_classified\spinach_sy69db2nz5\anomala\Pest-Damage(513)__Pest-Damage (267).jpg,anomala,spinach_sy69db2nz5,Pest-Damage(513),900,1200,JPEG
dataset\_work\spinach_classified\spinach_sy69db2nz5\anomala\Pest-Damage(513)__Pest-Damage (268).jpg,anomala,spinach_sy69db2nz5,Pest-Damage(513),900,1200,JPEG
dataset\_work\spinach_classified\spinach_sy69db2nz5\anomala\Pest-Damage(513)__Pest-Damage (269).jpg,anomala,spinach_sy69db2nz5,Pest-Damage(513),900,1200,JPEG
dataset\_work\spinach_classified\spinach_sy69db2nz5\anomala\Pest-Damage(513)__Pest-Damage (27).jpg,anomala,spinach_sy69db2nz5,Pest-Damage(513),900,1200,JPEG
dataset\_work\spinach_classified\spinach_sy69db2nz5\anomala\Pest-Damage(513)__Pest-Damage (270).jpg,anomala,spinach_sy69db2nz5,Pest-Damage(513),900,1200,JPEG
dataset\_work\spinach_classified\spinach_sy69db2nz5\anomala\Pest-Damage(513)__Pest-Damage (271).jpg,anomala,spinach_sy69db2nz5,Pest-Damage(513),900,1200,JPEG
dataset\_work\spinach_classified\spinach_sy69db2nz5\anomala\Pest-Damage(513)__Pest-Damage (272).jpg,anomala,spinach_sy69db2nz5,Pest-Damage(513),900,1200,JPEG
dataset\_work\spinach_classified\spinach_sy69db2nz5\anomala\Pest-Damage(513)__Pest-Damage (273).jpg,anomala,spinach_sy69db2nz5,Pest-Damage(513),900,1200,JPEG
dataset\_work\spinach_classified\spinach_sy69db2nz5\anomala\Pest-Damage(513)__Pest-Damage (274).jpg,anomala,spinach_sy69db2nz5,Pest-Damage(513),900,1200,JPEG
dataset\_work\spinach_classified\spinach_sy69db2nz5\anomala\Pest-Damage(513)__Pest-Damage (275).jpg,anomala,spinach_sy69db2nz5,Pest-Damage(513),900,1200,JPEG
dataset\_work\spinach_classified\spinach_sy69db2nz5\anomala\Pest-Damage(513)__Pest-Damage (276).jpg,anomala,spinach_sy69db2nz5,Pest-Damage(513),900,1200,JPEG
dataset\_work\spinach_classified\spinach_sy69db2nz5\anomala\Pest-Damage(513)__Pest-Damage (277).jpg,anomala,spinach_sy69db2nz5,Pest-Damage(513),900,1200,JPEG
dataset\_work\spinach_classified\spinach_sy69db2nz5\anomala\Pest-Damage(513)__Pest-Damage (278).jpg,anomala,spinach_sy69db2nz5,Pest-Damage(513),900,1200,JPEG
dataset\_work\spinach_classified\spinach_sy69db2nz5\anomala\Pest-Damage(513)__Pest-Damage (279).jpg,anomala,spinach_sy69db2nz5,Pest-Damage(513),900,1200,JPEG
dataset\_work\spinach_classified\spinach_sy69db2nz5\anomala\Pest-Damage(513)__Pest-Damage (28).jpg,anomala,spinach_sy69db2nz5,Pest-Damage(513),900,1200,JPEG
dataset\_work\spinach_classified\spinach_sy69db2nz5\anomala\Pest-Damage(513)__Pest-Damage (280).jpg,anomala,spinach_sy69db2nz5,Pest-Damage(513),900,1200,JPEG
dataset\_work\spinach_classified\spinach_sy69db2nz5\anomala\Pest-Damage(513)__Pest-Damage (281).jpg,anomala,spinach_sy69db2nz5,Pest-Damage(513),900,1200,JPEG
dataset\_work\spinach_classified\spinach_sy69db2nz5\anomala\Pest-Damage(513)__Pest-Damage (282).jpg,anomala,spinach_sy69db2nz5,Pest-Damage(513),900,1200,JPEG
dataset\_work\spinach_classified\spinach_sy69db2nz5\anomala\Pest-Damage(513)__Pest-Damage (283).jpg,anomala,spinach_sy69db2nz5,Pest-Damage(513),900,1200,JPEG
dataset\_work\spinach_classified\spinach_sy69db2nz5\anomala\Pest-Damage(513)__Pest-Damage (284).jpg,anomala,spinach_sy69db2nz5,Pest-Damage(513),900,1200,JPEG
dataset\_work\spinach_classified\spinach_sy69db2nz5\anomala\Pest-Damage(513)__Pest-Damage (285).jpg,anomala,spinach_sy69db2nz5,Pest-Damage(513),900,1200,JPEG
dataset\_work\spinach_classified\spinach_sy69db2nz5\anomala\Pest-Damage(513)__Pest-Damage (286).jpg,anomala,spinach_sy69db2nz5,Pest-Damage(513),900,1200,JPEG
dataset\_work\spinach_classified\spinach_sy69db2nz5\anomala\Pest-Damage(513)__Pest-Damage (287).jpg,anomala,spinach_sy69db2nz5,Pest-Damage(513),900,1200,JPEG
dataset\_work\spinach_classified\spinach_sy69db2nz5\anomala\Pest-Damage(513)__Pest-Damage (288).jpg,anomala,spinach_sy69db2nz5,Pest-Damage(513),900,1200,JPEG
dataset\_work\spinach_classified\spinach_sy69db2nz5\anomala\Pest-Damage(513)__Pest-Damage (289).jpg,anomala,spinach_sy69db2nz5,Pest-Damage(513),900,1200,JPEG
dataset\_work\spinach_classified\spinach_sy69db2nz5\anomala\Pest-Damage(513)__Pest-Damage (29).jpg,anomala,spinach_sy69db2nz5,Pest-Damage(513),900,1200,JPEG
dataset\_work\spinach_classified\spinach_sy69db2nz5\anomala\Pest-Damage(513)__Pest-Damage (290).jpg,anomala,spinach_sy69db2nz5,Pest-Damage(513),900,1200,JPEG
dataset\_work\spinach_classified\spinach_sy69db2nz5\anomala\Pest-Damage(513)__Pest-Damage (291).jpg,anomala,spinach_sy69db2nz5,Pest-Damage(513),900,1200,JPEG
dataset\_work\spinach_classified\spinach_sy69db2nz5\anomala\Pest-Damage(513)__Pest-Damage (292).jpg,anomala,spinach_sy69db2nz5,Pest-Damage(513),900,1200,JPEG
dataset\_work\spinach_classified\spinach_sy69db2nz5\anomala\Pest-Damage(513)__Pest-Damage (293).jpg,anomala,spinach_sy69db2nz5,Pest-Damage(513),900,1200,JPEG
dataset\_work\spinach_classified\spinach_sy69db2nz5\anomala\Pest-Damage(513)__Pest-Damage (294).jpg,anomala,spinach_sy69db2nz5,Pest-Damage(513),900,1200,JPEG
dataset\_work\spinach_classified\spinach_sy69db2nz5\anomala\Pest-Damage(513)__Pest-Damage (295).jpg,anomala,spinach_sy69db2nz5,Pest-Damage(513),900,1200,JPEG
dataset\_work\spinach_classified\spinach_sy69db2nz5\anomala\Pest-Damage(513)__Pest-Damage (296).jpg,anomala,spinach_sy69db2nz5,Pest-Damage(513),900,1200,JPEG
dataset\_work\spinach_classified\spinach_sy69db2nz5\anomala\Pest-Damage(513)__Pest-Damage (297).jpg,anomala,spinach_sy69db2nz5,Pest-Damage(513),900,1200,JPEG
dataset\_work\spinach_classified\spinach_sy69db2nz5\anomala\Pest-Damage(513)__Pest-Damage (298).jpg,anomala,spinach_sy69db2nz5,Pest-Damage(513),900,1200,JPEG
dataset\_work\spinach_classified\spinach_sy69db2nz5\anomala\Pest-Damage(513)__Pest-Damage (299).jpg,anomala,spinach_sy69db2nz5,Pest-Damage(513),900,1200,JPEG
dataset\_work\spinach_classified\spinach_sy69db2nz5\anomala\Pest-Damage(513)__Pest-Damage (3).jpg,anomala,spinach_sy69db2nz5,Pest-Damage(513),900,1200,JPEG
dataset\_work\spinach_classified\spinach_sy69db2nz5\anomala\Pest-Damage(513)__Pest-Damage (30).jpg,anomala,spinach_sy69db2nz5,Pest-Damage(513),900,1200,JPEG
dataset\_work\spinach_classified\spinach_sy69db2nz5\anomala\Pest-Damage(513)__Pest-Damage (300).jpg,anomala,spinach_sy69db2nz5,Pest-Damage(513),900,1200,JPEG
dataset\_work\spinach_classified\spinach_sy69db2nz5\anomala\Pest-Damage(513)__Pest-Damage (301).jpg,anomala,spinach_sy69db2nz5,Pest-Damage(513),900,1200,JPEG
dataset\_work\spinach_classified\spinach_sy69db2nz5\anomala\Pest-Damage(513)__Pest-Damage (302).jpg,anomala,spinach_sy69db2nz5,Pest-Damage(513),900,1200,JPEG
dataset\_work\spinach_classified\spinach_sy69db2nz5\anomala\Pest-Damage(513)__Pest-Damage (303).jpg,anomala,spinach_sy69db2nz5,Pest-Damage(513),900,1200,JPEG
dataset\_work\spinach_classified\spinach_sy69db2nz5\anomala\Pest-Damage(513)__Pest-Damage (304).jpg,anomala,spinach_sy69db2nz5,Pest-Damage(513),900,1200,JPEG
dataset\_work\spinach_classified\spinach_sy69db2nz5\anomala\Pest-Damage(513)__Pest-Damage (305).jpg,anomala,spinach_sy69db2nz5,Pest-Damage(513),900,1200,JPEG
dataset\_work\spinach_classified\spinach_sy69db2nz5\anomala\Pest-Damage(513)__Pest-Damage (306).jpg,anomala,spinach_sy69db2nz5,Pest-Damage(513),900,1200,JPEG
dataset\_work\spinach_classified\spinach_sy69db2nz5\anomala\Pest-Damage(513)__Pest-Damage (307).jpg,anomala,spinach_sy69db2nz5,Pest-Damage(513),900,1200,JPEG
dataset\_work\spinach_classified\spinach_sy69db2nz5\anomala\Pest-Damage(513)__Pest-Damage (308).jpg,anomala,spinach_sy69db2nz5,Pest-Damage(513),900,1200,JPEG
dataset\_work\spinach_classified\spinach_sy69db2nz5\anomala\Pest-Damage(513)__Pest-Damage (309).jpg,anomala,spinach_sy69db2nz5,Pest-Damage(513),900,1200,JPEG
dataset\_work\spinach_classified\spinach_sy69db2nz5\anomala\Pest-Damage(513)__Pest-Damage (31).jpg,anomala,spinach_sy69db2nz5,Pest-Damage(513),900,1200,JPEG
dataset\_work\spinach_classified\spinach_sy69db2nz5\anomala\Pest-Damage(513)__Pest-Damage (310).jpg,anomala,spinach_sy69db2nz5,Pest-Damage(513),900,1200,JPEG
dataset\_work\spinach_classified\spinach_sy69db2nz5\anomala\Pest-Damage(513)__Pest-Damage (311).jpg,anomala,spinach_sy69db2nz5,Pest-Damage(513),900,1200,JPEG
dataset\_work\spinach_classified\spinach_sy69db2nz5\anomala\Pest-Damage(513)__Pest-Damage (312).jpg,anomala,spinach_sy69db2nz5,Pest-Damage(513),900,1200,JPEG
dataset\_work\spinach_classified\spinach_sy69db2nz5\anomala\Pest-Damage(513)__Pest-Damage (313).jpg,anomala,spinach_sy69db2nz5,Pest-Damage(513),900,1200,JPEG
dataset\_work\spinach_classified\spinach_sy69db2nz5\anomala\Pest-Damage(513)__Pest-Damage (314).jpg,anomala,spinach_sy69db2nz5,Pest-Damage(513),900,1200,JPEG
dataset\_work\spinach_classified\spinach_sy69db2nz5\anomala\Pest-Damage(513)__Pest-Damage (315).jpg,anomala,spinach_sy69db2nz5,Pest-Damage(513),900,1200,JPEG
dataset\_work\spinach_classified\spinach_sy69db2nz5\anomala\Pest-Damage(513)__Pest-Damage (316).jpg,anomala,spinach_sy69db2nz5,Pest-Damage(513),900,1200,JPEG
dataset\_work\spinach_classified\spinach_sy69db2nz5\anomala\Pest-Damage(513)__Pest-Damage (317).jpg,anomala,spinach_sy69db2nz5,Pest-Damage(513),900,1200,JPEG
dataset\_work\spinach_classified\spinach_sy69db2nz5\anomala\Pest-Damage(513)__Pest-Damage (318).jpg,anomala,spinach_sy69db2nz5,Pest-Damage(513),900,1200,JPEG
dataset\_work\spinach_classified\spinach_sy69db2nz5\anomala\Pest-Damage(513)__Pest-Damage (319).jpg,anomala,spinach_sy69db2nz5,Pest-Damage(513),900,1200,JPEG
dataset\_work\spinach_classified\spinach_sy69db2nz5\anomala\Pest-Damage(513)__Pest-Damage (32).jpg,anomala,spinach_sy69db2nz5,Pest-Damage(513),900,1200,JPEG
dataset\_work\spinach_classified\spinach_sy69db2nz5\anomala\Pest-Damage(513)__Pest-Damage (320).jpg,anomala,spinach_sy69db2nz5,Pest-Damage(513),900,1200,JPEG
dataset\_work\spinach_classified\spinach_sy69db2nz5\anomala\Pest-Damage(513)__Pest-Damage (321).jpg,anomala,spinach_sy69db2nz5,Pest-Damage(513),900,1200,JPEG
dataset\_work\spinach_classified\spinach_sy69db2nz5\anomala\Pest-Damage(513)__Pest-Damage (322).jpg,anomala,spinach_sy69db2nz5,Pest-Damage(513),900,1200,JPEG
dataset\_work\spinach_classified\spinach_sy69db2nz5\anomala\Pest-Damage(513)__Pest-Damage (323).jpg,anomala,spinach_sy69db2nz5,Pest-Damage(513),900,1200,JPEG
dataset\_work\spinach_classified\spinach_sy69db2nz5\anomala\Pest-Damage(513)__Pest-Damage (324).JPG,anomala,spinach_sy69db2nz5,Pest-Damage(513),675,1200,JPEG
dataset\_work\spinach_classified\spinach_sy69db2nz5\anomala\Pest-Damage(513)__Pest-Damage (325).JPG,anomala,spinach_sy69db2nz5,Pest-Damage(513),675,1200,JPEG
dataset\_work\spinach_classified\spinach_sy69db2nz5\anomala\Pest-Damage(513)__Pest-Damage (326).JPG,anomala,spinach_sy69db2nz5,Pest-Damage(513),675,1200,JPEG
dataset\_work\spinach_classified\spinach_sy69db2nz5\anomala\Pest-Damage(513)__Pest-Damage (327).JPG,anomala,spinach_sy69db2nz5,Pest-Damage(513),675,1200,JPEG
dataset\_work\spinach_classified\spinach_sy69db2nz5\anomala\Pest-Damage(513)__Pest-Damage (328).JPG,anomala,spinach_sy69db2nz5,Pest-Damage(513),675,1200,JPEG
dataset\_work\spinach_classified\spinach_sy69db2nz5\anomala\Pest-Damage(513)__Pest-Damage (329).JPG,anomala,spinach_sy69db2nz5,Pest-Damage(513),675,1200,JPEG
dataset\_work\spinach_classified\spinach_sy69db2nz5\anomala\Pest-Damage(513)__Pest-Damage (33).jpg,anomala,spinach_sy69db2nz5,Pest-Damage(513),900,1200,JPEG
dataset\_work\spinach_classified\spinach_sy69db2nz5\anomala\Pest-Damage(513)__Pest-Damage (330).JPG,anomala,spinach_sy69db2nz5,Pest-Damage(513),675,1200,JPEG
dataset\_work\spinach_classified\spinach_sy69db2nz5\anomala\Pest-Damage(513)__Pest-Damage (331).JPG,anomala,spinach_sy69db2nz5,Pest-Damage(513),675,1200,JPEG
dataset\_work\spinach_classified\spinach_sy69db2nz5\anomala\Pest-Damage(513)__Pest-Damage (332).JPG,anomala,spinach_sy69db2nz5,Pest-Damage(513),675,1200,JPEG
dataset\_work\spinach_classified\spinach_sy69db2nz5\anomala\Pest-Damage(513)__Pest-Damage (333).JPG,anomala,spinach_sy69db2nz5,Pest-Damage(513),675,1200,JPEG
dataset\_work\spinach_classified\spinach_sy69db2nz5\anomala\Pest-Damage(513)__Pest-Damage (334).JPG,anomala,spinach_sy69db2nz5,Pest-Damage(513),675,1200,JPEG
dataset\_work\spinach_classified\spinach_sy69db2nz5\anomala\Pest-Damage(513)__Pest-Damage (335).JPG,anomala,spinach_sy69db2nz5,Pest-Damage(513),675,1200,JPEG
dataset\_work\spinach_classified\spinach_sy69db2nz5\anomala\Pest-Damage(513)__Pest-Damage (336).JPG,anomala,spinach_sy69db2nz5,Pest-Damage(513),675,1200,JPEG
dataset\_work\spinach_classified\spinach_sy69db2nz5\anomala\Pest-Damage(513)__Pest-Damage (337).JPG,anomala,spinach_sy69db2nz5,Pest-Damage(513),675,1200,JPEG
dataset\_work\spinach_classified\spinach_sy69db2nz5\anomala\Pest-Damage(513)__Pest-Damage (338).JPG,anomala,spinach_sy69db2nz5,Pest-Damage(513),675,1200,JPEG
dataset\_work\spinach_classified\spinach_sy69db2nz5\anomala\Pest-Damage(513)__Pest-Damage (339).JPG,anomala,spinach_sy69db2nz5,Pest-Damage(513),675,1200,JPEG
dataset\_work\spinach_classified\spinach_sy69db2nz5\anomala\Pest-Damage(513)__Pest-Damage (34).jpg,anomala,spinach_sy69db2nz5,Pest-Damage(513),900,1200,JPEG
dataset\_work\spinach_classified\spinach_sy69db2nz5\anomala\Pest-Damage(513)__Pest-Damage (340).JPG,anomala,spinach_sy69db2nz5,Pest-Damage(513),675,1200,JPEG
dataset\_work\spinach_classified\spinach_sy69db2nz5\anomala\Pest-Damage(513)__Pest-Damage (341).JPG,anomala,spinach_sy69db2nz5,Pest-Damage(513),675,1200,JPEG
dataset\_work\spinach_classified\spinach_sy69db2nz5\anomala\Pest-Damage(513)__Pest-Damage (342).JPG,anomala,spinach_sy69db2nz5,Pest-Damage(513),675,1200,JPEG
dataset\_work\spinach_classified\spinach_sy69db2nz5\anomala\Pest-Damage(513)__Pest-Damage (343).JPG,anomala,spinach_sy69db2nz5,Pest-Damage(513),675,1200,JPEG
dataset\_work\spinach_classified\spinach_sy69db2nz5\anomala\Pest-Damage(513)__Pest-Damage (344).JPG,anomala,spinach_sy69db2nz5,Pest-Damage(513),675,1200,JPEG
dataset\_work\spinach_classified\spinach_sy69db2nz5\anomala\Pest-Damage(513)__Pest-Damage (345).JPG,anomala,spinach_sy69db2nz5,Pest-Damage(513),675,1200,JPEG
dataset\_work\spinach_classified\spinach_sy69db2nz5\anomala\Pest-Damage(513)__Pest-Damage (346).JPG,anomala,spinach_sy69db2nz5,Pest-Damage(513),675,1200,JPEG
dataset\_work\spinach_classified\spinach_sy69db2nz5\anomala\Pest-Damage(513)__Pest-Damage (347).JPG,anomala,spinach_sy69db2nz5,Pest-Damage(513),675,1200,JPEG
dataset\_work\spinach_classified\spinach_sy69db2nz5\anomala\Pest-Damage(513)__Pest-Damage (348).JPG,anomala,spinach_sy69db2nz5,Pest-Damage(513),675,1200,JPEG
dataset\_work\spinach_classified\spinach_sy69db2nz5\anomala\Pest-Damage(513)__Pest-Damage (349).JPG,anomala,spinach_sy69db2nz5,Pest-Damage(513),675,1200,JPEG
dataset\_work\spinach_classified\spinach_sy69db2nz5\anomala\Pest-Damage(513)__Pest-Damage (35).jpg,anomala,spinach_sy69db2nz5,Pest-Damage(513),900,1200,JPEG
dataset\_work\spinach_classified\spinach_sy69db2nz5\anomala\Pest-Damage(513)__Pest-Damage (350).JPG,anomala,spinach_sy69db2nz5,Pest-Damage(513),675,1200,JPEG
dataset\_work\spinach_classified\spinach_sy69db2nz5\anomala\Pest-Damage(513)__Pest-Damage (351).JPG,anomala,spinach_sy69db2nz5,Pest-Damage(513),675,1200,JPEG
dataset\_work\spinach_classified\spinach_sy69db2nz5\anomala\Pest-Damage(513)__Pest-Damage (352).JPG,anomala,spinach_sy69db2nz5,Pest-Damage(513),675,1200,JPEG
dataset\_work\spinach_classified\spinach_sy69db2nz5\anomala\Pest-Damage(513)__Pest-Damage (353).JPG,anomala,spinach_sy69db2nz5,Pest-Damage(513),675,1200,JPEG
dataset\_work\spinach_classified\spinach_sy69db2nz5\anomala\Pest-Damage(513)__Pest-Damage (354).JPG,anomala,spinach_sy69db2nz5,Pest-Damage(513),675,1200,JPEG
dataset\_work\spinach_classified\spinach_sy69db2nz5\anomala\Pest-Damage(513)__Pest-Damage (355).JPG,anomala,spinach_sy69db2nz5,Pest-Damage(513),675,1200,JPEG
dataset\_work\spinach_classified\spinach_sy69db2nz5\anomala\Pest-Damage(513)__Pest-Damage (356).JPG,anomala,spinach_sy69db2nz5,Pest-Damage(513),675,1200,JPEG
dataset\_work\spinach_classified\spinach_sy69db2nz5\anomala\Pest-Damage(513)__Pest-Damage (357).JPG,anomala,spinach_sy69db2nz5,Pest-Damage(513),675,1200,JPEG
dataset\_work\spinach_classified\spinach_sy69db2nz5\anomala\Pest-Damage(513)__Pest-Damage (358).JPG,anomala,spinach_sy69db2nz5,Pest-Damage(513),675,1200,JPEG
dataset\_work\spinach_classified\spinach_sy69db2nz5\anomala\Pest-Damage(513)__Pest-Damage (359).JPG,anomala,spinach_sy69db2nz5,Pest-Damage(513),675,1200,JPEG
dataset\_work\spinach_classified\spinach_sy69db2nz5\anomala\Pest-Damage(513)__Pest-Damage (36).jpg,anomala,spinach_sy69db2nz5,Pest-Damage(513),900,1200,JPEG
dataset\_work\spinach_classified\spinach_sy69db2nz5\anomala\Pest-Damage(513)__Pest-Damage (360).JPG,anomala,spinach_sy69db2nz5,Pest-Damage(513),675,1200,JPEG
dataset\_work\spinach_classified\spinach_sy69db2nz5\anomala\Pest-Damage(513)__Pest-Damage (361).JPG,anomala,spinach_sy69db2nz5,Pest-Damage(513),675,1200,JPEG
dataset\_work\spinach_classified\spinach_sy69db2nz5\anomala\Pest-Damage(513)__Pest-Damage (362).JPG,anomala,spinach_sy69db2nz5,Pest-Damage(513),900,1200,JPEG
dataset\_work\spinach_classified\spinach_sy69db2nz5\anomala\Pest-Damage(513)__Pest-Damage (363).JPG,anomala,spinach_sy69db2nz5,Pest-Damage(513),900,1200,JPEG
dataset\_work\spinach_classified\spinach_sy69db2nz5\anomala\Pest-Damage(513)__Pest-Damage (364).JPG,anomala,spinach_sy69db2nz5,Pest-Damage(513),900,1200,JPEG
dataset\_work\spinach_classified\spinach_sy69db2nz5\anomala\Pest-Damage(513)__Pest-Damage (365).JPG,anomala,spinach_sy69db2nz5,Pest-Damage(513),900,1200,JPEG
dataset\_work\spinach_classified\spinach_sy69db2nz5\anomala\Pest-Damage(513)__Pest-Damage (366).JPG,anomala,spinach_sy69db2nz5,Pest-Damage(513),900,1200,JPEG
dataset\_work\spinach_classified\spinach_sy69db2nz5\anomala\Pest-Damage(513)__Pest-Damage (367).JPG,anomala,spinach_sy69db2nz5,Pest-Damage(513),900,1200,JPEG
dataset\_work\spinach_classified\spinach_sy69db2nz5\anomala\Pest-Damage(513)__Pest-Damage (368).JPG,anomala,spinach_sy69db2nz5,Pest-Damage(513),900,1200,JPEG
dataset\_work\spinach_classified\spinach_sy69db2nz5\anomala\Pest-Damage(513)__Pest-Damage (369).JPG,anomala,spinach_sy69db2nz5,Pest-Damage(513),900,1200,JPEG
dataset\_work\spinach_classified\spinach_sy69db2nz5\anomala\Pest-Damage(513)__Pest-Damage (37).jpg,anomala,spinach_sy69db2nz5,Pest-Damage(513),900,1200,JPEG
dataset\_work\spinach_classified\spinach_sy69db2nz5\anomala\Pest-Damage(513)__Pest-Damage (370).JPG,anomala,spinach_sy69db2nz5,Pest-Damage(513),900,1200,JPEG
dataset\_work\spinach_classified\spinach_sy69db2nz5\anomala\Pest-Damage(513)__Pest-Damage (371).JPG,anomala,spinach_sy69db2nz5,Pest-Damage(513),900,1200,JPEG
dataset\_work\spinach_classified\spinach_sy69db2nz5\anomala\Pest-Damage(513)__Pest-Damage (372).JPG,anomala,spinach_sy69db2nz5,Pest-Damage(513),900,1200,JPEG
dataset\_work\spinach_classified\spinach_sy69db2nz5\anomala\Pest-Damage(513)__Pest-Damage (373).JPG,anomala,spinach_sy69db2nz5,Pest-Damage(513),900,1200,JPEG
dataset\_work\spinach_classified\spinach_sy69db2nz5\anomala\Pest-Damage(513)__Pest-Damage (374).JPG,anomala,spinach_sy69db2nz5,Pest-Damage(513),900,1200,JPEG
dataset\_work\spinach_classified\spinach_sy69db2nz5\anomala\Pest-Damage(513)__Pest-Damage (375).JPG,anomala,spinach_sy69db2nz5,Pest-Damage(513),900,1200,JPEG
dataset\_work\spinach_classified\spinach_sy69db2nz5\anomala\Pest-Damage(513)__Pest-Damage (376).JPG,anomala,spinach_sy69db2nz5,Pest-Damage(513),900,1200,JPEG
dataset\_work\spinach_classified\spinach_sy69db2nz5\anomala\Pest-Damage(513)__Pest-Damage (377).JPG,anomala,spinach_sy69db2nz5,Pest-Damage(513),900,1200,JPEG
dataset\_work\spinach_classified\spinach_sy69db2nz5\anomala\Pest-Damage(513)__Pest-Damage (378).JPG,anomala,spinach_sy69db2nz5,Pest-Damage(513),900,1200,JPEG
dataset\_work\spinach_classified\spinach_sy69db2nz5\anomala\Pest-Damage(513)__Pest-Damage (379).JPG,anomala,spinach_sy69db2nz5,Pest-Damage(513),900,1200,JPEG
dataset\_work\spinach_classified\spinach_sy69db2nz5\anomala\Pest-Damage(513)__Pest-Damage (38).jpg,anomala,spinach_sy69db2nz5,Pest-Damage(513),900,1200,JPEG
dataset\_work\spinach_classified\spinach_sy69db2nz5\anomala\Pest-Damage(513)__Pest-Damage (380).JPG,anomala,spinach_sy69db2nz5,Pest-Damage(513),900,1200,JPEG
dataset\_work\spinach_classified\spinach_sy69db2nz5\anomala\Pest-Damage(513)__Pest-Damage (381).JPG,anomala,spinach_sy69db2nz5,Pest-Damage(513),900,1200,JPEG
dataset\_work\spinach_classified\spinach_sy69db2nz5\anomala\Pest-Damage(513)__Pest-Damage (382).JPG,anomala,spinach_sy69db2nz5,Pest-Damage(513),900,1200,JPEG
dataset\_work\spinach_classified\spinach_sy69db2nz5\anomala\Pest-Damage(513)__Pest-Damage (383).JPG,anomala,spinach_sy69db2nz5,Pest-Damage(513),900,1200,JPEG
dataset\_work\spinach_classified\spinach_sy69db2nz5\anomala\Pest-Damage(513)__Pest-Damage (384).JPG,anomala,spinach_sy69db2nz5,Pest-Damage(513),900,1200,JPEG
dataset\_work\spinach_classified\spinach_sy69db2nz5\anomala\Pest-Damage(513)__Pest-Damage (385).JPG,anomala,spinach_sy69db2nz5,Pest-Damage(513),900,1200,JPEG
dataset\_work\spinach_classified\spinach_sy69db2nz5\anomala\Pest-Damage(513)__Pest-Damage (386).JPG,anomala,spinach_sy69db2nz5,Pest-Damage(513),900,1200,JPEG
dataset\_work\spinach_classified\spinach_sy69db2nz5\anomala\Pest-Damage(513)__Pest-Damage (387).JPG,anomala,spinach_sy69db2nz5,Pest-Damage(513),900,1200,JPEG
dataset\_work\spinach_classified\spinach_sy69db2nz5\anomala\Pest-Damage(513)__Pest-Damage (388).JPG,anomala,spinach_sy69db2nz5,Pest-Damage(513),900,1200,JPEG
dataset\_work\spinach_classified\spinach_sy69db2nz5\anomala\Pest-Damage(513)__Pest-Damage (389).JPG,anomala,spinach_sy69db2nz5,Pest-Damage(513),900,1200,JPEG
dataset\_work\spinach_classified\spinach_sy69db2nz5\anomala\Pest-Damage(513)__Pest-Damage (39).jpg,anomala,spinach_sy69db2nz5,Pest-Damage(513),900,1200,JPEG
dataset\_work\spinach_classified\spinach_sy69db2nz5\anomala\Pest-Damage(513)__Pest-Damage (390).JPG,anomala,spinach_sy69db2nz5,Pest-Damage(513),900,1200,JPEG
dataset\_work\spinach_classified\spinach_sy69db2nz5\anomala\Pest-Damage(513)__Pest-Damage (391).JPG,anomala,spinach_sy69db2nz5,Pest-Damage(513),900,1200,JPEG
dataset\_work\spinach_classified\spinach_sy69db2nz5\anomala\Pest-Damage(513)__Pest-Damage (392).JPG,anomala,spinach_sy69db2nz5,Pest-Damage(513),900,1200,JPEG
dataset\_work\spinach_classified\spinach_sy69db2nz5\anomala\Pest-Damage(513)__Pest-Damage (393).JPG,anomala,spinach_sy69db2nz5,Pest-Damage(513),900,1200,JPEG
dataset\_work\spinach_classified\spinach_sy69db2nz5\anomala\Pest-Damage(513)__Pest-Damage (394).JPG,anomala,spinach_sy69db2nz5,Pest-Damage(513),900,1200,JPEG
dataset\_work\spinach_classified\spinach_sy69db2nz5\anomala\Pest-Damage(513)__Pest-Damage (395).JPG,anomala,spinach_sy69db2nz5,Pest-Damage(513),900,1200,JPEG
dataset\_work\spinach_classified\spinach_sy69db2nz5\anomala\Pest-Damage(513)__Pest-Damage (396).JPG,anomala,spinach_sy69db2nz5,Pest-Damage(513),900,1200,JPEG
dataset\_work\spinach_classified\spinach_sy69db2nz5\anomala\Pest-Damage(513)__Pest-Damage (397).JPG,anomala,spinach_sy69db2nz5,Pest-Damage(513),900,1200,JPEG
dataset\_work\spinach_classified\spinach_sy69db2nz5\anomala\Pest-Damage(513)__Pest-Damage (398).JPG,anomala,spinach_sy69db2nz5,Pest-Damage(513),900,1200,JPEG
dataset\_work\spinach_classified\spinach_sy69db2nz5\anomala\Pest-Damage(513)__Pest-Damage (399).JPG,anomala,spinach_sy69db2nz5,Pest-Damage(513),900,1200,JPEG
dataset\_work\spinach_classified\spinach_sy69db2nz5\anomala\Pest-Damage(513)__Pest-Damage (4).jpg,anomala,spinach_sy69db2nz5,Pest-Damage(513),900,1200,JPEG
dataset\_work\spinach_classified\spinach_sy69db2nz5\anomala\Pest-Damage(513)__Pest-Damage (40).jpg,anomala,spinach_sy69db2nz5,Pest-Damage(513),900,1200,JPEG
dataset\_work\spinach_classified\spinach_sy69db2nz5\anomala\Pest-Damage(513)__Pest-Damage (400).JPG,anomala,spinach_sy69db2nz5,Pest-Damage(513),900,1200,JPEG
dataset\_work\spinach_classified\spinach_sy69db2nz5\anomala\Pest-Damage(513)__Pest-Damage (401).JPG,anomala,spinach_sy69db2nz5,Pest-Damage(513),900,1200,JPEG
dataset\_work\spinach_classified\spinach_sy69db2nz5\anomala\Pest-Damage(513)__Pest-Damage (402).JPG,anomala,spinach_sy69db2nz5,Pest-Damage(513),900,1200,JPEG
dataset\_work\spinach_classified\spinach_sy69db2nz5\anomala\Pest-Damage(513)__Pest-Damage (403).JPG,anomala,spinach_sy69db2nz5,Pest-Damage(513),900,1200,JPEG
dataset\_work\spinach_classified\spinach_sy69db2nz5\anomala\Pest-Damage(513)__Pest-Damage (404).JPG,anomala,spinach_sy69db2nz5,Pest-Damage(513),900,1200,JPEG
dataset\_work\spinach_classified\spinach_sy69db2nz5\anomala\Pest-Damage(513)__Pest-Damage (405).JPG,anomala,spinach_sy69db2nz5,Pest-Damage(513),900,1200,JPEG
dataset\_work\spinach_classified\spinach_sy69db2nz5\anomala\Pest-Damage(513)__Pest-Damage (406).JPG,anomala,spinach_sy69db2nz5,Pest-Damage(513),900,1200,JPEG
dataset\_work\spinach_classified\spinach_sy69db2nz5\anomala\Pest-Damage(513)__Pest-Damage (407).JPG,anomala,spinach_sy69db2nz5,Pest-Damage(513),900,1200,JPEG
dataset\_work\spinach_classified\spinach_sy69db2nz5\anomala\Pest-Damage(513)__Pest-Damage (408).JPG,anomala,spinach_sy69db2nz5,Pest-Damage(513),900,1200,JPEG
dataset\_work\spinach_classified\spinach_sy69db2nz5\anomala\Pest-Damage(513)__Pest-Damage (409).JPG,anomala,spinach_sy69db2nz5,Pest-Damage(513),900,1200,JPEG
dataset\_work\spinach_classified\spinach_sy69db2nz5\anomala\Pest-Damage(513)__Pest-Damage (41).jpg,anomala,spinach_sy69db2nz5,Pest-Damage(513),900,1200,JPEG
dataset\_work\spinach_classified\spinach_sy69db2nz5\anomala\Pest-Damage(513)__Pest-Damage (410).JPG,anomala,spinach_sy69db2nz5,Pest-Damage(513),900,1200,JPEG
dataset\_work\spinach_classified\spinach_sy69db2nz5\anomala\Pest-Damage(513)__Pest-Damage (411).JPG,anomala,spinach_sy69db2nz5,Pest-Damage(513),900,1200,JPEG
dataset\_work\spinach_classified\spinach_sy69db2nz5\anomala\Pest-Damage(513)__Pest-Damage (412).JPG,anomala,spinach_sy69db2nz5,Pest-Damage(513),900,1200,JPEG
dataset\_work\spinach_classified\spinach_sy69db2nz5\anomala\Pest-Damage(513)__Pest-Damage (413).JPG,anomala,spinach_sy69db2nz5,Pest-Damage(513),900,1200,JPEG
dataset\_work\spinach_classified\spinach_sy69db2nz5\anomala\Pest-Damage(513)__Pest-Damage (414).JPG,anomala,spinach_sy69db2nz5,Pest-Damage(513),900,1200,JPEG
dataset\_work\spinach_classified\spinach_sy69db2nz5\anomala\Pest-Damage(513)__Pest-Damage (415).JPG,anomala,spinach_sy69db2nz5,Pest-Damage(513),900,1200,JPEG
dataset\_work\spinach_classified\spinach_sy69db2nz5\anomala\Pest-Damage(513)__Pest-Damage (416).JPG,anomala,spinach_sy69db2nz5,Pest-Damage(513),900,1200,JPEG
dataset\_work\spinach_classified\spinach_sy69db2nz5\anomala\Pest-Damage(513)__Pest-Damage (417).JPG,anomala,spinach_sy69db2nz5,Pest-Damage(513),900,1200,JPEG
dataset\_work\spinach_classified\spinach_sy69db2nz5\anomala\Pest-Damage(513)__Pest-Damage (418).jpg,anomala,spinach_sy69db2nz5,Pest-Damage(513),900,1200,JPEG
dataset\_work\spinach_classified\spinach_sy69db2nz5\anomala\Pest-Damage(513)__Pest-Damage (419).jpg,anomala,spinach_sy69db2nz5,Pest-Damage(513),900,1200,JPEG
dataset\_work\spinach_classified\spinach_sy69db2nz5\anomala\Pest-Damage(513)__Pest-Damage (42).jpg,anomala,spinach_sy69db2nz5,Pest-Damage(513),900,1200,JPEG
dataset\_work\spinach_classified\spinach_sy69db2nz5\anomala\Pest-Damage(513)__Pest-Damage (420).jpg,anomala,spinach_sy69db2nz5,Pest-Damage(513),900,1200,JPEG
dataset\_work\spinach_classified\spinach_sy69db2nz5\anomala\Pest-Damage(513)__Pest-Damage (421).jpg,anomala,spinach_sy69db2nz5,Pest-Damage(513),1200,900,JPEG
dataset\_work\spinach_classified\spinach_sy69db2nz5\anomala\Pest-Damage(513)__Pest-Damage (422).jpg,anomala,spinach_sy69db2nz5,Pest-Damage(513),900,1200,JPEG
dataset\_work\spinach_classified\spinach_sy69db2nz5\anomala\Pest-Damage(513)__Pest-Damage (423).jpg,anomala,spinach_sy69db2nz5,Pest-Damage(513),900,1200,JPEG
dataset\_work\spinach_classified\spinach_sy69db2nz5\anomala\Pest-Damage(513)__Pest-Damage (424).jpg,anomala,spinach_sy69db2nz5,Pest-Damage(513),900,1200,JPEG
dataset\_work\spinach_classified\spinach_sy69db2nz5\anomala\Pest-Damage(513)__Pest-Damage (425).jpg,anomala,spinach_sy69db2nz5,Pest-Damage(513),900,1200,JPEG
dataset\_work\spinach_classified\spinach_sy69db2nz5\anomala\Pest-Damage(513)__Pest-Damage (426).jpg,anomala,spinach_sy69db2nz5,Pest-Damage(513),900,1200,JPEG
dataset\_work\spinach_classified\spinach_sy69db2nz5\anomala\Pest-Damage(513)__Pest-Damage (427).jpg,anomala,spinach_sy69db2nz5,Pest-Damage(513),900,1200,JPEG
dataset\_work\spinach_classified\spinach_sy69db2nz5\anomala\Pest-Damage(513)__Pest-Damage (428).jpg,anomala,spinach_sy69db2nz5,Pest-Damage(513),900,1200,JPEG
dataset\_work\spinach_classified\spinach_sy69db2nz5\anomala\Pest-Damage(513)__Pest-Damage (429).jpg,anomala,spinach_sy69db2nz5,Pest-Damage(513),900,1200,JPEG
dataset\_work\spinach_classified\spinach_sy69db2nz5\anomala\Pest-Damage(513)__Pest-Damage (43).jpg,anomala,spinach_sy69db2nz5,Pest-Damage(513),900,1200,JPEG
dataset\_work\spinach_classified\spinach_sy69db2nz5\anomala\Pest-Damage(513)__Pest-Damage (430).jpg,anomala,spinach_sy69db2nz5,Pest-Damage(513),900,1200,JPEG
dataset\_work\spinach_classified\spinach_sy69db2nz5\anomala\Pest-Damage(513)__Pest-Damage (431).jpg,anomala,spinach_sy69db2nz5,Pest-Damage(513),900,1200,JPEG
dataset\_work\spinach_classified\spinach_sy69db2nz5\anomala\Pest-Damage(513)__Pest-Damage (432).jpg,anomala,spinach_sy69db2nz5,Pest-Damage(513),900,1200,JPEG
dataset\_work\spinach_classified\spinach_sy69db2nz5\anomala\Pest-Damage(513)__Pest-Damage (433).jpg,anomala,spinach_sy69db2nz5,Pest-Damage(513),900,1200,JPEG
dataset\_work\spinach_classified\spinach_sy69db2nz5\anomala\Pest-Damage(513)__Pest-Damage (434).jpg,anomala,spinach_sy69db2nz5,Pest-Damage(513),900,1200,JPEG
dataset\_work\spinach_classified\spinach_sy69db2nz5\anomala\Pest-Damage(513)__Pest-Damage (435).jpg,anomala,spinach_sy69db2nz5,Pest-Damage(513),900,1200,JPEG
dataset\_work\spinach_classified\spinach_sy69db2nz5\anomala\Pest-Damage(513)__Pest-Damage (436).jpg,anomala,spinach_sy69db2nz5,Pest-Damage(513),900,1200,JPEG
dataset\_work\spinach_classified\spinach_sy69db2nz5\anomala\Pest-Damage(513)__Pest-Damage (437).jpg,anomala,spinach_sy69db2nz5,Pest-Damage(513),900,1200,JPEG
dataset\_work\spinach_classified\spinach_sy69db2nz5\anomala\Pest-Damage(513)__Pest-Damage (438).jpg,anomala,spinach_sy69db2nz5,Pest-Damage(513),900,1200,JPEG
dataset\_work\spinach_classified\spinach_sy69db2nz5\anomala\Pest-Damage(513)__Pest-Damage (439).jpg,anomala,spinach_sy69db2nz5,Pest-Damage(513),900,1200,JPEG
dataset\_work\spinach_classified\spinach_sy69db2nz5\anomala\Pest-Damage(513)__Pest-Damage (44).jpg,anomala,spinach_sy69db2nz5,Pest-Damage(513),900,1200,JPEG
dataset\_work\spinach_classified\spinach_sy69db2nz5\anomala\Pest-Damage(513)__Pest-Damage (440).jpg,anomala,spinach_sy69db2nz5,Pest-Damage(513),900,1200,JPEG
dataset\_work\spinach_classified\spinach_sy69db2nz5\anomala\Pest-Damage(513)__Pest-Damage (441).jpg,anomala,spinach_sy69db2nz5,Pest-Damage(513),900,1200,JPEG
dataset\_work\spinach_classified\spinach_sy69db2nz5\anomala\Pest-Damage(513)__Pest-Damage (442).jpg,anomala,spinach_sy69db2nz5,Pest-Damage(513),900,1200,JPEG
dataset\_work\spinach_classified\spinach_sy69db2nz5\anomala\Pest-Damage(513)__Pest-Damage (443).jpg,anomala,spinach_sy69db2nz5,Pest-Damage(513),1200,900,JPEG
dataset\_work\spinach_classified\spinach_sy69db2nz5\anomala\Pest-Damage(513)__Pest-Damage (444).jpg,anomala,spinach_sy69db2nz5,Pest-Damage(513),1200,900,JPEG
dataset\_work\spinach_classified\spinach_sy69db2nz5\anomala\Pest-Damage(513)__Pest-Damage (445).jpg,anomala,spinach_sy69db2nz5,Pest-Damage(513),900,1200,JPEG
dataset\_work\spinach_classified\spinach_sy69db2nz5\anomala\Pest-Damage(513)__Pest-Damage (446).jpg,anomala,spinach_sy69db2nz5,Pest-Damage(513),900,1200,JPEG
dataset\_work\spinach_classified\spinach_sy69db2nz5\anomala\Pest-Damage(513)__Pest-Damage (447).jpg,anomala,spinach_sy69db2nz5,Pest-Damage(513),900,1200,JPEG
dataset\_work\spinach_classified\spinach_sy69db2nz5\anomala\Pest-Damage(513)__Pest-Damage (448).jpg,anomala,spinach_sy69db2nz5,Pest-Damage(513),900,1200,JPEG
dataset\_work\spinach_classified\spinach_sy69db2nz5\anomala\Pest-Damage(513)__Pest-Damage (449).jpg,anomala,spinach_sy69db2nz5,Pest-Damage(513),1200,900,JPEG
dataset\_work\spinach_classified\spinach_sy69db2nz5\anomala\Pest-Damage(513)__Pest-Damage (45).jpg,anomala,spinach_sy69db2nz5,Pest-Damage(513),900,1200,JPEG
dataset\_work\spinach_classified\spinach_sy69db2nz5\anomala\Pest-Damage(513)__Pest-Damage (450).jpg,anomala,spinach_sy69db2nz5,Pest-Damage(513),900,1200,JPEG
dataset\_work\spinach_classified\spinach_sy69db2nz5\anomala\Pest-Damage(513)__Pest-Damage (451).jpg,anomala,spinach_sy69db2nz5,Pest-Damage(513),900,1200,JPEG
dataset\_work\spinach_classified\spinach_sy69db2nz5\anomala\Pest-Damage(513)__Pest-Damage (452).jpg,anomala,spinach_sy69db2nz5,Pest-Damage(513),900,1200,JPEG
dataset\_work\spinach_classified\spinach_sy69db2nz5\anomala\Pest-Damage(513)__Pest-Damage (453).jpg,anomala,spinach_sy69db2nz5,Pest-Damage(513),900,1200,JPEG
dataset\_work\spinach_classified\spinach_sy69db2nz5\anomala\Pest-Damage(513)__Pest-Damage (454).jpg,anomala,spinach_sy69db2nz5,Pest-Damage(513),900,1200,JPEG
dataset\_work\spinach_classified\spinach_sy69db2nz5\anomala\Pest-Damage(513)__Pest-Damage (455).jpg,anomala,spinach_sy69db2nz5,Pest-Damage(513),1200,900,JPEG
dataset\_work\spinach_classified\spinach_sy69db2nz5\anomala\Pest-Damage(513)__Pest-Damage (456).jpg,anomala,spinach_sy69db2nz5,Pest-Damage(513),900,1200,JPEG
dataset\_work\spinach_classified\spinach_sy69db2nz5\anomala\Pest-Damage(513)__Pest-Damage (457).jpg,anomala,spinach_sy69db2nz5,Pest-Damage(513),900,1200,JPEG
dataset\_work\spinach_classified\spinach_sy69db2nz5\anomala\Pest-Damage(513)__Pest-Damage (458).jpg,anomala,spinach_sy69db2nz5,Pest-Damage(513),900,1200,JPEG
dataset\_work\spinach_classified\spinach_sy69db2nz5\anomala\Pest-Damage(513)__Pest-Damage (459).jpg,anomala,spinach_sy69db2nz5,Pest-Damage(513),900,1200,JPEG
dataset\_work\spinach_classified\spinach_sy69db2nz5\anomala\Pest-Damage(513)__Pest-Damage (46).jpg,anomala,spinach_sy69db2nz5,Pest-Damage(513),900,1200,JPEG
dataset\_work\spinach_classified\spinach_sy69db2nz5\anomala\Pest-Damage(513)__Pest-Damage (460).jpg,anomala,spinach_sy69db2nz5,Pest-Damage(513),900,1200,JPEG
dataset\_work\spinach_classified\spinach_sy69db2nz5\anomala\Pest-Damage(513)__Pest-Damage (461).jpg,anomala,spinach_sy69db2nz5,Pest-Damage(513),900,1200,JPEG
dataset\_work\spinach_classified\spinach_sy69db2nz5\anomala\Pest-Damage(513)__Pest-Damage (462).jpg,anomala,spinach_sy69db2nz5,Pest-Damage(513),900,1200,JPEG
dataset\_work\spinach_classified\spinach_sy69db2nz5\anomala\Pest-Damage(513)__Pest-Damage (463).jpg,anomala,spinach_sy69db2nz5,Pest-Damage(513),900,1200,JPEG
dataset\_work\spinach_classified\spinach_sy69db2nz5\anomala\Pest-Damage(513)__Pest-Damage (464).jpg,anomala,spinach_sy69db2nz5,Pest-Damage(513),900,1200,JPEG
dataset\_work\spinach_classified\spinach_sy69db2nz5\anomala\Pest-Damage(513)__Pest-Damage (465).jpg,anomala,spinach_sy69db2nz5,Pest-Damage(513),900,1200,JPEG
dataset\_work\spinach_classified\spinach_sy69db2nz5\anomala\Pest-Damage(513)__Pest-Damage (466).jpg,anomala,spinach_sy69db2nz5,Pest-Damage(513),900,1200,JPEG
dataset\_work\spinach_classified\spinach_sy69db2nz5\anomala\Pest-Damage(513)__Pest-Damage (467).jpg,anomala,spinach_sy69db2nz5,Pest-Damage(513),900,1200,JPEG
dataset\_work\spinach_classified\spinach_sy69db2nz5\anomala\Pest-Damage(513)__Pest-Damage (468).jpg,anomala,spinach_sy69db2nz5,Pest-Damage(513),900,1200,JPEG
dataset\_work\spinach_classified\spinach_sy69db2nz5\anomala\Pest-Damage(513)__Pest-Damage (469).jpg,anomala,spinach_sy69db2nz5,Pest-Damage(513),900,1200,JPEG
dataset\_work\spinach_classified\spinach_sy69db2nz5\anomala\Pest-Damage(513)__Pest-Damage (47).jpg,anomala,spinach_sy69db2nz5,Pest-Damage(513),900,1200,JPEG
dataset\_work\spinach_classified\spinach_sy69db2nz5\anomala\Pest-Damage(513)__Pest-Damage (470).jpg,anomala,spinach_sy69db2nz5,Pest-Damage(513),900,1200,JPEG
dataset\_work\spinach_classified\spinach_sy69db2nz5\anomala\Pest-Damage(513)__Pest-Damage (471).jpg,anomala,spinach_sy69db2nz5,Pest-Damage(513),900,1200,JPEG
dataset\_work\spinach_classified\spinach_sy69db2nz5\anomala\Pest-Damage(513)__Pest-Damage (472).jpg,anomala,spinach_sy69db2nz5,Pest-Damage(513),900,1200,JPEG
dataset\_work\spinach_classified\spinach_sy69db2nz5\anomala\Pest-Damage(513)__Pest-Damage (473).jpg,anomala,spinach_sy69db2nz5,Pest-Damage(513),900,1200,JPEG
dataset\_work\spinach_classified\spinach_sy69db2nz5\anomala\Pest-Damage(513)__Pest-Damage (474).jpg,anomala,spinach_sy69db2nz5,Pest-Damage(513),900,1200,JPEG
dataset\_work\spinach_classified\spinach_sy69db2nz5\anomala\Pest-Damage(513)__Pest-Damage (475).jpg,anomala,spinach_sy69db2nz5,Pest-Damage(513),1200,900,JPEG
dataset\_work\spinach_classified\spinach_sy69db2nz5\anomala\Pest-Damage(513)__Pest-Damage (476).jpg,anomala,spinach_sy69db2nz5,Pest-Damage(513),900,1200,JPEG
dataset\_work\spinach_classified\spinach_sy69db2nz5\anomala\Pest-Damage(513)__Pest-Damage (477).jpg,anomala,spinach_sy69db2nz5,Pest-Damage(513),900,1200,JPEG
dataset\_work\spinach_classified\spinach_sy69db2nz5\anomala\Pest-Damage(513)__Pest-Damage (478).jpg,anomala,spinach_sy69db2nz5,Pest-Damage(513),900,1200,JPEG
dataset\_work\spinach_classified\spinach_sy69db2nz5\anomala\Pest-Damage(513)__Pest-Damage (479).jpg,anomala,spinach_sy69db2nz5,Pest-Damage(513),900,1200,JPEG
dataset\_work\spinach_classified\spinach_sy69db2nz5\anomala\Pest-Damage(513)__Pest-Damage (48).jpg,anomala,spinach_sy69db2nz5,Pest-Damage(513),900,1200,JPEG
dataset\_work\spinach_classified\spinach_sy69db2nz5\anomala\Pest-Damage(513)__Pest-Damage (480).jpg,anomala,spinach_sy69db2nz5,Pest-Damage(513),900,1200,JPEG
dataset\_work\spinach_classified\spinach_sy69db2nz5\anomala\Pest-Damage(513)__Pest-Damage (481).jpg,anomala,spinach_sy69db2nz5,Pest-Damage(513),1200,900,JPEG
dataset\_work\spinach_classified\spinach_sy69db2nz5\anomala\Pest-Damage(513)__Pest-Damage (482).jpg,anomala,spinach_sy69db2nz5,Pest-Damage(513),1200,900,JPEG
dataset\_work\spinach_classified\spinach_sy69db2nz5\anomala\Pest-Damage(513)__Pest-Damage (483).jpg,anomala,spinach_sy69db2nz5,Pest-Damage(513),900,1200,JPEG
dataset\_work\spinach_classified\spinach_sy69db2nz5\anomala\Pest-Damage(513)__Pest-Damage (484).jpg,anomala,spinach_sy69db2nz5,Pest-Damage(513),900,1200,JPEG
dataset\_work\spinach_classified\spinach_sy69db2nz5\anomala\Pest-Damage(513)__Pest-Damage (485).jpg,anomala,spinach_sy69db2nz5,Pest-Damage(513),900,1200,JPEG
dataset\_work\spinach_classified\spinach_sy69db2nz5\anomala\Pest-Damage(513)__Pest-Damage (486).jpg,anomala,spinach_sy69db2nz5,Pest-Damage(513),900,1200,JPEG
dataset\_work\spinach_classified\spinach_sy69db2nz5\anomala\Pest-Damage(513)__Pest-Damage (487).jpg,anomala,spinach_sy69db2nz5,Pest-Damage(513),900,1200,JPEG
dataset\_work\spinach_classified\spinach_sy69db2nz5\anomala\Pest-Damage(513)__Pest-Damage (488).jpg,anomala,spinach_sy69db2nz5,Pest-Damage(513),900,1200,JPEG
dataset\_work\spinach_classified\spinach_sy69db2nz5\anomala\Pest-Damage(513)__Pest-Damage (489).jpg,anomala,spinach_sy69db2nz5,Pest-Damage(513),900,1200,JPEG
dataset\_work\spinach_classified\spinach_sy69db2nz5\anomala\Pest-Damage(513)__Pest-Damage (49).jpg,anomala,spinach_sy69db2nz5,Pest-Damage(513),900,1200,JPEG
dataset\_work\spinach_classified\spinach_sy69db2nz5\anomala\Pest-Damage(513)__Pest-Damage (490).jpg,anomala,spinach_sy69db2nz5,Pest-Damage(513),900,1200,JPEG
dataset\_work\spinach_classified\spinach_sy69db2nz5\anomala\Pest-Damage(513)__Pest-Damage (491).jpg,anomala,spinach_sy69db2nz5,Pest-Damage(513),900,1200,JPEG
dataset\_work\spinach_classified\spinach_sy69db2nz5\anomala\Pest-Damage(513)__Pest-Damage (492).jpg,anomala,spinach_sy69db2nz5,Pest-Damage(513),900,1200,JPEG
dataset\_work\spinach_classified\spinach_sy69db2nz5\anomala\Pest-Damage(513)__Pest-Damage (493).jpg,anomala,spinach_sy69db2nz5,Pest-Damage(513),900,1200,JPEG
dataset\_work\spinach_classified\spinach_sy69db2nz5\anomala\Pest-Damage(513)__Pest-Damage (494).jpg,anomala,spinach_sy69db2nz5,Pest-Damage(513),900,1200,JPEG
dataset\_work\spinach_classified\spinach_sy69db2nz5\anomala\Pest-Damage(513)__Pest-Damage (495).jpg,anomala,spinach_sy69db2nz5,Pest-Damage(513),900,1200,JPEG
dataset\_work\spinach_classified\spinach_sy69db2nz5\anomala\Pest-Damage(513)__Pest-Damage (496).jpg,anomala,spinach_sy69db2nz5,Pest-Damage(513),900,1200,JPEG
dataset\_work\spinach_classified\spinach_sy69db2nz5\anomala\Pest-Damage(513)__Pest-Damage (497).jpg,anomala,spinach_sy69db2nz5,Pest-Damage(513),900,1200,JPEG
dataset\_work\spinach_classified\spinach_sy69db2nz5\anomala\Pest-Damage(513)__Pest-Damage (498).jpg,anomala,spinach_sy69db2nz5,Pest-Damage(513),900,1200,JPEG
dataset\_work\spinach_classified\spinach_sy69db2nz5\anomala\Pest-Damage(513)__Pest-Damage (499).jpg,anomala,spinach_sy69db2nz5,Pest-Damage(513),900,1200,JPEG
dataset\_work\spinach_classified\spinach_sy69db2nz5\anomala\Pest-Damage(513)__Pest-Damage (5).jpg,anomala,spinach_sy69db2nz5,Pest-Damage(513),900,1200,JPEG
dataset\_work\spinach_classified\spinach_sy69db2nz5\anomala\Pest-Damage(513)__Pest-Damage (50).jpg,anomala,spinach_sy69db2nz5,Pest-Damage(513),433,577,JPEG
dataset\_work\spinach_classified\spinach_sy69db2nz5\anomala\Pest-Damage(513)__Pest-Damage (500).jpg,anomala,spinach_sy69db2nz5,Pest-Damage(513),900,1200,JPEG
dataset\_work\spinach_classified\spinach_sy69db2nz5\anomala\Pest-Damage(513)__Pest-Damage (501).jpg,anomala,spinach_sy69db2nz5,Pest-Damage(513),900,1200,JPEG
dataset\_work\spinach_classified\spinach_sy69db2nz5\anomala\Pest-Damage(513)__Pest-Damage (502).jpg,anomala,spinach_sy69db2nz5,Pest-Damage(513),900,1200,JPEG
dataset\_work\spinach_classified\spinach_sy69db2nz5\anomala\Pest-Damage(513)__Pest-Damage (503).jpg,anomala,spinach_sy69db2nz5,Pest-Damage(513),900,1200,JPEG
dataset\_work\spinach_classified\spinach_sy69db2nz5\anomala\Pest-Damage(513)__Pest-Damage (504).jpg,anomala,spinach_sy69db2nz5,Pest-Damage(513),900,1200,JPEG
dataset\_work\spinach_classified\spinach_sy69db2nz5\anomala\Pest-Damage(513)__Pest-Damage (505).jpg,anomala,spinach_sy69db2nz5,Pest-Damage(513),900,1200,JPEG
dataset\_work\spinach_classified\spinach_sy69db2nz5\anomala\Pest-Damage(513)__Pest-Damage (506).jpg,anomala,spinach_sy69db2nz5,Pest-Damage(513),900,1200,JPEG
dataset\_work\spinach_classified\spinach_sy69db2nz5\anomala\Pest-Damage(513)__Pest-Damage (507).jpg,anomala,spinach_sy69db2nz5,Pest-Damage(513),900,1200,JPEG
dataset\_work\spinach_classified\spinach_sy69db2nz5\anomala\Pest-Damage(513)__Pest-Damage (508).jpg,anomala,spinach_sy69db2nz5,Pest-Damage(513),900,1200,JPEG
dataset\_work\spinach_classified\spinach_sy69db2nz5\anomala\Pest-Damage(513)__Pest-Damage (509).jpg,anomala,spinach_sy69db2nz5,Pest-Damage(513),900,1200,JPEG
dataset\_work\spinach_classified\spinach_sy69db2nz5\anomala\Pest-Damage(513)__Pest-Damage (51).jpg,anomala,spinach_sy69db2nz5,Pest-Damage(513),433,577,JPEG
dataset\_work\spinach_classified\spinach_sy69db2nz5\anomala\Pest-Damage(513)__Pest-Damage (510).jpg,anomala,spinach_sy69db2nz5,Pest-Damage(513),900,1200,JPEG
dataset\_work\spinach_classified\spinach_sy69db2nz5\anomala\Pest-Damage(513)__Pest-Damage (511).jpg,anomala,spinach_sy69db2nz5,Pest-Damage(513),900,1200,JPEG
dataset\_work\spinach_classified\spinach_sy69db2nz5\anomala\Pest-Damage(513)__Pest-Damage (512).jpg,anomala,spinach_sy69db2nz5,Pest-Damage(513),900,1200,JPEG
dataset\_work\spinach_classified\spinach_sy69db2nz5\anomala\Pest-Damage(513)__Pest-Damage (513).jpg,anomala,spinach_sy69db2nz5,Pest-Damage(513),900,1200,JPEG
dataset\_work\spinach_classified\spinach_sy69db2nz5\anomala\Pest-Damage(513)__Pest-Damage (52).jpg,anomala,spinach_sy69db2nz5,Pest-Damage(513),577,433,JPEG
dataset\_work\spinach_classified\spinach_sy69db2nz5\anomala\Pest-Damage(513)__Pest-Damage (53).jpg,anomala,spinach_sy69db2nz5,Pest-Damage(513),433,577,JPEG
dataset\_work\spinach_classified\spinach_sy69db2nz5\anomala\Pest-Damage(513)__Pest-Damage (54).jpg,anomala,spinach_sy69db2nz5,Pest-Damage(513),433,577,JPEG
dataset\_work\spinach_classified\spinach_sy69db2nz5\anomala\Pest-Damage(513)__Pest-Damage (55).jpg,anomala,spinach_sy69db2nz5,Pest-Damage(513),433,577,JPEG
dataset\_work\spinach_classified\spinach_sy69db2nz5\anomala\Pest-Damage(513)__Pest-Damage (56).jpg,anomala,spinach_sy69db2nz5,Pest-Damage(513),433,577,JPEG
dataset\_work\spinach_classified\spinach_sy69db2nz5\anomala\Pest-Damage(513)__Pest-Damage (57).jpg,anomala,spinach_sy69db2nz5,Pest-Damage(513),433,577,JPEG
dataset\_work\spinach_classified\spinach_sy69db2nz5\anomala\Pest-Damage(513)__Pest-Damage (58).jpg,anomala,spinach_sy69db2nz5,Pest-Damage(513),433,577,JPEG
dataset\_work\spinach_classified\spinach_sy69db2nz5\anomala\Pest-Damage(513)__Pest-Damage (59).jpg,anomala,spinach_sy69db2nz5,Pest-Damage(513),454,550,JPEG
dataset\_work\spinach_classified\spinach_sy69db2nz5\anomala\Pest-Damage(513)__Pest-Damage (6).jpg,anomala,spinach_sy69db2nz5,Pest-Damage(513),900,1200,JPEG
dataset\_work\spinach_classified\spinach_sy69db2nz5\anomala\Pest-Damage(513)__Pest-Damage (60).jpg,anomala,spinach_sy69db2nz5,Pest-Damage(513),433,577,JPEG
dataset\_work\spinach_classified\spinach_sy69db2nz5\anomala\Pest-Damage(513)__Pest-Damage (61).jpg,anomala,spinach_sy69db2nz5,Pest-Damage(513),433,577,JPEG
dataset\_work\spinach_classified\spinach_sy69db2nz5\anomala\Pest-Damage(513)__Pest-Damage (62).jpg,anomala,spinach_sy69db2nz5,Pest-Damage(513),900,1200,JPEG
dataset\_work\spinach_classified\spinach_sy69db2nz5\anomala\Pest-Damage(513)__Pest-Damage (63).jpg,anomala,spinach_sy69db2nz5,Pest-Damage(513),300,400,JPEG
dataset\_work\spinach_classified\spinach_sy69db2nz5\anomala\Pest-Damage(513)__Pest-Damage (64).jpg,anomala,spinach_sy69db2nz5,Pest-Damage(513),300,400,JPEG
dataset\_work\spinach_classified\spinach_sy69db2nz5\anomala\Pest-Damage(513)__Pest-Damage (65).jpg,anomala,spinach_sy69db2nz5,Pest-Damage(513),300,400,JPEG
dataset\_work\spinach_classified\spinach_sy69db2nz5\anomala\Pest-Damage(513)__Pest-Damage (66).jpg,anomala,spinach_sy69db2nz5,Pest-Damage(513),300,400,JPEG
dataset\_work\spinach_classified\spinach_sy69db2nz5\anomala\Pest-Damage(513)__Pest-Damage (67).jpg,anomala,spinach_sy69db2nz5,Pest-Damage(513),300,400,JPEG
dataset\_work\spinach_classified\spinach_sy69db2nz5\anomala\Pest-Damage(513)__Pest-Damage (68).jpg,anomala,spinach_sy69db2nz5,Pest-Damage(513),300,400,JPEG
dataset\_work\spinach_classified\spinach_sy69db2nz5\anomala\Pest-Damage(513)__Pest-Damage (69).jpg,anomala,spinach_sy69db2nz5,Pest-Damage(513),300,400,JPEG
dataset\_work\spinach_classified\spinach_sy69db2nz5\anomala\Pest-Damage(513)__Pest-Damage (7).jpg,anomala,spinach_sy69db2nz5,Pest-Damage(513),900,1200,JPEG
dataset\_work\spinach_classified\spinach_sy69db2nz5\anomala\Pest-Damage(513)__Pest-Damage (70).jpg,anomala,spinach_sy69db2nz5,Pest-Damage(513),300,400,JPEG
dataset\_work\spinach_classified\spinach_sy69db2nz5\anomala\Pest-Damage(513)__Pest-Damage (71).jpg,anomala,spinach_sy69db2nz5,Pest-Damage(513),300,400,JPEG
dataset\_work\spinach_classified\spinach_sy69db2nz5\anomala\Pest-Damage(513)__Pest-Damage (72).jpg,anomala,spinach_sy69db2nz5,Pest-Damage(513),300,400,JPEG
dataset\_work\spinach_classified\spinach_sy69db2nz5\anomala\Pest-Damage(513)__Pest-Damage (73).jpg,anomala,spinach_sy69db2nz5,Pest-Damage(513),900,1200,JPEG
dataset\_work\spinach_classified\spinach_sy69db2nz5\anomala\Pest-Damage(513)__Pest-Damage (74).jpg,anomala,spinach_sy69db2nz5,Pest-Damage(513),300,400,JPEG
dataset\_work\spinach_classified\spinach_sy69db2nz5\anomala\Pest-Damage(513)__Pest-Damage (75).jpg,anomala,spinach_sy69db2nz5,Pest-Damage(513),300,400,JPEG
dataset\_work\spinach_classified\spinach_sy69db2nz5\anomala\Pest-Damage(513)__Pest-Damage (76).jpg,anomala,spinach_sy69db2nz5,Pest-Damage(513),300,400,JPEG
dataset\_work\spinach_classified\spinach_sy69db2nz5\anomala\Pest-Damage(513)__Pest-Damage (77).jpg,anomala,spinach_sy69db2nz5,Pest-Damage(513),300,400,JPEG
dataset\_work\spinach_classified\spinach_sy69db2nz5\anomala\Pest-Damage(513)__Pest-Damage (78).jpg,anomala,spinach_sy69db2nz5,Pest-Damage(513),900,1200,JPEG
dataset\_work\spinach_classified\spinach_sy69db2nz5\anomala\Pest-Damage(513)__Pest-Damage (79).jpg,anomala,spinach_sy69db2nz5,Pest-Damage(513),300,400,JPEG
dataset\_work\spinach_classified\spinach_sy69db2nz5\anomala\Pest-Damage(513)__Pest-Damage (8).jpg,anomala,spinach_sy69db2nz5,Pest-Damage(513),900,1200,JPEG
dataset\_work\spinach_classified\spinach_sy69db2nz5\anomala\Pest-Damage(513)__Pest-Damage (80).jpg,anomala,spinach_sy69db2nz5,Pest-Damage(513),300,400,JPEG
dataset\_work\spinach_classified\spinach_sy69db2nz5\anomala\Pest-Damage(513)__Pest-Damage (81).jpg,anomala,spinach_sy69db2nz5,Pest-Damage(513),300,400,JPEG
dataset\_work\spinach_classified\spinach_sy69db2nz5\anomala\Pest-Damage(513)__Pest-Damage (82).jpg,anomala,spinach_sy69db2nz5,Pest-Damage(513),300,400,JPEG
dataset\_work\spinach_classified\spinach_sy69db2nz5\anomala\Pest-Damage(513)__Pest-Damage (83).jpg,anomala,spinach_sy69db2nz5,Pest-Damage(513),300,400,JPEG
dataset\_work\spinach_classified\spinach_sy69db2nz5\anomala\Pest-Damage(513)__Pest-Damage (84).jpg,anomala,spinach_sy69db2nz5,Pest-Damage(513),300,400,JPEG
dataset\_work\spinach_classified\spinach_sy69db2nz5\anomala\Pest-Damage(513)__Pest-Damage (85).jpg,anomala,spinach_sy69db2nz5,Pest-Damage(513),900,1200,JPEG
dataset\_work\spinach_classified\spinach_sy69db2nz5\anomala\Pest-Damage(513)__Pest-Damage (86).jpg,anomala,spinach_sy69db2nz5,Pest-Damage(513),900,1200,JPEG
dataset\_work\spinach_classified\spinach_sy69db2nz5\anomala\Pest-Damage(513)__Pest-Damage (87).jpg,anomala,spinach_sy69db2nz5,Pest-Damage(513),300,400,JPEG
dataset\_work\spinach_classified\spinach_sy69db2nz5\anomala\Pest-Damage(513)__Pest-Damage (88).jpg,anomala,spinach_sy69db2nz5,Pest-Damage(513),300,400,JPEG
dataset\_work\spinach_classified\spinach_sy69db2nz5\anomala\Pest-Damage(513)__Pest-Damage (89).jpg,anomala,spinach_sy69db2nz5,Pest-Damage(513),300,400,JPEG
dataset\_work\spinach_classified\spinach_sy69db2nz5\anomala\Pest-Damage(513)__Pest-Damage (9).jpg,anomala,spinach_sy69db2nz5,Pest-Damage(513),900,1200,JPEG
dataset\_work\spinach_classified\spinach_sy69db2nz5\anomala\Pest-Damage(513)__Pest-Damage (90).jpg,anomala,spinach_sy69db2nz5,Pest-Damage(513),300,400,JPEG
dataset\_work\spinach_classified\spinach_sy69db2nz5\anomala\Pest-Damage(513)__Pest-Damage (91).jpg,anomala,spinach_sy69db2nz5,Pest-Damage(513),900,1200,JPEG
dataset\_work\spinach_classified\spinach_sy69db2nz5\anomala\Pest-Damage(513)__Pest-Damage (92).jpg,anomala,spinach_sy69db2nz5,Pest-Damage(513),300,400,JPEG
dataset\_work\spinach_classified\spinach_sy69db2nz5\anomala\Pest-Damage(513)__Pest-Damage (93).jpg,anomala,spinach_sy69db2nz5,Pest-Damage(513),300,400,JPEG
dataset\_work\spinach_classified\spinach_sy69db2nz5\anomala\Pest-Damage(513)__Pest-Damage (94).jpg,anomala,spinach_sy69db2nz5,Pest-Damage(513),300,400,JPEG
dataset\_work\spinach_classified\spinach_sy69db2nz5\anomala\Pest-Damage(513)__Pest-Damage (95).jpg,anomala,spinach_sy69db2nz5,Pest-Damage(513),300,400,JPEG
dataset\_work\spinach_classified\spinach_sy69db2nz5\anomala\Pest-Damage(513)__Pest-Damage (96).jpg,anomala,spinach_sy69db2nz5,Pest-Damage(513),300,400,JPEG
dataset\_work\spinach_classified\spinach_sy69db2nz5\anomala\Pest-Damage(513)__Pest-Damage (97).jpg,anomala,spinach_sy69db2nz5,Pest-Damage(513),300,400,JPEG
dataset\_work\spinach_classified\spinach_sy69db2nz5\anomala\Pest-Damage(513)__Pest-Damage (98).jpg,anomala,spinach_sy69db2nz5,Pest-Damage(513),300,400,JPEG
dataset\_work\spinach_classified\spinach_sy69db2nz5\anomala\Pest-Damage(513)__Pest-Damage (99).jpg,anomala,spinach_sy69db2nz5,Pest-Damage(513),300,400,JPEG
